CreditScore,Geography,Gender,Age,Tenure,Balance,NumOfProducts,HasCrCard,IsActiveMember,EstimatedSalary,Exited
800,Spain,Male,35,1,0.0,3,0,0,197996.77,0
721,France,Female,43,10,0.0,4,0,1,59266.62,0
453,Spain,Male,81,5,0.0,3,1,0,182300.55,0
846,Germany,Female,25,10,0.0,2,1,0,179754.28,1
846,France,Female,26,4,27912.78,1,1,1,171012.15,0
370,Spain,Male,40,9,108842.59,3,1,1,31720.5,0
362,Spain,Male,62,3,0.0,4,1,0,131953.34,0
472,Spain,Male,77,4,171207.54,1,1,0,75985.04,0
747,France,Female,59,3,90169.38,1,1,0,94568.23,1
649,France,Male,54,6,0.0,3,0,1,30835.42,0
606,France,Male,82,2,0.0,3,1,1,195444.74,0
558,Spain,Male,30,5,117701.7,2,1,1,53125.19,0
590,Germany,Male,84,9,211244.85,1,0,1,171705.05,1
669,Spain,Male,41,1,0.0,2,1,1,12056.86,0
381,France,Male,38,8,145274.75,3,1,1,158466.15,1
643,France,Female,88,9,151283.24,1,0,0,159366.69,0
460,Germany,Male,65,0,61505.28,3,0,0,52195.81,0
744,France,Male,49,7,0.0,4,0,1,113494.07,0
447,Spain,Female,42,5,133799.74,1,1,0,59541.55,1
385,Germany,Male,50,7,128419.26,1,0,0,42131.84,0
567,Spain,Male,76,3,0.0,3,0,0,123650.8,1
570,France,Female,29,2,53232.19,4,0,1,145069.89,0
609,Spain,Male,30,3,44910.84,1,1,1,142525.01,0
780,Spain,Female,40,1,0.0,4,1,1,167696.71,1
700,Spain,Male,53,4,0.0,2,1,1,143051.02,0
531,France,Male,78,9,0.0,1,0,0,76495.78,0
714,France,Male,33,8,179994.19,2,1,1,195840.4,0
602,France,Male,76,1,0.0,2,1,1,191167.55,0
462,France,Male,85,6,84945.87,2,0,0,90390.92,1
360,Germany,Female,50,0,216950.78,3,1,1,194230.94,0
355,Germany,Female,89,0,0.0,1,1,1,196625.89,0
462,Spain,Male,84,6,180471.0,4,0,1,148711.08,1
760,France,Female,76,3,177472.14,2,1,1,161511.52,0
582,France,Female,46,7,123288.66,4,1,0,22835.62,1
576,France,Female,40,1,19458.72,4,1,0,54063.53,0
549,France,Female,81,1,0.0,2,1,1,24494.66,1
478,France,Male,50,7,0.0,1,1,1,30652.82,0
708,France,Male,20,2,123849.35,4,1,0,155446.11,1
356,France,Female,71,0,91783.58,3,0,1,40948.51,0
656,Germany,Female,43,8,194033.09,2,1,1,75604.51,0
819,France,Female,87,7,0.0,1,1,0,87299.25,0
791,Spain,Male,81,10,0.0,2,0,0,13685.35,1
535,Germany,Female,25,6,18684.64,3,1,1,172262.41,0
778,France,Male,84,5,0.0,3,1,0,169143.11,0
469,Spain,Female,88,7,23539.61,1,1,1,3840.66,0
470,Spain,Male,73,8,0.0,4,1,0,118439.47,0
522,France,Male,38,6,31945.72,2,0,1,119707.17,0
358,France,Female,67,3,0.0,1,1,1,125024.95,0
483,Germany,Female,82,9,28178.04,3,1,0,51745.8,1
778,France,Male,78,7,215557.59,3,1,0,33836.21,1
731,France,Male,49,9,0.0,4,1,0,17329.82,0
514,France,Male,70,6,207931.41,1,0,1,144255.46,0
506,Spain,Male,46,4,158508.49,2,1,0,98473.35,0
523,Germany,Female,36,9,192209.29,2,1,1,122558.38,0
409,Germany,Male,67,6,182702.9,3,0,1,111535.9,0
429,Spain,Male,52,8,65046.74,4,1,0,131584.19,0
846,France,Female,34,9,233762.07,1,1,0,141097.73,0
697,Germany,Female,66,3,160911.53,3,1,0,42336.69,1
689,France,Male,41,2,50521.03,2,0,1,137597.46,0
490,France,Female,61,1,0.0,2,1,1,55212.73,0
778,Germany,Female,44,6,133262.75,4,0,1,5548.55,0
438,France,Female,83,8,220456.68,3,1,1,163782.99,0
835,Germany,Male,80,10,199188.28,1,0,0,150326.39,1
602,Spain,Female,53,0,75512.0,2,0,1,150508.65,0
515,Germany,Female,70,0,172121.58,3,0,1,75150.09,0
725,Germany,Female,31,7,414.21,1,1,0,154713.99,0
559,Germany,Female,91,2,83160.26,3,1,1,57987.97,0
485,France,Male,33,5,0.0,2,1,0,59611.08,0
692,France,Female,82,0,0.0,1,1,0,73191.19,0
711,France,Female,80,0,0.0,4,1,1,144708.9,0
652,France,Female,31,5,260.83,2,1,1,49666.38,0
581,France,Female,18,7,5783.18,2,1,0,14877.16,0
514,Spain,Male,72,9,36504.75,1,1,0,51855.26,0
552,France,Female,82,5,0.0,1,1,0,91849.36,0
788,France,Female,71,7,0.0,1,0,0,63786.92,1
530,France,Female,22,9,225001.09,3,0,1,143947.42,0
834,France,Female,65,4,0.0,2,1,1,15488.81,0
422,Germany,Female,46,2,217459.22,2,1,0,131192.28,1
431,Germany,Male,85,9,0.0,3,0,1,62768.26,0
516,Spain,Female,77,0,0.0,2,1,0,36776.12,0
355,Germany,Female,77,3,72434.12,2,0,0,46655.83,1
790,France,Male,48,1,48545.87,2,1,0,39719.9,0
520,Spain,Male,41,7,0.0,4,0,0,172190.02,0
401,France,Male,78,2,0.0,4,1,0,59097.37,1
659,France,Male,26,3,0.0,2,1,1,162564.38,0
830,France,Female,25,7,0.0,2,0,0,58035.6,0
846,Germany,Male,22,3,42185.19,2,0,0,1832.1180000000008,0
403,France,Female,55,3,157469.09,1,1,1,1832.1180000000008,0
747,France,Male,23,5,0.0,3,1,1,73553.12,0
531,Germany,Male,61,1,134116.38,3,0,1,170840.95,0
768,France,Female,30,10,0.0,2,1,1,118347.66,0
653,Germany,Male,83,10,0.0,2,1,0,135904.38,0
716,France,Female,49,7,31338.94,4,1,0,82941.16,0
769,France,Female,24,1,0.0,1,0,1,55070.14,0
798,France,Male,69,5,115849.16,4,1,1,128590.99,0
421,Germany,Male,43,3,208820.65,3,1,1,115894.65,0
712,France,Female,37,1,117179.25,4,1,1,6975.74,0
420,France,Female,66,9,101698.94,3,1,1,110623.58,0
822,France,Male,88,4,0.0,4,0,1,126151.16,0
664,Spain,Female,90,7,173616.09,3,0,0,73690.6,1
446,Spain,Male,50,7,154947.37,3,1,1,68397.25,0
496,Germany,Male,80,3,179237.46,2,1,1,157486.54,1
798,France,Female,33,3,0.0,4,1,1,74181.73,0
672,Spain,Male,80,10,0.0,2,1,0,57296.64,0
464,Spain,Male,87,9,0.0,3,1,0,156943.31,1
761,Germany,Female,56,5,0.0,2,1,0,196968.72,1
709,France,Female,56,5,45603.01,4,0,0,36965.45,1
388,France,Male,59,0,231619.38,4,0,1,75692.22,1
491,France,Female,23,2,178259.98,1,1,0,1832.1180000000008,1
773,Spain,Female,81,0,242744.35,3,0,1,97151.86,0
525,France,Male,72,8,124238.93,3,1,1,56573.99,0
368,France,Male,82,10,240560.84,2,0,1,165126.55,0
652,France,Female,26,1,30679.7,2,1,0,183155.22,0
800,Germany,Male,77,3,147591.14,3,1,0,23243.01,0
628,France,Female,44,3,0.0,4,0,1,172761.95,0
838,Spain,Male,78,8,661.23,2,0,0,43004.99,0
407,Spain,Female,91,4,0.0,2,1,1,61599.1,0
684,Germany,Female,83,0,38368.04,4,1,1,177149.66,1
675,France,Male,85,6,15202.32,4,1,0,73055.49,1
843,Germany,Female,26,1,237037.27,3,1,1,3382.81,0
611,Germany,Female,42,7,241341.8,3,0,1,10370.71,0
761,Germany,Female,39,9,0.0,1,1,1,67541.45,0
422,France,Male,56,0,246427.5262,1,1,1,176885.09,0
372,France,Male,90,10,207666.05,1,1,1,17744.0,0
708,France,Female,68,7,233045.27,2,1,0,39122.94,1
355,France,Female,58,0,49407.78,1,1,1,193468.19,1
788,France,Male,77,2,64220.96,2,1,1,82300.23,0
360,France,Male,31,1,215516.52,1,0,1,174530.57,0
694,France,Male,66,9,0.0,4,0,1,76682.77,1
576,Germany,Female,55,7,0.0,2,0,1,103666.13,0
673,France,Female,33,4,0.0,1,1,0,189387.86,0
662,Spain,Female,65,5,76409.69,1,0,1,191276.22,0
572,Germany,Male,80,3,71208.71,1,1,1,33115.33,0
591,France,Male,79,4,187044.9,3,1,1,135354.28,0
602,Germany,Male,80,7,133023.78,4,1,0,84849.16,1
689,France,Female,78,2,0.0,2,1,0,29961.11,0
705,Spain,Male,52,8,154259.92,3,0,1,5164.43,0
575,France,Male,21,10,104984.4,1,0,1,101564.2,0
526,Spain,Male,89,10,0.0,2,1,0,18756.04,0
371,France,Male,51,1,169477.43,1,0,1,187674.55,0
740,France,Female,64,4,114491.3,2,1,0,49995.64,0
463,France,Female,19,2,0.0,1,0,0,87969.68,0
567,Spain,Female,83,6,121298.16,4,1,0,145278.07,1
846,Germany,Female,83,3,240455.71,3,1,1,101539.18,1
743,France,Male,86,4,0.0,4,1,1,75477.68,0
523,France,Male,30,1,0.0,3,1,1,125924.14,0
587,France,Male,80,6,190818.83,1,0,1,39545.35,0
512,Germany,Female,64,5,151131.41,2,1,1,98155.17,1
663,France,Female,28,6,133166.92,1,1,1,192631.93,1
426,France,Male,60,3,0.0,1,1,1,156953.53,0
827,Spain,Female,53,8,0.0,4,1,1,66946.56,0
844,Spain,Female,64,6,53598.72,4,1,1,182528.96,0
499,France,Male,24,1,8540.46,1,0,1,174975.96,0
465,Germany,Female,59,4,186390.08,2,0,1,54300.5,0
620,France,Female,68,7,0.0,2,1,0,186840.47,1
674,Germany,Male,70,1,145537.28,2,1,1,97075.41,0
672,France,Male,74,3,0.0,3,1,1,186565.38,0
371,Germany,Female,64,9,0.0,2,0,1,109939.05,0
706,Germany,Female,69,4,133398.59,4,1,0,19356.93,0
383,Spain,Female,24,5,218273.97,1,0,1,27842.73,0
521,France,Male,77,7,89003.61,3,0,0,99576.37,0
709,Spain,Female,45,3,229806.88,3,1,0,4976.56,0
794,France,Female,58,9,2576.78,3,0,1,153683.82,0
668,France,Male,58,0,116434.75,3,1,1,61542.0,0
430,Germany,Female,90,5,36691.11,3,1,1,6271.22,1
690,France,Male,42,6,78945.12,1,1,0,129734.21,0
368,Spain,Male,46,2,0.0,4,0,1,121136.77,0
465,Spain,Female,74,8,8836.87,2,0,0,25324.1,1
411,France,Male,64,0,178203.42,1,1,0,36260.98,1
843,Spain,Female,41,7,0.0,3,1,0,148687.54,0
534,France,Female,43,6,0.0,3,0,1,30228.46,0
629,Germany,Female,79,8,0.0,2,1,0,1832.1180000000008,1
746,France,Female,79,2,171994.23,1,1,0,198133.8305,1
835,Spain,Female,28,1,84043.28,4,0,0,58041.9,0
846,France,Female,47,6,101913.29,4,1,0,178211.43,0
432,France,Female,74,10,73138.95,2,1,1,82821.08,1
547,France,Female,26,8,207649.55,2,1,0,192555.9,1
552,Spain,Male,31,2,0.0,4,1,1,85982.38,0
748,Spain,Male,29,4,33826.9,2,0,0,149863.12,0
518,Germany,Male,57,2,50428.44,1,1,0,193129.18,1
465,Spain,Female,51,8,74144.77,2,0,0,56470.07,0
728,Spain,Female,41,5,0.0,3,1,1,5949.72,0
598,Germany,Female,28,4,148159.98,3,1,1,89733.46,0
724,France,Male,65,0,241041.25,2,1,1,152260.26,1
540,Spain,Male,77,6,0.0,1,1,0,112804.99,1
593,Germany,Male,33,4,0.0,4,1,1,167052.65,0
355,France,Female,67,0,5988.0,1,1,1,53348.26,1
358,France,Female,76,2,0.0,3,0,0,13596.28,0
355,Germany,Male,59,7,168769.37,1,1,0,44191.56,0
437,France,Female,60,8,240765.3,3,0,0,45756.4,1
524,Spain,Male,30,5,185047.38,2,0,1,67058.93,0
375,France,Female,88,8,29499.13,1,1,0,62363.62,1
430,France,Female,88,8,0.0,1,1,0,46851.71,1
774,Spain,Male,70,6,209669.78,2,0,1,24374.67,0
778,France,Female,84,2,0.0,1,1,0,104371.19,0
495,France,Female,62,4,0.0,3,1,0,142282.8,0
824,Germany,Female,66,8,0.0,4,1,0,181666.4,1
409,Spain,Male,79,3,195704.33,2,0,1,55160.94,0
365,France,Male,20,7,0.0,4,1,0,132110.88,0
527,France,Male,34,9,50170.92,3,0,1,105516.76,0
482,Spain,Male,33,5,0.0,1,0,1,176777.99,0
388,Spain,Female,64,5,119360.69,2,0,1,139015.55,0
774,Germany,Female,35,2,0.0,3,0,1,36598.86,0
840,France,Female,46,5,38333.63,3,1,1,53273.33,0
485,France,Male,54,0,88850.88,2,1,1,124900.47,1
507,France,Female,73,1,0.0,2,1,0,150238.9,0
709,France,Female,56,5,143070.4,3,1,1,15749.16,0
817,Germany,Female,19,2,108318.77,3,1,1,129278.62,0
493,France,Female,68,3,0.0,4,1,1,34092.08,0
692,Germany,Female,49,3,0.0,1,0,1,188587.92,0
361,Germany,Male,26,5,0.0,1,0,0,192751.64,0
633,Germany,Male,66,7,79775.85,3,0,1,171841.64,1
844,France,Female,37,4,0.0,2,1,0,172108.31,0
588,Spain,Male,52,9,136310.63,4,1,1,192228.32,0
671,Germany,Male,89,5,199414.0,3,0,1,57220.56,0
694,Germany,Female,35,10,163364.46,1,1,1,104527.67,0
666,France,Male,83,10,124192.94,4,0,0,26789.43,1
693,France,Female,52,4,0.0,4,1,1,91241.49,0
794,Spain,Male,87,8,41735.08,1,1,1,20939.94,0
355,France,Male,80,4,0.0,4,0,0,138336.03,1
793,France,Male,79,9,150344.66,2,1,1,15142.37,0
804,France,Male,33,8,0.0,1,1,0,171914.97,0
802,Germany,Male,76,3,239988.53,1,1,0,170315.86,1
534,Spain,Male,45,3,149951.35,1,1,1,193124.26,0
642,France,Female,85,9,182211.0,1,1,1,5455.84,1
526,Spain,Male,91,5,155360.3,4,1,0,163724.5,1
770,France,Male,63,7,0.0,4,0,1,58576.19,0
553,Germany,Female,85,7,152419.17,4,1,1,39183.93,0
506,Germany,Male,57,1,100168.24,3,0,1,150113.51,0
693,France,Male,20,2,113409.85,2,1,0,24021.79,1
374,France,Male,82,9,227750.97,4,0,0,175160.42,1
538,France,Male,57,3,140964.92,4,1,1,175067.24,1
453,Spain,Female,21,9,25102.74,2,0,1,111196.63,0
537,Germany,Female,22,3,130941.42,1,1,1,84552.28,0
574,Spain,Male,71,9,238315.05,4,1,0,177897.14,1
381,Spain,Female,86,6,25010.72,2,1,1,142477.4,0
783,France,Male,69,1,242796.83,3,1,1,6447.06,0
558,Spain,Male,50,2,246427.5262,4,0,0,82409.8,0
529,France,Male,40,10,140178.29,1,0,1,85961.61,0
424,France,Male,48,2,0.0,2,1,1,171230.03,0
846,Spain,Male,41,2,2158.67,1,0,0,176551.22,0
778,Spain,Male,38,1,3876.25,4,0,1,108717.29,1
591,France,Female,27,6,0.0,1,0,1,22461.93,0
517,Germany,Male,60,8,0.0,1,0,1,121819.37,0
584,Germany,Male,34,10,0.0,2,1,0,92091.24,0
831,Spain,Male,28,9,38694.58,2,1,0,84590.29,0
460,Germany,Male,38,9,121938.15,3,1,1,196864.73,0
692,France,Male,77,9,125431.41,4,0,1,198133.8305,1
802,France,Male,60,6,0.0,3,0,1,81925.6,0
728,France,Male,54,9,0.0,1,1,1,186917.08,0
785,Germany,Male,61,6,0.0,3,1,0,48928.52,0
824,Spain,Male,59,1,109632.29,3,1,0,38706.99,1
380,France,Male,54,0,34444.93,1,1,0,131348.24,1
469,France,Male,80,1,166362.39,4,1,1,100097.94,0
422,France,Male,72,3,0.0,3,1,1,149156.07,0
634,Germany,Female,31,5,235028.82,4,0,1,21985.72,0
554,Spain,Female,78,7,234971.91,1,1,1,96488.37,1
370,France,Male,30,5,23035.65,4,1,0,136358.21,0
629,France,Male,23,4,137721.71,4,0,1,100219.0,0
400,Germany,Male,49,8,199347.59,4,1,0,57272.59,1
554,France,Female,47,9,116144.62,3,1,0,100167.58,1
533,Spain,Female,76,2,0.0,1,1,0,117053.17,0
797,France,Female,69,2,242550.0,2,1,0,110075.91,0
691,France,Male,22,10,57627.02,3,1,1,113182.16,0
662,Spain,Male,54,10,131577.55,2,1,1,88563.3,0
766,France,Male,76,3,0.0,2,1,1,66208.31,0
440,France,Female,72,5,75610.04,2,1,0,14092.84,1
478,France,Female,55,6,0.0,3,1,0,9304.46,0
726,France,Male,63,6,179112.16,3,1,1,106767.15,1
725,France,Female,59,9,153000.95,3,1,0,171756.65,0
360,France,Male,35,1,0.0,1,0,0,157137.54,1
462,France,Male,59,5,212674.64,1,1,1,107255.37,0
463,France,Male,67,2,74527.32,4,1,1,127903.53,0
355,Germany,Female,22,8,133745.71,4,0,1,195289.8,0
681,Germany,Male,69,6,0.0,3,1,1,193447.66,0
377,France,Female,36,8,130184.14,2,1,1,198133.8305,0
771,France,Female,18,9,140534.88,2,1,1,3307.44,0
643,Germany,Male,73,8,85117.11,3,0,1,127245.37,0
731,Spain,Female,46,9,126480.41,4,0,0,149016.98,0
599,Spain,Male,48,8,101513.09,2,1,0,20623.45,0
836,France,Female,64,6,0.0,4,1,1,72653.73,0
485,France,Male,59,4,135972.83,2,0,1,33032.26,1
629,France,Male,63,3,0.0,2,1,1,76931.35,0
355,France,Female,87,3,0.0,3,1,1,88246.76,0
767,Germany,Female,66,6,0.0,4,1,1,35681.99,1
634,France,Male,21,8,47137.34,3,0,0,99221.86,0
438,France,Female,34,4,29644.14,4,1,1,37524.64,0
759,France,Male,51,6,131473.94,4,1,1,184459.28,0
845,Germany,Female,52,4,0.0,1,0,1,33903.63,0
384,France,Female,44,6,4012.16,4,1,1,102514.69,0
773,Spain,Male,31,9,70655.51,4,0,0,68864.76,0
718,France,Female,25,4,127300.76,4,0,0,84555.22,1
527,Spain,Female,28,4,0.0,3,1,1,77881.29,0
667,France,Male,88,2,109598.7,4,1,0,195732.1,0
743,Spain,Male,47,5,240678.58,3,1,0,132726.19,0
590,Spain,Male,89,5,49863.17,4,1,0,9754.42,1
683,Spain,Male,42,1,128515.5,2,0,1,167018.48,0
374,Spain,Male,41,10,0.0,1,0,1,109091.18,0
813,Spain,Female,54,9,0.0,4,1,1,23311.73,0
812,Germany,Female,88,3,0.0,3,0,1,94325.65,0
455,Spain,Male,59,10,0.0,4,0,0,26708.41,0
589,France,Male,20,2,179151.62,1,1,1,111506.12,0
469,Germany,Female,38,4,139216.27,1,1,0,74149.22,0
550,Germany,Female,90,1,0.0,2,1,1,13370.45,0
487,Spain,Male,29,6,90617.56,3,0,1,130715.49,0
781,France,Male,79,5,0.0,4,1,0,46689.67,1
698,France,Male,86,2,228780.94,3,1,1,153275.85,0
773,Germany,Male,33,3,0.0,3,1,1,180763.62,0
747,France,Male,59,10,33714.52,2,1,1,48558.12,0
714,France,Male,62,7,30519.9,3,1,1,61176.1,0
433,France,Male,76,1,0.0,1,0,0,9325.38,1
765,France,Male,77,1,0.0,3,1,1,96308.15,0
742,France,Male,22,0,125791.26,1,1,1,168058.64,0
412,France,Male,41,2,163552.47,1,1,1,22042.06,0
393,France,Male,87,8,1548.57,1,1,0,33557.1,1
731,France,Female,44,0,230926.14,4,0,1,148923.22,0
545,France,Male,36,2,0.0,1,1,1,127625.25,1
514,Germany,Male,64,0,79725.32,1,1,0,39875.16,1
548,France,Female,32,7,236787.64,4,1,0,34257.54,0
784,Spain,Female,28,8,0.0,1,1,1,14103.79,0
532,Spain,Male,77,5,0.0,3,1,1,3538.94,0
535,France,Male,26,9,215729.0,1,1,0,84524.21,0
550,France,Male,83,7,15315.58,2,1,1,21580.46,0
377,Germany,Female,36,8,19073.21,4,1,1,58427.33,0
368,Spain,Male,25,3,38790.23,2,1,1,174787.25,0
557,Germany,Male,72,9,0.0,2,1,0,9879.46,1
358,Spain,Female,31,6,177257.42,4,1,1,159356.79,1
729,Germany,Female,45,0,133104.41,3,1,1,76331.12,0
562,Germany,Male,43,0,0.0,4,1,0,82383.03,0
600,France,Male,55,9,0.0,2,1,0,194533.4,0
518,Germany,Female,53,3,79290.15,1,1,1,113700.11,0
732,France,Female,32,5,0.0,1,1,0,7336.82,0
564,Germany,Female,35,8,99191.6,2,0,1,158767.59,0
367,Spain,Female,32,8,191602.82,1,0,1,110909.45,0
594,France,Male,22,0,118521.43,3,1,0,155415.34,0
438,Germany,Female,66,6,244286.98,1,1,1,30251.54,1
648,France,Female,52,10,214031.83,1,1,1,52511.02,0
632,Germany,Female,26,3,197738.46,3,1,1,182106.47,0
587,France,Male,42,5,193295.15,3,1,0,85979.35,0
543,Spain,Male,67,2,0.0,1,0,1,102142.53,0
648,France,Male,39,7,225287.43,3,1,1,128629.28,0
690,Spain,Female,47,1,0.0,2,1,0,105663.41,0
790,Spain,Female,73,5,0.0,1,0,1,150126.6,0
832,Germany,Male,67,4,48975.34,2,0,1,44641.97,1
391,Spain,Female,69,7,0.0,4,1,1,184168.64,0
680,Spain,Female,46,5,0.0,3,0,1,10746.01,0
392,Spain,Female,53,10,197725.81,4,1,1,99905.05,1
559,France,Male,80,10,0.0,4,1,0,198133.8305,1
721,Germany,Male,82,3,99676.65,1,1,1,131761.23,0
621,France,Male,22,0,85185.32,1,1,0,96439.79,0
754,Germany,Female,80,5,42523.2,3,1,0,190508.57,1
807,France,Female,84,6,0.0,2,1,0,15606.56,0
837,Germany,Male,87,8,163504.62,2,0,1,84481.87,1
687,Germany,Male,37,5,0.0,1,0,1,180712.3,0
687,France,Female,55,6,121416.4,1,1,0,136052.25,0
752,Germany,Female,21,0,0.0,4,1,0,73693.56,0
466,Spain,Male,26,8,68809.34,1,0,1,195511.24,0
501,Spain,Male,59,3,0.0,4,1,0,151829.85,1
520,France,Female,33,4,53905.98,2,1,0,195463.81,0
722,Germany,Female,34,4,0.0,1,1,1,116740.31,0
525,Spain,Female,39,0,69515.59,3,0,0,1832.1180000000008,1
419,France,Female,51,5,0.0,1,1,0,194388.35,1
750,France,Male,29,4,106237.16,2,1,0,164815.86,0
725,France,Female,77,2,170617.81,1,0,1,110063.56,0
647,Germany,Female,67,2,0.0,1,1,1,32186.63,0
791,France,Male,76,0,0.0,1,1,0,176188.78,0
746,Spain,Male,86,9,0.0,4,0,1,127474.46,1
801,Germany,Male,62,3,186377.06,1,1,0,1832.1180000000008,1
480,France,Male,44,9,222310.38,1,1,0,98760.9,0
408,Spain,Male,90,9,159974.81,1,1,1,196463.64,0
521,Spain,Female,59,5,172715.69,1,0,1,117203.99,1
765,France,Male,52,8,0.0,1,0,1,142148.47,0
813,France,Female,48,2,105112.57,1,1,1,131613.43,0
405,France,Female,20,1,222239.71,1,0,1,103752.59,0
778,France,Female,88,9,40180.01,2,1,0,138420.91,1
589,France,Male,78,7,0.0,2,1,1,39160.88,0
759,Spain,Male,69,7,169490.89,1,1,1,67591.87,1
691,France,Male,34,10,225518.49,2,1,1,177885.81,0
380,France,Female,86,0,14760.09,2,0,1,53977.04,1
592,Germany,Male,31,1,0.0,2,1,0,83355.23,0
394,Germany,Male,35,10,55080.68,1,1,1,20685.25,0
520,Spain,Female,23,1,215213.95,4,1,1,186098.59,0
729,Spain,Female,39,4,0.0,2,1,1,53871.87,0
692,France,Male,42,0,193870.61,2,0,0,116197.35,1
703,France,Female,76,3,0.0,3,1,0,79760.36,0
681,Spain,Male,42,1,0.0,2,1,1,69351.1,0
357,Germany,Male,88,2,231296.53,3,1,1,33648.2,1
642,Spain,Male,40,8,128282.27,4,0,0,198133.8305,1
592,France,Female,56,3,0.0,4,1,1,57844.75,0
614,Spain,Male,61,8,26301.56,2,1,1,79291.68,0
456,Germany,Male,79,9,54022.74,1,1,0,38553.93,1
703,France,Female,73,5,0.0,1,1,1,125518.85,1
654,Germany,Male,82,5,0.0,1,1,0,17243.52,0
551,Germany,Male,87,3,235595.13,3,0,0,132592.29,0
378,France,Male,26,7,56761.5,2,1,1,100622.43,0
384,France,Female,24,8,0.0,2,1,0,129500.56,0
529,Spain,Female,51,9,58811.33,1,0,1,1832.1180000000008,0
619,France,Female,29,2,12227.9,3,0,1,134700.25,0
846,France,Male,54,7,41522.41,4,0,0,9145.16,0
712,France,Female,61,1,146921.02,4,1,0,183500.47,1
593,France,Female,38,5,0.0,2,1,1,158686.8,0
499,Spain,Female,25,0,200290.11,3,1,1,24789.36,0
434,Spain,Female,89,6,0.0,3,1,0,111257.12,1
420,France,Female,45,9,178491.15,4,1,1,191372.41,0
386,Spain,Male,80,8,0.0,2,1,1,48531.79,0
806,Spain,Male,64,7,33944.56,2,1,0,14546.88,0
357,France,Female,67,6,14145.35,2,1,1,84511.33,1
782,Spain,Male,75,6,210498.5,1,0,0,27650.21,1
642,France,Female,37,1,175212.75,4,1,0,155511.34,0
659,Spain,Female,34,8,43745.23,2,0,0,182430.7,0
830,Germany,Male,91,7,0.0,4,1,0,89926.84,1
744,Germany,Female,67,1,0.0,2,1,1,198133.8305,0
423,France,Male,39,6,14188.52,3,0,0,38025.16,0
835,Spain,Female,65,4,57190.68,3,0,0,183555.44,0
438,France,Male,47,5,0.0,4,1,1,64702.86,0
635,France,Male,81,8,97681.81,3,1,1,180378.43,0
670,France,Female,55,3,0.0,3,1,1,180896.38,0
472,Spain,Male,41,10,34135.54,2,1,0,69780.88,0
665,France,Male,69,4,23165.11,1,1,1,4066.35,1
670,Spain,Male,73,5,0.0,4,1,0,60531.92,0
840,Germany,Female,45,0,0.0,4,1,1,87272.35,0
808,France,Male,73,1,211747.79,2,1,1,196761.79,0
550,France,Male,35,3,0.0,1,0,0,137946.47,0
695,France,Male,35,10,0.0,4,1,1,126973.29,0
761,Germany,Female,79,2,17867.9,1,1,1,129039.62,0
363,Spain,Male,63,4,56376.94,1,1,0,79258.75,1
693,France,Male,20,9,213082.12,4,1,0,137928.67,1
809,Spain,Female,67,3,128961.87,3,0,0,55941.41,0
410,France,Male,40,8,201725.65,3,0,1,150462.03,0
727,Spain,Female,38,1,92395.55,3,1,1,130370.95,0
380,Spain,Male,49,1,147610.77,3,1,0,149266.88,1
551,Spain,Female,51,0,148683.21,3,1,0,30280.11,0
760,Germany,Male,83,1,0.0,3,1,0,110461.7,1
844,Spain,Female,50,6,0.0,4,1,1,38352.08,0
714,France,Female,39,0,59809.9,1,0,0,62378.92,0
711,France,Male,75,6,107121.21,3,1,1,158380.92,1
479,France,Male,58,6,243689.61,2,0,0,83481.68,0
763,Germany,Male,18,2,68028.06,3,1,1,9977.43,0
680,Germany,Male,64,0,0.0,1,0,0,178407.13,0
822,Germany,Female,55,1,0.0,4,1,0,21475.19,1
652,Spain,Male,60,1,141563.92,2,1,0,99463.66,0
369,France,Female,31,5,0.0,1,1,0,95075.15,1
605,Germany,Male,53,10,30209.45,1,0,1,79829.08,1
737,France,Female,65,4,0.0,3,1,1,1832.1180000000008,0
744,France,Female,68,6,227872.75,2,0,1,50838.22,1
543,Germany,Female,68,3,0.0,3,1,0,31123.03,0
435,Spain,Female,91,1,50414.38,2,0,0,32725.38,0
785,Germany,Female,55,2,0.0,2,1,1,25290.2,1
762,France,Female,49,5,0.0,2,0,0,164811.43,0
790,Germany,Female,58,9,154788.13,1,1,1,20199.28,0
685,France,Male,42,2,55912.66,3,1,1,66611.3,0
765,Spain,Female,41,10,0.0,1,1,1,115970.45,0
551,Germany,Female,69,7,154739.54,4,1,0,8187.73,1
740,France,Female,41,3,0.0,2,1,0,105010.58,0
594,France,Female,73,6,0.0,1,1,0,92766.5,0
747,France,Male,73,7,0.0,3,1,0,171618.88,0
423,Spain,Male,88,7,219509.17,3,1,1,23223.67,0
498,France,Male,27,9,0.0,3,1,1,11701.62,0
457,Spain,Male,44,7,33638.52,2,1,1,29436.31,0
553,Germany,Male,75,0,59781.68,1,0,0,95261.89,1
758,Germany,Male,49,4,0.0,4,1,0,21004.84,1
407,France,Female,66,9,206658.44,2,1,0,123148.31,1
715,Spain,Female,72,2,9890.83,2,1,1,158685.78,1
766,France,Female,83,5,102507.41,1,0,0,111104.48,1
686,Germany,Male,34,5,123543.16,4,0,1,71693.79,0
673,Germany,Male,37,6,153758.34,4,1,1,89341.33,0
419,Germany,Female,52,9,0.0,3,1,1,48496.75,0
656,Spain,Male,55,5,207639.68,3,1,0,170417.43,0
463,France,Female,84,0,0.0,3,1,1,64710.3,0
473,Germany,Female,20,2,27982.03,1,0,0,171727.36,0
781,France,Female,36,6,46621.69,2,1,1,193181.76,0
658,France,Male,85,8,234211.56,2,1,0,51142.38,1
846,France,Female,63,7,136670.53,2,1,0,171582.46,0
577,France,Female,67,8,0.0,4,1,1,167292.09,0
529,France,Male,36,2,0.0,4,1,1,122271.25,0
846,France,Male,64,1,0.0,3,0,1,166768.81,0
661,France,Female,45,10,91831.95,1,0,0,85108.99,0
782,Germany,Male,72,6,4575.63,2,0,0,120579.57,0
372,Germany,Female,24,8,0.0,3,1,1,81149.11,0
613,France,Male,39,10,179360.39,3,1,1,198133.8305,0
759,France,Female,65,2,65526.66,3,1,0,106375.95,0
755,France,Male,62,9,66404.99,2,1,1,47456.42,0
708,Germany,Male,80,4,0.0,4,1,0,134030.68,0
432,France,Male,77,6,167604.94,4,1,0,151610.57,1
623,France,Male,19,4,73544.32,3,1,0,172269.42,0
400,France,Male,24,2,77590.69,4,1,0,2547.75,0
751,France,Female,44,9,94154.75,1,1,0,149460.77,0
665,France,Male,88,3,245050.33,1,0,1,106118.13,1
447,Germany,Male,53,0,115024.6,3,1,0,145297.23,1
714,Germany,Male,83,1,0.0,3,0,0,105478.61,1
710,Germany,Female,22,10,0.0,1,0,1,65942.31,0
376,Germany,Female,89,9,0.0,4,1,1,7034.39,0
394,Germany,Female,22,7,220922.68,3,0,1,64077.19,0
450,France,Male,77,8,246427.5262,1,1,1,131201.06,1
385,Spain,Female,82,7,0.0,3,0,1,1952.55,0
619,Germany,Male,39,10,0.0,4,1,0,184295.16,1
790,France,Female,40,1,82577.9,4,0,1,79869.38,0
381,Germany,Male,61,0,194773.15,2,1,1,12589.74,1
657,France,Female,71,7,163896.54,4,1,0,176397.26,1
562,Germany,Female,26,10,90841.13,2,1,1,36150.32,0
768,Germany,Male,35,6,0.0,4,1,1,11667.74,0
591,Spain,Female,73,10,51455.19,4,1,0,15700.26,1
685,Spain,Male,77,4,173498.41,2,1,1,105605.99,0
811,Germany,Female,29,7,63030.89,3,1,1,57188.89,0
418,Germany,Female,83,5,87386.52,4,1,0,168364.15,1
508,Spain,Female,82,9,17029.65,2,1,1,109118.74,0
485,France,Female,82,7,0.0,3,1,1,55624.98,0
434,Spain,Male,35,4,0.0,3,1,1,116855.5,0
674,France,Male,67,2,0.0,2,0,1,188806.13,0
355,France,Female,29,3,173616.95,3,1,0,172477.79,0
543,France,Male,32,0,134535.95,2,0,1,27307.88,0
410,Spain,Male,23,1,0.0,3,1,1,174389.89,0
658,France,Male,54,5,0.0,4,1,0,73254.77,0
726,France,Female,70,0,0.0,1,1,0,76897.73,0
583,France,Male,32,5,150708.79,1,0,1,100818.6,0
572,France,Male,31,0,164487.01,3,1,0,153644.68,0
575,France,Male,38,1,199112.68,4,0,0,84510.1,0
449,Germany,Male,32,7,180693.74,4,1,0,132215.61,0
538,France,Female,79,0,56225.37,2,0,0,34034.23,0
817,Spain,Female,30,3,125840.18,4,1,0,59025.88,1
370,Spain,Female,38,2,37971.48,4,1,1,189567.81,0
744,France,Female,40,0,202345.21,2,1,1,84018.33,0
432,France,Male,33,2,163394.22,1,1,0,145279.24,0
407,Germany,Female,87,1,244772.8,4,1,1,15914.38,1
493,France,Male,33,0,34127.42,1,0,0,6071.45,0
484,France,Male,54,7,127536.92,1,1,1,10542.08,1
508,Spain,Male,59,1,181002.58,2,1,1,140289.33,0
775,Spain,Male,37,10,216835.58,4,1,1,11354.63,0
803,Spain,Female,52,5,213349.43,3,0,0,120408.38,0
696,France,Male,30,4,0.0,2,1,1,50145.63,0
423,Germany,Female,53,9,245580.23,3,1,1,28081.62,1
823,Germany,Male,19,8,0.0,4,1,1,138549.74,0
774,France,Male,50,4,242264.66,1,1,1,108789.08,1
388,Germany,Male,45,10,153403.2,4,1,0,178249.03,1
544,France,Male,43,5,207983.81,3,1,1,145447.6,0
738,France,Male,26,7,19008.4,4,1,0,64551.48,1
394,Germany,Female,91,10,63865.1,1,1,0,25321.44,1
388,France,Female,19,7,22998.98,2,1,1,127453.08,0
653,France,Female,28,6,0.0,2,1,1,69492.97,0
518,Spain,Male,25,6,241182.54,4,0,1,33113.1,0
571,Spain,Female,90,7,162292.69,3,0,0,114611.63,1
726,Germany,Female,41,10,0.0,2,1,1,132345.63,0
622,Spain,Male,49,7,198208.93,1,1,1,57118.2,0
706,Spain,Female,73,3,0.0,2,0,0,144340.52,0
413,France,Female,21,0,114411.92,1,1,0,13625.3,1
355,France,Female,22,8,157332.05,4,0,0,145941.58,0
476,France,Male,31,5,127950.17,4,1,1,21145.21,0
451,France,Male,68,4,0.0,3,1,0,138142.92,0
512,Spain,Male,90,10,200659.26,2,1,0,87045.8,0
740,France,Male,63,1,115604.63,3,1,0,30378.83,1
426,France,Male,82,0,103755.31,2,0,0,4227.98,1
413,France,Male,83,8,139666.38,1,1,1,169071.01,0
450,France,Male,38,10,226188.41,1,1,1,175947.17,1
513,Spain,Female,31,9,105745.57,3,1,1,74008.1,0
448,France,Male,29,9,0.0,4,0,1,131868.88,1
442,France,Male,76,9,0.0,1,1,1,173942.14,0
640,France,Male,67,7,3099.29,2,1,1,17924.84,0
405,France,Male,82,10,119050.64,1,1,0,101202.28,0
427,Germany,Female,55,3,0.0,2,1,0,84982.71,1
769,France,Female,90,8,37591.59,4,1,1,43118.18,0
359,France,Female,84,1,58609.47,1,1,1,50163.83,1
380,France,Female,77,5,178104.84,3,1,0,183590.3,1
384,Spain,Male,77,3,0.0,1,1,0,138984.94,0
618,Germany,Female,27,10,134213.28,1,1,0,124904.23,0
698,Germany,Female,73,4,123817.14,3,1,0,129453.65,0
697,Germany,Male,88,2,0.0,2,1,1,82648.79,0
695,Spain,Female,39,6,221641.97,4,1,0,157519.16,0
378,France,Female,78,0,233113.56,2,1,1,149167.35,0
522,France,Female,43,1,0.0,3,1,0,87261.38,0
667,Germany,Male,33,4,0.0,1,1,1,29355.98,0
691,France,Male,72,6,228466.02,3,1,1,19499.15,0
517,Spain,Male,30,6,204783.84,4,1,0,158985.49,1
774,France,Male,53,0,31006.61,2,1,0,140560.26,0
767,Spain,Female,87,7,85419.39,1,1,0,89970.67,1
733,Spain,Male,29,0,81901.48,3,0,1,27228.71,0
749,Germany,Female,29,8,182511.7,1,1,0,154680.3,1
838,Spain,Male,87,0,130974.64,3,1,1,71835.54,0
747,Germany,Male,75,0,0.0,1,1,0,155345.58,0
643,Spain,Female,52,5,57698.65,3,1,1,139849.52,0
549,France,Male,47,8,114376.26,3,1,1,186013.01,0
531,France,Male,89,8,166489.26,4,0,1,13579.25,1
762,Germany,Male,71,6,127181.48,1,1,0,128680.39,1
498,France,Male,85,1,65258.38,4,1,0,158511.75,1
665,France,Female,24,10,0.0,2,1,0,58302.07,0
601,Spain,Female,57,0,0.0,1,1,0,147388.02,1
539,Germany,Female,71,3,44167.19,4,1,0,59560.71,0
575,France,Female,20,8,132099.89,3,0,1,126994.38,0
390,France,Male,55,6,0.0,3,1,1,136109.3,0
705,France,Female,22,8,54603.97,2,1,0,179018.82,1
383,France,Male,84,8,218873.06,1,1,1,190180.95,1
386,Spain,Male,68,10,239442.63,1,1,0,198133.8305,1
475,France,Female,31,5,87548.95,4,1,0,138774.19,0
616,France,Male,56,9,86822.65,1,1,0,115790.08,0
500,Germany,Female,26,1,22940.52,3,1,0,136569.81,0
791,France,Female,77,1,0.0,2,0,1,149459.24,0
814,France,Male,32,0,6636.34,4,1,0,163151.18,0
547,Germany,Male,62,2,124052.6,3,0,1,58192.92,1
846,Germany,Female,23,1,38203.63,1,1,1,141777.05,0
394,Spain,Female,29,9,0.0,1,0,0,38417.54,0
421,Germany,Female,90,5,232227.52,1,0,0,20620.38,1
524,France,Female,46,4,22195.67,3,0,1,158642.84,0
822,Spain,Male,27,7,0.0,1,1,0,116044.33,0
602,Spain,Male,69,3,207642.03,1,0,1,95201.12,1
703,Germany,Female,32,6,0.0,2,1,1,79652.88,0
676,Spain,Male,61,0,230660.58,1,1,1,51137.02,0
599,Spain,Female,77,7,155229.46,2,1,0,117243.17,1
816,Spain,Female,68,9,133734.24,2,1,1,17045.58,1
828,France,Female,36,0,167853.13,2,1,0,139343.53,0
574,Germany,Male,35,0,72027.28,1,1,1,97523.53,0
707,France,Female,34,1,6352.72,2,1,1,126116.1,0
662,Germany,Male,64,6,110512.81,3,1,1,6327.79,0
647,Germany,Female,67,8,185836.6,2,1,1,74871.79,0
400,Spain,Male,56,9,229662.6,4,1,1,79934.99,0
454,Spain,Female,47,8,0.0,2,1,1,115564.52,0
846,France,Male,22,6,65911.92,2,1,0,180376.17,0
472,Germany,Male,79,7,32823.88,1,1,1,143347.81,1
676,Germany,Male,66,3,233873.58,3,1,1,161222.69,1
806,France,Female,65,8,0.0,3,0,0,151748.24,0
651,France,Male,25,2,227767.81,1,1,0,39129.74,0
457,France,Male,39,10,0.0,4,0,1,102701.97,0
780,Spain,Male,40,0,4533.18,4,1,0,147004.53,0
366,France,Male,62,10,56055.08,4,1,1,107170.56,1
712,Spain,Male,76,5,123197.38,4,1,1,189888.09,0
483,France,Male,82,7,0.0,1,1,1,103623.17,0
670,Spain,Female,56,1,226930.18,4,1,0,109573.62,1
590,France,Female,44,3,0.0,2,0,1,23977.71,0
635,Spain,Female,48,9,29442.37,4,0,1,15833.06,0
541,France,Female,72,0,0.0,1,1,1,11781.21,0
614,Germany,Male,41,2,97236.71,3,1,0,29937.62,0
818,Spain,Female,48,6,169735.34,3,1,1,134383.74,0
764,Spain,Male,76,8,196544.17,2,1,0,35627.05,1
559,Spain,Female,58,4,246387.86,2,0,0,21618.45,0
821,France,Male,52,0,144161.51,1,1,0,122562.87,0
795,France,Male,72,1,91687.67,4,1,0,171670.68,0
664,France,Male,39,9,108400.09,3,0,1,6612.58,0
647,France,Female,22,2,100655.44,4,1,1,101234.15,0
367,Germany,Male,76,6,112634.33,3,0,1,38346.91,1
612,Germany,Female,51,10,0.0,2,1,1,182880.91,0
456,Spain,Male,42,4,61832.06,3,0,0,83708.02,0
430,Spain,Male,25,0,246427.5262,2,1,1,129452.82,0
780,Germany,Female,86,8,232003.63,4,1,1,86952.78,1
485,Spain,Female,71,8,0.0,3,1,0,163565.92,0
658,France,Female,38,7,0.0,3,1,1,98543.44,0
784,France,Female,62,9,197988.54,3,0,1,189179.08,0
649,Germany,Female,52,8,686.78,2,0,1,71793.35,0
740,Spain,Male,42,7,228365.89,4,1,0,144296.25,1
738,France,Female,41,3,0.0,2,0,1,17733.35,0
574,Germany,Female,23,0,157189.5,1,1,0,32423.73,0
811,Germany,Male,90,7,197082.25,2,1,1,105927.49,1
805,France,Male,86,9,83132.91,1,1,1,51870.54,0
519,France,Female,82,7,0.0,3,1,1,11801.05,0
760,Spain,Male,41,7,0.0,3,1,1,49545.34,0
441,Germany,Female,91,7,140315.22,4,1,1,54184.5,0
406,France,Male,38,3,0.0,2,0,0,124634.25,0
615,Spain,Male,79,1,162300.07,4,1,1,33244.06,1
653,France,Male,25,6,0.0,3,1,1,185671.76,0
642,Spain,Male,40,10,209002.05,2,1,1,57404.21,0
750,France,Male,60,1,33042.74,2,1,1,192720.32,1
545,Germany,Male,89,0,111355.2,4,1,1,84713.16,0
754,France,Female,37,7,0.0,1,1,1,146449.74,0
801,France,Female,49,4,158191.66,1,1,1,135659.07,0
395,Spain,Male,80,9,0.0,1,1,1,56217.9,0
575,France,Male,52,5,232588.71,3,0,1,88721.94,0
462,France,Female,68,5,0.0,4,0,1,45865.21,0
678,France,Female,48,0,100154.4,3,1,1,176914.82,0
556,Germany,Female,18,10,0.0,2,1,1,177266.67,0
491,Spain,Female,38,3,51847.92,1,1,1,71963.35,0
476,Spain,Male,59,4,22857.95,1,1,1,81741.15,0
527,France,Male,19,6,21845.38,3,0,1,60556.46,0
404,France,Male,35,9,145701.29,1,0,0,59809.97,1
402,France,Female,88,8,222217.14,4,0,0,17507.74,1
665,Germany,Female,19,8,55689.53,4,1,0,127977.96,0
822,Spain,Female,36,1,190012.1,4,1,1,153622.36,0
604,Germany,Female,63,0,0.0,2,0,1,68157.11,1
814,Germany,Female,59,9,0.0,2,0,0,100359.78,0
427,France,Female,33,10,163429.13,4,0,1,4407.52,0
837,Spain,Male,22,6,0.0,1,1,1,125998.16,0
643,France,Male,84,10,235797.95,4,1,0,65001.51,1
722,France,Male,58,3,0.0,4,1,0,29563.08,0
381,France,Female,60,3,115668.56,1,1,0,2235.24,0
652,France,Male,22,1,15159.1,1,1,1,85392.35,0
541,France,Female,33,8,68911.91,4,1,1,133960.83,1
800,France,Male,23,7,230777.95,3,1,0,48005.43,0
747,France,Female,90,2,0.0,2,1,1,33592.82,1
782,Germany,Female,74,10,85669.32,4,0,0,122603.16,1
795,France,Male,58,0,0.0,3,1,0,118709.23,0
711,France,Female,68,8,0.0,4,1,1,61000.0,1
472,Spain,Female,30,2,0.0,2,1,0,170139.79,1
491,Spain,Male,91,8,103094.03,3,1,1,119412.81,0
780,Germany,Male,56,5,234137.34,3,1,0,163056.31,0
651,France,Female,56,2,0.0,1,1,0,184765.9,0
796,Spain,Female,88,0,204594.14,3,1,0,135029.52,1
748,France,Male,25,6,32559.41,3,0,1,58464.69,0
654,France,Female,49,1,37726.91,1,1,0,135473.49,0
426,Spain,Male,24,4,0.0,4,0,1,84209.81,0
842,Germany,Female,49,10,47808.66,2,1,1,36290.79,0
471,Germany,Female,37,9,0.0,2,0,1,34873.02,0
473,Germany,Male,52,5,202035.44,1,1,1,30737.88,0
423,Germany,Male,69,8,87103.06,4,1,1,93010.3,1
384,France,Female,38,9,129955.79,1,1,0,118889.46,0
537,France,Male,21,6,133312.03,4,1,0,194909.84,1
772,France,Male,29,2,151802.26,3,1,1,134653.27,0
783,France,Male,70,8,25904.19,1,1,0,46412.77,0
595,Spain,Male,60,0,0.0,3,1,1,167056.06,0
507,France,Male,90,5,21482.45,3,0,1,196782.85,0
523,Germany,Female,84,8,229766.3,2,1,1,82590.65,1
810,Spain,Female,29,6,0.0,4,0,1,176027.19,0
377,Spain,Female,72,3,181754.26,1,1,0,148844.45,1
378,France,Male,24,4,230206.6,1,0,1,63228.39,1
382,France,Male,25,5,77359.33,4,1,1,1832.1180000000008,1
794,Spain,Female,76,8,21962.3,4,1,0,139655.87,0
395,Germany,Female,47,10,0.0,2,0,1,193068.1,0
821,Spain,Female,91,8,0.0,2,0,1,27125.02,0
442,Spain,Male,18,3,124949.37,3,1,1,183028.36,0
624,Spain,Male,55,1,18738.39,3,0,1,41404.33,0
836,France,Female,40,5,0.0,1,1,1,108308.1,0
408,Germany,Male,90,9,174890.4,2,1,0,110522.56,1
490,France,Female,67,6,184136.33,3,1,1,44165.68,1
714,Germany,Female,75,3,0.0,3,0,1,4800.19,0
759,Spain,Female,39,0,198679.47,4,1,1,34752.77,0
804,Germany,Male,84,2,86389.78,4,1,1,78108.12,1
359,France,Female,80,7,17052.28,1,1,0,37846.33,0
739,France,Female,76,7,83465.26,3,1,0,134197.84,0
511,Spain,Female,53,4,182618.78,3,1,1,97614.55,1
629,France,Female,86,3,163944.56,1,1,1,70819.23,0
804,France,Male,67,1,120367.72,1,1,0,46579.12,0
802,France,Female,22,10,69913.17,4,1,1,132459.6,0
442,France,Female,83,4,104482.8,1,0,1,178376.38,0
585,France,Female,19,8,0.0,2,1,1,130158.28,0
492,Germany,Male,68,5,97505.68,3,1,1,81798.44,0
658,France,Female,36,6,0.0,2,1,1,5594.9,0
764,France,Male,84,7,0.0,3,0,1,158052.56,0
509,France,Female,72,3,0.0,1,1,0,104942.93,0
410,France,Female,77,10,72542.39,3,1,0,13097.3,0
382,France,Male,69,5,32277.32,4,0,0,145460.83,0
376,Germany,Male,59,8,150524.05,3,1,1,46019.69,1
533,France,Male,81,10,105703.75,4,0,0,59783.08,1
833,France,Male,39,4,167981.43,2,1,1,130226.35,0
476,France,Male,57,2,21900.8,2,0,1,37753.29,0
552,France,Female,40,10,86227.27,2,1,1,64380.58,0
688,France,Female,26,8,0.0,2,1,1,139536.51,0
679,France,Male,82,8,23021.93,2,1,0,63055.92,0
485,Spain,Female,54,10,193361.69,2,1,1,18350.74,0
413,France,Male,21,0,0.0,2,1,0,20018.2,0
428,Germany,Female,79,10,0.0,1,1,0,108253.68,0
460,France,Male,87,1,0.0,2,1,1,198133.8305,0
393,France,Male,66,1,0.0,1,1,1,104641.12,1
580,France,Male,42,2,229954.67,4,0,0,195482.31,0
673,Spain,Male,81,1,246427.5262,4,1,1,181312.05,0
688,Spain,Female,72,0,105600.18,2,0,1,175480.73,0
805,France,Female,39,1,50283.71,4,0,1,89441.62,0
496,France,Female,42,5,124527.92,2,1,1,113051.52,0
678,France,Female,91,4,123917.15,2,1,0,127005.08,1
793,France,Female,88,3,116509.66,3,0,1,1832.1180000000008,0
364,Germany,Male,68,1,0.0,4,1,1,8751.33,1
741,France,Male,20,10,32094.24,3,0,0,191903.79,0
394,France,Female,34,3,0.0,3,0,1,87956.86,1
626,Spain,Female,44,5,87940.28,4,1,0,167132.58,1
766,France,Female,57,1,0.0,4,1,0,24519.11,1
580,France,Male,82,2,219460.88,3,1,1,51547.41,0
630,Germany,Male,80,2,55839.05,2,1,1,10484.93,0
660,France,Female,38,10,192800.01,2,1,1,152489.95,0
639,France,Male,26,1,0.0,2,1,1,51737.87,0
716,France,Female,38,5,8154.18,1,1,1,158188.73,0
780,Spain,Female,35,5,162464.58,3,1,1,155799.41,0
417,France,Male,84,0,53658.23,4,0,0,20581.56,0
558,France,Female,19,3,229913.75,1,1,0,57162.03,1
777,France,Female,79,0,0.0,4,1,0,107142.95,1
541,France,Male,66,1,26257.95,3,1,1,161338.3,0
595,Germany,Female,25,7,0.0,4,1,1,159579.06,0
721,France,Male,68,6,0.0,3,1,0,107824.9,0
818,Germany,Male,60,5,0.0,4,1,1,139052.52,0
476,Germany,Male,18,2,0.0,4,0,1,187836.78,0
828,Spain,Female,34,6,187792.01,2,0,0,82157.1,0
705,France,Female,43,9,0.0,3,1,0,26243.4,0
365,Spain,Female,33,9,0.0,1,0,1,27213.77,1
781,Germany,Female,60,1,0.0,4,0,1,74969.81,0
542,France,Male,63,7,201632.41,3,0,0,23251.45,0
491,Spain,Female,30,2,167692.99,3,1,1,176214.14,0
613,Spain,Male,27,9,5286.68,3,1,0,108159.39,0
638,France,Female,66,5,59283.14,3,1,1,153819.53,0
620,Spain,Female,52,8,116587.57,1,1,1,198133.8305,0
377,France,Female,37,5,0.0,3,1,1,80804.73,0
762,Germany,Female,36,7,206817.87,3,1,0,160436.51,0
521,Spain,Female,20,10,96741.14,3,1,0,146884.74,0
420,France,Female,81,1,231711.1,4,0,1,50876.61,1
633,Spain,Male,80,9,48471.35,2,1,0,23157.31,1
661,France,Female,59,5,0.0,1,1,0,1991.62,0
401,Spain,Female,43,1,0.0,4,1,1,165367.15,0
822,Germany,Female,33,4,156671.74,2,0,1,195967.54,1
650,France,Female,40,0,241880.95,2,1,0,77411.6,0
846,France,Male,86,5,102646.82,2,0,0,106736.78,0
685,France,Male,24,5,174820.79,4,1,0,39204.39,0
355,France,Male,78,4,2524.42,1,1,0,155424.71,1
454,France,Male,40,4,68670.11,1,1,1,4195.6,0
837,France,Male,37,6,0.0,4,1,1,26986.01,0
630,France,Female,77,9,218983.44,3,0,1,187874.16,0
411,France,Female,89,4,238231.42,3,1,0,61007.5,1
387,Germany,Female,91,0,144858.34,2,0,1,108093.31,1
619,Germany,Female,37,6,0.0,1,1,1,89068.86,0
647,Germany,Female,61,10,199808.1,2,0,0,35506.18,0
473,France,Female,39,4,0.0,4,0,1,141277.39,0
447,Spain,Female,32,1,27864.67,3,0,0,180718.87,0
653,Germany,Male,46,9,119659.75,2,0,1,113376.58,0
568,France,Female,22,4,121564.87,1,0,1,53072.03,0
368,France,Female,30,4,0.0,3,0,0,169887.61,0
378,Germany,Female,62,3,146526.88,1,1,0,58955.15,0
469,France,Female,68,8,204963.17,3,0,0,163273.95,0
632,Germany,Male,38,1,239112.64,2,1,0,171474.98,1
500,Spain,Male,59,6,138665.96,4,1,0,170159.7,1
357,France,Male,74,3,0.0,4,1,1,144248.8,0
808,France,Male,84,4,140140.0,1,1,1,191835.81,0
697,Spain,Male,60,2,0.0,1,0,1,178939.04,0
642,Germany,Female,35,8,119001.58,3,0,0,186730.57,1
472,France,Male,70,4,239898.84,1,0,0,85791.98,1
704,Spain,Female,30,10,0.0,3,1,1,48507.84,0
824,Spain,Female,28,9,0.0,4,1,0,198133.8305,1
688,Germany,Female,44,8,82395.83,4,1,1,27923.45,0
498,Germany,Male,42,4,121353.75,4,1,1,116542.76,0
546,France,Male,28,10,0.0,4,1,0,138274.76,0
815,France,Female,21,6,234095.81,2,0,0,71341.99,0
357,Germany,Female,88,4,246427.5262,4,1,0,55885.77,0
460,France,Female,68,3,0.0,4,0,0,29649.43,1
403,Germany,Male,71,10,0.0,1,1,1,8137.22,0
671,Spain,Male,22,2,0.0,3,1,0,195433.92,0
579,France,Male,76,9,187885.21,2,1,1,87639.97,0
416,Germany,Female,44,2,0.0,1,1,1,58028.06,0
821,France,Female,73,8,216155.88,2,1,0,36995.09,1
626,Spain,Male,54,3,2812.69,4,1,0,46383.65,1
474,France,Male,35,9,233596.41,2,1,1,105180.02,0
823,Germany,Female,37,9,120970.21,1,1,0,48932.65,1
699,Germany,Female,28,8,0.0,4,1,0,54391.44,0
415,France,Female,79,10,150249.65,1,1,1,197424.14,1
764,Germany,Male,49,5,0.0,2,0,0,118545.56,0
379,Germany,Female,75,9,0.0,1,1,1,20483.14,0
804,Germany,Male,79,6,175461.88,1,0,0,150835.21,1
547,Spain,Female,30,0,0.0,4,1,0,15748.74,0
497,Spain,Male,42,4,20486.01,3,0,1,63729.94,0
376,France,Male,27,0,215724.59,3,1,0,67859.39,0
816,Germany,Female,18,7,245851.12,1,1,0,138671.08,0
630,France,Female,91,1,194501.75,3,0,1,15103.35,1
654,Spain,Male,66,3,8685.54,1,1,0,115716.42,0
776,Germany,Female,51,9,0.0,1,1,1,105624.64,0
604,France,Male,32,8,67410.26,3,0,1,67136.97,0
495,France,Male,61,3,0.0,3,1,1,96297.89,0
739,Spain,Male,58,5,0.0,4,1,1,93195.17,0
615,France,Female,34,6,0.0,2,0,1,194865.48,0
469,Germany,Male,19,3,0.0,2,1,0,134227.54,0
773,France,Female,52,8,0.0,4,1,1,59179.29,0
757,Spain,Female,55,1,162851.24,3,1,0,159209.24,0
473,France,Male,77,4,181809.18,4,1,1,89973.15,1
675,France,Male,47,2,88471.06,3,1,1,19269.68,0
811,Spain,Male,25,7,219893.94,1,0,1,28207.64,0
750,Spain,Male,83,7,111564.02,1,1,1,113328.32,0
449,France,Female,48,8,33528.61,1,0,1,32703.44,0
778,France,Female,71,4,191868.51,3,1,1,166634.94,0
378,Germany,Male,21,2,0.0,3,1,1,32406.99,0
659,Spain,Male,20,0,0.0,1,1,1,74110.19,0
606,France,Female,19,9,96280.2,2,0,0,111258.01,0
368,Germany,Female,76,3,0.0,4,1,1,198133.8305,0
713,Germany,Male,35,8,8891.99,2,1,1,9429.64,0
499,Germany,Male,76,4,122793.94,3,0,0,126531.25,1
776,Spain,Female,87,3,106789.64,2,1,0,99545.11,0
789,Germany,Female,67,2,186619.51,2,0,1,90459.08,0
645,France,Female,90,8,66467.3,3,0,0,47617.44,0
664,Spain,Male,86,3,0.0,2,0,1,1832.1180000000008,0
376,Spain,Male,71,3,79958.07,3,1,1,161555.76,0
795,Spain,Male,77,7,120135.9,1,1,1,150720.06,1
691,France,Female,62,5,52469.35,4,1,0,22270.14,0
542,France,Male,34,8,171051.75,4,1,1,109334.9,0
392,Germany,Female,25,1,82902.82,4,1,1,67235.18,0
602,France,Female,46,10,105381.8,4,1,1,21589.25,0
801,Spain,Male,53,2,139398.36,1,1,1,91897.35,0
782,France,Male,43,1,94218.83,4,1,1,1832.1180000000008,0
399,Germany,Male,25,1,175306.77,3,1,1,93943.13,1
731,Spain,Female,55,3,164048.8,2,0,0,28408.77,0
390,France,Female,54,4,189208.72,4,1,0,70599.78,0
539,France,Female,88,0,130751.14,4,1,0,75297.07,1
574,Germany,Female,88,6,91855.46,4,1,1,14507.02,1
361,Germany,Male,63,6,0.0,3,1,0,123581.81,1
418,France,Male,80,8,109221.53,3,1,1,102255.08,1
791,Germany,Male,41,0,218253.67,2,1,1,132015.22,0
665,Spain,Female,89,1,0.0,3,1,1,164836.89,0
743,France,Male,87,2,53850.44,2,1,1,64803.94,0
636,France,Male,27,4,166311.45,3,1,0,101225.81,0
575,France,Female,69,6,143737.92,2,1,1,155230.87,0
359,France,Male,51,2,229046.38,1,1,0,70804.24,0
623,France,Female,37,3,7258.32,2,1,0,111079.59,1
736,France,Female,48,5,219629.07,2,1,0,112202.02,0
452,Germany,Female,85,5,181372.48,1,0,1,51684.68,1
595,France,Female,86,5,193879.17,1,1,0,106610.13,1
556,Spain,Male,43,7,94666.77,2,1,0,48552.32,0
786,France,Female,52,8,0.0,3,0,0,29728.71,1
431,France,Female,56,9,3594.46,3,1,0,159552.05,1
402,Spain,Female,72,10,196851.29,3,0,0,172404.96,0
455,Spain,Male,53,4,0.0,1,1,1,160533.63,0
428,France,Male,47,3,56532.29,1,0,1,123615.15,0
774,France,Male,86,3,0.0,1,1,1,14936.08,0
480,France,Female,45,3,0.0,3,1,1,106165.79,0
531,Germany,Male,37,5,0.0,3,1,0,190338.28,0
478,France,Female,42,6,106420.81,3,1,1,181229.85,0
758,France,Male,42,0,0.0,3,1,1,161345.18,0
682,France,Female,59,10,223067.75,3,1,1,138876.64,0
587,France,Female,66,0,197795.63,2,1,0,101098.76,0
750,Spain,Male,27,4,133853.47,3,0,0,87773.45,0
385,Germany,Female,83,4,544.8,4,1,0,118262.03,1
689,France,Male,36,3,39460.57,1,1,0,94668.74,0
531,France,Male,26,2,63400.69,2,1,1,82554.52,0
540,France,Male,67,5,103441.39,2,0,0,119636.56,1
429,France,Male,33,0,90547.4,2,1,1,183424.97,0
398,Spain,Female,73,8,0.0,2,0,1,43730.49,0
697,Spain,Female,88,7,0.0,1,0,0,27124.54,1
775,Spain,Female,69,8,181516.68,2,1,1,31500.44,0
806,Spain,Female,75,8,0.0,2,0,1,139839.96,0
472,Spain,Male,54,9,246427.5262,4,1,0,174009.39,1
732,Spain,Male,43,1,0.0,2,1,1,153341.72,0
405,France,Female,63,9,0.0,1,1,0,80798.14,0
739,France,Male,44,6,99200.53,4,1,0,113050.18,0
633,France,Female,82,1,0.0,4,1,0,9286.69,0
781,Germany,Female,52,10,233951.07,4,1,1,92940.33,1
383,France,Female,54,8,0.0,1,1,0,149115.57,0
739,Spain,Female,67,2,14903.96,2,1,1,158404.87,0
584,Germany,Female,32,9,246427.5262,2,1,1,122360.3,0
634,Germany,Female,59,8,163438.35,2,1,1,166413.45,0
620,France,Male,73,4,173250.45,4,0,1,69058.26,0
707,France,Male,75,1,68648.87,1,1,0,17573.52,1
650,France,Female,34,8,0.0,3,0,1,103226.45,0
558,Spain,Female,22,10,139370.47,3,1,1,198133.8305,0
568,Germany,Female,32,2,117560.58,1,0,0,178103.27,1
385,Germany,Male,78,0,185300.5,4,1,1,175245.79,1
712,France,Female,37,2,0.0,1,0,1,121177.61,0
703,France,Female,22,3,107351.2,2,0,1,190803.44,0
634,France,Male,62,4,163081.71,3,0,0,111870.08,0
711,Spain,Male,83,10,159896.61,4,1,0,87181.8,1
484,Spain,Female,34,10,242796.49,4,0,1,131729.72,0
462,France,Male,21,7,140712.83,1,1,0,110792.12,0
813,Spain,Male,28,2,0.0,2,0,1,139610.15,0
827,France,Male,27,2,71859.72,3,0,0,75537.73,0
777,Spain,Female,33,0,133504.75,2,1,0,194675.32,0
376,France,Male,31,8,29889.74,1,1,1,188481.35,0
624,France,Female,65,2,147024.73,4,1,1,160598.82,0
718,Spain,Male,34,9,97563.74,3,1,1,6908.21,0
368,France,Male,58,6,0.0,1,1,1,52680.38,0
835,France,Female,47,5,48119.34,3,1,0,187063.9,0
744,France,Male,66,10,123853.34,4,0,0,162267.2,0
504,France,Female,66,1,9408.24,3,0,1,50607.52,0
603,Germany,Female,61,5,0.0,2,1,1,114441.87,0
807,Spain,Female,84,2,71387.27,4,1,1,5390.01,1
777,Spain,Male,32,1,0.0,2,1,0,165762.81,0
764,France,Male,56,10,131590.47,1,1,0,98845.68,0
842,Germany,Female,47,6,0.0,2,1,1,98093.93,0
722,France,Male,57,1,212797.22,2,1,1,27958.25,0
818,France,Male,28,1,219745.8,2,0,1,6817.39,0
827,France,Male,41,3,217657.75,3,0,0,188814.09,0
359,Spain,Male,87,9,56367.18,4,1,1,146191.2,0
677,Spain,Male,77,1,0.0,3,1,0,52403.19,0
517,Spain,Female,49,8,0.0,3,1,1,4927.19,0
597,Germany,Male,26,1,134404.6,4,1,0,127189.86,0
434,France,Female,65,3,152333.07,4,1,0,173780.45,1
688,Germany,Female,40,5,169432.33,4,1,0,94064.24,0
768,Germany,Male,42,1,0.0,4,1,0,133215.63,0
556,France,Female,25,4,42076.61,2,1,0,190691.42,0
699,France,Male,39,2,159459.06,4,1,0,96732.35,0
512,France,Male,33,0,156342.83,3,1,1,162483.28,0
725,Spain,Male,20,0,204357.9,3,0,1,69423.61,0
391,France,Female,61,1,173445.46,3,0,0,2478.29,0
790,Spain,Female,89,8,51919.16,1,1,0,170575.57,1
539,France,Female,27,0,0.0,1,1,1,189850.79,0
602,Germany,Female,21,5,97756.19,4,1,0,11580.9,0
752,France,Male,25,0,92818.09,2,1,0,129870.56,0
364,France,Female,58,2,191854.01,1,1,0,141563.53,1
823,France,Female,79,1,167870.84,1,0,0,173234.92,1
657,France,Male,40,3,218050.61,1,1,1,134890.85,0
838,Spain,Male,26,8,126065.44,1,0,1,164326.06,0
626,France,Male,25,4,72174.77,3,0,0,146780.6,0
453,Germany,Male,62,0,126062.59,4,0,0,76430.56,1
641,France,Male,44,1,0.0,1,0,0,26744.02,1
636,France,Female,44,3,15132.65,3,0,1,178906.55,0
811,Germany,Male,35,3,124920.76,3,1,0,190335.36,0
638,France,Female,84,6,103401.28,4,0,0,4764.27,0
553,Spain,Female,45,3,0.0,4,1,1,140890.17,0
438,Spain,Male,70,8,180318.44,4,1,0,19593.1,0
513,Germany,Female,72,2,161087.78,3,1,0,141650.15,0
641,France,Male,22,7,18450.54,4,1,1,42804.55,0
534,France,Male,36,1,0.0,3,0,1,195505.92,0
531,Spain,Female,84,10,20705.57,4,1,0,148679.9,1
357,France,Female,83,10,129414.16,4,0,0,140450.9,1
822,France,Male,48,3,155561.71,1,1,1,43744.74,0
769,France,Female,29,2,124746.39,1,1,0,47675.44,0
477,Spain,Female,40,0,186851.47,2,0,1,111122.7,0
418,Germany,Female,88,10,96391.66,4,1,0,32130.55,1
768,Spain,Female,67,0,53238.89,3,0,0,63511.71,0
769,Spain,Male,23,0,121602.0,2,1,0,183101.14,0
799,France,Male,71,1,0.0,2,1,0,90959.07,0
624,Spain,Male,28,3,0.0,1,1,1,68284.57,0
718,France,Female,40,10,117770.86,2,1,1,171501.59,0
715,Germany,Female,53,1,0.0,4,1,0,133663.54,0
457,France,Female,44,6,0.0,4,1,0,90217.4,0
612,Spain,Female,69,7,148132.01,4,1,1,154052.77,1
480,France,Female,29,8,195549.4,3,1,0,42460.22,0
727,France,Male,82,7,213291.5,3,0,1,21195.43,0
836,France,Male,61,10,0.0,1,1,0,57873.54,0
388,France,Female,40,7,223385.55,3,1,1,63229.27,1
387,France,Male,88,9,0.0,3,1,0,180054.45,1
482,Germany,Female,53,3,0.0,2,0,0,193772.59,1
408,France,Male,48,4,0.0,4,0,1,10874.19,0
355,Spain,Female,19,8,206211.49,3,1,0,178295.22,1
840,France,Female,91,9,187962.86,4,1,0,165408.19,1
641,Germany,Female,80,0,0.0,1,1,0,37838.93,0
739,France,Female,31,4,118213.71,3,0,0,94766.36,0
633,Germany,Female,88,8,238370.53,2,1,1,96953.11,1
723,Germany,Female,76,1,0.0,1,1,0,41273.98,1
693,France,Male,49,3,17547.61,2,0,0,76413.6,0
430,Spain,Female,86,6,45528.87,4,1,0,32247.38,1
425,France,Female,59,0,139566.47,1,0,1,112048.98,0
594,France,Male,68,10,3646.98,3,1,1,67892.51,0
535,Germany,Male,31,4,39348.54,1,1,1,92394.01,0
771,Spain,Male,26,8,0.0,2,0,1,99085.86,0
503,France,Female,57,4,156074.28,1,1,1,105065.93,1
514,France,Female,42,4,0.0,4,0,1,36809.13,1
615,Spain,Male,90,10,0.0,4,1,0,2609.31,1
446,Germany,Female,24,9,165786.41,3,0,1,114625.59,0
780,Spain,Male,74,5,0.0,2,0,0,60763.22,0
355,Germany,Female,62,5,165119.69,4,0,1,12925.66,1
774,Germany,Male,83,8,62520.69,4,1,0,75127.55,1
661,France,Male,91,7,0.0,4,0,1,197725.53,0
794,Spain,Male,82,10,222062.17,4,1,0,123610.62,1
497,France,Male,45,3,0.0,1,1,1,144613.52,0
801,Germany,Male,69,1,7297.42,1,0,1,168746.52,1
782,France,Female,30,2,0.0,2,0,1,135349.02,0
578,Germany,Male,53,5,0.0,3,0,1,88080.49,0
492,Germany,Male,37,3,205485.82,1,1,0,173596.86,1
448,Germany,Female,36,8,224389.26,1,1,1,61039.46,1
425,Spain,Male,60,9,242379.06,2,1,1,50892.41,0
642,France,Male,27,2,0.0,2,1,1,51972.14,0
831,Germany,Female,60,10,40599.39,1,1,1,69828.67,0
633,France,Male,47,6,0.0,2,0,0,155470.47,0
833,France,Female,35,2,37851.82,3,1,1,21592.37,0
728,France,Male,59,2,0.0,1,0,0,104681.51,0
693,France,Female,73,1,0.0,1,1,0,120075.79,0
713,France,Male,63,5,0.0,1,1,0,186066.22,0
815,Germany,Female,24,0,0.0,4,0,0,76814.22,1
779,Germany,Female,59,1,1062.95,4,1,0,95502.22,0
431,Germany,Female,64,8,200906.58,1,0,1,137641.21,1
643,France,Male,68,5,0.0,4,1,1,33112.7,0
580,France,Male,49,5,0.0,2,1,1,81507.49,0
790,France,Female,25,3,0.0,4,1,1,6356.87,0
452,Spain,Male,27,6,119841.24,1,1,1,1832.1180000000008,0
760,Spain,Male,42,3,217132.55,4,1,0,84905.2,1
589,France,Female,64,0,0.0,2,1,1,163231.67,1
817,Germany,Male,72,6,8674.77,4,1,0,76796.77,1
746,France,Male,67,0,168316.1,1,1,0,110627.82,1
522,France,Female,41,7,204436.23,3,0,0,94254.93,0
773,France,Female,50,10,67762.41,4,0,1,85977.28,1
443,France,Female,21,7,0.0,1,1,1,122443.09,0
355,Germany,Female,77,6,0.0,2,0,0,189921.99,0
603,Spain,Male,44,10,51407.27,4,1,1,110179.58,0
545,France,Male,55,2,0.0,4,1,1,169741.75,0
412,Germany,Female,51,8,0.0,3,1,1,67012.27,0
846,Germany,Female,39,2,210118.86,1,0,1,55753.98,0
369,Spain,Male,30,0,175413.8,4,1,1,15867.77,1
645,Germany,Female,88,2,55227.25,1,1,0,116754.83,1
480,France,Female,26,5,177830.81,2,0,1,147352.48,0
498,Germany,Male,87,0,0.0,4,1,0,125740.89,1
455,France,Female,26,3,59067.89,1,0,1,170072.68,0
544,Spain,Male,25,0,71351.25,2,0,1,42187.42,0
684,France,Male,84,2,0.0,3,0,0,133010.1,1
511,Germany,Female,88,7,0.0,1,1,0,99160.05,1
711,France,Male,84,1,67748.02,2,1,0,63209.5,0
574,France,Male,75,2,0.0,1,1,0,97472.1,0
743,Spain,Female,54,1,245405.86,3,1,1,144304.94,1
572,Germany,Male,25,4,0.0,4,1,1,178149.54,0
533,France,Male,61,8,17428.1,1,1,1,120100.46,0
603,Spain,Female,56,5,97858.0,2,0,1,132597.28,0
693,Spain,Male,72,2,105359.57,1,0,1,186839.85,0
582,France,Female,20,3,76599.17,2,1,0,148066.61,0
803,Germany,Male,23,7,0.0,1,0,1,44219.37,0
608,France,Female,61,5,184005.18,4,1,1,153355.3,1
498,Germany,Male,81,5,172875.17,1,0,1,25679.2,1
364,France,Female,87,9,87887.04,3,1,0,26837.5,1
546,France,Female,60,9,184159.93,2,1,0,190181.48,1
377,Spain,Female,45,2,133518.49,4,1,0,22424.05,0
367,Spain,Male,52,7,0.0,1,1,1,165699.63,1
535,Spain,Male,55,8,0.0,2,1,0,135172.81,0
495,Spain,Female,63,9,101190.0,1,1,0,151018.7,0
793,Germany,Male,34,2,98662.43,3,1,1,112206.18,0
715,Spain,Female,46,8,0.0,1,0,1,151633.77,0
746,Spain,Female,58,2,174508.47,3,1,1,190930.78,0
623,France,Female,80,4,139282.13,2,1,0,148411.86,0
405,France,Male,77,0,96473.01,1,1,1,63982.18,0
776,France,Female,73,6,134075.58,1,0,0,178829.31,0
597,Germany,Female,33,7,176098.23,3,0,0,95727.42,0
564,France,Male,48,4,168781.86,1,1,1,31832.4,1
652,France,Female,58,4,0.0,4,1,1,181039.49,0
432,Germany,Male,89,2,212868.77,4,1,0,82706.53,1
591,France,Male,44,8,184847.97,2,1,1,49757.67,0
653,France,Male,85,10,45034.78,2,1,0,127967.49,0
699,Spain,Female,73,1,211644.72,2,1,0,198133.8305,0
600,Spain,Female,64,3,0.0,4,1,0,168726.71,0
846,France,Female,69,6,166493.88,2,1,0,50198.78,1
846,France,Female,76,4,0.0,2,1,0,142549.94,0
398,France,Female,69,0,73660.51,3,0,0,50904.5,1
391,Spain,Male,67,0,67552.73,2,1,0,102468.89,0
608,Spain,Male,45,2,45540.86,3,1,0,28115.3,1
764,France,Male,49,10,246019.49,2,1,0,57745.51,0
606,Spain,Female,62,6,0.0,2,1,0,198095.45,1
458,France,Male,80,2,195966.37,4,0,1,91027.97,0
631,France,Male,66,0,0.0,1,0,1,148395.59,1
822,Spain,Male,91,8,45106.0,3,0,0,87673.96,1
433,France,Female,68,4,0.0,2,1,1,1832.1180000000008,0
573,France,Female,48,4,203908.76,1,0,0,130856.24,0
669,France,Female,60,6,0.0,2,1,1,83833.56,0
547,Germany,Male,64,2,0.0,4,1,0,52293.54,0
372,Spain,Male,82,8,165939.37,3,1,0,39143.7,1
685,Spain,Female,36,3,227384.48,2,1,0,97217.14,0
721,France,Male,36,7,0.0,2,1,0,179519.18,0
678,France,Female,32,5,131414.46,4,0,1,68224.69,0
682,Spain,Female,22,1,6893.07,2,1,0,113086.16,0
679,France,Male,67,6,116476.48,2,1,1,10276.87,0
515,Spain,Female,89,0,147679.23,2,1,0,144466.39,1
358,Germany,Male,63,7,0.0,4,1,1,156568.22,0
845,France,Male,22,4,0.0,2,1,0,75496.97,0
452,Spain,Female,44,7,0.0,3,1,1,87892.79,0
765,France,Female,84,2,66862.65,3,1,0,13874.63,1
620,France,Male,21,4,0.0,4,1,0,184110.09,0
620,Germany,Female,63,3,0.0,3,1,1,110195.71,0
360,Germany,Female,50,2,0.0,2,1,0,27945.89,1
846,Germany,Male,85,3,246427.5262,4,0,1,148807.5,1
614,Germany,Female,55,0,47219.35,4,1,0,155717.18,0
765,Spain,Female,59,4,142087.97,1,1,1,40272.42,0
739,Spain,Male,71,1,28971.02,3,1,1,90700.39,0
419,Germany,Male,78,5,14034.94,3,1,0,88675.56,1
824,France,Female,56,0,121967.94,2,0,1,74542.32,0
646,Germany,Male,71,0,201175.02,2,1,0,172959.52,1
442,Spain,Female,77,4,132828.76,3,0,1,141422.37,0
641,France,Female,56,3,73407.61,1,0,0,176729.33,1
658,France,Female,70,9,0.0,2,0,0,105991.3,1
677,France,Male,44,2,235133.02,3,1,1,161877.18,1
511,France,Male,44,4,52971.15,2,1,0,47370.55,0
821,Germany,Female,18,2,143642.96,1,1,1,55920.43,0
468,France,Male,67,9,3881.56,1,0,1,98731.2,0
596,Spain,Female,36,8,24301.14,1,1,1,98237.1,1
770,Spain,Female,78,1,0.0,3,0,0,8705.57,0
388,Spain,Female,88,2,28078.47,1,0,1,117137.42,1
552,France,Female,82,2,0.0,4,1,1,3128.34,0
590,France,Male,38,1,99263.35,3,0,0,38608.64,0
737,Germany,Male,66,2,0.0,3,0,0,62828.0,1
744,Spain,Male,73,9,29051.04,1,0,1,167555.22,0
749,France,Female,55,5,107767.0,1,1,0,39197.07,0
529,Spain,Female,55,4,0.0,4,1,1,78153.19,0
596,France,Female,50,2,57702.95,3,1,0,129278.38,1
363,Spain,Female,40,2,23990.37,2,0,1,29935.02,0
762,France,Male,60,6,0.0,1,1,1,14805.18,0
501,France,Female,91,8,4706.97,2,1,0,1832.1180000000008,0
584,Germany,Male,34,6,0.0,2,0,1,192529.23,0
691,France,Male,21,7,0.0,3,0,1,7917.47,0
739,France,Male,22,2,98639.39,2,1,1,130512.36,0
393,France,Male,61,10,0.0,4,1,0,1832.1180000000008,1
734,France,Female,37,9,111346.49,1,1,0,165330.83,0
538,Spain,Male,52,9,0.0,3,1,0,133938.32,0
559,France,Male,88,7,0.0,1,1,1,195960.5,0
416,Germany,Female,23,7,98079.32,1,1,1,187228.66,0
709,Spain,Female,30,0,246427.5262,4,1,0,193044.0,1
588,France,Male,33,1,11342.25,4,0,0,15353.76,0
402,France,Male,51,1,0.0,4,1,1,117080.07,0
420,Spain,Female,69,5,206132.47,3,0,0,149319.7,1
711,Spain,Female,31,6,66504.75,1,0,1,24742.86,0
404,Germany,Male,26,1,45946.62,4,1,0,41885.38,1
611,Spain,Male,24,8,218621.32,4,1,0,81639.49,0
699,France,Male,77,6,0.0,3,1,0,169876.4,0
806,France,Male,20,6,153947.42,4,0,0,163224.04,0
429,Germany,Female,64,10,1990.17,2,0,0,163266.41,1
498,France,Male,60,6,65187.75,4,0,0,55025.59,1
427,Spain,Female,25,0,0.0,4,1,0,153126.87,0
790,Germany,Male,58,8,0.0,1,0,1,18936.01,0
646,Spain,Female,39,9,96388.06,1,0,1,189684.52,0
842,France,Female,56,0,144358.82,4,1,0,99247.68,0
371,France,Male,28,5,0.0,3,1,0,143393.02,0
703,France,Female,67,5,0.0,2,1,0,194742.24,0
366,France,Female,77,1,0.0,3,1,0,82979.23,0
404,Spain,Female,18,3,0.0,1,1,1,60716.34,0
566,France,Male,57,9,0.0,1,1,1,63094.75,0
533,France,Male,65,4,195513.2,1,0,1,18537.34,0
532,France,Female,18,5,230027.05,1,0,0,135326.61,0
384,France,Male,71,8,182084.31,1,1,0,198133.8305,0
622,Spain,Female,58,4,0.0,1,1,0,174605.35,0
520,France,Female,40,9,0.0,4,1,0,193377.4,0
846,Spain,Male,53,5,136204.79,1,1,0,42177.07,0
745,France,Male,68,10,149691.36,1,1,0,13900.08,0
567,Germany,Female,65,1,0.0,2,1,0,55202.82,0
733,France,Male,75,9,0.0,3,1,0,121862.18,0
638,France,Male,20,1,0.0,3,0,1,146442.25,0
598,Spain,Female,76,8,121864.37,1,1,0,156502.48,1
810,Spain,Male,20,7,0.0,1,1,1,9330.96,0
644,Spain,Male,66,6,82275.96,1,0,1,121405.61,0
592,France,Male,43,9,0.0,1,0,1,53019.79,0
633,France,Male,22,7,0.0,1,1,1,52525.71,1
741,Germany,Male,68,7,110957.73,4,1,1,156738.68,0
721,France,Male,58,8,103579.63,3,1,0,178854.86,0
624,Germany,Female,67,9,0.0,1,1,0,119583.07,0
438,Germany,Male,45,2,199948.13,1,0,0,3773.91,0
669,Germany,Female,38,9,0.0,4,1,1,65529.11,0
565,Spain,Male,64,6,0.0,3,1,0,188007.05,0
817,Germany,Female,33,0,0.0,1,1,0,124247.06,0
805,France,Male,78,10,0.0,3,1,0,166848.29,1
355,France,Female,68,8,0.0,4,0,0,95555.19,0
846,Germany,Male,91,9,26306.43,2,1,1,89354.57,1
801,France,Female,20,8,36098.84,3,1,1,110798.14,0
804,France,Female,61,3,0.0,2,1,0,168699.2,0
599,France,Male,59,3,0.0,1,1,1,189458.91,0
485,Spain,Female,81,3,0.0,2,1,1,106882.56,1
653,Spain,Male,49,4,164615.0,2,0,1,191483.04,0
792,Germany,Male,87,0,205159.68,1,0,1,156740.69,1
575,France,Male,35,8,0.0,2,1,1,155246.85,0
843,France,Female,81,8,154871.17,4,1,1,188931.52,0
480,Germany,Female,56,10,220249.58,1,0,0,28088.67,0
777,France,Female,87,6,65492.3,1,1,1,9773.58,1
383,Germany,Female,34,10,0.0,2,1,0,23902.25,0
770,Germany,Female,37,2,0.0,4,0,1,113282.16,0
823,France,Female,59,5,0.0,3,0,1,171800.76,0
701,France,Female,58,8,111012.06,3,1,0,10384.67,0
662,France,Male,29,8,214178.05,3,1,1,101828.64,0
556,Spain,Female,66,8,125964.89,1,1,0,125295.39,0
787,Germany,Male,48,5,0.0,1,1,1,121861.44,0
413,France,Male,29,0,0.0,4,1,1,58171.04,0
495,Spain,Female,55,9,112941.63,3,0,0,48344.43,0
415,France,Male,69,4,0.0,2,1,1,4532.89,0
489,France,Male,20,7,7494.66,2,1,1,31885.96,0
612,Spain,Female,86,1,26386.75,1,1,1,2597.4,0
518,France,Female,63,10,0.0,1,1,1,97621.42,0
560,France,Male,37,2,220627.19,4,1,0,132585.81,1
465,Germany,Male,73,10,0.0,1,1,0,122186.42,0
526,France,Male,80,7,138428.09,4,1,0,143620.93,1
599,Germany,Male,88,3,233804.34,2,1,0,16517.95,1
457,France,Male,76,4,0.0,4,1,0,113262.46,1
819,France,Female,33,10,115636.18,1,1,1,40755.15,0
799,France,Male,30,6,0.0,3,1,1,129101.05,0
788,France,Female,33,7,0.0,1,1,1,161550.55,0
355,France,Male,82,6,0.0,1,1,1,127556.21,0
598,France,Female,40,2,0.0,2,0,0,79050.43,0
748,Spain,Female,42,1,0.0,3,0,0,77297.84,0
524,France,Male,83,0,42995.35,4,1,0,111738.57,1
466,France,Female,33,4,19176.06,1,0,0,178461.86,0
656,France,Male,48,7,87784.95,3,1,1,131290.19,0
355,France,Female,39,3,0.0,4,0,1,19641.02,0
656,France,Female,40,2,246427.5262,4,1,1,156964.38,0
576,Germany,Female,62,4,139644.56,2,1,1,10611.37,0
692,France,Female,72,2,89929.41,1,1,0,74664.36,1
692,Spain,Female,37,4,160685.28,4,0,0,75522.41,0
618,Spain,Male,20,6,113277.88,4,1,0,124794.26,0
642,France,Male,65,2,52206.28,2,0,0,167219.74,1
363,France,Female,58,0,98629.83,1,0,0,55260.73,1
841,France,Female,66,1,0.0,3,0,1,126944.16,0
388,Germany,Male,51,4,0.0,1,1,1,115687.85,0
839,France,Female,75,1,204142.15,3,0,1,122000.14,1
837,Spain,Male,64,8,65644.27,1,0,0,3793.56,0
709,Spain,Male,74,1,155331.67,4,0,1,102383.41,0
723,Spain,Female,72,0,177119.97,2,1,1,187215.75,0
365,Germany,Female,54,6,92502.7,1,1,1,49317.72,0
825,Spain,Female,42,6,121883.91,1,0,1,157081.03,0
614,France,Female,61,7,0.0,3,1,0,144233.17,1
520,France,Male,65,1,93226.24,3,1,0,197188.82,1
685,France,Female,60,7,111554.14,1,1,0,63568.5,0
618,Spain,Male,56,9,0.0,4,1,0,170441.57,1
531,Germany,Female,43,6,122082.49,4,1,0,55229.66,0
511,Spain,Female,27,4,188061.31,2,1,1,91669.88,0
409,France,Male,49,5,98574.43,3,1,1,96432.18,0
805,Spain,Female,83,8,236359.45,4,0,0,140445.7,1
683,France,Male,71,1,0.0,4,1,0,49542.0,0
494,France,Female,73,7,112376.19,1,1,0,67333.33,0
712,Spain,Male,72,2,150421.25,4,1,0,195128.62,1
697,France,Male,86,9,135816.11,1,0,0,130645.12,1
420,France,Female,34,1,0.0,3,1,1,110039.94,0
437,Germany,Female,71,5,81082.01,1,1,0,11093.31,1
465,France,Male,23,4,0.0,1,1,0,198133.8305,0
402,France,Female,36,5,148920.39,1,0,1,153114.45,0
762,France,Female,20,4,149091.72,1,0,1,195428.17,0
427,France,Female,49,0,196860.24,1,1,0,67250.16,1
756,Spain,Female,28,9,0.0,2,1,0,25312.88,0
615,Germany,Male,46,5,0.0,1,1,1,149198.19,0
408,France,Female,27,6,191049.85,2,1,1,147443.24,1
773,France,Female,20,5,179467.17,2,1,1,174073.87,0
436,France,Female,53,5,0.0,3,0,0,1832.1180000000008,0
846,Germany,Female,48,6,79246.69,4,0,1,117426.8,0
357,Spain,Female,48,4,226764.02,1,1,1,28496.88,1
661,Spain,Female,43,1,0.0,4,1,0,95789.94,0
507,France,Female,48,0,64321.85,3,1,0,198133.8305,0
617,France,Female,18,5,0.0,4,0,0,149070.96,0
770,France,Female,53,2,177613.93,2,1,0,52870.65,0
744,Germany,Female,80,4,0.0,1,1,1,124985.39,1
490,France,Male,28,6,122635.29,1,0,1,96286.56,0
381,Germany,Male,28,6,219799.92,1,1,1,90659.44,0
492,Germany,Female,75,1,0.0,4,0,1,13077.06,1
755,France,Male,55,7,98790.94,3,0,1,128995.52,0
608,France,Female,37,10,0.0,4,1,0,122519.62,1
729,France,Female,76,3,0.0,3,1,1,18124.41,0
597,France,Male,42,1,34730.46,4,1,0,25818.62,0
615,France,Male,62,5,182106.25,1,1,1,92142.03,0
382,Germany,Male,59,6,60521.37,2,1,0,107664.93,0
361,France,Male,30,4,43769.76,4,1,1,38264.37,1
702,France,Female,73,6,0.0,4,1,0,166356.67,1
451,Germany,Female,63,8,56213.62,4,1,1,141752.29,0
530,Spain,Male,33,6,62617.73,4,0,1,45069.89,0
535,France,Male,74,8,85290.33,2,0,0,160821.82,0
667,Spain,Male,63,1,234582.39,3,1,1,117139.93,0
821,Spain,Female,81,3,0.0,4,1,0,63427.02,1
729,Germany,Female,78,6,173328.4,2,1,0,165687.66,0
669,Germany,Male,41,2,0.0,1,0,1,102437.9,0
768,France,Female,87,10,48166.67,3,1,0,87455.48,1
605,Spain,Male,20,7,0.0,2,0,1,3192.25,0
422,France,Female,42,4,158577.28,3,0,1,164252.93,0
594,Spain,Male,62,8,0.0,1,1,0,55246.36,1
839,Germany,Female,57,10,89365.66,2,1,1,58092.81,0
740,France,Female,34,0,144301.72,3,0,1,167100.7,0
525,France,Male,32,6,125551.9,3,1,0,17265.52,0
512,Germany,Female,75,4,51353.0,1,1,0,190905.32,0
809,Germany,Female,82,8,206192.38,1,1,1,66250.63,0
397,France,Male,68,3,0.0,3,1,1,66708.64,0
817,Germany,Male,57,3,116721.86,2,1,1,139827.02,0
689,Spain,Male,75,8,0.0,1,1,0,72194.22,0
754,France,Female,35,9,0.0,4,0,1,54181.25,0
514,France,Male,89,1,197783.86,2,1,0,31878.18,0
674,France,Male,27,6,0.0,3,0,1,66393.43,0
513,Spain,Female,61,8,244533.0,3,0,0,194501.27,0
358,France,Female,43,1,64395.99,3,1,0,26233.45,1
577,Spain,Female,84,7,0.0,2,1,1,187224.82,0
840,France,Male,36,10,180303.87,1,1,0,114867.1,0
471,Germany,Female,65,9,0.0,3,1,0,134952.3,0
431,France,Male,29,2,185162.05,1,1,1,159137.11,0
811,France,Male,31,10,0.0,4,0,1,8848.33,0
806,Spain,Female,48,3,103367.62,4,0,0,194874.31,0
774,France,Female,77,5,0.0,4,0,1,151941.45,0
839,Germany,Female,38,3,0.0,4,1,1,160406.31,0
846,Spain,Male,69,7,147225.98,4,1,1,85141.54,1
810,Spain,Female,60,1,175531.08,4,1,0,119435.2,0
833,Spain,Male,90,7,115714.38,1,1,1,112278.37,0
723,France,Male,40,0,54592.83,3,1,0,19628.62,0
507,Germany,Male,36,9,0.0,2,1,0,38734.24,1
579,Spain,Female,84,3,163426.35,1,0,0,153739.72,1
540,France,Male,42,5,167303.26,4,0,0,98849.53,0
605,France,Female,33,2,0.0,1,0,0,37131.35,0
699,Spain,Male,78,1,140601.87,4,0,0,171482.69,1
471,France,Female,78,0,0.0,3,0,0,34110.88,1
357,Germany,Female,22,10,60509.16,1,0,1,184667.95,1
651,Spain,Female,81,1,0.0,1,1,0,150965.08,1
846,Germany,Male,64,0,0.0,4,1,1,163113.67,0
781,France,Male,38,5,157074.55,4,0,0,101088.5,0
355,France,Female,57,10,192017.84,2,0,1,100437.11,0
649,France,Male,35,0,0.0,4,0,1,24001.39,0
616,France,Female,30,2,20979.19,4,1,0,186785.11,1
562,Spain,Male,27,6,0.0,3,1,1,77908.39,0
685,Spain,Female,30,5,149354.94,3,1,1,114105.05,1
563,France,Male,61,1,75329.1,1,1,1,14525.97,0
807,France,Male,77,10,181448.19,2,0,0,39685.97,0
804,Spain,Male,53,3,246427.5262,2,1,1,173983.11,0
672,France,Female,19,7,94854.41,1,0,0,87283.82,0
579,Germany,Female,49,5,156859.48,3,1,0,76840.72,1
649,France,Male,73,6,0.0,1,1,0,52585.98,0
800,Germany,Male,79,9,51257.02,2,1,1,191900.55,0
500,France,Male,72,3,37282.82,3,1,1,135085.75,1
785,Germany,Female,45,8,8038.4,3,1,0,98755.47,0
646,France,Male,66,3,180952.62,3,1,1,190987.35,0
381,Germany,Male,23,3,36489.74,4,1,1,115047.72,0
725,France,Female,48,0,0.0,2,0,0,186100.75,0
451,France,Female,57,3,217402.22,3,1,1,31924.33,1
608,Germany,Female,20,6,211649.91,3,0,0,82118.99,0
826,France,Female,19,7,74741.26,1,1,0,109408.92,0
740,France,Female,77,4,0.0,3,1,0,35750.56,1
700,France,Female,34,3,110766.12,3,1,1,126964.12,0
384,France,Female,27,2,45322.3,1,1,1,147420.66,0
780,France,Female,61,9,93376.97,1,1,0,47828.26,0
518,Spain,Female,38,4,142205.34,2,1,0,78591.33,0
375,France,Male,90,3,161086.74,2,1,0,185612.44,1
830,Spain,Female,88,10,54580.94,2,1,1,117821.6,0
445,Spain,Female,78,7,56824.03,1,0,0,139173.01,0
512,France,Female,40,9,0.0,2,1,0,159120.32,0
421,Germany,Female,82,4,0.0,2,1,0,44069.85,0
661,Spain,Male,36,4,0.0,4,0,1,143729.15,0
784,Germany,Male,35,8,0.0,3,1,0,177241.12,0
610,France,Female,90,10,164518.31,4,0,1,190608.16,0
785,France,Female,67,8,32155.12,3,1,1,19786.32,0
819,France,Female,24,5,0.0,3,1,1,41737.4,0
787,Germany,Female,83,6,52148.92,2,1,1,1832.1180000000008,0
431,Spain,Female,29,3,167420.15,2,1,0,79242.99,0
453,Spain,Male,68,5,55492.67,1,1,0,60200.22,0
499,France,Male,50,4,176447.88,4,1,0,117514.79,0
669,Germany,Female,19,1,188358.45,2,1,1,48854.31,0
782,France,Male,76,9,0.0,1,1,0,140023.67,0
506,Spain,Male,68,1,107174.63,2,0,1,191956.05,0
683,France,Female,83,2,0.0,2,0,1,20241.42,0
443,Spain,Female,63,2,0.0,3,1,1,42935.97,1
622,Spain,Male,73,2,180078.21,4,0,1,38867.51,0
740,France,Male,85,5,124750.22,4,1,1,195792.14,1
547,France,Male,90,10,126823.43,4,1,0,116202.36,1
431,Spain,Male,59,3,0.0,4,1,1,62417.2,0
556,France,Female,19,8,42537.73,4,0,0,76144.7,0
731,Germany,Male,43,8,0.0,3,1,0,162625.02,1
818,Spain,Female,63,8,37057.74,1,1,1,150500.0,0
658,Germany,Male,26,6,0.0,1,1,1,83736.57,0
686,France,Female,26,8,97228.28,2,0,0,56969.62,0
560,France,Male,47,8,209895.68,4,0,1,191500.52,0
815,France,Female,85,7,0.0,4,0,0,167267.68,0
785,Spain,Female,41,6,115130.86,4,1,1,1832.1180000000008,0
837,France,Male,87,1,0.0,1,1,1,101868.33,0
782,France,Male,77,5,217215.8,3,1,1,8550.32,1
624,France,Male,40,8,0.0,4,0,1,109572.49,1
831,Spain,Male,35,3,0.0,2,0,0,188638.56,0
655,France,Female,79,2,0.0,2,1,1,4001.2,0
651,Spain,Female,73,6,199428.11,3,0,1,61230.29,0
678,Germany,Male,64,1,70509.89,4,0,1,100512.25,0
443,Spain,Male,90,7,148514.8,2,1,1,51204.79,1
770,Spain,Female,25,10,0.0,2,0,0,24217.18,0
531,Spain,Female,46,5,87901.47,1,1,0,54191.63,0
680,Spain,Female,62,0,28424.29,2,1,1,77400.86,0
772,France,Female,23,2,137707.76,1,1,0,62273.94,0
407,Spain,Female,90,0,863.28,4,0,0,198133.8305,0
500,Germany,Female,60,5,246427.5262,4,1,1,192331.96,0
822,Germany,Female,40,3,104069.72,3,0,0,126669.14,1
530,Spain,Male,35,8,157361.8,1,1,1,10916.81,0
681,Spain,Female,18,9,0.0,2,1,0,15704.11,0
631,Germany,Male,61,4,63312.04,1,1,0,139911.79,0
785,France,Female,90,10,211533.73,4,0,1,133657.79,1
605,France,Female,20,4,189545.72,1,0,0,35976.51,0
562,France,Male,48,1,160823.01,3,1,1,176826.05,0
358,France,Male,66,9,188076.23,2,1,0,143942.84,0
587,France,Male,49,4,43828.29,3,0,1,40440.74,0
643,France,Female,66,9,233523.06,1,0,0,181019.29,1
695,France,Male,70,8,113686.37,2,1,1,147318.26,0
740,Spain,Male,89,10,217177.92,4,1,0,181576.0,1
738,France,Female,62,7,184014.23,4,1,1,178196.75,0
580,Spain,Female,70,6,71480.31,2,0,0,1832.1180000000008,1
389,Germany,Male,40,2,142329.22,3,1,0,107661.41,0
477,France,Male,29,3,241661.45,4,1,0,20290.0,1
554,France,Female,25,3,9272.03,3,0,0,68073.01,0
840,France,Female,26,3,106620.43,2,0,0,59651.74,0
735,Spain,Female,79,6,155134.9,4,1,0,102532.42,0
798,France,Male,21,9,84974.02,4,0,1,169299.84,0
846,Germany,Male,53,0,79479.02,2,0,1,29065.85,0
416,Spain,Male,63,6,0.0,1,0,0,93362.42,0
355,Spain,Female,67,8,229081.72,4,1,0,170765.51,0
637,France,Male,22,4,0.0,1,1,0,93499.97,0
482,France,Male,81,3,237052.43,4,1,1,53801.34,0
785,France,Male,50,4,25319.67,4,1,0,112228.24,0
582,France,Male,19,9,56867.59,1,0,0,3291.11,0
355,France,Female,27,10,21927.99,3,1,0,90835.63,0
461,Germany,Male,81,7,108883.57,3,1,1,105050.9,1
521,Spain,Female,87,5,0.0,1,0,0,44154.25,1
363,Germany,Male,73,7,50117.98,4,1,1,50260.37,1
509,Germany,Male,42,7,112134.67,1,0,1,20730.68,0
620,France,Female,88,8,171098.65,3,1,1,178686.55,1
797,Spain,Female,38,1,0.0,1,0,0,9821.53,0
675,Germany,Female,35,0,157320.49,1,0,0,178360.04,1
396,Spain,Male,74,3,151508.07,3,0,1,191996.25,0
558,Spain,Female,41,2,246427.5262,1,0,1,115006.48,1
735,France,Male,56,6,178480.38,4,0,0,178375.41,1
535,France,Female,66,5,226918.25,1,1,1,104137.96,0
632,France,Male,30,10,237932.55,3,1,1,6847.16,0
843,France,Female,86,8,214919.71,2,1,1,49601.05,1
419,Spain,Male,30,1,23792.02,3,1,1,194232.99,0
589,France,Female,91,9,132311.13,3,1,1,162684.16,0
655,Spain,Male,38,8,95378.12,3,1,0,196606.59,0
749,Germany,Female,48,4,24267.11,3,1,1,85607.74,0
769,France,Female,36,0,141052.24,4,1,0,45397.19,0
493,France,Male,57,8,53206.13,3,1,1,53224.88,1
583,Germany,Male,18,2,145434.3,4,1,1,165230.68,0
765,Germany,Female,30,2,0.0,2,1,1,40395.41,0
770,France,Female,56,5,98459.52,3,1,1,121581.02,0
762,France,Female,69,0,237457.14,3,0,0,179918.65,0
684,Germany,Female,89,4,0.0,2,0,0,162932.29,0
484,France,Male,79,2,201070.52,4,1,1,84560.13,1
534,Spain,Male,86,0,0.0,2,1,1,77968.76,0
678,France,Male,77,9,235468.27,4,1,1,118899.41,0
477,France,Male,75,2,8632.29,1,0,1,87512.97,0
691,France,Male,43,5,210973.8,3,1,0,54937.28,0
608,Germany,Female,84,8,0.0,4,0,1,22634.64,0
571,Germany,Male,89,5,40614.36,2,1,1,62318.18,0
528,France,Male,56,3,0.0,2,1,1,28160.75,0
737,Spain,Female,26,8,0.0,4,1,1,12532.22,0
583,France,Female,21,7,224855.1,3,0,1,179156.04,0
503,France,Male,54,0,0.0,4,1,1,131966.41,0
542,France,Female,64,9,0.0,4,1,0,192892.35,0
592,France,Female,59,1,0.0,4,1,1,149361.19,0
659,Germany,Female,84,8,243844.13,4,1,0,146075.38,1
846,France,Female,57,1,0.0,3,1,1,95502.2,0
520,Germany,Female,66,0,228228.45,4,1,0,123860.62,1
439,France,Male,74,1,194813.57,2,1,1,19183.49,0
839,Spain,Female,84,8,0.0,3,1,1,132838.09,0
424,France,Female,63,4,0.0,2,1,0,128515.98,0
802,Spain,Female,59,6,169870.25,2,0,0,97837.7,0
421,France,Female,23,3,235117.83,2,1,1,131278.68,0
532,France,Female,65,1,0.0,4,0,0,161339.71,0
846,Spain,Female,31,8,214356.76,2,0,0,83225.13,0
433,Germany,Male,45,9,241570.7,1,0,1,65364.5,0
430,Spain,Male,57,9,0.0,2,1,1,58742.22,0
655,France,Male,24,0,0.0,2,0,0,175076.22,0
445,Germany,Female,69,10,152277.03,4,1,1,193377.24,1
362,Spain,Female,38,5,54294.16,4,1,1,161028.49,0
698,Germany,Male,56,2,0.0,2,0,0,138534.42,0
830,France,Male,43,2,65439.53,4,1,0,168203.72,0
730,Germany,Male,44,5,176718.66,2,0,1,153091.24,1
833,Germany,Male,47,6,130956.05,1,0,0,60036.47,1
614,Spain,Male,21,0,209167.76,3,0,1,52797.39,0
657,France,Male,32,5,127888.77,3,1,0,174284.55,0
842,France,Male,76,2,146666.83,2,1,1,171594.18,0
602,Spain,Female,27,10,45268.08,1,0,1,57133.54,1
369,Germany,Female,54,6,202046.69,1,1,1,54535.88,0
469,Germany,Female,28,4,100531.09,2,0,1,192935.05,0
661,France,Male,57,4,0.0,3,1,1,115107.25,0
779,France,Female,65,9,211514.69,4,1,1,151213.2,0
653,Germany,Female,52,7,0.0,2,0,1,8173.91,0
553,France,Female,75,4,68616.16,3,0,1,101817.31,1
510,France,Male,37,9,66351.86,1,1,0,80594.26,0
692,Germany,Female,59,6,141581.5,1,1,1,52998.82,1
800,Germany,Female,38,0,72801.01,3,1,1,63857.98,0
489,Spain,Female,55,6,84637.48,2,1,1,170590.15,0
626,France,Male,22,10,58701.29,1,0,0,3889.64,0
564,France,Female,37,9,0.0,1,1,1,139566.92,0
473,Spain,Female,70,0,116520.55,2,0,1,102011.06,1
553,France,Male,75,9,0.0,2,0,1,75179.25,0
394,France,Female,38,10,0.0,3,1,1,178884.69,0
615,France,Female,37,1,146976.25,4,1,1,151903.9,0
403,Germany,Male,40,7,91812.97,4,1,0,120990.39,0
587,Spain,Female,38,8,225169.76,3,0,1,83537.62,0
799,Spain,Female,91,0,0.0,1,0,1,182872.94,0
423,Germany,Male,66,9,0.0,1,1,1,187722.71,1
475,France,Male,46,4,0.0,2,1,0,146719.39,0
711,France,Female,52,3,92653.3,3,1,1,84898.0,0
804,France,Female,55,2,184662.01,3,1,1,196640.81,0
828,France,Male,58,5,44240.02,1,1,1,8949.86,0
410,France,Female,46,8,242420.08,3,0,0,169892.29,0
469,France,Male,90,9,143075.64,2,1,0,59355.15,1
842,France,Male,39,2,26041.42,3,0,0,97502.06,0
603,Germany,Female,49,9,0.0,4,0,0,17172.98,0
767,Germany,Male,18,9,178134.56,3,0,0,93300.8,0
357,France,Female,54,0,17027.43,3,1,1,45902.79,0
408,France,Male,81,3,0.0,4,0,0,63160.61,0
452,Spain,Female,91,0,0.0,1,1,0,113233.54,0
393,Germany,Female,53,10,89050.75,2,1,1,194428.72,0
796,Spain,Male,28,5,39790.66,2,1,1,45065.23,0
752,France,Female,71,2,24595.67,4,0,1,68575.77,1
545,Spain,Male,65,9,0.0,4,1,0,47964.99,1
389,France,Male,88,7,139533.28,2,1,1,101011.2,0
403,France,Male,55,10,161935.41,1,1,1,53522.79,0
481,France,Male,18,8,239509.19,4,0,1,38452.32,0
714,France,Male,84,10,0.0,2,1,0,130421.24,1
751,France,Male,67,2,49417.75,3,1,1,35154.32,0
620,France,Female,77,2,58456.08,1,1,0,112645.89,0
804,Spain,Female,26,0,106772.22,3,0,1,10830.14,0
815,France,Female,51,3,0.0,3,1,1,143632.87,0
734,France,Male,51,6,0.0,2,1,0,1832.1180000000008,0
389,France,Male,37,6,0.0,4,1,0,135813.77,0
795,France,Male,80,7,40914.46,3,0,1,28990.34,1
805,France,Female,31,8,229145.12,3,0,0,140567.14,0
630,France,Female,23,8,227813.35,1,1,1,16243.65,0
650,France,Male,35,5,128246.81,3,0,0,63819.37,0
740,Spain,Male,91,3,215039.39,2,1,1,142092.65,1
646,Spain,Male,26,4,177875.2,3,1,0,123845.05,1
522,France,Female,60,9,0.0,3,0,1,57955.28,0
699,Germany,Male,31,8,0.0,2,0,1,91498.33,1
743,Spain,Male,47,10,29154.14,2,0,0,66659.37,0
420,Spain,Female,58,5,123940.59,2,1,0,2431.09,0
690,Germany,Male,19,8,0.0,2,1,0,112315.45,0
436,Spain,Female,35,4,146310.0,4,0,1,197958.28,0
637,Spain,Female,61,0,0.0,2,1,1,102685.43,0
404,Spain,Female,19,8,165889.91,1,1,1,74458.7,1
846,France,Male,54,0,244213.86,4,1,1,98983.04,0
684,France,Female,62,6,0.0,1,0,1,143054.06,0
585,France,Male,33,10,0.0,2,1,1,19781.78,0
602,France,Female,30,0,38984.82,1,1,1,89414.21,0
660,France,Female,54,8,239236.88,3,0,1,34694.96,0
412,France,Female,71,9,0.0,2,1,0,129483.54,1
605,Germany,Female,18,6,32417.28,4,1,0,190398.97,0
708,Germany,Female,42,7,153042.51,2,0,0,46590.1,0
480,Spain,Female,91,9,125105.05,1,1,1,78152.14,0
590,France,Male,42,8,14830.12,3,0,1,54211.37,0
515,France,Male,42,0,0.0,1,1,1,77373.55,0
430,Spain,Male,72,8,0.0,2,1,0,91844.71,1
840,Spain,Male,53,8,0.0,4,1,0,155746.17,0
646,Spain,Female,46,2,0.0,1,1,0,112382.04,0
546,Spain,Male,76,7,0.0,3,1,0,100230.09,0
519,Spain,Male,20,9,65.5,3,1,1,6075.64,0
690,France,Female,70,9,106817.89,2,1,0,8457.32,0
404,France,Male,46,9,0.0,2,0,1,172172.05,1
634,France,Female,83,8,142536.98,1,0,0,165779.89,1
465,Germany,Female,71,1,77857.4,2,1,0,27829.0,1
795,Spain,Female,87,5,46294.52,3,1,0,175946.9,1
742,France,Female,27,2,246336.24,3,1,0,195826.7,0
729,Germany,Female,31,0,0.0,4,1,1,143097.4,0
423,France,Male,84,2,103683.32,4,1,1,92827.48,0
390,France,Male,46,10,0.0,2,1,1,44267.41,0
579,France,Male,78,6,209246.75,4,1,0,177653.17,1
528,France,Female,68,8,0.0,4,1,1,70875.75,0
712,Spain,Female,54,5,31914.38,2,1,0,48094.08,1
706,France,Male,21,3,0.0,2,1,0,115191.87,0
548,Spain,Male,23,5,45839.94,3,0,1,181209.54,0
430,Germany,Male,71,10,214484.5,2,1,0,174112.7,1
512,France,Male,25,3,144544.44,2,1,0,161920.79,0
602,France,Female,18,3,0.0,1,1,1,61878.54,0
477,Spain,Male,34,9,0.0,4,1,1,152850.73,0
509,France,Female,85,4,0.0,3,1,1,179621.88,0
470,Spain,Male,64,9,0.0,1,1,1,167599.08,0
382,France,Male,71,10,0.0,4,0,0,122362.27,1
651,Germany,Female,66,0,191221.45,4,0,0,113200.36,1
846,Spain,Male,59,7,44613.43,1,1,0,168758.83,0
826,France,Male,36,1,87777.97,3,1,1,104707.0,0
815,France,Female,49,9,148664.07,3,1,1,49186.52,0
680,Spain,Male,58,1,0.0,1,1,1,90300.63,0
724,France,Male,91,9,50483.39,2,1,1,169843.71,0
382,France,Male,84,8,0.0,2,1,1,3772.96,0
450,France,Female,72,5,105475.74,2,1,0,82891.24,1
703,France,Female,78,2,139393.35,3,0,1,171621.01,0
845,Spain,Female,77,2,0.0,1,1,0,108580.49,0
805,Spain,Male,67,4,88248.07,3,0,0,78773.31,0
666,France,Male,79,9,101101.42,3,1,1,142610.64,0
404,Spain,Male,23,9,68095.34,4,1,0,122827.18,0
834,France,Male,19,5,84924.25,4,1,1,112575.61,0
509,France,Female,50,2,12757.29,2,0,1,46286.5,0
371,Germany,Male,22,6,145031.03,1,1,0,184202.15,0
734,Spain,Female,43,9,43194.68,2,1,1,16861.69,0
436,France,Female,32,5,179071.68,1,0,0,138350.26,1
501,France,Female,88,9,0.0,3,0,0,133877.22,0
689,Germany,Male,66,0,14968.98,1,1,0,26037.35,0
833,Spain,Male,21,5,0.0,1,1,1,19990.88,0
804,France,Female,64,0,109601.06,3,1,1,68437.71,0
431,France,Female,72,6,0.0,2,0,0,16195.72,0
438,Germany,Male,42,6,0.0,1,1,1,190712.32,0
755,France,Male,83,3,243344.77,1,0,1,171864.02,0
508,France,Female,90,8,87911.12,4,0,1,189649.02,0
389,France,Female,90,10,14837.74,4,1,1,198133.8305,1
644,France,Male,24,5,0.0,3,0,1,44033.67,0
679,France,Female,51,4,182659.42,2,1,0,154044.15,0
846,Spain,Male,75,2,0.0,3,1,1,91303.22,0
593,Germany,Female,50,0,20834.61,3,0,1,8644.94,0
750,Germany,Female,53,4,119158.99,1,1,0,102945.01,0
617,Spain,Male,42,4,0.0,4,0,0,16445.48,0
812,France,Female,48,8,149093.01,2,1,1,197283.31,0
594,France,Male,69,9,0.0,2,1,1,166476.7,0
688,Spain,Male,19,1,0.0,4,1,0,165253.17,1
832,France,Female,77,1,128033.76,3,0,1,15592.41,0
789,Germany,Male,71,6,187679.71,3,0,1,1832.1180000000008,0
550,Spain,Female,28,4,31446.12,4,1,0,53526.2,0
604,France,Female,75,7,0.0,3,1,0,166296.32,1
646,France,Female,56,3,0.0,3,1,0,115989.18,1
412,France,Male,41,4,0.0,3,1,1,130478.61,0
466,France,Male,51,4,134996.55,1,0,1,25742.74,0
705,France,Male,56,6,61690.41,4,1,0,92153.29,1
385,France,Female,33,0,119597.2,4,1,1,93006.98,0
651,Spain,Male,62,9,203998.78,2,0,0,195887.71,0
592,Spain,Female,64,3,0.0,1,0,1,154840.63,0
593,Spain,Male,45,2,188624.78,4,1,1,26835.2,0
773,France,Male,52,7,0.0,3,1,1,91814.7,0
487,France,Female,63,1,208129.98,2,1,1,154289.01,0
746,France,Female,55,6,153498.03,4,1,0,156951.61,0
742,France,Female,50,0,0.0,3,0,0,90999.44,0
846,Spain,Male,88,2,215677.34,1,1,0,164746.6,1
761,France,Female,82,7,13938.81,3,1,0,95088.65,0
604,France,Female,46,4,7192.65,4,0,0,6696.75,0
532,Spain,Female,71,9,0.0,2,1,0,162399.12,0
741,France,Female,77,3,0.0,3,1,1,198133.8305,0
814,France,Male,26,7,0.0,1,0,0,55607.52,0
490,France,Male,61,0,4238.25,2,1,0,133202.61,0
535,Germany,Female,77,10,0.0,2,1,0,81103.41,0
599,Spain,Male,22,6,11173.87,1,0,0,81222.0,0
403,France,Male,42,7,93169.95,1,1,0,183481.63,1
507,Spain,Male,77,3,54248.09,3,1,0,191997.78,1
433,Spain,Male,87,3,85415.25,2,1,1,21765.25,0
736,Spain,Male,91,4,72648.15,2,1,0,145412.94,0
597,France,Female,62,2,221967.93,1,1,1,36006.86,1
652,France,Female,21,0,192176.39,2,1,1,106206.69,0
390,Spain,Male,20,7,221254.22,2,1,1,160173.65,1
637,France,Male,78,7,180010.65,4,0,0,44696.73,1
709,Germany,Male,72,7,82587.02,2,1,0,65032.3,0
695,Spain,Female,32,6,46461.28,3,0,0,188885.27,1
748,France,Male,27,5,132444.87,1,0,1,83545.85,0
407,Spain,Male,28,10,89167.09,1,1,0,15350.0,0
625,Spain,Female,82,5,0.0,3,1,0,83299.92,0
591,Germany,Female,74,7,9733.15,2,0,1,90315.52,0
797,France,Male,88,4,178245.51,2,1,0,155744.57,0
695,Spain,Female,26,0,74889.79,2,1,0,69681.41,0
828,Germany,Female,69,3,0.0,3,1,1,25344.97,1
362,Germany,Male,86,7,244653.49,2,1,1,155628.72,1
574,Spain,Female,57,6,53893.86,4,0,1,75070.94,1
702,Germany,Male,75,7,29413.9,1,1,0,6249.87,0
394,France,Female,62,8,0.0,4,1,0,166471.65,1
676,France,Male,18,2,87875.88,4,1,0,193307.81,0
465,France,Male,49,8,0.0,3,0,1,192552.01,0
387,Germany,Female,37,7,245056.56,1,1,1,124120.3,0
679,Germany,Female,24,3,0.0,2,1,1,52760.98,0
563,Germany,Male,62,5,0.0,4,1,1,173433.28,0
553,France,Male,86,9,0.0,3,1,1,35592.56,1
513,Spain,Female,21,1,70945.85,3,1,0,149864.28,0
693,Spain,Female,42,3,231992.29,2,1,0,174454.97,0
659,France,Female,67,2,0.0,3,1,0,185509.24,0
684,Germany,Female,41,3,40630.15,2,1,1,113854.78,0
744,Germany,Male,26,2,237575.63,2,0,1,191422.36,0
653,Germany,Male,32,8,126631.48,1,1,1,7188.1,0
387,France,Female,19,10,38878.04,3,1,0,7627.72,0
429,Spain,Female,91,10,183808.04,4,0,0,152314.82,1
846,Spain,Male,54,3,58447.53,2,1,1,198133.8305,0
493,Germany,Female,87,10,46916.73,1,0,0,29556.02,1
564,Spain,Male,68,0,0.0,2,1,1,74901.44,0
539,Spain,Male,43,1,144569.11,2,1,1,197213.93,1
846,France,Male,87,3,73147.36,3,0,0,174357.8,1
763,Germany,Male,37,3,0.0,1,1,0,82182.0,1
592,France,Male,31,10,0.0,4,0,0,178122.12,0
691,Spain,Female,77,8,58596.9,1,1,0,90218.74,0
626,France,Male,58,8,0.0,2,1,0,67867.87,0
673,France,Female,49,8,114890.4,1,1,0,117520.93,0
827,Spain,Female,61,7,0.0,4,1,0,55723.51,1
686,France,Female,89,5,0.0,2,1,0,131395.64,0
406,Spain,Male,38,0,0.0,4,1,0,58146.14,0
602,France,Male,84,0,121184.16,3,1,0,101525.18,0
760,Spain,Male,85,10,205554.71,4,1,0,154593.84,1
369,Spain,Female,74,5,54650.67,4,1,1,172515.32,0
528,France,Male,29,10,0.0,4,1,1,8050.32,0
450,Spain,Female,24,0,255.39,3,1,0,145120.52,0
711,France,Female,26,6,151625.8,4,1,1,177696.18,1
420,Germany,Female,69,3,0.0,4,1,1,147300.58,0
662,Germany,Male,47,4,0.0,3,0,1,46084.54,0
382,Spain,Male,91,7,172535.6,3,1,1,149340.24,1
812,France,Female,18,5,11175.88,3,1,1,160938.37,0
510,France,Male,45,1,104602.92,1,0,1,35940.14,0
554,Germany,Male,37,10,0.0,3,1,1,182341.92,0
744,Germany,Female,83,7,68785.95,4,0,1,54493.5,1
540,France,Female,26,3,0.0,4,0,1,189292.46,0
407,France,Male,48,6,0.0,2,1,1,99914.82,0
803,France,Male,82,1,65137.81,2,0,1,25886.1,0
405,Spain,Male,89,4,194814.09,4,1,0,141491.15,1
599,France,Male,85,4,920.72,4,1,1,113456.87,1
412,France,Female,66,4,56697.63,1,1,1,152566.62,0
699,Spain,Female,30,5,0.0,3,1,0,59760.7,0
485,France,Male,25,10,229323.42,2,1,0,11414.09,0
817,Germany,Male,48,0,2382.79,1,0,1,34469.51,0
451,France,Male,53,6,150216.97,2,1,0,95473.98,0
685,Spain,Male,56,10,0.0,4,1,1,9161.32,0
356,Germany,Male,21,9,0.0,2,0,1,131833.5,0
406,Spain,Male,67,9,102898.85,3,1,1,100961.29,1
488,France,Female,47,4,108613.57,3,1,1,41939.55,0
792,Germany,Female,26,6,241877.41,2,0,1,159779.32,0
846,Spain,Female,85,6,170561.59,4,0,1,130797.25,1
657,France,Female,44,9,49103.66,1,1,0,109856.41,0
518,France,Male,35,10,246427.5262,4,1,0,144590.45,0
506,France,Female,54,2,0.0,3,1,0,118573.85,1
455,Spain,Male,88,1,171476.71,4,1,1,1918.18,1
520,Germany,Female,79,2,170073.75,1,0,0,109422.3,1
598,Germany,Female,25,2,212431.25,4,0,0,50322.29,1
693,Germany,Female,68,3,99716.72,2,1,0,153779.32,1
464,Germany,Male,67,10,0.0,4,0,0,133152.15,0
367,France,Female,83,2,156485.27,2,1,1,118714.41,0
630,France,Female,89,4,109104.99,3,0,1,106864.69,0
471,Germany,Male,73,3,228989.36,4,1,0,51470.96,1
550,France,Female,66,2,0.0,4,0,0,130928.47,1
706,Spain,Male,44,2,56068.39,1,1,0,158845.97,0
799,Spain,Male,84,10,157597.06,1,0,0,78520.02,1
617,France,Female,87,6,47566.66,1,0,1,70205.59,1
814,Germany,Male,91,1,207498.7,4,1,1,187627.22,1
484,France,Male,88,7,84918.81,2,0,1,160265.67,1
707,Spain,Male,65,6,105274.87,3,1,1,12678.18,0
840,Spain,Male,88,3,170578.96,3,1,0,55364.93,1
458,Spain,Female,75,8,221275.42,2,1,1,170460.4,1
719,France,Female,35,8,0.0,2,1,1,150853.47,0
587,France,Male,20,8,0.0,2,1,1,38814.71,0
791,France,Male,90,7,84515.25,1,1,1,97832.92,1
503,France,Female,49,4,0.0,4,1,1,37455.81,0
831,France,Female,82,2,226937.66,4,0,1,118004.41,1
749,France,Female,39,0,158456.78,3,0,1,17671.64,0
703,Spain,Female,44,10,149038.76,2,1,1,52722.28,0
364,France,Female,78,9,0.0,1,1,1,16738.39,0
391,France,Male,56,2,119512.91,2,1,0,184853.79,0
681,Spain,Female,68,8,108056.89,2,1,1,35996.7,0
589,Germany,Female,41,0,13794.12,1,1,0,104351.3,0
511,Spain,Male,63,2,0.0,4,1,1,35983.24,1
771,Germany,Male,54,1,154350.96,2,1,0,25602.67,0
590,Spain,Female,86,3,127459.7,3,1,0,1832.1180000000008,0
579,Germany,Female,54,3,61222.7,3,1,1,16424.74,0
511,Germany,Female,24,5,223187.74,1,1,1,105884.67,0
841,Germany,Male,72,5,51648.73,3,0,1,105239.01,0
532,France,Male,88,1,175124.71,3,0,1,50952.0,1
480,France,Female,83,1,197090.73,2,1,1,186650.68,1
687,France,Male,25,9,210056.74,3,1,1,88026.91,0
367,France,Female,91,6,0.0,4,0,0,161399.92,0
648,Spain,Male,43,10,0.0,1,1,1,101928.32,0
632,France,Male,79,1,114450.04,4,1,0,48748.63,0
472,France,Male,64,3,155977.89,2,1,0,31842.73,0
735,France,Female,90,1,214427.84,1,1,1,35048.4,1
371,Spain,Female,43,10,105072.35,2,1,0,134990.72,0
841,France,Male,62,1,167713.74,4,1,1,149764.39,0
778,Germany,Male,68,8,39884.08,3,1,1,33438.77,1
437,Spain,Male,29,2,0.0,2,0,0,197615.54,0
596,France,Female,75,8,0.0,4,0,0,182858.21,0
448,Spain,Female,28,5,165072.75,4,1,1,48584.13,0
659,France,Female,79,10,94207.74,4,0,1,62798.17,0
526,France,Male,27,0,56960.73,3,1,1,194329.81,0
594,Germany,Male,31,3,90185.81,3,0,1,198133.8305,0
829,Spain,Male,54,7,175354.28,3,0,1,82200.11,1
660,France,Female,31,10,227008.36,2,1,1,167565.98,1
784,Germany,Male,23,5,2820.24,3,1,0,184153.0,0
664,France,Male,21,1,0.0,1,1,1,176022.57,0
587,Germany,Female,39,6,0.0,1,1,1,133943.54,0
357,Germany,Male,54,5,142183.72,3,1,1,83672.43,0
394,Germany,Female,21,8,0.0,2,1,0,100934.38,0
617,Germany,Male,28,6,162940.81,2,1,1,142672.06,0
602,France,Female,63,9,0.0,4,1,0,51797.48,1
601,Germany,Male,41,1,64494.67,3,1,1,141964.79,0
773,Germany,Female,74,6,121418.04,1,1,0,105170.33,1
398,Germany,Male,80,8,5191.84,4,1,1,116341.38,1
680,France,Male,20,4,0.0,4,0,1,167190.56,0
723,France,Male,88,5,200410.93,1,1,0,188608.71,1
673,France,Female,68,7,126272.63,4,1,0,61106.02,0
468,France,Male,78,5,0.0,2,1,0,152536.1,1
553,France,Male,53,4,0.0,2,1,0,119878.49,0
377,France,Male,18,6,185992.64,3,1,0,58143.96,0
438,Germany,Female,83,8,192376.64,4,1,1,129410.43,0
752,France,Female,60,1,207713.95,2,0,1,130975.3,0
659,Spain,Female,20,9,0.0,3,1,1,164039.25,0
783,Germany,Male,30,2,47647.65,1,1,0,81143.33,0
696,Spain,Female,33,1,0.0,1,1,1,162268.81,0
470,France,Female,45,1,0.0,3,0,1,48890.73,0
757,France,Female,50,0,214579.63,1,0,1,92253.93,0
694,Germany,Female,49,10,100498.78,1,1,1,123843.35,0
445,Spain,Male,82,3,136541.52,1,1,1,119686.39,1
355,France,Female,87,8,0.0,2,0,1,9765.44,1
732,Germany,Male,68,2,122857.13,1,1,1,70553.34,0
711,Germany,Female,64,5,102317.32,4,1,0,63739.71,0
394,Germany,Male,81,4,133640.06,2,1,0,193625.19,0
582,France,Female,37,7,0.0,2,1,1,193738.73,0
807,Germany,Female,59,10,18860.55,1,0,1,72531.61,1
747,France,Female,65,7,10990.08,1,1,1,157236.62,0
759,Spain,Female,39,7,0.0,2,0,1,110447.01,0
546,France,Female,88,2,150954.66,4,1,1,79157.39,1
410,France,Male,35,1,0.0,3,0,0,156397.96,0
525,Spain,Female,22,0,228854.7,1,1,1,190421.48,1
694,France,Female,41,3,137715.38,1,0,1,71929.75,0
771,France,Male,78,6,153888.21,2,1,0,33726.26,1
672,France,Female,45,0,0.0,2,1,1,190012.04,0
369,France,Female,34,2,43993.62,4,0,1,141636.42,1
645,France,Female,82,6,77877.73,1,0,1,43118.15,0
443,France,Female,29,9,221084.98,4,0,1,1832.1180000000008,0
655,Spain,Male,29,10,0.0,2,1,1,132632.79,0
556,Germany,Male,84,2,0.0,2,1,1,124578.84,0
617,France,Male,41,1,207010.1,1,1,1,44770.6,0
648,Germany,Female,18,6,21826.22,3,1,0,128488.92,1
669,France,Female,50,10,159882.57,3,1,1,30893.08,0
355,Spain,Female,72,4,175031.12,2,1,1,80806.55,1
834,France,Male,74,9,0.0,4,1,0,62283.98,1
638,Germany,Female,24,8,41721.2,4,1,1,172794.98,0
604,France,Male,38,9,112073.19,4,1,1,58421.38,0
539,Germany,Male,63,10,188758.08,3,1,0,56342.52,0
402,France,Female,66,1,221672.89,3,0,1,150843.21,1
665,Spain,Male,63,4,203834.22,3,1,1,3473.77,0
532,France,Female,43,0,0.0,3,0,0,143784.13,0
804,Spain,Male,81,0,0.0,1,1,1,9420.38,1
679,Germany,Male,23,5,154246.43,3,1,0,11197.25,0
570,Spain,Female,78,7,177477.53,1,1,0,98123.1,1
365,Spain,Female,87,9,2184.56,3,0,0,191556.69,0
627,Spain,Female,68,1,35643.43,1,1,1,32538.66,0
773,France,Male,49,0,0.0,1,0,1,60827.19,1
581,France,Female,46,1,85277.31,3,0,1,136211.52,0
675,France,Female,50,10,170200.58,4,1,0,178539.76,0
409,France,Male,30,7,235798.54,3,0,0,99039.12,0
553,Germany,Male,34,5,22380.83,1,1,0,99473.37,0
747,Spain,Male,65,1,0.0,2,1,0,62276.04,0
562,Spain,Female,58,4,93116.65,2,1,1,75481.77,0
793,Germany,Female,54,1,0.0,1,1,1,28218.13,1
555,Germany,Female,53,0,0.0,4,0,1,24289.8,0
756,Spain,Female,23,4,0.0,2,1,0,147042.79,0
672,Spain,Male,82,5,63114.0,4,1,0,96907.79,1
824,France,Female,88,4,0.0,1,0,1,155477.7,0
617,Germany,Female,36,9,0.0,2,1,1,129699.31,0
584,Spain,Male,41,10,159077.61,4,1,0,1832.1180000000008,1
527,France,Female,64,1,129814.56,2,1,1,100757.11,0
676,France,Male,18,3,85521.3,4,1,1,109912.34,0
841,Spain,Female,25,5,60948.01,4,1,1,27409.64,0
434,Spain,Female,84,4,2820.95,3,1,1,191233.2,0
819,Spain,Female,30,4,0.0,1,1,0,159636.34,0
839,Spain,Female,60,7,0.0,4,1,1,179968.03,0
735,France,Female,83,1,0.0,2,1,1,119464.65,0
640,France,Male,72,9,242612.91,3,0,1,166514.85,0
782,Germany,Male,38,2,0.0,3,1,0,36076.18,0
481,Germany,Female,29,3,152581.51,2,1,0,170864.81,0
667,Germany,Male,71,2,167202.1,1,1,1,184080.8,0
753,Germany,Female,47,6,150137.26,3,0,0,3816.66,0
753,France,Male,89,7,161707.54,3,1,1,128182.52,0
643,Germany,Female,65,6,54809.23,1,0,1,18995.8,1
543,France,Female,18,5,0.0,1,1,0,129387.83,0
825,France,Male,36,3,189159.63,1,1,0,179192.61,0
687,France,Female,73,7,58560.93,2,0,1,36084.93,0
735,France,Male,69,1,128411.98,3,0,1,98783.5,0
662,Spain,Male,72,3,0.0,3,0,1,19176.02,0
789,France,Female,35,7,227790.03,1,0,1,130097.42,0
589,France,Male,36,7,0.0,4,0,1,23703.79,0
623,Spain,Female,33,2,0.0,4,1,0,194363.41,0
752,Germany,Female,69,3,77470.67,1,0,0,64127.5,1
609,France,Female,18,3,0.0,1,1,1,36962.53,0
472,France,Female,78,9,0.0,4,0,0,190574.77,1
729,France,Female,38,6,7477.93,2,1,0,128846.52,0
538,Germany,Male,54,1,0.0,2,1,0,97486.77,0
402,France,Male,36,1,117644.65,2,1,1,150724.4,0
536,France,Male,49,0,0.0,4,1,1,173152.48,1
377,France,Male,74,2,130655.39,1,1,1,161824.19,1
789,Germany,Male,32,2,81599.31,4,0,1,71146.99,0
842,France,Male,60,4,115810.71,1,1,0,79239.17,0
483,Spain,Female,22,8,199033.2,4,1,1,105345.2,0
809,France,Female,31,9,120237.74,2,1,0,117259.19,1
706,Germany,Female,68,6,138795.75,4,0,1,60224.98,0
828,France,Male,60,8,0.0,1,0,1,27239.72,0
431,France,Female,63,7,1908.82,2,1,0,87775.87,1
381,France,Female,34,3,232419.16,1,1,0,163043.47,0
811,Spain,Male,33,6,0.0,3,0,1,55271.54,0
484,Spain,Female,49,3,0.0,1,1,0,74953.91,0
648,France,Female,27,3,28711.64,2,0,1,54808.5,0
801,France,Female,83,10,0.0,3,1,1,121956.24,0
521,Spain,Male,37,10,0.0,2,1,1,190365.04,0
394,Germany,Female,71,7,171516.77,4,1,0,36041.31,1
746,France,Female,29,6,213900.53,3,0,1,155905.55,0
576,France,Female,66,7,71642.52,4,1,1,132928.03,0
361,Germany,Male,33,8,0.0,3,1,1,197472.48,0
520,Germany,Male,38,0,241393.39,2,1,1,19926.65,0
615,Germany,Male,48,3,114149.95,2,0,0,181706.14,0
790,Spain,Female,27,1,208628.43,3,0,1,161504.86,0
463,France,Male,27,5,152875.51,4,0,1,181136.79,0
609,France,Male,73,3,45216.2,4,1,0,150188.54,1
440,France,Female,43,3,239359.54,1,1,1,56261.86,0
495,France,Male,60,9,0.0,2,0,0,83421.87,0
482,France,Female,65,2,160447.88,3,1,1,21744.16,0
612,France,Female,64,10,63628.91,4,1,1,1832.1180000000008,0
682,France,Male,64,4,143917.03,2,1,1,189407.57,0
406,Germany,Female,90,2,135278.64,4,1,1,165402.75,1
387,France,Female,64,1,0.0,4,1,1,16291.04,1
716,France,Female,43,7,0.0,1,1,1,90946.97,0
497,Germany,Female,39,9,35170.88,2,0,0,57720.9,0
659,Germany,Male,77,9,110753.14,2,1,1,59471.6,0
388,Spain,Female,49,1,0.0,4,1,1,178934.48,0
650,Spain,Female,59,9,170680.64,4,1,0,198133.8305,1
805,Germany,Female,78,2,0.0,1,1,0,84418.56,1
569,France,Female,35,5,140023.14,1,1,1,162904.88,1
639,France,Female,34,0,174626.8,2,1,0,33168.05,0
497,Germany,Female,21,2,191002.19,1,0,0,153946.55,0
493,France,Male,23,3,241456.92,3,1,0,10170.65,0
382,France,Male,63,10,0.0,2,1,1,68425.49,1
589,France,Male,55,3,80951.17,2,1,0,113742.13,0
824,France,Female,40,3,181816.18,1,1,0,12597.65,0
408,France,Male,33,3,18991.11,1,0,0,23599.48,1
558,France,Female,69,2,34051.71,1,1,1,63802.52,0
769,Spain,Female,24,5,0.0,1,1,0,95000.04,0
598,Spain,Female,69,2,114906.14,2,1,0,42924.65,0
730,France,Female,84,3,0.0,1,1,1,63533.18,1
538,Spain,Male,51,5,118799.25,4,1,1,33858.95,1
651,France,Male,54,8,0.0,2,1,0,20268.51,0
844,Spain,Female,57,1,0.0,1,1,1,83988.37,0
649,Spain,Male,25,3,43172.28,3,0,1,44207.58,0
748,France,Male,64,6,89365.62,4,1,1,130375.21,0
697,Spain,Female,45,10,18566.37,2,1,0,45505.68,0
397,Spain,Male,52,10,49995.8,4,1,0,38058.57,0
430,Spain,Female,19,9,246427.5262,2,0,1,73558.15,0
654,Spain,Male,82,5,9889.18,2,1,0,20717.48,0
524,Germany,Male,42,1,0.0,2,1,1,8287.68,0
592,France,Female,23,10,0.0,4,1,0,153018.46,0
592,Spain,Female,75,6,73167.34,3,1,1,34551.46,0
747,Germany,Female,90,9,0.0,3,1,0,122327.9,1
846,Germany,Male,56,10,246427.5262,2,1,1,60945.84,0
846,France,Male,20,8,175983.32,1,1,0,65276.12,0
389,Germany,Female,91,4,101465.09,4,1,1,31623.07,1
722,France,Male,33,6,0.0,1,0,0,45975.62,1
713,Germany,Male,35,7,218064.15,3,1,0,114439.34,0
783,France,Male,70,9,57250.7,3,1,0,117542.34,0
563,Germany,Female,42,2,179232.36,3,1,1,57355.67,0
601,Spain,Male,24,6,153487.58,4,1,1,42063.96,0
576,France,Male,68,6,183455.07,1,1,0,68678.68,0
537,Germany,Female,37,2,0.0,1,1,0,17583.31,1
473,France,Female,81,4,0.0,2,1,1,105875.64,1
672,Spain,Male,29,10,197006.44,3,1,0,164659.97,0
358,Germany,Male,85,0,0.0,1,1,0,125963.35,1
725,France,Male,71,5,0.0,4,1,0,4386.22,0
771,France,Male,35,6,0.0,3,1,0,54565.88,0
463,France,Female,60,9,184594.16,4,1,1,94295.96,0
457,France,Male,87,3,161927.1,2,1,1,182033.97,0
602,Spain,Male,22,4,245908.87,4,1,0,34087.19,0
774,Germany,Male,78,0,0.0,2,0,1,14835.84,0
407,France,Female,52,3,0.0,1,0,1,105916.03,0
566,Spain,Female,88,10,0.0,4,0,0,111889.21,0
458,France,Female,33,8,187131.32,1,1,0,196409.07,0
776,Spain,Female,71,4,130675.78,3,1,0,108223.43,1
791,France,Female,89,6,0.0,1,0,0,3383.74,1
392,Germany,Female,43,10,0.0,3,0,0,133853.8,0
422,Spain,Female,25,4,0.0,2,0,0,41121.53,0
428,France,Female,47,3,31523.84,1,1,0,162795.89,1
756,Germany,Male,62,9,72619.48,4,1,1,88288.44,0
801,Spain,Male,64,9,163641.63,2,1,0,172584.7,0
536,France,Female,53,5,64607.54,3,0,1,35119.19,0
428,France,Male,87,0,0.0,1,1,1,119333.15,0
682,Germany,Female,60,0,62440.78,4,1,1,140442.28,0
796,France,Female,65,1,171111.94,3,1,1,8661.42,0
806,France,Male,88,7,0.0,2,1,0,94872.43,0
572,France,Male,87,1,52886.78,4,1,0,135998.94,1
741,Spain,Female,43,0,139049.26,2,0,0,124625.87,0
828,France,Male,39,7,238683.28,2,1,0,21279.25,0
763,France,Female,73,5,236044.38,2,1,0,6676.02,0
587,Spain,Male,56,5,72898.51,3,1,1,43438.88,0
480,Germany,Female,51,2,0.0,2,1,1,48023.78,0
536,Spain,Male,69,2,0.0,3,1,1,119620.61,0
531,France,Female,66,2,117258.91,4,1,1,4773.04,0
844,Spain,Female,85,7,0.0,3,0,0,54514.71,0
717,Germany,Male,45,10,232370.79,3,1,1,46633.81,0
780,France,Female,73,10,158170.41,3,1,1,167230.1,0
739,Spain,Female,34,1,0.0,4,0,0,70994.42,0
588,France,Male,87,7,246427.5262,3,1,1,144163.4,0
745,France,Female,24,8,173543.87,4,1,1,165022.48,0
670,France,Female,73,0,0.0,3,0,0,141595.13,0
720,Germany,Female,25,7,199887.92,1,0,0,22499.79,0
500,France,Male,83,4,0.0,4,0,0,147793.36,1
466,France,Male,88,2,100065.32,1,1,1,169806.28,0
440,France,Male,78,8,49079.3,3,1,0,75010.93,0
494,France,Female,76,10,69481.92,3,0,1,177543.1,0
840,France,Female,53,6,41814.43,3,1,0,137895.22,1
821,Germany,Female,36,2,200838.75,2,0,0,142075.14,0
423,France,Female,90,4,68243.75,2,0,0,109291.45,0
627,France,Male,57,5,0.0,1,1,0,76695.22,1
821,Germany,Male,78,9,0.0,1,0,1,64216.86,0
727,France,Female,70,8,246427.5262,1,1,0,159707.72,1
656,Germany,Female,69,7,197817.03,4,1,1,167889.13,0
650,France,Female,44,8,0.0,4,1,0,66383.33,1
513,France,Female,49,7,236211.73,1,1,0,126302.17,1
813,France,Female,50,3,199205.73,4,1,0,144613.94,0
391,France,Female,62,1,0.0,3,1,1,42897.67,1
785,France,Female,71,9,15077.73,2,1,0,126052.03,0
786,Spain,Female,32,6,0.0,1,0,0,67876.31,0
480,France,Male,34,10,0.0,3,1,1,54631.76,0
606,Germany,Female,21,7,0.0,1,1,0,63196.72,0
793,Germany,Female,56,5,82295.66,1,1,1,65212.58,0
587,France,Male,67,7,0.0,1,0,0,99021.9,1
500,Germany,Female,33,7,138032.2,1,0,0,70926.12,1
385,France,Female,70,10,87894.99,1,1,1,143847.05,1
570,France,Female,18,4,64710.08,2,1,1,179898.93,0
489,France,Female,82,4,152593.28,4,1,0,154560.7,0
776,Spain,Male,69,3,69194.3,2,1,1,110131.32,0
781,Spain,Male,68,1,119065.81,1,1,1,136420.41,0
512,France,Male,70,5,61600.54,4,0,1,179513.79,0
455,Germany,Female,44,4,0.0,2,1,1,118411.3,0
495,Spain,Female,91,2,213538.23,1,1,0,10713.83,0
551,France,Female,73,8,20427.65,3,1,0,59549.14,0
684,Spain,Male,31,7,204962.58,3,1,0,66139.33,0
426,Germany,Male,86,2,212924.54,2,1,1,196763.06,1
846,Spain,Female,72,1,241231.95,4,1,0,147623.22,1
700,Spain,Female,41,6,206959.48,3,1,1,85615.49,0
415,France,Female,88,0,138097.71,1,1,0,70429.39,0
507,France,Female,36,1,0.0,2,0,1,192340.95,0
701,Germany,Female,65,4,18612.19,3,0,1,153110.38,0
602,France,Female,67,10,49175.19,3,1,0,41029.81,1
614,France,Male,89,0,111774.93,2,0,0,94899.24,0
370,Spain,Female,60,5,238859.91,2,1,0,45179.73,0
555,France,Female,91,6,43838.41,1,0,1,197979.54,0
657,France,Female,39,2,134699.33,3,0,0,114416.38,0
725,Spain,Male,77,5,246427.5262,1,1,0,16291.18,1
573,France,Female,36,6,3444.48,2,1,0,62249.85,1
627,France,Female,91,1,0.0,4,1,1,106265.75,1
461,Spain,Male,74,10,67478.1,4,1,1,102595.21,1
749,France,Male,64,2,56287.06,2,1,1,44087.78,1
699,France,Male,22,4,0.0,1,1,0,137061.38,1
722,France,Female,54,0,0.0,1,0,0,46667.96,0
684,Spain,Male,28,6,145910.85,4,1,0,196593.64,0
843,France,Male,85,6,0.0,2,1,0,164908.55,1
790,Germany,Male,46,1,171460.67,1,1,0,89471.77,0
756,France,Male,79,3,53673.43,4,1,0,73297.65,0
517,France,Female,85,8,0.0,2,1,1,35337.84,1
383,Spain,Female,26,7,8337.53,3,1,0,16852.97,0
355,Germany,Female,74,3,199465.14,1,1,1,150941.25,0
740,Spain,Female,40,6,0.0,4,1,1,177399.97,1
800,France,Male,26,8,0.0,2,0,1,99860.96,0
675,Germany,Female,37,4,150437.89,4,1,0,179056.83,1
711,Spain,Male,58,1,0.0,2,1,1,189850.65,0
394,France,Female,81,0,0.0,1,1,0,118077.02,1
633,France,Male,69,10,245930.11,2,0,1,50870.01,0
653,Spain,Female,35,3,0.0,1,1,0,163412.48,0
428,France,Male,39,8,122526.65,3,0,1,43787.03,0
726,Germany,Male,40,3,0.0,2,1,1,185860.25,1
517,Spain,Male,72,7,0.0,1,1,1,38160.02,0
448,France,Female,56,3,8615.83,2,0,1,70990.24,0
698,France,Male,19,6,0.0,3,1,1,24174.87,0
567,France,Female,23,10,214273.81,3,1,0,56632.09,0
618,France,Male,23,8,97321.58,1,0,1,100831.11,0
621,France,Female,89,1,209474.23,3,0,1,77664.26,0
661,Germany,Male,55,5,36722.6,2,0,0,125751.46,0
556,France,Male,54,2,0.0,2,1,0,73199.92,0
758,Germany,Male,74,2,197863.11,4,0,1,113903.29,0
788,France,Female,32,9,97774.62,4,1,1,125889.27,0
592,France,Male,20,10,32656.94,1,1,0,185119.8,0
434,France,Male,38,10,130105.67,2,0,0,176424.04,0
489,Germany,Female,33,9,167606.57,2,1,0,52961.57,0
736,France,Female,77,5,32231.64,3,0,1,94205.33,0
478,France,Female,78,5,0.0,3,1,1,19893.7,0
739,Spain,Female,64,5,0.0,2,1,0,44473.37,0
681,Germany,Female,85,8,237907.84,3,1,1,58817.27,0
574,France,Female,52,0,74810.84,3,0,0,190867.99,0
413,Spain,Female,35,9,0.0,4,1,0,151176.89,1
620,France,Male,42,8,0.0,4,1,0,179327.1,0
697,France,Male,28,10,68445.87,2,1,1,59733.45,0
426,France,Male,84,6,36321.67,1,1,0,171768.25,1
763,France,Female,62,5,31309.0,4,1,1,154400.52,1
447,France,Male,75,5,0.0,2,1,1,29096.44,1
556,Germany,Female,38,6,39235.83,4,1,1,64323.38,0
616,France,Male,71,3,33358.78,3,1,1,142265.13,0
720,Spain,Male,42,8,133646.43,3,0,1,65238.06,0
462,Spain,Male,51,4,0.0,4,1,0,50347.42,0
518,Germany,Male,66,3,194509.62,4,1,0,198133.8305,1
754,Germany,Female,90,8,145059.76,3,0,1,96830.86,0
515,Germany,Male,59,3,50390.35,3,1,0,69650.83,0
658,Spain,Male,70,0,143307.53,1,0,1,71374.07,0
549,France,Male,62,5,156449.33,1,1,0,123647.91,0
378,France,Male,49,5,64524.36,3,1,1,129002.03,1
607,Germany,Female,87,3,0.0,2,1,0,173084.6,0
529,Germany,Female,89,0,231412.68,3,0,0,131454.75,1
482,France,Male,40,5,23986.79,3,1,0,187464.66,1
780,Germany,Male,84,8,0.0,1,0,0,114881.06,0
737,France,Male,51,8,57862.07,1,0,1,98687.0,0
488,Spain,Male,72,2,0.0,3,1,0,157096.96,0
612,France,Female,56,4,125489.83,4,1,1,42665.65,0
710,France,Female,74,9,239144.87,3,1,1,126901.36,0
376,France,Male,82,3,0.0,3,1,0,80085.51,0
396,France,Male,49,5,188717.79,2,0,1,26811.46,0
620,France,Male,69,7,44194.87,1,1,0,63602.92,0
816,France,Male,55,5,86088.44,1,1,0,126487.35,0
814,France,Male,77,9,205067.6,4,1,1,188362.47,0
575,France,Female,32,3,245882.7,4,0,1,110403.69,1
702,France,Male,71,5,219480.2,2,1,1,82596.83,0
596,France,Male,62,5,237103.04,1,1,1,178992.28,1
803,France,Female,51,8,160462.44,4,1,0,39849.78,0
635,France,Male,45,3,120704.32,2,0,1,16237.31,0
796,France,Male,69,3,0.0,1,1,0,64637.14,1
532,France,Male,43,3,114622.95,3,1,0,17463.5,0
816,France,Male,20,2,0.0,1,1,1,83911.91,0
713,Spain,Male,88,2,76440.52,1,1,1,48230.79,0
734,Spain,Male,51,9,22593.52,3,1,1,37519.02,1
357,Spain,Female,30,3,0.0,1,0,1,38515.58,0
753,Germany,Female,34,2,77958.62,4,0,0,49783.05,0
431,Germany,Male,79,8,166531.46,4,0,1,108014.06,1
819,France,Male,42,8,0.0,4,0,1,1832.1180000000008,0
444,Spain,Male,38,2,0.0,3,1,1,123410.18,0
763,Spain,Female,54,3,187233.07,3,1,1,140797.71,0
668,Spain,Male,20,9,0.0,2,0,1,142970.23,0
546,Spain,Female,59,3,110525.47,1,1,1,101553.73,0
796,France,Female,20,9,129504.6,1,0,0,92851.18,0
544,Spain,Male,79,6,0.0,1,1,0,120363.71,0
381,Spain,Male,49,7,145423.03,1,0,0,59800.85,1
387,France,Male,34,5,187559.84,3,1,1,22911.46,0
777,Spain,Female,51,0,65910.59,3,1,0,101656.34,0
542,France,Male,30,9,0.0,3,1,0,173430.75,0
760,Spain,Male,41,6,0.0,2,1,1,97235.24,0
360,Spain,Female,27,1,128303.38,1,0,0,55923.61,0
388,France,Female,67,9,0.0,1,1,1,42269.35,0
845,Germany,Male,90,3,184532.14,4,1,0,13238.83,1
421,France,Male,53,4,0.0,4,1,1,184946.94,0
694,Spain,Female,25,7,155682.85,1,1,1,65550.42,0
525,Spain,Male,23,3,27221.64,3,1,1,179633.48,0
600,Germany,Female,79,0,174830.33,4,1,1,189008.58,1
407,Spain,Female,43,3,152981.44,4,1,1,88921.78,0
483,France,Male,39,7,0.0,1,1,0,84415.72,0
729,France,Male,25,4,31077.21,3,0,1,63166.67,0
618,France,Female,67,7,242751.37,4,0,1,127610.96,1
602,France,Female,22,0,44527.87,4,1,0,42782.56,0
823,France,Male,84,2,0.0,3,1,1,67592.21,0
555,France,Female,33,2,68958.47,2,0,1,58900.02,0
752,France,Female,23,0,0.0,3,0,0,74886.82,0
713,France,Female,69,7,138872.32,1,1,1,14900.26,0
580,Spain,Female,44,2,0.0,1,1,1,105801.29,0
496,France,Male,69,5,124444.77,1,1,0,18323.91,1
527,Spain,Female,20,10,0.0,3,1,0,156724.69,0
786,France,Female,81,2,0.0,1,1,0,84056.32,1
503,France,Male,40,2,175171.84,1,0,0,147214.4,0
677,Germany,Male,73,10,0.0,4,1,0,26075.12,1
412,France,Female,87,3,136311.48,2,1,0,115746.35,1
523,France,Female,57,3,94793.31,3,1,0,38262.06,0
818,Germany,Male,42,7,82481.69,2,1,0,115940.42,0
620,France,Female,41,1,0.0,1,1,0,84530.31,1
762,France,Female,68,4,55988.5,3,0,1,129308.92,0
479,Germany,Female,18,2,0.0,1,1,1,18155.08,0
731,France,Female,28,9,245974.12,3,1,1,180360.44,0
843,Spain,Female,65,3,0.0,3,1,1,96469.29,0
813,France,Male,19,6,49015.7,3,1,0,134594.49,0
568,Spain,Female,39,5,241062.45,2,1,1,51341.96,0
691,Spain,Female,65,5,0.0,2,1,1,144635.42,1
799,Spain,Female,36,0,0.0,4,1,1,187996.95,0
757,Spain,Female,86,2,165741.95,2,1,0,191325.48,1
839,France,Male,90,9,0.0,4,0,0,159469.48,1
365,Germany,Female,20,6,123175.11,3,1,0,80045.12,0
618,France,Female,30,9,0.0,4,1,0,36717.24,0
746,Spain,Female,85,6,0.0,3,1,1,53188.02,0
715,Germany,Male,20,3,166720.1,1,0,1,150470.3,0
426,France,Male,54,3,54270.94,2,1,0,56628.15,0
636,Spain,Male,88,8,0.0,3,1,0,56210.95,0
432,France,Female,61,2,222889.39,3,0,1,54784.87,0
395,Germany,Female,40,6,229395.59,3,1,0,64196.94,1
405,Germany,Male,18,10,201744.79,4,0,1,108979.47,0
827,France,Male,47,9,30516.32,4,1,0,139194.56,1
486,Germany,Female,58,4,204633.12,1,1,0,77868.68,0
578,Spain,Female,23,3,0.0,1,1,1,77228.4,0
478,France,Female,57,6,0.0,1,1,1,166158.63,0
797,Germany,Male,47,6,0.0,3,1,1,39674.03,1
795,France,Female,42,7,0.0,2,1,1,122153.73,0
678,Germany,Male,89,0,119803.37,3,0,0,111111.74,1
765,France,Female,84,5,0.0,4,1,1,91977.15,1
402,Spain,Female,69,0,223719.16,2,1,1,180429.8,0
846,Spain,Female,61,10,0.0,3,1,1,2343.01,0
558,France,Male,53,9,34621.17,2,1,0,160528.85,1
550,France,Female,23,8,157498.02,4,1,1,81569.49,0
448,Germany,Female,40,3,57689.9,1,1,1,164856.98,0
789,Germany,Female,18,8,48556.18,3,1,0,90444.1,0
435,France,Female,45,4,50872.83,4,1,1,36351.34,1
779,France,Female,53,7,49209.64,3,1,0,112981.82,0
708,France,Female,63,2,119279.53,1,1,0,194658.38,0
736,Spain,Male,44,5,241097.49,4,1,0,21597.9,1
365,France,Male,36,9,0.0,2,1,0,176960.42,0
719,Spain,Male,70,2,135833.9,3,1,1,124589.97,0
834,France,Female,29,4,20291.31,2,1,1,164414.44,0
547,Spain,Male,27,3,0.0,2,1,0,164959.29,0
575,France,Male,69,1,0.0,2,1,0,24563.25,0
406,France,Female,61,4,0.0,4,1,0,79493.15,0
595,Spain,Male,82,6,123489.34,3,1,1,114578.78,0
687,Spain,Male,72,0,167068.43,4,1,1,163547.37,0
500,France,Male,84,2,50012.38,2,1,1,60029.91,0
721,France,Male,67,8,208303.86,2,1,1,192773.97,0
392,France,Male,80,2,0.0,3,1,1,8544.1,1
687,France,Female,30,3,93503.64,3,0,1,114377.26,0
644,France,Female,57,7,0.0,1,1,0,129808.9,1
465,Spain,Female,87,8,40098.69,2,1,1,115134.86,0
522,France,Male,76,10,5003.31,2,1,1,11956.16,0
470,Germany,Female,47,1,190784.36,1,1,1,90807.45,1
662,France,Male,86,8,150141.8,3,0,0,38505.1,1
669,France,Male,41,7,27730.41,1,0,0,108813.7,0
628,Germany,Female,19,1,39876.66,4,1,0,73184.32,0
447,France,Male,76,9,0.0,3,0,0,165220.5,1
458,Germany,Male,48,3,41713.29,1,0,0,12788.24,0
756,France,Male,20,4,115351.83,3,1,0,85381.84,0
581,Spain,Male,33,8,12740.57,2,0,0,171751.5,0
568,Germany,Female,23,5,0.0,2,1,0,131092.14,0
504,Spain,Male,91,3,0.0,2,1,0,35226.37,0
815,France,Male,80,3,181842.04,2,0,1,161603.22,1
470,France,Male,86,8,236508.3,1,0,0,67117.8,1
735,France,Female,31,2,20619.28,2,0,1,104399.46,0
735,Germany,Female,77,5,0.0,2,0,1,117317.75,1
471,France,Female,59,8,34784.66,4,1,0,23613.91,0
355,France,Female,39,9,84328.68,4,1,0,132295.7,1
475,France,Male,67,9,131340.43,4,1,1,136805.04,0
484,France,Female,88,3,0.0,2,1,1,126877.56,0
723,France,Male,52,2,173092.42,2,0,0,135352.35,1
616,France,Female,20,10,239220.61,2,1,1,48073.44,0
565,France,Female,80,6,0.0,3,1,0,46070.33,0
588,Germany,Male,31,4,0.0,4,0,1,49753.25,0
827,France,Male,31,9,188311.33,1,1,1,52751.75,1
821,France,Female,63,7,192512.58,3,1,0,72488.97,0
362,Germany,Male,77,5,0.0,2,1,1,50027.37,1
772,Spain,Male,76,2,154330.57,2,0,1,193434.47,0
530,France,Male,82,0,60709.93,3,0,1,16731.88,0
726,Germany,Male,83,5,158218.67,3,1,0,169710.5,1
843,Spain,Male,27,1,0.0,4,1,1,71361.93,0
607,Germany,Male,40,3,55685.8,3,0,0,121512.5,0
662,Spain,Male,71,7,65189.89,3,0,1,63377.65,0
564,Spain,Male,46,0,0.0,4,0,1,180409.51,0
387,France,Female,70,10,0.0,3,0,0,13257.09,0
368,France,Female,51,4,221541.68,1,0,1,52867.0,0
530,Germany,Female,51,9,0.0,1,1,1,192200.43,0
761,Spain,Male,19,1,0.0,3,0,0,71578.0,0
521,France,Male,63,5,183001.77,1,1,1,50307.45,0
565,France,Male,81,10,166425.0,3,1,1,59363.65,0
616,Germany,Female,78,6,0.0,4,1,1,22994.91,1
510,France,Male,43,8,69090.11,4,1,0,67938.5,1
595,Spain,Male,68,7,141692.37,1,1,1,63688.24,0
653,Germany,Female,32,8,16485.92,3,0,1,55799.33,0
776,Germany,Male,64,4,11262.35,4,1,0,16289.78,1
727,Spain,Female,48,4,0.0,1,1,1,118902.85,0
759,Germany,Male,86,0,230326.92,4,1,0,137342.23,1
612,Germany,Female,70,2,172219.64,4,1,0,140521.1,1
700,Spain,Female,23,0,209190.38,1,1,1,32298.39,0
424,Spain,Female,82,3,0.0,2,1,0,129448.97,0
423,Spain,Female,71,7,175242.28,1,1,0,177840.75,0
811,France,Female,33,2,0.0,2,1,1,195605.92,0
652,Germany,Male,38,5,119754.48,4,1,1,178813.92,1
406,France,Male,30,6,0.0,2,1,0,27423.76,0
554,Spain,Male,40,1,216974.31,4,1,1,190759.23,0
835,Germany,Male,87,8,0.0,4,0,1,64818.54,1
360,France,Female,84,8,123236.33,1,1,0,5964.21,1
571,France,Male,58,2,193377.26,3,1,1,72857.2,0
769,France,Male,44,0,119146.61,2,1,0,61461.48,0
824,Germany,Male,45,0,96096.4,4,1,1,135212.08,0
534,France,Male,88,3,74417.89,3,1,1,196774.31,0
808,France,Female,32,1,13636.41,3,1,1,145400.95,0
708,Spain,Male,74,0,50290.63,3,0,1,135573.24,0
553,Spain,Male,91,5,182501.76,1,1,1,33892.18,0
740,France,Female,81,5,42927.7,3,1,0,143922.99,0
750,France,Male,71,0,225294.26,4,1,1,54404.06,1
487,Spain,Male,84,6,19645.66,4,0,0,55778.03,0
394,Germany,Female,34,4,0.0,1,1,1,86626.3,0
741,Germany,Female,90,2,120270.62,4,1,1,178648.26,1
391,France,Male,24,1,55665.99,2,1,0,43415.29,0
740,France,Female,19,8,0.0,4,1,0,178455.92,0
528,France,Male,32,1,14966.99,4,0,1,99272.17,1
702,Germany,Male,63,2,0.0,4,1,1,13792.0,0
655,France,Male,36,7,64866.05,4,1,0,134716.83,0
369,France,Female,64,6,138941.6,3,1,1,134253.98,0
355,Germany,Female,26,10,37074.45,4,0,1,193159.82,0
665,Spain,Female,69,0,0.0,4,1,0,63965.09,0
608,Spain,Male,34,2,6814.8,1,1,0,19741.64,0
371,France,Male,56,7,28168.21,3,0,1,88772.36,1
838,France,Male,26,2,199010.6,3,1,0,56319.77,0
469,France,Male,89,4,112128.5,2,1,1,109430.92,0
780,France,Male,45,3,155965.11,3,0,1,113704.56,1
408,Germany,Female,62,8,0.0,3,0,1,68557.9,0
466,France,Female,53,8,53151.22,2,1,1,190646.37,0
614,Germany,Female,62,8,0.0,3,1,1,34745.01,1
614,Spain,Male,51,5,0.0,2,1,1,43421.8,0
652,Spain,Male,23,5,0.0,2,1,0,77038.35,0
435,France,Male,79,6,217684.19,2,1,0,107868.32,0
482,France,Female,65,0,31469.42,2,1,0,107199.8,0
481,France,Female,36,6,135125.28,2,1,1,141154.83,0
570,France,Male,24,3,120883.33,1,1,1,17360.63,1
812,France,Female,83,10,0.0,3,1,0,188783.51,1
581,France,Female,42,2,0.0,2,0,1,11030.02,0
846,Spain,Male,85,0,31831.56,1,0,0,127433.64,1
476,France,Male,74,10,243361.01,3,1,0,105100.95,1
471,Spain,Male,89,1,116420.38,4,1,1,49612.81,0
400,France,Female,66,5,0.0,2,1,1,75531.31,1
456,France,Male,31,4,0.0,4,0,0,98160.03,0
506,France,Male,20,2,148399.57,3,1,1,10856.67,0
542,France,Female,36,5,36940.57,2,1,0,72200.26,0
707,France,Male,50,8,45760.66,4,1,0,83298.62,1
573,Spain,Male,64,1,0.0,4,0,1,98425.23,1
693,France,Female,84,7,0.0,4,0,1,96525.25,0
394,France,Female,28,9,0.0,4,1,0,194830.8,1
824,Germany,Female,64,3,167804.75,3,1,0,176516.71,1
424,France,Female,24,7,54223.51,4,1,0,140289.12,0
366,Germany,Female,53,10,45485.0,4,0,0,195334.45,0
562,France,Female,23,10,139125.06,4,1,1,65739.44,0
676,Spain,Female,45,7,0.0,4,1,1,60630.71,0
467,France,Male,62,10,0.0,2,1,0,92880.63,0
431,France,Male,72,8,0.0,4,1,1,136235.75,1
773,Germany,Female,77,5,0.0,4,0,1,141242.73,1
763,Spain,Male,56,1,155771.07,4,1,0,130495.06,1
726,France,Female,37,9,0.0,1,1,0,38503.49,0
460,Germany,Male,85,3,0.0,1,0,0,43596.14,1
618,France,Female,87,8,3757.49,4,0,1,62614.62,1
695,France,Female,89,7,127658.71,3,0,0,86910.64,0
566,France,Male,76,3,0.0,3,1,1,72773.25,0
439,Germany,Male,75,8,0.0,3,1,0,133384.02,0
766,France,Female,23,7,0.0,3,0,1,133550.65,0
820,Germany,Female,60,8,0.0,1,1,0,63743.8,1
433,France,Female,48,10,76753.5,2,1,1,149044.64,0
702,Spain,Female,37,3,38590.25,3,1,1,73529.93,0
794,Spain,Female,23,8,0.0,1,1,1,6927.23,0
621,France,Female,33,0,211064.98,4,0,0,130657.83,1
374,France,Female,85,7,0.0,1,1,1,157718.54,1
695,France,Male,85,1,209296.35,2,1,1,135604.22,1
812,Spain,Female,72,2,0.0,1,1,1,37648.94,0
481,France,Female,25,2,0.0,1,1,1,86122.24,0
419,Germany,Male,68,9,211736.24,2,1,0,159997.01,0
476,France,Female,27,4,0.0,4,0,0,14688.6,0
756,Spain,Female,68,4,0.0,2,1,1,188794.04,0
629,France,Male,20,3,48141.02,2,1,1,8014.4,0
359,Germany,Female,39,6,122598.69,4,0,1,37413.83,1
644,Spain,Female,27,10,49000.98,2,0,0,122636.1,0
758,France,Female,87,7,0.0,4,0,0,94692.46,0
442,Spain,Male,60,1,0.0,4,1,1,120095.75,1
642,France,Male,86,5,191285.05,3,1,1,90618.64,0
464,France,Female,19,1,0.0,3,1,1,166671.61,0
359,Spain,Male,72,1,0.0,4,1,0,193027.17,0
550,Germany,Male,53,2,89925.88,3,1,1,154149.97,0
737,Germany,Female,52,7,43301.47,3,1,1,118991.74,0
685,France,Male,82,9,207238.15,4,1,1,75904.95,1
400,France,Female,21,2,0.0,4,1,0,126506.04,1
443,France,Female,87,10,201148.85,2,0,0,158773.17,0
620,Germany,Male,20,2,5464.29,3,0,0,157516.76,0
510,France,Male,44,3,71095.11,2,1,1,1832.1180000000008,0
516,France,Male,28,1,88874.92,3,0,0,139928.01,0
568,France,Male,56,0,79632.28,1,0,0,40529.26,1
730,France,Female,62,6,60858.01,2,0,1,106627.95,0
638,France,Male,65,4,27044.62,4,1,1,149093.76,1
777,France,Female,77,1,795.02,4,1,1,191557.87,1
401,Spain,Female,73,6,193677.96,2,1,1,7214.44,0
582,Germany,Male,88,3,114228.94,4,1,0,65547.16,1
625,France,Female,51,4,0.0,2,1,0,12319.04,0
729,Germany,Male,30,9,20544.26,1,1,0,154194.64,0
608,Spain,Male,29,4,0.0,4,1,0,34442.61,0
809,France,Male,38,4,0.0,1,1,1,24870.36,0
769,France,Female,62,7,115354.61,4,1,1,19310.44,0
695,France,Male,22,9,25263.38,4,1,1,142049.84,0
549,France,Female,88,8,0.0,1,1,0,18036.63,1
511,Spain,Female,91,5,0.0,4,1,1,89659.31,1
617,Spain,Male,30,3,110323.97,3,1,1,32049.44,0
582,France,Female,75,1,177253.86,3,1,1,126255.98,0
364,Germany,Male,62,1,77547.57,2,0,1,28857.62,0
465,France,Female,53,8,20624.24,1,1,0,46613.88,0
768,Germany,Male,72,8,94135.11,1,0,0,171420.0,0
579,Spain,Female,60,3,0.0,2,0,0,3356.45,0
825,France,Male,41,10,0.0,4,0,0,6953.4,0
473,France,Male,59,10,91981.52,1,0,1,146800.41,1
834,Germany,Male,28,6,222380.24,1,0,1,42369.94,0
754,Spain,Male,36,2,0.0,4,1,0,46396.86,0
529,France,Male,89,5,179371.66,2,0,1,1832.1180000000008,0
655,France,Male,31,9,7541.47,1,0,0,102165.21,0
845,France,Male,62,5,223931.83,4,1,1,79226.52,1
667,Germany,Male,39,5,53361.77,2,1,1,166674.3,0
816,Germany,Female,52,5,0.0,1,1,0,20752.63,1
405,Spain,Female,36,9,130913.82,3,1,0,198133.8305,0
431,Spain,Male,60,4,239957.47,1,1,1,11092.05,0
355,Spain,Male,59,2,0.0,3,1,1,44095.23,0
512,Spain,Female,63,5,55125.44,3,1,0,27993.26,0
745,France,Female,40,6,240181.8,4,1,0,155332.49,1
832,Germany,Female,60,10,202116.08,2,1,0,56749.36,0
621,France,Male,71,1,165855.05,2,1,1,4664.49,0
561,France,Male,71,10,102409.09,3,0,0,106117.57,0
816,Spain,Male,60,8,0.0,1,1,1,47743.02,0
644,Germany,Male,40,7,237667.61,2,1,0,123906.49,1
619,Spain,Male,57,2,17239.62,1,0,1,89350.4,0
392,France,Male,57,2,189375.05,3,1,1,17153.03,0
457,Germany,Female,88,4,0.0,3,1,1,180038.62,0
699,France,Female,45,2,242108.81,1,0,1,45350.1,1
699,France,Female,41,7,139601.33,1,1,1,1832.1180000000008,0
598,France,Female,73,8,70135.01,2,1,1,116491.83,0
701,Germany,Female,65,5,194979.69,3,1,1,165519.36,0
696,France,Female,49,7,246407.14,4,0,1,98556.12,0
382,Spain,Male,18,8,0.0,2,1,0,169895.42,0
768,France,Male,70,10,73684.8,4,0,1,14738.19,0
697,France,Female,72,7,86587.57,2,1,1,57058.71,0
459,Spain,Female,86,2,188705.05,3,0,0,128356.01,1
456,France,Female,55,1,0.0,2,1,0,154631.87,0
829,Spain,Female,56,10,2903.19,3,0,1,15687.0,0
477,Germany,Male,33,8,0.0,4,1,0,122385.81,0
366,France,Male,52,9,0.0,2,1,1,153925.74,0
365,Germany,Male,18,4,0.0,3,1,1,25323.7,0
464,Germany,Male,55,1,0.0,2,1,0,29522.57,0
664,Spain,Male,70,6,241799.89,3,1,1,101511.59,0
578,Spain,Female,76,7,0.0,3,1,1,86524.29,0
716,Germany,Male,67,2,13690.32,2,1,1,85067.75,0
466,Germany,Male,77,5,151841.28,3,1,0,173505.89,1
465,France,Female,67,4,109166.07,2,1,1,13120.72,0
552,Germany,Female,75,2,188509.91,1,1,0,147148.83,0
747,Spain,Male,50,8,0.0,2,0,1,163601.51,0
601,Germany,Male,62,5,16303.31,2,1,1,76894.0,0
731,Germany,Female,65,10,244983.13,4,1,1,138548.95,1
396,France,Female,60,0,14476.31,3,1,1,117383.51,0
555,Spain,Female,60,10,183093.34,2,1,0,52986.43,1
569,Spain,Female,75,7,225783.0,4,1,0,102386.6,1
384,France,Male,35,7,0.0,1,0,0,11577.32,0
507,France,Male,41,3,37697.35,3,0,1,161932.9,1
490,Germany,Female,56,0,51998.18,4,1,1,11193.26,1
578,France,Female,65,2,10294.77,3,0,1,58266.03,0
432,Germany,Male,56,4,32767.98,3,1,1,81906.94,0
485,France,Female,32,3,0.0,3,0,0,99907.0,0
830,France,Male,78,2,13409.69,1,1,1,106602.98,1
421,Germany,Male,58,0,0.0,1,0,1,120697.64,0
759,Germany,Male,50,7,0.0,1,1,1,183343.23,0
621,Germany,Male,82,7,106265.41,4,1,1,95516.28,0
389,Germany,Male,50,1,0.0,2,0,1,130481.96,0
550,Germany,Male,29,8,3783.69,4,1,1,17848.92,0
607,Spain,Male,90,10,0.0,3,1,1,168316.8,0
488,Germany,Female,46,10,0.0,4,0,1,67588.67,0
483,Germany,Female,84,2,0.0,4,1,0,118195.23,0
706,Germany,Male,56,4,118897.94,3,1,1,196162.1,0
366,France,Female,35,0,0.0,1,1,0,151510.54,1
815,France,Male,45,0,132433.16,4,1,0,81051.17,1
511,Germany,Female,85,9,127320.76,2,1,0,90287.04,0
541,Spain,Male,87,10,0.0,1,1,1,29147.85,0
413,Germany,Male,28,2,209388.69,2,1,1,126273.67,0
791,France,Male,91,5,0.0,4,0,1,110576.91,1
461,Germany,Female,81,0,103869.77,2,0,1,118568.44,1
752,France,Female,65,8,200190.06,3,1,1,53522.97,0
513,Germany,Male,31,6,136217.02,4,1,1,142081.25,1
365,Spain,Female,61,3,171703.36,3,1,0,59711.33,0
554,Germany,Female,49,10,18793.76,1,1,0,89427.85,0
612,Germany,Female,27,1,0.0,1,1,0,29863.96,1
584,France,Female,90,2,132950.36,4,1,1,143019.63,1
844,France,Male,62,8,0.0,1,0,0,35162.67,0
610,Spain,Female,25,4,79135.52,2,1,1,117461.89,0
740,Germany,Female,43,7,240158.07,1,1,0,165084.18,0
535,Germany,Male,80,2,190081.33,4,0,1,117994.78,0
422,France,Male,50,7,195427.91,3,0,0,120991.21,0
599,France,Female,54,6,0.0,3,1,0,175961.34,0
630,France,Female,28,0,0.0,1,1,0,198133.8305,1
559,France,Female,26,3,82581.4,3,1,1,39015.1,0
734,France,Female,90,3,29607.95,3,1,0,95275.99,0
833,Spain,Male,88,6,0.0,4,1,0,72507.83,1
390,Germany,Male,25,4,8958.04,3,1,0,13967.58,0
383,France,Female,58,5,187871.87,3,1,1,73379.02,0
487,France,Female,68,1,0.0,3,0,0,139904.15,0
643,France,Male,83,10,0.0,4,0,1,170287.92,0
371,Spain,Female,59,8,122474.76,1,1,0,164464.64,0
447,France,Female,82,7,0.0,3,0,0,4050.39,1
554,Spain,Male,26,3,185635.13,4,1,1,79007.13,0
538,Spain,Female,19,7,0.0,3,1,1,189723.88,0
774,France,Female,52,2,50163.32,4,1,0,110674.28,0
623,Germany,Female,37,5,0.0,1,1,0,196040.19,0
787,Spain,Male,73,2,213469.78,4,1,0,68846.23,0
730,France,Male,42,3,0.0,3,0,1,79973.48,0
557,France,Female,48,7,0.0,1,0,1,91130.07,0
839,Spain,Male,57,3,33335.18,4,1,1,170610.29,0
772,Spain,Female,89,8,116117.68,4,0,0,58018.29,1
597,Germany,Male,23,5,148060.79,3,1,1,87468.96,0
776,Germany,Female,58,10,0.0,4,0,1,157120.54,0
478,France,Male,46,2,0.0,4,1,1,66141.62,1
454,Spain,Female,20,10,0.0,2,1,0,81560.54,0
746,France,Female,78,1,0.0,4,1,0,176117.36,0
745,France,Female,85,6,0.0,2,1,0,70466.46,1
461,Germany,Male,30,4,0.0,1,1,1,109444.25,0
727,Spain,Male,74,8,218056.29,1,0,1,13547.37,1
604,Spain,Female,69,1,0.0,3,1,0,190143.06,0
629,France,Male,70,2,144833.95,1,0,1,132384.43,0
774,France,Male,52,2,202156.14,4,1,0,192562.68,0
430,Spain,Female,41,10,243833.22,4,1,0,162423.21,0
552,Spain,Male,23,5,159329.81,1,1,1,152688.67,0
495,Germany,Female,20,1,0.0,1,0,0,27032.48,0
629,Germany,Male,31,8,61961.47,1,0,1,97324.81,0
429,France,Female,57,3,0.0,3,0,0,3076.64,0
409,France,Male,28,2,246427.5262,1,1,0,112315.76,1
698,France,Female,68,5,52577.96,3,1,1,191391.11,0
378,France,Male,63,8,242521.17,4,1,1,77277.12,1
559,France,Female,43,9,67072.29,3,1,1,69602.45,0
844,Spain,Male,24,0,0.0,4,1,1,57185.36,0
846,France,Male,56,9,0.0,2,1,0,115076.61,0
439,France,Male,78,10,0.0,4,1,1,180925.46,1
814,Germany,Male,47,3,0.0,4,1,1,117748.52,0
518,France,Male,77,5,0.0,2,1,0,150803.73,0
449,France,Female,39,4,210604.77,2,1,1,73644.83,0
602,Germany,Female,23,5,216598.88,3,0,1,74055.98,0
594,France,Female,66,7,217062.08,4,0,1,47417.26,0
537,Germany,Female,83,7,96562.2,1,1,1,19367.73,1
564,Spain,Male,83,5,7666.52,2,0,1,167124.37,1
398,France,Female,88,5,41163.07,4,0,1,145385.07,1
482,Spain,Male,25,5,0.0,1,1,1,26285.83,0
448,Spain,Male,21,4,60599.55,4,0,0,107576.28,0
817,Spain,Female,60,1,13823.48,1,1,0,125029.2,0
597,Germany,Male,88,4,69235.18,3,1,0,172987.62,0
623,Germany,Male,91,7,147240.02,2,0,0,28190.65,1
569,Germany,Male,38,10,35264.97,1,0,1,22638.7,0
793,Germany,Female,45,8,78935.7,1,0,0,51518.3,0
749,France,Female,67,9,0.0,4,0,1,47759.85,0
695,Spain,Female,85,8,0.0,2,0,0,29444.36,1
506,Germany,Female,30,5,0.0,4,1,1,175464.82,0
504,Spain,Male,90,7,223256.58,3,1,1,198133.8305,0
821,France,Male,78,9,0.0,4,0,1,131014.63,0
815,France,Male,23,2,171053.57,2,1,0,151442.22,0
491,Germany,Male,80,1,245754.56,3,1,1,104919.44,1
518,Germany,Male,65,2,182818.78,1,1,1,124923.87,1
515,France,Male,90,5,11775.65,2,1,0,170131.15,1
742,France,Female,33,8,54561.61,3,0,0,177180.6,0
825,France,Male,91,4,159365.53,2,1,0,65226.17,1
794,Germany,Male,21,10,159761.08,1,1,0,159495.45,0
771,France,Female,23,3,0.0,2,1,0,3219.81,0
524,Spain,Male,51,5,39708.7,4,1,1,24357.06,0
508,France,Male,66,10,245304.2,4,1,0,58650.92,1
795,France,Male,30,1,129072.74,2,1,1,98642.73,1
548,France,Male,38,9,230103.11,1,0,1,46503.4,0
457,Germany,Female,46,1,132335.76,1,1,1,174147.03,1
771,France,Male,27,9,46728.7,3,1,1,108371.16,0
590,Germany,Female,31,3,87754.71,3,1,1,82690.14,0
393,Spain,Male,29,6,55291.58,4,0,0,158795.89,0
798,France,Female,88,7,66056.38,3,1,0,141109.44,0
497,Germany,Male,87,4,222589.46,2,1,1,150771.09,0
504,France,Male,64,6,0.0,1,0,1,64748.62,0
616,France,Male,68,8,0.0,3,1,1,62736.96,0
485,France,Female,28,9,91135.58,2,0,1,60014.51,0
765,France,Male,21,1,154314.41,4,1,1,158099.32,0
696,Germany,Female,45,5,50221.53,3,1,1,76379.69,0
632,Germany,Male,90,9,0.0,3,1,0,24572.86,0
450,Germany,Male,53,6,218030.01,3,1,1,100324.89,1
595,Germany,Female,77,0,59805.08,3,1,0,42143.09,1
486,Germany,Male,45,1,234090.72,3,1,0,115400.23,1
832,France,Female,40,9,11786.01,4,1,1,104994.97,0
747,France,Female,78,4,162709.55,1,0,0,54289.52,0
408,France,Male,52,7,166310.63,1,1,0,185158.39,0
614,Germany,Female,72,9,0.0,2,1,0,88074.92,1
740,Spain,Female,71,0,166308.01,3,1,0,106436.13,0
612,France,Female,71,5,0.0,2,0,0,142841.95,1
413,Germany,Male,68,1,95442.24,4,1,1,127536.7,0
420,Spain,Male,77,9,219369.88,4,1,0,8002.45,0
717,Spain,Female,52,4,238103.64,1,1,1,98603.43,0
612,Germany,Female,40,9,42528.48,3,1,0,180456.5,1
622,Germany,Female,55,3,171024.75,1,1,1,177799.0,0
485,Germany,Female,42,1,38677.54,4,1,1,25829.02,1
482,Spain,Male,21,9,8750.13,1,1,0,59511.51,0
554,France,Male,44,6,37382.71,1,0,0,55022.87,0
622,Spain,Male,55,2,158663.96,3,1,1,183188.11,0
584,France,Male,56,7,0.0,2,1,0,193655.8,0
790,Spain,Female,43,4,126759.17,2,1,0,87762.49,0
444,France,Male,71,0,0.0,2,1,1,139102.31,0
586,France,Male,39,2,0.0,2,1,0,33402.31,0
467,France,Female,65,8,40404.56,3,0,1,131971.26,0
355,France,Male,37,1,51984.4,3,1,0,9597.87,0
557,France,Female,91,3,0.0,4,0,0,15662.54,0
378,France,Female,66,2,83325.15,3,1,1,78743.46,0
536,France,Female,59,8,223.27,4,1,0,171384.52,0
666,France,Male,49,9,0.0,3,0,1,2577.27,1
538,Spain,Female,73,8,0.0,1,1,0,66107.61,1
689,Spain,Female,49,7,0.0,4,0,1,126886.86,0
497,Germany,Female,77,0,163329.69,2,1,1,61326.76,1
551,France,Female,29,10,190784.96,2,1,0,1832.1180000000008,0
788,France,Female,78,1,242189.72,4,1,1,106184.05,1
471,Spain,Female,89,4,0.0,4,1,1,24645.28,0
600,France,Female,35,9,0.0,4,0,0,63061.18,0
708,France,Female,34,2,0.0,3,1,1,179850.09,0
531,Spain,Male,88,2,53980.0,2,1,0,118676.71,0
502,Spain,Female,48,0,242188.28,2,1,0,146387.91,0
699,France,Male,69,3,133860.73,2,0,0,31762.62,1
387,Germany,Female,32,5,62417.56,2,1,0,149609.09,0
483,France,Male,49,5,0.0,2,1,1,33840.07,0
555,Spain,Female,70,0,0.0,3,1,1,175315.83,0
458,France,Female,84,2,246427.5262,2,0,0,137985.24,1
620,France,Female,50,0,18677.65,3,1,0,134139.91,0
660,Germany,Female,23,2,83868.04,1,0,0,44048.25,1
833,France,Female,48,6,0.0,4,0,1,86345.88,0
651,Germany,Male,65,0,0.0,2,0,0,7951.17,0
646,France,Female,82,1,77948.63,3,1,1,69201.4,0
713,Spain,Male,79,5,0.0,4,1,0,4563.02,1
454,Spain,Female,74,6,166123.39,4,1,1,1832.1180000000008,0
585,France,Male,30,9,0.0,2,1,0,36177.19,0
766,Spain,Male,56,6,0.0,2,1,0,135393.75,0
437,France,Female,60,10,0.0,3,0,0,46684.57,0
496,France,Female,52,7,61452.63,3,1,1,180046.5,0
460,France,Female,86,6,95719.4,4,0,1,110564.04,0
830,Spain,Male,89,4,0.0,2,0,0,89786.94,0
527,Spain,Male,33,1,182855.41,3,1,0,84715.43,0
512,Spain,Male,88,7,0.0,1,0,1,89740.39,1
758,Spain,Female,80,10,0.0,3,0,0,42020.23,1
805,Spain,Male,70,4,50001.01,3,1,1,83680.25,1
355,France,Male,46,3,105159.86,3,0,0,2780.12,0
790,Spain,Female,74,1,45121.01,1,0,0,83074.94,1
704,Germany,Female,61,6,238036.46,2,1,1,76372.39,1
782,France,Female,84,3,43443.41,1,0,0,8552.81,1
393,Germany,Male,70,0,214669.34,2,1,0,121683.82,0
369,France,Male,89,0,0.0,2,1,1,157196.21,1
518,France,Female,49,3,202704.46,2,1,1,38197.29,0
775,France,Male,24,5,222140.34,4,0,1,92198.37,0
599,France,Female,54,5,0.0,3,0,0,182660.77,1
711,France,Male,91,8,0.0,4,1,1,179919.85,1
472,Spain,Male,66,5,66748.47,1,0,1,51953.06,0
517,Germany,Male,70,8,165001.47,4,0,0,44064.44,1
789,Germany,Male,64,3,0.0,3,0,0,43837.28,0
595,France,Male,61,2,0.0,1,1,0,117815.32,0
740,France,Male,22,5,214490.92,4,1,1,167922.19,1
670,France,Female,48,1,145134.05,1,0,1,48708.14,0
437,Spain,Female,24,8,65155.92,4,0,1,128534.31,0
822,France,Male,42,2,223045.21,1,1,1,141997.37,1
824,Germany,Female,71,10,3817.26,3,0,0,26855.27,1
740,Spain,Male,77,10,0.0,3,1,0,17864.66,0
585,Germany,Male,34,5,0.0,1,1,0,17724.12,0
564,Spain,Male,66,3,0.0,4,1,1,90110.98,1
499,France,Female,34,3,15726.08,4,0,1,51355.55,0
673,Spain,Female,32,4,237808.85,2,1,0,71347.68,0
505,Germany,Female,89,5,16758.3,1,0,1,195072.94,0
443,Spain,Female,63,0,243440.4,3,1,1,64790.72,0
380,Germany,Female,32,2,105157.26,4,1,0,65782.62,0
562,Spain,Male,28,8,0.0,1,1,1,148044.9,0
758,Spain,Male,21,0,0.0,1,1,1,188286.24,0
746,France,Male,54,4,124011.69,3,1,1,129043.79,1
775,Spain,Male,25,9,97511.95,2,0,0,153893.57,0
653,Germany,Female,61,0,160040.43,4,1,1,45621.19,0
784,France,Male,50,10,0.0,3,1,0,37481.6,0
742,Spain,Male,65,5,8588.42,3,1,0,198133.8305,0
754,France,Male,33,4,206159.85,2,1,1,193107.05,0
605,Germany,Female,28,7,0.0,3,1,1,68822.53,0
392,France,Female,25,8,171671.13,2,0,1,160829.32,0
540,France,Female,25,5,143793.47,2,1,0,56428.48,0
774,Spain,Female,23,0,153548.09,1,1,1,10797.09,0
722,France,Female,37,10,54734.93,2,1,1,138791.38,0
356,France,Female,77,0,233665.16,4,1,0,107692.08,1
396,France,Female,62,9,111930.68,2,1,1,10515.61,1
679,France,Female,36,4,230024.2,1,1,0,84697.71,0
840,Spain,Male,86,5,201729.51,4,1,0,117181.14,0
716,Spain,Female,74,8,180020.46,2,1,0,78938.57,1
825,France,Male,75,10,115029.47,3,1,1,8715.58,0
383,Germany,Male,84,1,5660.91,3,1,0,187340.5,0
791,France,Male,73,8,78803.04,2,0,0,185592.43,1
414,Germany,Female,88,7,166214.4,2,1,1,177357.15,1
793,France,Male,42,4,0.0,3,0,0,139502.43,0
838,France,Male,81,4,24781.84,2,1,1,180986.4,0
606,France,Male,26,8,0.0,1,1,0,171107.8,0
616,Germany,Female,40,1,0.0,1,1,0,108903.31,0
599,Germany,Male,84,5,76555.13,1,1,1,102406.58,0
627,France,Female,27,7,125478.26,2,0,1,123551.78,0
760,Spain,Female,55,5,0.0,1,0,0,56718.84,1
491,Germany,Female,43,4,0.0,4,1,0,23769.68,1
491,France,Male,25,5,52522.21,4,1,1,185817.58,0
835,Spain,Male,35,5,147951.42,4,1,0,98309.97,0
775,Spain,Female,57,8,0.0,2,1,1,17159.95,0
620,France,Male,64,9,0.0,2,1,0,189123.61,0
450,Germany,Male,67,10,179955.93,4,1,0,161678.24,1
828,France,Male,27,0,0.0,1,0,1,129285.63,0
790,Germany,Male,41,3,0.0,2,1,0,198133.8305,0
514,France,Male,25,9,34429.84,2,0,0,164207.26,0
621,Germany,Male,18,7,211345.27,2,1,1,15917.13,0
560,France,Male,46,4,185627.25,4,0,0,144053.89,0
772,Germany,Female,63,6,170181.61,4,1,1,23914.72,1
694,Spain,Female,45,5,3665.44,4,1,0,154914.99,0
597,France,Female,20,9,209102.46,1,1,0,53971.15,0
834,Spain,Male,34,6,37712.63,1,1,1,69760.57,0
654,Spain,Female,50,4,133372.25,4,1,1,166436.07,1
592,Spain,Male,44,6,0.0,1,0,0,26303.55,0
814,France,Male,79,2,157917.63,3,1,0,188744.11,1
575,Spain,Female,62,8,0.0,4,0,0,25378.23,1
559,France,Male,91,2,177213.03,1,1,0,5068.28,1
544,France,Male,30,0,189019.03,3,0,0,5129.68,0
460,Spain,Female,45,0,74692.2,4,1,1,161967.08,0
489,Germany,Male,24,0,94776.45,4,1,1,95958.85,0
395,Germany,Male,19,1,125363.23,2,0,1,101607.44,0
714,France,Female,86,0,146540.19,2,1,0,166906.85,0
645,Spain,Male,54,3,0.0,1,1,1,102621.35,0
817,Germany,Female,66,10,138893.68,3,1,0,191386.46,0
656,France,Male,38,1,177614.31,4,1,1,1832.1180000000008,0
390,Spain,Male,21,7,37687.57,4,1,0,32516.44,1
660,France,Male,84,9,98661.65,2,1,1,157619.61,0
437,France,Male,66,8,228326.36,3,1,1,183082.52,0
368,Germany,Male,70,3,54239.27,3,1,1,141224.98,0
681,Spain,Female,57,0,35915.22,3,0,0,59636.51,1
363,France,Male,47,4,186201.96,1,1,1,168116.06,1
554,France,Female,49,6,48607.29,4,1,0,44013.52,0
798,France,Female,74,8,114402.38,4,0,0,87734.81,1
478,Spain,Male,34,1,177957.92,3,0,1,156872.56,0
698,France,Female,43,3,0.0,2,1,1,80856.6,0
538,Germany,Male,40,6,225377.74,4,0,1,164964.3,0
406,Spain,Male,56,7,0.0,1,0,0,120681.28,0
448,France,Female,89,3,125737.64,1,0,1,172325.34,0
387,Germany,Male,86,9,0.0,4,1,1,46988.87,1
425,Germany,Female,58,8,72943.47,2,0,0,127110.3,0
431,Spain,Female,32,3,0.0,3,1,0,132472.67,0
792,France,Female,87,5,0.0,2,1,0,82911.1,1
754,France,Male,41,5,143195.52,4,1,1,86562.59,0
527,France,Female,44,7,62776.73,4,0,0,183461.34,1
712,Germany,Female,83,3,92782.86,3,1,0,44320.65,1
452,Spain,Male,37,3,58256.75,2,0,1,19143.3,0
669,France,Male,52,4,0.0,3,1,1,103197.36,0
451,France,Male,85,2,91892.73,1,0,0,176053.99,0
671,Spain,Female,41,6,231054.92,2,0,1,195314.3,0
529,France,Female,64,10,208724.47,1,0,1,179580.58,1
780,France,Female,20,3,0.0,3,1,0,154259.76,0
768,Germany,Male,91,9,119442.38,3,0,1,21762.3,1
517,France,Male,49,5,7869.63,2,0,1,124220.28,0
370,France,Male,67,1,115574.04,3,0,0,130190.22,1
511,France,Female,55,5,155944.21,2,1,0,98988.2,0
491,France,Male,50,5,0.0,1,1,1,168434.75,0
563,Germany,Female,48,0,0.0,1,1,0,196503.32,0
637,Germany,Female,19,5,229847.19,4,1,1,194479.43,0
845,Germany,Female,38,1,0.0,4,1,0,4087.56,1
381,France,Male,46,8,20558.36,2,0,0,7187.95,0
628,Spain,Male,45,5,0.0,1,1,1,10678.42,0
435,France,Female,38,3,55707.32,3,1,1,62499.72,0
623,Spain,Male,65,0,230829.51,2,1,1,149113.16,1
669,France,Female,79,6,157669.95,2,1,0,114950.37,0
755,Spain,Male,83,7,0.0,3,1,0,97218.59,0
630,France,Male,89,4,0.0,1,1,1,146954.92,0
439,France,Female,66,9,140697.16,1,1,0,51347.19,0
807,France,Female,48,2,210968.22,1,1,0,198133.8305,1
553,France,Male,65,8,209230.63,2,0,0,49500.02,0
590,France,Female,27,5,103725.76,4,1,1,74441.97,0
671,Germany,Male,78,3,212256.81,2,0,1,170437.51,0
482,Spain,Male,57,3,117988.53,4,1,0,157638.39,0
844,France,Female,30,4,104387.73,1,0,1,30536.09,0
372,Spain,Male,49,0,60813.36,4,1,1,12386.54,1
427,Spain,Male,40,7,206982.5,4,1,1,130823.02,0
846,Spain,Male,43,4,155015.88,1,1,1,139107.18,0
576,Germany,Female,21,7,107779.45,3,1,1,178520.37,0
797,Germany,Male,19,5,165594.16,3,1,1,6006.65,0
803,Germany,Male,43,10,0.0,2,1,1,173747.3,0
846,Germany,Male,40,0,49455.96,4,1,0,67495.57,1
713,Spain,Female,91,5,0.0,1,1,1,72388.61,0
692,France,Male,37,5,0.0,3,1,0,128938.18,0
657,France,Male,42,2,19005.46,3,1,1,171992.65,0
692,France,Male,85,7,83517.06,3,1,0,82659.66,0
478,Spain,Male,81,3,190448.25,2,1,0,1832.1180000000008,0
758,France,Male,22,8,63335.04,2,0,0,129612.21,0
443,Germany,Female,24,10,202728.76,1,1,0,110716.72,1
590,Spain,Male,25,9,238813.39,1,0,1,194293.76,0
537,Spain,Male,52,6,55992.61,3,0,0,105605.99,0
731,France,Female,60,7,0.0,3,1,1,126076.74,1
477,Spain,Male,44,9,0.0,3,0,1,174737.52,0
453,Spain,Male,18,10,0.0,4,1,1,54021.4,0
755,France,Male,32,7,120550.0,1,1,1,2855.16,1
593,Spain,Female,63,10,0.0,2,1,1,149844.86,0
711,France,Female,45,10,194673.33,1,1,1,136590.44,0
790,Germany,Female,27,1,0.0,2,1,0,176161.89,0
768,Germany,Male,66,5,0.0,3,1,1,46620.54,1
550,France,Male,63,3,220580.2,3,1,0,85975.51,1
435,France,Male,54,10,0.0,1,1,0,9721.91,0
830,France,Female,87,8,157678.33,1,0,0,142556.52,1
505,France,Male,80,9,9601.6,1,1,1,38170.8,0
735,Germany,Male,20,3,193991.43,2,0,0,110806.75,0
735,France,Male,84,9,222979.3,4,0,1,100937.84,1
571,France,Female,21,0,139159.66,2,1,1,81739.39,0
431,Germany,Female,53,10,175089.47,1,1,1,9743.8,0
586,Germany,Female,84,2,0.0,2,1,1,121215.73,0
422,Germany,Male,90,5,0.0,3,1,1,102309.36,1
526,Spain,Female,19,7,199526.6,2,1,1,48451.22,0
541,France,Female,23,8,218990.29,4,1,1,132418.8,0
609,Spain,Female,35,2,28804.07,1,1,0,194363.16,1
443,France,Female,38,6,4296.48,2,1,1,186144.88,0
773,Germany,Female,38,5,93397.97,2,1,1,177701.15,0
389,Spain,Female,48,8,0.0,2,0,0,150335.52,1
843,Spain,Male,41,3,193332.59,2,0,1,160145.29,0
506,Germany,Female,61,8,2149.31,3,0,0,142605.13,1
595,Germany,Male,81,6,0.0,2,1,1,81919.19,0
788,France,Male,58,8,0.0,1,1,1,37660.59,1
677,Germany,Male,42,9,174456.35,3,1,1,151419.94,0
378,Spain,Female,60,4,127314.65,2,1,0,123272.2,1
652,Spain,Female,63,4,0.0,4,1,0,161520.26,0
633,France,Female,84,8,109267.35,4,1,0,190722.66,1
817,France,Female,88,8,86460.21,1,0,0,78709.91,1
632,Germany,Female,38,9,0.0,2,1,0,180775.06,0
846,France,Female,85,6,111111.24,4,1,0,13801.25,1
615,France,Male,78,6,75856.61,4,0,0,51111.75,1
446,France,Male,27,0,0.0,2,1,0,93468.46,0
603,Germany,Male,59,5,180818.4,3,1,0,187872.38,1
809,France,Female,29,2,49219.36,1,0,1,194531.12,0
358,France,Female,54,9,185026.49,3,0,0,102192.84,0
549,France,Female,21,1,0.0,4,1,1,116585.17,0
373,Spain,Male,40,8,107818.33,2,1,1,89898.41,1
771,Germany,Male,61,9,54355.51,2,1,0,178564.15,0
606,France,Female,40,5,28324.46,3,1,0,170721.86,0
708,France,Female,18,7,99765.91,4,1,1,50649.52,0
835,Germany,Male,46,6,138770.35,3,1,0,13462.49,0
766,France,Male,58,7,75530.42,2,1,1,14651.04,1
554,Germany,Female,74,7,0.0,2,0,0,180136.25,0
818,France,Male,28,2,62409.33,1,0,0,145553.68,0
586,Spain,Male,53,7,61414.35,4,1,1,34405.16,0
840,France,Male,32,9,0.0,2,0,1,140515.85,0
842,Germany,Male,29,3,0.0,4,1,1,81872.44,0
461,France,Male,27,3,0.0,2,0,1,116845.22,1
740,Spain,Male,74,3,0.0,2,0,1,119705.35,0
699,Spain,Male,86,10,0.0,4,1,0,136371.7,1
735,Germany,Female,67,9,0.0,1,0,0,56592.98,0
434,France,Male,45,3,166897.81,4,0,0,185012.74,1
602,France,Female,88,10,170068.24,4,1,1,175606.43,0
425,Spain,Male,54,8,0.0,1,0,0,2455.66,0
799,Germany,Female,57,4,79149.09,1,1,1,137297.69,1
787,France,Male,64,9,0.0,2,1,0,108044.09,1
641,France,Female,66,10,239772.58,4,0,0,101461.09,1
415,France,Female,54,9,108490.05,2,0,0,22517.55,1
679,Spain,Female,53,5,166320.84,1,0,1,107644.41,0
570,Germany,Female,41,2,110587.42,2,1,1,147403.81,0
744,Germany,Female,68,1,233150.42,1,1,0,2924.41,1
399,Germany,Female,67,9,0.0,3,1,1,84776.54,1
553,France,Female,50,8,114599.99,1,1,0,124213.34,0
531,France,Male,70,7,0.0,2,1,1,29720.02,0
827,France,Female,28,0,182162.0,1,1,0,197684.12,0
499,Spain,Female,48,10,180327.22,1,1,0,137621.25,1
844,France,Female,91,1,184860.47,3,1,0,136863.94,1
811,France,Female,72,6,183235.06,4,1,1,90330.34,1
644,France,Male,71,10,117439.57,2,1,1,16952.33,1
437,France,Female,81,2,38891.12,1,0,0,180499.84,0
461,Germany,Female,63,5,217609.53,4,1,1,11284.4,1
358,France,Female,67,9,81208.3,2,1,1,155660.97,0
738,France,Male,53,2,27579.52,2,1,0,33768.91,0
713,Spain,Female,79,1,32195.49,4,1,0,143715.75,0
511,France,Male,70,5,0.0,3,0,0,97785.52,0
716,France,Male,56,8,106483.49,3,1,1,90761.81,0
639,France,Female,27,6,165881.66,3,1,1,198133.8305,0
759,Spain,Male,77,4,0.0,1,0,0,198133.8305,0
393,France,Female,42,7,26852.99,2,1,0,10919.98,0
449,Spain,Female,44,0,74187.19,3,1,1,179302.45,1
754,Spain,Male,27,3,224063.7,4,1,0,1832.1180000000008,0
535,Germany,Male,34,9,0.0,3,1,0,120181.59,0
830,France,Male,27,4,0.0,2,1,0,164061.42,0
791,Germany,Female,25,10,0.0,4,1,0,64336.14,0
397,France,Female,19,6,0.0,3,1,0,140378.95,0
552,France,Female,39,10,0.0,1,0,1,121038.9,0
716,Germany,Male,73,6,0.0,2,0,1,91863.12,0
418,France,Male,81,4,0.0,4,1,1,170215.21,0
781,France,Male,34,10,0.0,2,1,1,136680.0,0
399,France,Male,49,2,0.0,3,1,1,159083.47,0
404,France,Female,79,4,199692.81,1,1,1,15245.2,1
622,France,Male,70,7,120888.97,3,0,0,41468.55,0
473,Germany,Female,84,9,7068.38,2,0,1,119986.38,0
670,Spain,Male,49,2,0.0,1,0,1,164924.59,0
546,France,Female,30,10,0.0,4,1,1,154232.03,0
485,Germany,Female,28,4,175939.03,2,1,1,93645.39,0
769,France,Female,70,3,121575.87,4,1,1,164135.02,0
429,France,Male,19,1,246427.27,3,0,0,177289.73,0
597,France,Male,52,0,29261.47,4,1,0,118565.39,0
434,France,Male,44,6,39572.05,2,0,0,29931.01,0
418,France,Male,86,6,64581.84,3,1,0,121168.43,0
452,France,Male,91,1,200886.23,4,0,1,62758.25,1
478,France,Female,53,9,0.0,3,0,1,71572.95,0
556,Germany,Female,60,5,193190.46,3,0,1,178724.18,1
584,France,Female,46,0,219905.71,4,0,1,197065.21,1
419,France,Male,75,9,0.0,2,1,1,141953.37,0
369,France,Male,39,2,79643.24,3,1,0,62704.77,0
397,Germany,Male,73,7,150095.53,3,1,0,55987.23,1
666,France,Male,84,7,102467.93,4,1,0,8441.49,1
837,Germany,Female,30,8,130960.15,4,1,0,11956.86,0
362,France,Male,34,8,0.0,2,1,1,14946.69,0
367,France,Female,45,10,99095.63,4,1,0,135283.31,0
741,Spain,Male,79,0,0.0,3,0,1,38098.12,0
713,France,Male,65,4,21860.11,2,1,0,16367.75,0
717,France,Male,32,4,0.0,2,0,1,198103.25,0
436,France,Male,45,4,9446.48,4,1,1,142807.51,1
783,Spain,Male,65,2,229878.9,1,1,1,120487.77,1
662,Germany,Male,89,2,0.0,4,0,1,109467.99,0
429,Germany,Female,51,10,214824.41,1,0,0,191472.18,1
407,Spain,Female,23,9,137060.44,3,1,1,123062.93,0
651,France,Male,25,7,49083.72,4,1,1,7238.08,0
740,Spain,Male,20,6,57832.1,1,1,0,117884.8,0
741,France,Female,27,5,0.0,3,1,1,86138.82,0
644,Germany,Male,48,7,198505.68,3,1,0,198133.8305,1
608,France,Female,38,9,0.0,1,1,0,97069.79,0
698,France,Male,40,4,60557.86,3,1,1,156606.08,0
415,Spain,Female,74,5,173169.48,4,1,0,163679.71,0
532,France,Female,53,10,0.0,4,1,0,10379.78,1
399,Spain,Female,71,10,0.0,4,1,0,192709.78,1
770,France,Female,58,2,15134.06,2,1,0,103919.39,0
653,Germany,Male,33,2,0.0,3,1,0,165910.06,0
739,Spain,Male,88,2,57305.32,1,1,0,128194.14,0
599,France,Male,53,0,153025.08,2,1,0,90195.11,0
815,Spain,Female,79,7,0.0,4,1,1,54786.32,0
815,Germany,Female,25,4,245082.74,2,1,0,37604.9,0
658,Germany,Male,80,0,147648.49,3,1,0,142428.4,1
767,France,Male,70,2,142826.39,4,0,0,15523.95,1
680,Germany,Female,36,5,0.0,3,1,0,48683.91,0
712,Germany,Male,76,9,246427.5262,1,0,0,105089.79,1
473,France,Female,72,7,0.0,4,0,0,43962.4,1
842,France,Male,84,5,148473.87,1,1,0,109963.58,1
442,France,Male,33,2,215881.2,4,0,1,72236.96,1
697,Spain,Female,83,3,0.0,1,0,0,53855.88,1
654,France,Female,74,8,191057.34,2,1,0,143173.47,1
396,Germany,Male,43,8,0.0,3,1,1,48518.59,0
738,Spain,Male,43,9,140812.77,1,1,0,39440.9,0
388,France,Male,36,5,216689.04,2,0,0,33942.4,0
605,France,Female,53,3,177414.28,4,0,1,40550.69,1
758,Germany,Male,84,5,179183.37,4,0,0,2527.04,0
412,France,Female,79,9,227435.37,3,0,1,143081.0,0
530,Germany,Female,28,1,0.0,4,1,1,113092.37,0
604,Germany,Female,27,9,63855.98,4,1,1,9557.6,0
813,Germany,Male,22,10,45906.3,4,1,1,96524.76,0
541,France,Female,63,9,0.0,2,1,0,166999.98,1
409,Germany,Female,41,7,58728.04,2,1,1,95873.96,0
415,Germany,Male,74,4,0.0,4,0,0,198133.8305,1
449,France,Female,74,9,0.0,2,0,1,20482.61,0
784,Germany,Female,32,1,0.0,3,1,1,122780.36,0
737,Spain,Male,69,8,228368.6,3,0,0,105277.93,0
559,Germany,Female,74,4,0.0,4,1,0,117148.35,1
774,France,Male,91,5,246427.5262,4,1,1,103637.3,1
810,France,Male,71,5,0.0,2,1,0,112482.78,0
784,France,Female,44,0,0.0,2,1,1,181949.37,0
355,France,Male,91,10,0.0,4,1,1,72879.68,0
399,France,Female,38,7,190729.39,2,1,0,132000.23,0
713,Spain,Male,77,6,0.0,3,1,0,44408.35,0
541,France,Male,45,1,0.0,3,0,0,71056.85,0
429,Spain,Female,87,8,0.0,2,1,0,107522.28,1
673,France,Male,75,10,105617.78,3,1,0,141749.71,1
528,France,Female,62,8,0.0,3,1,0,182689.0,0
810,France,Male,33,2,0.0,1,1,1,140753.35,0
638,France,Male,31,1,239841.31,1,1,1,137871.06,0
469,Spain,Male,88,4,186738.19,2,1,0,85538.64,0
818,Spain,Male,77,0,0.0,4,1,1,47374.83,1
650,Spain,Male,55,6,226861.1,2,1,1,142010.85,0
498,France,Male,82,5,44487.97,2,1,1,74753.87,1
421,Spain,Male,75,5,105532.75,2,1,1,174946.87,0
628,France,Female,46,10,162917.45,4,1,0,172343.1,1
724,Spain,Male,79,7,205615.28,1,1,1,15698.98,0
768,Germany,Female,76,4,0.0,3,0,0,7695.03,1
413,France,Female,53,8,30382.77,3,0,0,92149.56,0
566,France,Female,19,4,0.0,1,0,0,44872.31,0
846,France,Female,72,8,73513.42,1,1,0,47898.42,1
681,France,Female,43,10,0.0,3,1,1,82136.46,0
396,Spain,Female,44,9,246427.5262,1,1,1,156295.21,0
809,Spain,Female,70,5,39263.95,1,1,0,33066.21,0
693,Spain,Female,78,5,26095.13,2,1,1,190413.34,0
580,France,Male,24,4,0.0,1,1,0,121194.21,0
739,Germany,Female,78,5,216032.01,1,1,0,153086.2,0
674,France,Male,39,10,40552.07,3,1,1,31631.49,1
479,Germany,Male,59,9,0.0,3,0,0,30011.62,1
749,France,Female,82,6,0.0,4,1,1,63277.23,0
477,France,Female,34,3,158074.52,3,0,1,178958.92,0
464,Germany,Female,34,4,38673.13,1,0,0,167382.47,1
648,France,Male,89,2,0.0,3,1,0,53207.62,0
359,France,Female,45,2,0.0,1,0,0,83256.33,1
665,Germany,Female,88,0,130648.98,1,1,0,99962.49,1
625,France,Male,44,8,7615.96,1,1,1,64932.88,0
710,Spain,Female,63,8,0.0,1,1,0,190027.49,0
429,Germany,Female,55,1,53545.56,4,1,1,135878.29,0
640,Spain,Female,90,7,111524.25,3,1,0,86257.25,1
571,Germany,Male,58,1,0.0,3,1,0,1832.1180000000008,0
437,Germany,Male,55,3,0.0,1,1,0,11581.1,0
576,Germany,Male,52,2,0.0,1,1,0,109602.47,1
812,Spain,Female,45,1,33362.27,1,1,1,151105.74,0
762,Germany,Female,50,8,11342.33,3,0,1,123305.57,1
433,France,Male,52,0,65105.02,4,0,1,162276.94,0
774,France,Female,74,4,101067.01,3,1,1,154798.47,1
633,Germany,Male,21,5,0.0,1,0,0,160673.79,0
373,France,Female,55,6,7581.81,2,0,0,121832.41,0
810,France,Male,58,2,87747.54,2,0,1,172519.66,0
613,France,Female,73,5,232361.01,2,0,0,67457.6,0
807,Germany,Male,67,8,144095.04,1,0,1,30791.22,0
399,France,Male,49,4,206690.86,2,1,1,160108.29,0
434,Germany,Female,26,10,120878.52,1,1,0,59646.44,0
801,Spain,Female,45,4,0.0,1,1,1,46016.1,0
469,Spain,Male,36,8,46734.78,4,0,1,111321.33,0
625,France,Female,33,1,189520.58,1,0,0,112331.18,0
651,Germany,Male,71,9,216026.88,4,1,1,15066.24,1
825,Germany,Male,53,5,116885.45,1,1,0,124870.94,1
518,France,Female,76,10,123114.16,1,1,0,45571.79,0
727,Germany,Male,28,7,112530.57,4,1,0,26658.56,1
716,France,Female,90,8,4590.78,1,0,0,192945.26,1
701,Spain,Male,53,1,23877.46,1,0,1,58335.35,0
611,France,Male,36,6,246427.5262,2,1,1,82317.75,0
385,Spain,Female,44,8,0.0,1,1,0,28645.43,0
483,Germany,Female,80,8,87242.26,3,1,0,189335.41,0
631,France,Female,70,4,172671.56,3,0,1,3128.69,0
555,Germany,Female,30,6,106207.74,3,0,1,1886.6,0
442,France,Female,91,1,0.0,1,1,0,81152.1,1
696,Spain,Male,27,4,0.0,2,1,1,24201.67,0
581,Germany,Female,38,5,0.0,1,0,1,38930.26,1
743,France,Female,71,0,33686.07,4,1,0,57530.24,1
624,France,Female,57,10,51205.52,1,1,1,93834.95,0
535,Spain,Female,50,7,132075.95,4,0,0,177998.56,0
404,France,Male,86,2,0.0,4,1,0,84449.27,0
402,Spain,Male,76,9,103520.27,3,0,0,157836.35,0
604,Spain,Male,89,7,73393.47,4,0,0,192133.07,1
526,Germany,Male,38,7,100418.0,4,1,1,168802.3,1
709,France,Male,80,10,23585.83,4,1,0,170631.76,0
665,Germany,Male,33,4,0.0,2,1,1,159817.04,1
492,Spain,Female,77,3,0.0,4,1,1,22930.7,0
730,France,Female,58,6,168943.67,2,0,1,34180.83,0
633,France,Female,62,9,111167.41,1,1,1,54861.52,0
790,France,Male,26,8,153537.7,2,0,0,134959.48,0
827,France,Female,83,8,0.0,4,0,0,83804.45,1
831,Germany,Male,38,8,12888.79,1,0,0,100519.2,0
413,France,Male,62,0,98605.33,3,0,1,162546.47,0
615,Germany,Female,30,5,164207.17,1,1,1,6601.52,0
364,France,Female,86,3,0.0,2,1,0,173140.82,0
790,France,Female,41,3,89743.25,4,0,0,112868.63,0
702,France,Male,74,9,204818.03,4,1,1,118301.6,1
481,Spain,Male,74,4,189228.99,4,0,0,56101.89,1
654,Germany,Female,58,9,0.0,4,1,0,32981.1,0
630,France,Male,26,9,0.0,3,1,0,114402.07,0
622,Spain,Female,38,5,0.0,1,0,0,168450.11,1
620,France,Male,63,1,109367.67,3,1,0,151147.1,0
843,France,Male,57,7,193390.05,2,1,1,159941.1,1
735,France,Female,61,9,205791.64,1,1,0,67490.17,0
551,Spain,Female,36,4,20713.56,3,1,1,125758.76,0
737,Germany,Male,57,2,151647.65,1,0,1,113073.51,1
420,Germany,Male,24,5,0.0,1,1,0,17771.06,0
492,France,Male,53,10,56764.77,2,1,1,107805.5,0
408,France,Female,24,5,86839.77,1,1,1,1832.1180000000008,0
793,Germany,Female,67,4,98711.99,3,1,1,147101.11,0
361,France,Male,59,4,98634.44,4,1,0,177791.24,1
796,Spain,Male,81,8,0.0,3,1,1,177541.97,0
766,Spain,Female,52,3,15201.61,1,1,0,64782.14,0
825,France,Male,29,8,194797.44,3,1,0,122121.64,0
733,Germany,Female,35,10,30719.27,4,1,0,149227.31,1
579,Spain,Female,78,8,0.0,4,0,1,128087.06,0
756,France,Female,88,10,4273.59,1,1,0,2755.88,0
844,Germany,Male,22,8,196756.5,1,0,0,104949.6,1
797,Spain,Female,68,9,0.0,1,1,1,102988.07,0
743,France,Female,53,0,163964.57,2,0,1,161897.47,0
734,Spain,Male,37,3,0.0,4,0,1,160808.72,0
677,France,Female,55,3,0.0,1,1,0,131765.89,1
796,Germany,Female,87,9,0.0,3,1,1,31019.86,0
566,Spain,Male,32,2,0.0,4,1,1,111912.39,0
600,Germany,Male,79,10,181285.25,4,1,0,177211.04,1
772,France,Female,24,7,32793.97,2,1,0,32591.55,0
481,Germany,Female,71,1,234926.05,3,0,0,171486.43,0
732,France,Female,23,7,0.0,2,1,1,16577.32,0
405,France,Female,22,3,418.58,3,1,0,192651.95,0
643,France,Female,20,3,236230.75,4,1,0,193005.96,1
367,Germany,Female,77,10,33195.92,3,1,1,196800.01,0
846,France,Female,60,8,208485.3,2,1,1,68140.85,0
771,France,Female,69,8,82319.46,4,1,1,170710.17,1
474,Spain,Male,29,3,142015.51,2,0,1,68676.11,0
425,France,Male,86,7,0.0,1,1,1,20196.76,1
671,France,Male,77,3,0.0,1,1,1,86240.07,1
801,France,Female,54,6,0.0,3,1,1,160424.12,0
510,France,Female,84,4,37145.59,2,1,1,4897.07,0
831,Germany,Male,28,6,0.0,4,1,0,88211.83,0
579,France,Male,39,8,40176.0,3,1,0,120577.07,0
571,France,Male,21,3,5485.92,3,0,1,163120.33,0
519,Spain,Male,30,0,0.0,4,0,1,49887.85,1
485,Spain,Female,80,1,0.0,3,1,1,21955.42,1
517,Germany,Male,48,9,0.0,1,1,0,40549.42,0
436,Spain,Male,65,10,0.0,3,0,1,122452.78,0
538,Spain,Male,83,7,186422.81,3,1,1,123614.16,0
495,France,Female,74,1,0.0,4,1,1,71997.16,1
378,Germany,Female,47,6,218491.13,1,1,1,103478.14,1
531,Germany,Female,43,4,0.0,1,1,1,74606.47,1
369,France,Female,26,2,57150.62,4,1,1,18157.04,0
440,France,Female,79,4,0.0,4,1,1,18005.87,0
713,France,Female,90,8,0.0,2,1,0,101654.01,1
362,Germany,Female,55,10,0.0,4,0,0,185931.7,1
505,Spain,Male,54,9,103022.76,1,1,1,87516.08,0
692,Spain,Male,80,2,66622.94,3,1,1,104365.42,1
360,France,Male,43,5,0.0,2,0,1,161727.99,0
719,France,Female,48,5,27798.13,3,1,1,109016.69,0
390,France,Female,84,3,243706.6,4,1,1,10908.69,0
377,Germany,Female,46,4,237602.95,3,1,1,75224.99,0
448,Spain,Male,86,4,152197.02,1,1,1,4462.04,1
781,Spain,Female,29,0,0.0,4,1,1,183926.55,0
374,Spain,Female,54,4,9287.36,2,1,0,195954.88,0
399,Spain,Female,54,4,109270.76,3,1,1,44707.14,1
824,Spain,Female,40,3,221154.16,1,1,1,108960.78,0
655,France,Female,89,6,2880.54,4,0,1,15240.04,1
634,France,Male,53,7,0.0,4,1,0,44212.69,0
370,France,Male,83,0,0.0,2,1,1,17530.73,1
547,France,Male,34,3,168769.91,2,1,0,1832.1180000000008,0
638,France,Male,43,0,176209.75,2,1,0,130646.46,1
616,France,Female,53,9,0.0,4,0,0,87262.31,1
611,Spain,Male,59,10,54378.82,3,1,0,139061.85,0
406,France,Male,34,5,0.0,1,0,0,193937.58,0
845,Spain,Male,41,10,0.0,4,1,1,179161.59,0
701,Spain,Female,64,6,71633.46,2,1,1,7223.43,0
471,Germany,Male,38,9,40561.08,1,1,1,81788.47,0
835,Germany,Female,74,10,0.0,2,1,1,187102.33,0
501,France,Female,53,6,0.0,1,1,1,192474.63,0
415,Germany,Male,89,4,0.0,2,1,1,144722.25,0
797,France,Female,35,8,133078.79,3,0,1,50622.11,0
426,Spain,Female,80,1,1505.11,2,1,1,86144.56,0
380,France,Female,54,3,0.0,2,1,0,56442.87,0
664,France,Male,24,6,0.0,2,1,1,50779.5,0
482,Germany,Female,70,2,0.0,4,0,0,51742.96,0
426,Germany,Male,33,5,0.0,1,1,0,137823.2,0
401,France,Male,28,9,38826.73,4,0,0,140839.18,1
413,Germany,Female,57,8,138409.84,2,0,0,113934.04,1
831,France,Male,76,9,0.0,2,1,1,188116.72,0
685,Germany,Female,37,9,159504.34,3,1,1,152196.35,0
772,France,Female,64,3,0.0,4,1,1,84085.8,0
659,France,Female,19,7,0.0,2,0,0,164645.53,0
622,France,Male,31,4,80726.29,3,1,0,48473.29,0
459,France,Female,73,10,125495.43,2,1,1,83102.68,1
834,France,Female,18,1,0.0,4,1,0,10558.64,0
762,France,Female,44,2,0.0,4,0,1,183001.06,0
614,France,Male,55,10,0.0,4,1,0,55202.19,1
402,France,Male,22,2,0.0,3,1,0,20576.64,0
730,Germany,Male,90,6,246427.5262,2,1,1,154553.4,1
516,France,Male,55,3,83855.36,3,0,1,188970.95,1
454,Germany,Male,43,3,0.0,3,1,0,167802.5,1
720,Spain,Male,90,7,131054.65,1,1,1,64667.29,0
769,France,Female,59,8,80456.43,4,0,0,198133.8305,0
657,Spain,Male,68,2,0.0,4,1,1,55178.37,0
387,France,Female,24,10,52574.54,2,1,1,46074.27,0
650,France,Male,29,0,213915.77,1,1,0,40146.86,0
810,Germany,Female,21,1,165894.32,3,0,1,2995.02,0
693,Spain,Female,56,10,46997.36,1,1,0,116195.32,0
483,Spain,Male,79,0,101311.79,3,1,1,147047.14,0
673,France,Male,84,3,123108.13,2,1,0,121699.79,0
474,Spain,Female,60,1,130449.76,3,1,0,106534.42,0
788,France,Female,22,2,99273.73,4,1,0,128293.74,0
773,France,Male,64,0,146156.95,1,1,1,174240.36,0
634,France,Female,65,3,179185.33,1,1,1,61732.69,0
417,Spain,Male,62,3,126545.95,3,0,0,95207.91,1
551,France,Female,71,1,0.0,2,1,1,180539.01,0
410,Spain,Female,59,7,0.0,3,0,1,54284.85,0
733,Germany,Male,70,0,124437.95,1,1,0,9460.26,1
691,Germany,Male,53,5,0.0,4,1,1,66588.2,0
479,Germany,Female,29,3,61937.72,1,1,1,132784.75,0
778,Spain,Female,23,7,32841.22,1,0,1,12650.07,0
730,France,Female,85,3,73064.27,2,0,1,39291.43,0
819,France,Female,50,5,101540.91,4,0,0,86219.03,0
490,Germany,Male,41,8,0.0,1,1,0,75030.0,0
437,France,Female,39,1,54357.2,3,0,0,184481.43,0
590,France,Male,21,4,175536.52,4,0,1,105949.33,0
482,France,Female,87,6,0.0,3,1,0,177670.06,1
720,France,Male,24,8,39597.81,1,1,1,80035.94,0
563,France,Male,34,5,81582.14,1,1,0,116579.35,0
664,France,Female,51,8,0.0,3,1,1,112942.99,0
436,Spain,Female,44,8,45232.1,3,1,1,32164.3,1
392,France,Female,20,8,0.0,1,1,1,2977.68,0
819,Spain,Male,42,6,141456.37,2,1,0,53777.72,0
573,Spain,Male,75,10,0.0,1,0,1,10314.57,0
419,France,Female,36,0,103973.08,3,1,1,149138.55,0
756,Germany,Female,82,5,76986.67,2,1,1,169093.03,0
416,Germany,Female,44,8,0.0,3,0,1,68151.07,0
846,Germany,Male,18,1,46018.65,2,0,0,35093.87,0
543,France,Female,26,9,0.0,4,1,0,29909.65,1
583,France,Male,77,0,0.0,1,0,1,101874.41,1
479,France,Female,48,8,130572.96,1,1,1,88530.53,0
393,Germany,Female,90,2,226481.85,1,0,1,188754.7,1
554,Spain,Male,76,7,208134.98,4,0,0,181511.58,1
533,Germany,Female,20,9,0.0,2,1,0,189810.1,0
574,Germany,Female,41,8,57440.98,1,1,1,130572.34,0
595,Spain,Female,71,6,0.0,4,1,1,169758.22,1
665,Germany,Female,22,9,0.0,4,1,0,161446.31,0
386,France,Male,91,1,0.0,4,0,1,59612.19,0
531,Spain,Female,30,2,0.0,1,0,1,123138.55,1
782,France,Male,76,1,135839.29,1,1,1,101268.24,0
826,France,Female,80,7,1216.99,2,0,0,113895.83,0
619,Germany,Male,55,9,0.0,1,1,1,87883.97,1
533,Spain,Female,77,10,25109.92,4,1,1,49888.61,0
558,France,Male,83,5,0.0,2,0,0,159099.84,0
741,France,Male,72,1,0.0,2,1,1,30846.17,0
548,France,Male,70,1,155694.7,3,1,1,54014.21,0
823,France,Male,46,6,0.0,2,0,1,163125.28,0
364,France,Female,39,9,16637.82,2,1,1,179534.2,1
653,Germany,Female,82,10,0.0,1,1,1,187073.14,0
609,Spain,Female,34,7,237589.1,1,1,0,190824.18,1
576,France,Female,48,9,38690.49,1,1,0,28978.58,0
588,France,Male,55,5,63460.03,3,1,1,107910.67,1
429,France,Female,46,2,0.0,1,1,0,35841.65,0
523,France,Male,45,5,0.0,3,1,1,97294.17,0
527,Germany,Female,62,1,49382.35,2,0,1,147691.75,1
679,Germany,Male,42,7,18146.91,2,1,0,195048.44,1
649,Germany,Male,91,3,245205.29,4,0,1,193782.75,1
555,France,Male,31,3,151512.63,3,1,1,115536.3,0
609,Germany,Female,46,0,132435.99,2,1,0,78435.75,1
636,France,Female,80,10,222167.64,1,0,0,71881.59,1
373,France,Female,53,4,0.0,3,1,1,109347.73,0
793,Spain,Male,70,8,65770.82,2,0,1,23487.36,0
797,Spain,Male,65,5,118064.58,1,0,1,75498.48,0
532,Spain,Female,42,7,0.0,3,1,0,26726.45,0
731,Spain,Female,73,5,0.0,4,1,0,12357.98,0
549,Germany,Male,35,7,188407.62,3,1,1,192158.51,0
383,Spain,Female,73,2,27420.7,4,1,0,63519.06,1
783,France,Male,27,10,39803.69,1,1,0,94600.05,0
484,France,Female,69,4,93049.07,4,1,1,139211.62,0
529,France,Female,26,0,0.0,2,1,1,101975.35,0
638,France,Female,82,10,0.0,3,1,1,179893.96,0
570,France,Male,64,0,123948.6,1,1,0,181918.41,0
483,France,Female,20,5,12526.54,3,1,0,55588.21,0
751,Germany,Male,26,8,151974.05,4,1,0,85694.52,0
528,Spain,Male,31,4,195276.14,4,1,1,40049.04,0
646,Germany,Female,89,2,101929.06,2,1,1,186224.23,0
683,France,Male,61,2,120133.05,2,1,1,12044.91,1
817,Germany,Male,38,7,175150.0,4,1,0,161287.56,0
589,France,Female,38,6,58454.45,2,1,0,166210.92,0
585,France,Male,19,5,149415.97,4,1,1,175734.36,0
807,France,Male,33,5,157736.33,3,0,0,129999.68,0
589,France,Male,81,3,201160.92,3,1,1,103168.66,0
499,France,Female,62,10,0.0,4,1,0,120715.52,1
371,Spain,Male,45,2,235222.04,4,1,1,38268.63,0
512,Spain,Male,19,9,31581.6,4,1,1,35108.33,0
448,Germany,Female,43,8,204066.9,1,1,0,158477.99,1
502,France,Male,46,0,0.0,1,1,1,109012.84,0
620,Spain,Male,26,1,0.0,1,0,1,186430.78,0
612,Germany,Female,62,6,230702.79,3,0,1,53529.41,0
443,France,Female,66,1,0.0,2,1,0,56508.59,0
582,Germany,Male,91,9,0.0,1,0,1,102078.9,0
577,France,Female,44,4,0.0,3,1,0,15790.49,0
371,France,Male,38,9,0.0,1,1,1,148514.78,0
491,France,Male,78,1,229582.3,4,1,1,33379.46,0
712,Germany,Female,43,0,245559.11,2,1,1,112469.42,0
360,France,Male,64,7,69326.0,2,1,0,19752.3,0
500,France,Male,72,8,69346.75,1,0,0,81833.39,1
588,France,Male,83,10,152576.22,1,0,1,111740.01,1
433,Spain,Female,41,8,19045.42,1,1,1,106051.71,0
673,France,Male,64,8,148828.87,1,1,0,195040.93,0
708,France,Female,27,0,242172.27,1,0,0,134056.07,1
519,France,Male,75,6,74238.22,2,0,0,106633.36,1
465,Spain,Female,21,7,185686.26,3,1,0,130692.2,0
739,Germany,Female,69,4,0.0,3,1,0,147909.92,1
457,Spain,Female,33,10,71827.83,4,1,1,190939.76,0
423,France,Male,52,10,0.0,3,1,1,29469.26,0
366,France,Female,23,9,0.0,1,1,1,142830.77,0
395,Germany,Male,68,9,0.0,4,1,0,2576.08,1
786,France,Female,53,6,135198.75,4,1,0,1832.1180000000008,0
818,Spain,Female,67,9,0.0,2,1,0,142746.62,1
623,Spain,Male,43,0,29237.18,4,1,0,110856.14,1
811,France,Female,18,2,239424.42,3,0,0,159921.59,0
704,Spain,Male,60,7,137662.85,2,1,0,75536.43,1
553,Germany,Male,69,1,97953.81,1,0,1,30543.4,0
707,France,Male,67,8,19012.77,4,1,1,128689.79,0
560,France,Male,37,1,74062.05,3,1,0,104157.06,0
831,France,Female,71,3,109483.63,2,0,0,59687.89,0
776,Spain,Female,58,2,234266.68,4,1,0,93139.35,0
773,France,Male,33,5,189106.33,4,1,0,109680.93,1
615,France,Male,26,0,14761.24,3,1,1,41241.76,0
609,Germany,Male,42,8,0.0,1,1,1,146757.56,0
408,France,Female,19,9,0.0,2,1,0,121491.99,0
677,France,Female,70,8,212521.29,3,0,0,13193.49,1
407,Germany,Female,19,2,194106.87,1,1,0,100108.78,0
620,France,Male,21,3,54034.43,1,1,1,53973.33,0
415,France,Female,29,2,0.0,4,1,0,177751.79,0
588,France,Male,42,6,33093.85,3,1,1,90124.44,0
741,France,Male,19,9,125822.42,3,1,1,28736.66,0
504,France,Female,64,9,22469.4,2,1,0,133172.32,0
651,Spain,Male,27,10,62439.44,4,0,1,52848.36,0
480,Spain,Male,77,7,205336.92,2,1,1,191871.21,0
500,France,Male,59,2,0.0,1,0,0,7060.05,0
441,Spain,Female,24,4,0.0,4,1,0,26258.17,0
431,Germany,Female,47,3,0.0,2,0,1,198133.8305,0
536,Germany,Male,28,0,66229.57,4,1,1,189633.54,0
411,Germany,Female,90,8,1892.59,2,1,1,12216.69,1
796,Germany,Male,61,6,131801.87,2,1,0,75804.7,1
721,Spain,Female,77,10,0.0,3,1,0,188125.23,0
461,France,Male,45,9,117420.76,2,0,1,54160.16,0
793,Germany,Female,28,7,0.0,2,1,0,171888.69,0
533,France,Male,35,0,191987.73,2,1,0,104239.52,0
616,France,Female,48,4,130067.28,2,1,0,161534.61,0
700,Germany,Male,75,5,4730.98,2,0,1,132714.39,0
737,France,Female,49,7,84561.73,2,1,1,160887.29,1
355,France,Female,86,6,123602.03,4,1,1,68883.65,1
491,France,Male,44,8,62558.59,2,1,0,196921.42,0
518,France,Male,35,0,209412.98,3,0,1,79113.77,1
643,Germany,Male,54,1,106117.79,1,1,0,7644.55,0
787,Germany,Male,26,10,0.0,1,1,1,153603.0,0
569,France,Female,67,4,0.0,3,1,1,43538.68,0
582,France,Male,25,9,0.0,3,0,0,18550.43,0
393,France,Female,65,9,0.0,4,0,1,137023.97,0
613,France,Male,46,1,133186.51,3,1,1,155944.95,0
594,Germany,Male,44,7,173630.31,2,1,1,126644.12,0
668,Germany,Male,63,1,0.0,1,1,1,49065.01,0
774,France,Female,70,1,0.0,4,1,1,41954.1,0
634,France,Male,86,2,0.0,1,0,0,62639.38,0
375,Spain,Male,39,8,171816.52,4,1,0,137606.53,0
759,Spain,Male,78,1,0.0,2,0,0,11863.02,0
589,France,Male,79,7,0.0,3,1,1,172226.14,0
593,France,Male,91,4,161579.01,1,0,1,192594.13,1
787,France,Female,89,2,56036.2,4,1,1,176997.12,1
645,Spain,Female,76,2,0.0,2,1,1,84699.54,0
745,France,Male,39,3,40697.73,3,1,0,105435.93,0
790,France,Female,69,3,187054.02,1,0,1,102820.91,0
597,Spain,Female,76,3,246427.5262,2,1,0,119433.33,0
842,Germany,Female,39,5,86644.62,2,0,1,170966.48,1
435,France,Female,78,10,0.0,1,1,1,173105.4,0
786,France,Male,69,4,0.0,3,1,1,62187.69,1
775,France,Female,54,2,155455.87,2,0,1,22202.58,1
399,Germany,Female,81,6,0.0,3,1,1,111175.63,1
426,France,Male,24,9,0.0,1,0,0,7721.42,0
368,Spain,Male,68,6,0.0,1,1,0,135508.27,0
488,Spain,Female,76,5,205155.11,4,1,0,142590.64,1
846,Germany,Female,20,7,206649.93,1,1,1,134278.26,1
412,Germany,Male,48,9,81816.66,4,1,1,51709.05,0
366,France,Female,56,0,205686.91,3,1,1,148499.04,0
579,France,Female,33,10,40601.15,3,0,0,58562.22,0
527,Germany,Female,83,9,244719.8,3,1,0,84885.79,1
665,France,Male,64,10,0.0,3,1,1,139828.41,0
653,France,Male,38,5,0.0,2,1,1,62074.62,0
764,France,Female,50,9,0.0,4,0,0,177425.72,0
557,France,Female,26,0,0.0,1,0,1,65214.1,0
581,France,Female,24,4,17781.53,3,1,0,172008.4,1
361,Germany,Male,73,9,0.0,3,1,0,188042.97,1
836,Spain,Male,90,2,0.0,1,1,1,74910.48,0
456,Germany,Male,38,8,95331.17,3,1,0,10313.91,0
648,Spain,Male,36,3,0.0,4,1,1,50781.38,0
791,France,Female,68,6,62845.33,2,1,0,154049.44,0
652,Spain,Male,55,7,245779.56,3,1,0,19051.26,1
663,Germany,Male,28,9,0.0,2,0,1,175093.58,0
437,France,Female,67,3,0.0,1,1,0,119716.15,1
705,Spain,Female,33,8,127382.9,1,1,0,159402.79,0
445,France,Female,26,4,165456.36,1,1,1,151824.68,0
696,France,Female,52,4,126251.48,3,1,0,150605.01,0
638,France,Female,72,0,0.0,4,1,0,4897.62,1
595,France,Female,56,0,215867.11,1,1,1,147788.83,0
711,France,Female,65,8,0.0,1,1,1,135541.02,0
710,Germany,Male,35,1,237723.32,4,0,1,120349.15,0
452,Spain,Male,54,1,0.0,4,1,1,171398.83,1
538,France,Female,70,2,104822.82,3,1,1,105801.66,0
592,Germany,Female,57,3,244203.55,4,1,0,114085.94,1
426,France,Male,35,1,220631.04,1,1,0,103561.18,1
528,Spain,Male,88,6,0.0,1,1,1,148892.12,0
370,France,Male,22,9,10528.54,4,1,1,186118.9,0
569,France,Female,85,5,0.0,2,0,0,119838.01,1
453,Germany,Male,71,7,195917.99,2,1,0,70696.4,0
461,Germany,Male,26,9,62171.73,3,1,1,102321.59,0
760,Spain,Male,36,9,0.0,3,1,1,189146.12,0
420,Germany,Female,45,7,134812.1,1,1,1,36692.06,0
410,Spain,Male,88,0,111398.94,3,1,1,181267.6,0
510,France,Male,56,8,0.0,3,0,1,166338.89,0
361,France,Female,37,8,0.0,3,1,1,73710.07,0
785,France,Male,86,3,203627.68,4,1,1,175532.32,1
844,France,Male,26,1,18271.72,3,1,1,149812.62,0
753,France,Male,78,1,155535.16,3,0,0,189684.22,1
750,France,Male,79,3,0.0,4,1,1,101710.71,1
400,France,Female,46,8,0.0,2,0,0,143349.42,0
627,Germany,Male,21,10,0.0,1,0,1,70658.88,0
393,France,Female,83,1,236260.63,4,1,1,76549.31,1
500,Germany,Female,89,4,135330.36,4,1,0,36046.81,0
596,Germany,Male,45,9,10443.93,4,0,0,115093.85,1
691,France,Female,31,0,69325.15,4,0,1,1832.1180000000008,0
488,France,Male,38,10,118873.89,4,0,1,183729.33,0
478,Germany,Female,28,0,0.0,3,1,1,66305.22,0
762,Germany,Male,63,3,9274.33,1,0,1,124476.55,0
462,France,Male,56,0,81005.76,3,1,1,194831.49,0
593,France,Female,44,8,0.0,1,0,1,83716.74,0
493,Germany,Female,66,4,145211.09,1,1,1,14303.64,0
777,Germany,Female,64,4,0.0,3,0,0,75074.08,0
617,France,Male,18,6,0.0,4,1,0,196089.72,0
404,France,Female,48,3,12022.64,1,1,1,191568.57,0
424,Spain,Male,81,8,0.0,1,1,1,136459.62,1
836,France,Female,76,4,89490.61,3,0,0,135963.14,0
821,Spain,Female,81,8,0.0,2,0,0,96642.77,1
734,France,Male,88,7,107874.52,4,1,1,100972.26,1
388,Germany,Male,22,7,80449.36,1,1,1,110624.42,0
716,France,Male,38,10,180970.06,4,1,0,79294.23,1
681,France,Male,51,5,0.0,2,1,0,163398.67,1
821,Spain,Female,55,3,138774.77,2,1,1,181672.07,0
593,France,Male,76,8,38016.85,3,1,0,172540.68,0
585,Spain,Female,71,7,0.0,4,1,1,56560.52,1
666,France,Female,70,5,0.0,2,1,1,40239.67,0
424,Spain,Male,29,3,0.0,3,0,1,195136.7,0
723,Spain,Male,68,10,61395.42,3,0,1,31406.32,0
598,Germany,Female,76,2,0.0,3,1,1,74667.01,1
444,France,Male,73,0,0.0,4,1,1,10069.4,0
758,Germany,Male,61,6,144857.41,1,0,1,41997.55,1
482,Germany,Female,24,0,78949.39,4,1,0,85460.86,0
780,Spain,Male,29,8,0.0,1,1,0,12249.4,0
486,France,Male,72,9,158880.33,1,1,0,114824.1,0
594,France,Male,82,7,0.0,4,0,1,86100.76,1
568,France,Female,79,2,75148.92,2,1,1,86179.86,0
716,Germany,Female,49,10,0.0,3,0,0,152537.1,1
443,Spain,Female,61,0,103380.18,1,0,0,79073.19,1
473,France,Female,31,1,103320.84,4,1,1,13692.43,0
446,Germany,Female,61,3,0.0,2,0,0,136678.94,0
465,Spain,Female,32,5,54909.1,1,1,1,139437.85,0
576,France,Male,76,7,217331.36,1,0,0,102769.57,1
643,France,Female,76,3,212463.83,1,1,1,1832.1180000000008,1
782,Germany,Male,21,10,26274.5,3,1,0,189760.63,1
561,Germany,Female,87,8,4537.01,1,1,0,60815.64,0
555,France,Female,76,2,0.0,3,0,0,61221.43,0
430,Spain,Male,45,0,159700.35,3,0,1,36979.61,0
399,Germany,Female,51,7,59955.73,2,0,1,127363.65,0
731,Spain,Female,23,1,190656.05,3,1,1,119065.75,0
667,Spain,Female,87,3,1457.29,2,0,1,177697.85,0
616,Spain,Male,25,8,0.0,2,1,1,125079.06,0
572,Germany,Female,86,2,221597.69,1,1,0,54326.91,0
610,France,Female,66,3,0.0,1,1,0,156967.66,1
773,Germany,Male,85,10,216848.73,1,1,1,57966.92,1
444,France,Male,45,7,229467.2,1,1,0,179228.27,0
599,Germany,Female,84,6,133960.04,2,1,1,21258.74,1
470,France,Male,49,10,71132.18,2,1,0,84875.71,0
402,Germany,Male,43,8,140703.54,2,0,0,195976.04,0
697,France,Female,42,5,77646.67,1,0,1,151140.46,0
703,France,Female,88,7,233302.48,4,0,1,68899.48,1
776,France,Male,52,5,135907.94,4,1,1,149052.11,0
360,Germany,Male,53,3,0.0,3,0,1,3032.83,1
438,Spain,Male,65,10,0.0,1,1,1,3573.33,0
637,France,Female,59,6,0.0,4,0,1,80990.27,0
756,Spain,Female,58,8,125032.43,2,1,1,191678.03,0
820,Spain,Male,46,4,219972.83,2,1,1,113397.17,0
744,France,Female,30,2,0.0,4,0,1,20193.29,0
803,Germany,Female,91,1,0.0,1,0,1,115527.49,0
758,France,Male,54,8,0.0,4,1,0,180453.42,0
508,France,Female,89,5,83515.24,4,1,0,114851.91,0
641,Germany,Male,52,5,0.0,3,1,1,56632.81,0
668,France,Female,62,1,44570.18,3,0,1,194633.52,1
526,Spain,Male,58,8,197931.24,2,1,0,188225.0,1
793,Spain,Female,89,2,153825.41,3,0,1,94275.95,0
736,Spain,Female,26,6,30049.14,2,1,1,167491.27,0
608,Germany,Female,56,3,0.0,3,1,0,61398.79,1
590,Germany,Female,29,2,0.0,1,0,0,44130.06,1
747,Spain,Female,82,1,0.0,2,1,1,90323.59,0
461,France,Male,57,8,90028.43,1,0,0,177978.99,1
459,France,Male,86,1,0.0,2,0,1,153100.5,0
551,Germany,Female,38,0,0.0,3,1,1,198133.8305,0
413,France,Male,30,3,0.0,1,0,0,157610.22,0
579,France,Female,64,9,30463.18,4,1,1,157187.17,0
566,France,Female,28,7,0.0,4,1,1,169214.71,0
603,Germany,Female,45,9,228100.54,2,1,1,8829.57,0
581,France,Male,41,2,0.0,1,0,1,142720.69,0
799,France,Male,34,10,241046.57,3,0,1,15683.79,0
487,France,Male,27,1,0.0,4,1,0,99765.11,0
555,France,Female,66,0,168150.51,3,1,1,95577.61,0
719,Spain,Female,74,5,197820.01,1,1,0,150746.23,1
492,France,Female,47,4,49930.9,3,1,1,188056.32,0
678,Germany,Male,38,3,0.0,2,1,1,34469.34,0
832,Spain,Male,29,1,153565.86,2,1,1,186494.71,0
538,France,Male,68,3,30036.92,3,1,1,141955.23,0
471,Spain,Male,77,4,113877.95,4,1,0,122464.42,0
445,Germany,Female,58,6,0.0,1,1,1,147849.6,0
355,Germany,Male,49,3,10176.56,1,0,1,43813.37,0
492,France,Female,65,2,103373.0,1,1,0,12355.79,0
775,France,Male,85,6,36429.41,1,1,0,42872.93,0
477,Spain,Female,91,6,0.0,4,1,1,70641.48,0
828,Spain,Female,32,4,128143.63,1,0,1,85837.77,0
827,Spain,Male,53,1,0.0,1,0,1,24120.62,0
691,Spain,Female,82,10,106239.18,3,1,1,151216.99,0
841,France,Male,64,5,0.0,2,1,1,110378.15,0
554,Spain,Male,78,3,0.0,4,1,1,132218.96,0
829,France,Male,91,7,220738.49,3,1,0,17045.33,0
622,Spain,Female,25,4,52909.56,1,0,1,100080.32,0
390,France,Female,63,1,0.0,2,0,0,174943.42,1
766,France,Male,57,7,62658.91,1,1,0,172073.68,0
826,Spain,Male,39,1,7097.98,2,1,1,140243.23,0
793,Spain,Female,66,3,183697.2,4,1,1,121190.96,0
558,Germany,Female,25,7,143473.61,2,0,1,184906.94,0
401,France,Male,54,7,135959.89,3,1,1,21428.05,1
643,France,Male,48,10,212993.05,2,1,1,8127.92,0
784,Spain,Female,46,7,202328.11,4,1,0,145421.9,0
771,France,Female,63,2,102220.39,3,1,1,70778.3,1
659,France,Female,87,7,0.0,3,1,0,26585.18,1
743,Germany,Male,88,8,0.0,4,1,0,187307.99,0
366,France,Female,69,7,156002.42,4,0,1,4035.8,0
662,Germany,Male,42,8,37881.21,4,0,1,157937.29,0
404,France,Female,89,8,75020.06,2,1,0,80581.3,1
725,Spain,Female,91,6,0.0,1,1,1,76065.13,0
372,Spain,Male,80,10,41866.75,1,1,1,82528.71,0
648,Spain,Male,82,7,103459.52,1,1,0,69927.03,1
825,Germany,Female,78,0,0.0,3,0,0,21657.67,1
406,France,Male,74,1,99014.17,1,1,0,141915.28,0
563,Germany,Female,71,5,245658.91,2,0,0,103421.39,0
370,Spain,Male,65,4,75522.67,3,1,0,79419.35,0
708,Germany,Male,65,8,0.0,2,1,0,106657.34,0
813,Germany,Female,46,7,48388.42,2,1,1,95864.4,0
355,Germany,Female,83,0,80193.65,3,1,0,49134.44,1
623,Germany,Male,64,5,41020.37,1,1,0,31068.53,1
747,Germany,Male,63,5,0.0,1,1,1,159949.14,0
362,France,Female,72,10,39277.89,3,1,0,142924.8,0
591,France,Male,23,7,156206.83,3,0,0,38479.9,0
414,Germany,Male,85,1,50153.79,3,1,1,24409.49,0
812,France,Female,61,2,0.0,2,1,1,109974.19,1
605,Spain,Female,87,3,66605.18,1,1,1,130497.34,0
610,Germany,Male,25,4,169600.02,4,1,0,117084.55,0
846,France,Male,35,1,107157.83,3,1,1,54853.92,0
745,Spain,Male,88,8,0.0,1,1,1,146378.59,0
507,Germany,Female,69,0,15862.55,4,1,0,42366.94,0
665,Spain,Male,65,0,0.0,3,1,1,102511.09,0
498,France,Female,47,1,176027.42,2,0,1,38041.05,0
610,Spain,Female,59,1,115381.18,2,1,0,70052.22,0
756,France,Male,58,6,0.0,3,1,0,99771.98,0
825,Germany,Female,32,8,60123.22,1,0,0,114493.79,0
826,France,Male,59,10,121334.21,1,1,0,21651.14,1
598,Germany,Male,56,8,182151.65,2,0,0,71353.92,0
798,Germany,Female,41,7,192883.15,4,1,0,107545.13,0
797,Germany,Female,43,6,85123.72,2,0,0,159533.4,0
623,France,Female,74,3,169712.64,4,1,1,51699.72,1
368,Spain,Female,67,4,121621.11,4,1,1,158072.12,0
409,Germany,Male,52,9,0.0,4,1,1,192934.71,1
679,France,Female,62,1,0.0,1,0,0,129435.5,0
766,Spain,Female,35,9,187589.17,4,1,1,147685.73,0
806,Germany,Female,54,8,0.0,4,1,0,160369.97,1
471,Spain,Male,59,0,80530.52,4,0,0,173264.39,0
800,Spain,Female,36,2,66245.94,1,0,1,19549.27,0
764,Spain,Male,30,3,0.0,2,1,0,63118.34,0
593,Spain,Male,56,10,0.0,3,1,0,101269.92,0
537,Germany,Male,87,4,0.0,3,0,0,66999.35,0
586,France,Male,52,8,0.0,3,0,1,44164.24,0
688,Germany,Male,84,6,0.0,4,1,0,182913.31,1
756,Spain,Female,80,0,0.0,1,1,1,153956.66,1
435,Germany,Female,73,7,68222.43,2,0,1,44662.74,1
517,Spain,Male,84,6,0.0,1,0,1,48219.0,0
410,France,Female,48,9,0.0,3,0,1,126493.17,0
819,France,Male,74,10,194862.06,2,1,0,93287.9,0
553,Germany,Male,28,6,24315.43,3,1,0,61554.65,0
475,France,Male,41,9,0.0,2,1,1,166989.94,0
451,France,Female,59,1,70068.24,2,1,0,186749.15,0
387,France,Male,20,6,147981.44,2,1,1,72508.05,0
586,Spain,Male,74,6,231047.9,3,1,0,129170.2,1
736,France,Female,86,1,219648.66,4,1,0,67079.41,1
511,France,Female,25,5,26346.83,1,1,0,190943.32,0
552,France,Male,91,7,135052.56,1,1,1,80961.3,1
668,France,Male,24,4,9299.35,4,1,0,41499.73,0
528,France,Female,27,7,198101.54,4,1,1,79757.44,0
720,Germany,Male,74,8,0.0,4,0,1,63682.34,1
510,Spain,Female,68,6,53716.2,4,1,0,101848.7,1
573,France,Female,87,4,121025.48,1,0,0,18671.69,1
841,Germany,Male,49,2,0.0,1,0,0,123616.77,0
768,France,Female,60,7,0.0,3,1,0,154775.34,0
636,France,Male,28,9,8296.68,4,1,1,52619.43,0
546,Spain,Female,69,5,237496.04,4,0,0,50132.48,1
846,Germany,Male,91,5,58592.81,4,1,0,66848.43,1
581,Spain,Male,62,10,36258.04,4,1,0,102651.06,0
522,France,Female,87,3,0.0,1,0,1,20612.03,0
648,France,Male,47,8,130644.23,2,1,1,110516.18,1
557,France,Male,90,2,223911.85,3,0,0,132110.26,1
795,France,Female,57,2,0.0,2,1,0,195813.22,0
456,Spain,Female,28,3,0.0,4,0,1,193027.86,0
375,France,Male,44,0,51540.47,4,1,1,63573.28,0
565,Spain,Male,54,5,237443.45,3,1,1,133308.94,1
825,Spain,Female,22,3,166122.55,1,1,0,146556.15,0
381,Germany,Male,84,2,150392.18,4,1,1,166448.0,0
754,France,Female,35,8,197513.94,2,0,0,17159.82,0
355,Germany,Male,67,5,0.0,2,1,1,25926.31,0
629,France,Female,86,2,0.0,3,1,0,59675.92,0
576,Spain,Male,50,2,125120.68,1,1,1,53513.71,1
430,France,Female,63,8,200553.26,3,1,0,156474.96,0
723,Spain,Male,56,2,178157.71,3,1,1,163036.25,1
437,Germany,Male,74,4,112814.98,2,1,0,93537.52,1
568,Germany,Female,20,1,192427.46,2,1,0,95129.3,0
629,Germany,Female,44,8,180172.79,2,0,0,103749.59,0
609,Germany,Male,63,3,930.47,3,1,1,6396.96,0
365,Spain,Male,24,7,177311.86,4,1,0,79495.28,0
573,France,Female,81,4,127197.17,2,1,0,18310.18,0
678,Spain,Female,64,8,0.0,4,1,0,26647.29,1
613,Spain,Female,18,4,202411.12,2,0,0,137019.32,0
715,Spain,Male,18,9,42662.13,1,1,0,108870.45,0
738,France,Female,29,7,5439.67,4,1,0,87072.93,0
439,Spain,Male,67,5,49081.36,2,1,1,151799.04,1
752,France,Female,56,5,0.0,3,0,0,116221.86,0
798,Spain,Male,53,6,0.0,2,0,1,52539.92,0
769,France,Male,59,7,0.0,3,1,1,132645.08,0
776,France,Male,54,7,205146.92,4,1,1,57453.05,0
456,France,Female,43,0,0.0,4,1,0,22197.68,0
676,France,Female,18,2,126630.17,4,1,1,191073.77,0
579,France,Male,20,4,0.0,2,1,1,166702.19,0
843,Spain,Male,68,5,20147.54,1,1,1,109479.94,0
766,France,Female,73,0,105338.57,3,1,1,19160.48,0
430,Germany,Male,35,2,0.0,1,1,0,85089.43,0
821,France,Male,35,5,30512.74,2,0,0,115162.27,0
699,Spain,Male,48,4,0.0,4,1,0,66489.01,1
622,Spain,Female,65,6,0.0,3,1,0,38568.04,0
573,France,Female,61,0,115741.14,3,0,0,101464.17,1
596,Germany,Female,59,8,34147.15,4,1,0,177369.73,0
736,Spain,Female,20,3,0.0,3,1,1,63515.87,0
733,Spain,Female,49,6,50063.71,4,1,1,174436.4,0
626,France,Female,73,10,224234.27,1,1,0,75977.72,1
846,France,Male,61,4,130599.04,2,1,0,56252.17,0
466,Spain,Male,77,3,199885.9,2,1,0,172888.3,1
563,France,Female,69,2,121431.58,4,0,1,18773.28,0
649,Spain,Female,84,7,10596.08,4,1,1,152875.55,0
432,France,Female,60,10,173638.39,2,0,1,95154.72,0
599,Spain,Male,60,6,0.0,4,1,1,15877.94,0
767,France,Male,59,2,98760.11,3,1,1,134835.69,0
688,France,Male,37,10,136734.84,1,1,1,74027.78,0
705,Spain,Male,50,0,194957.08,4,1,0,151384.94,1
431,Spain,Female,30,4,224649.94,1,1,0,102889.21,0
422,Spain,Male,49,1,51203.45,3,0,0,161001.95,0
571,Spain,Male,29,0,0.0,4,1,1,4751.79,0
512,France,Male,54,10,117557.18,3,0,1,97030.26,0
355,France,Male,88,0,191878.93,3,1,1,100012.39,1
627,France,Female,51,9,0.0,4,1,1,171046.55,0
727,Germany,Female,72,5,0.0,1,0,0,171655.72,0
716,France,Male,50,3,71692.75,2,1,1,95974.28,0
401,Spain,Female,85,9,0.0,3,1,0,55160.05,1
741,France,Female,33,0,0.0,3,1,1,88052.08,0
540,France,Female,79,7,220569.6,2,1,0,145040.38,0
428,France,Female,71,8,141518.28,3,1,1,15408.12,0
586,France,Female,83,4,234280.74,4,1,1,195471.39,1
458,France,Female,27,3,4384.15,3,1,0,127553.96,0
687,Germany,Male,84,0,184739.71,1,1,1,85329.11,0
722,France,Female,85,0,86634.49,4,1,0,118826.18,1
713,Germany,Female,39,0,167155.09,2,1,1,178698.43,0
408,Spain,Female,64,5,235586.69,2,1,0,80470.09,1
524,Germany,Male,61,5,163477.79,3,1,0,45292.67,1
599,Germany,Female,21,4,0.0,1,1,1,133600.52,0
843,France,Female,56,7,0.0,1,0,0,10999.49,0
623,France,Male,66,3,42629.51,4,1,1,75158.33,0
677,France,Female,33,8,0.0,4,1,0,41691.31,0
520,Spain,Female,44,7,0.0,1,0,0,150396.17,0
497,Germany,Female,61,10,27787.64,3,1,0,171786.6,1
748,France,Female,86,7,0.0,3,1,1,161048.19,0
768,France,Female,22,1,0.0,4,1,0,20491.9,0
377,Spain,Male,87,6,22893.94,4,0,0,28476.87,1
619,Germany,Female,78,7,0.0,1,0,0,186018.73,1
739,Germany,Female,80,0,94703.33,4,1,0,124145.56,0
429,Spain,Male,21,0,158233.55,1,0,0,54825.51,0
673,Germany,Female,60,0,223391.88,3,0,1,119705.62,0
587,Germany,Male,45,1,0.0,3,1,1,145895.01,0
604,France,Male,86,9,0.0,4,1,0,134656.15,0
647,France,Female,72,2,210116.51,3,1,0,73438.54,0
787,Spain,Female,66,2,31224.96,2,1,1,123671.7,0
393,Germany,Male,20,4,159347.82,3,0,1,17612.94,0
451,France,Female,82,4,0.0,1,1,1,182845.88,1
522,Germany,Male,54,10,0.0,1,1,1,160162.24,0
751,France,Male,29,1,0.0,3,0,0,176247.89,0
646,Spain,Female,82,9,35.65,2,0,0,52100.16,0
444,France,Male,84,2,0.0,3,1,0,47499.74,0
361,Spain,Female,54,3,0.0,2,1,0,112215.53,0
846,Germany,Male,66,5,70882.88,4,1,0,75051.61,0
418,France,Male,63,10,0.0,2,0,0,39611.64,0
366,France,Female,40,2,0.0,2,1,0,159491.3,0
553,Spain,Male,73,3,0.0,2,1,1,17153.92,0
627,France,Male,91,7,21607.06,1,1,0,5305.55,1
479,France,Male,87,7,110275.84,1,0,0,165746.56,1
434,Spain,Female,68,4,212679.55,1,1,0,43625.8,0
393,France,Male,44,1,108045.06,1,1,1,175322.48,0
554,France,Female,85,8,129823.75,2,0,0,111555.25,0
826,France,Male,86,9,0.0,2,1,1,120636.66,0
424,Spain,Female,18,6,0.0,4,0,1,4156.13,0
636,France,Female,43,9,127499.43,4,1,1,88313.51,0
447,France,Male,58,2,241773.27,3,0,0,182787.62,1
687,France,Female,60,9,9053.39,3,1,0,149024.29,0
380,France,Male,70,8,13627.56,1,0,1,51485.65,1
451,France,Female,56,9,106840.62,2,1,1,8150.03,0
355,France,Male,19,10,39462.33,1,1,1,28417.83,1
674,France,Female,30,3,0.0,2,1,1,158849.92,0
710,France,Male,74,1,37520.63,2,0,1,98811.67,0
435,Spain,Female,69,8,173092.24,1,1,0,97371.93,1
577,France,Male,66,7,0.0,2,1,1,171686.03,0
496,France,Male,50,7,0.0,1,1,0,91101.02,0
372,Spain,Male,38,6,62596.07,4,1,0,89216.1,0
368,Spain,Female,40,0,0.0,4,1,0,12774.42,1
820,Germany,Male,68,7,0.0,4,0,1,157762.83,0
674,France,Female,55,5,0.0,2,0,1,88988.74,0
683,France,Female,27,0,172229.6,3,1,0,188192.72,0
497,France,Male,47,9,36379.98,4,1,1,45062.46,0
482,France,Male,78,0,0.0,2,1,1,37904.84,0
748,France,Male,62,2,0.0,4,0,1,1832.1180000000008,0
569,Germany,Male,82,3,167036.0,1,1,0,137933.37,1
401,France,Female,55,8,147989.94,1,1,1,107701.21,0
595,Germany,Female,53,0,0.0,3,1,1,56633.6,0
611,France,Female,88,4,18909.17,2,0,0,66174.67,1
635,France,Female,55,4,0.0,3,1,0,60607.35,1
618,Spain,Female,28,4,0.0,4,1,1,76699.54,0
779,Spain,Female,47,9,0.0,2,1,1,61316.66,0
472,France,Male,65,3,230808.25,3,0,0,87265.72,0
645,Germany,Female,43,3,67232.32,2,0,0,169199.94,1
794,France,Female,48,4,209476.14,1,0,1,106179.56,0
840,France,Male,82,4,148297.29,4,0,1,155330.69,0
833,Germany,Female,50,10,0.0,3,1,1,114492.32,0
714,France,Female,40,2,0.0,3,1,0,55347.17,0
403,France,Male,25,1,0.0,2,0,1,193848.67,0
845,France,Female,47,4,47162.77,2,1,1,36795.8,0
366,France,Female,74,0,4517.14,4,1,0,189956.6,1
625,France,Female,40,8,172238.59,3,1,0,187222.11,0
573,France,Female,52,9,187421.0,1,1,1,36881.68,1
689,Spain,Female,66,9,0.0,3,1,0,32418.77,1
742,Germany,Male,86,8,0.0,1,1,0,58525.23,1
719,France,Male,78,4,199985.46,1,0,1,121461.76,0
463,France,Female,39,7,117397.44,4,1,1,85941.86,0
728,Germany,Male,30,4,0.0,4,1,0,170255.21,0
729,France,Female,67,9,0.0,4,0,0,196105.36,0
362,Germany,Female,36,2,0.0,1,1,0,88668.6,0
669,Spain,Male,47,1,50001.59,4,0,1,2882.75,0
413,France,Female,25,10,0.0,1,1,0,195411.69,0
631,France,Male,75,3,45543.16,1,1,1,84191.1,0
464,France,Male,29,3,194725.84,3,0,1,100450.08,0
529,France,Male,46,7,61782.74,2,1,0,125358.35,0
486,France,Male,48,3,0.0,2,0,1,152606.89,0
781,Spain,Female,21,8,0.0,4,1,0,96196.14,0
803,France,Male,75,4,0.0,3,1,0,7764.25,0
749,Germany,Male,63,8,108285.64,2,1,1,124460.97,0
712,Germany,Male,58,0,218115.13,4,0,1,89839.6,0
532,France,Male,31,8,0.0,3,1,0,108336.77,0
421,France,Male,21,3,2112.1,2,1,1,54901.25,0
634,France,Female,22,4,0.0,1,1,1,1832.1180000000008,0
563,Germany,Female,64,10,98529.53,1,1,0,26277.19,0
491,France,Male,73,5,29906.29,1,1,1,116230.44,0
471,Germany,Male,76,0,109272.49,1,1,1,129133.11,0
430,Spain,Male,77,5,29114.9,4,0,1,24881.49,1
765,Spain,Male,47,2,0.0,1,0,1,87425.43,0
511,Spain,Female,18,5,90474.3,4,0,1,125777.62,0
809,Spain,Male,36,2,45780.43,4,0,0,85227.75,1
685,Spain,Male,76,7,150455.73,1,1,0,139736.96,0
432,Spain,Female,74,2,214395.53,2,1,0,186830.46,1
381,Germany,Male,55,5,233731.89,1,0,1,65262.65,1
558,Spain,Female,19,10,223571.43,2,0,1,158613.45,1
390,Spain,Female,75,7,220513.15,2,0,1,47468.4,1
827,France,Female,78,7,87012.87,3,1,0,115577.01,0
804,Germany,Male,34,8,126355.36,1,0,0,174890.24,1
679,Germany,Female,77,10,92827.2,4,1,0,175589.96,1
496,Spain,Female,65,9,230565.41,3,0,1,83375.56,0
784,France,Female,83,9,0.0,4,0,0,165111.46,1
674,Spain,Male,64,3,0.0,3,1,0,94330.42,0
529,Spain,Female,24,6,0.0,2,1,0,129434.31,0
790,Spain,Female,65,8,212593.56,3,1,1,106371.81,0
455,France,Female,25,6,84804.58,3,1,0,112060.49,0
634,Germany,Female,37,1,215921.06,1,0,1,13544.68,0
696,Spain,Male,82,5,232010.73,2,1,0,169665.16,1
804,Spain,Female,89,2,0.0,3,1,0,61640.47,0
418,Spain,Female,53,7,188563.17,4,1,1,21531.43,0
494,Germany,Female,39,9,0.0,3,1,0,72260.64,1
770,Germany,Male,47,7,0.0,4,1,0,16169.04,0
600,France,Female,35,6,68595.32,3,0,1,5422.19,0
728,Spain,Female,60,6,154166.66,3,0,1,74861.23,0
737,France,Female,49,5,0.0,2,1,1,99513.14,1
502,Germany,Male,22,4,185153.96,3,1,0,180198.05,0
516,Spain,Female,63,2,194623.01,1,1,0,77509.4,1
599,France,Male,65,7,0.0,3,0,0,161586.97,0
363,France,Female,67,3,1186.01,2,0,1,124680.01,0
750,France,Male,87,1,0.0,3,1,1,92931.6,0
407,Spain,Male,70,8,68453.06,4,1,0,9507.63,1
818,Germany,Female,68,6,0.0,2,1,1,170439.6,0
740,France,Female,33,5,0.0,3,0,1,123501.3,0
526,Germany,Female,52,5,0.0,3,1,0,43429.98,1
386,France,Male,50,0,0.0,1,1,0,55433.86,1
745,Spain,Male,89,5,85419.69,4,0,0,148885.9,1
574,France,Female,53,5,140322.49,3,1,1,163509.53,0
447,France,Female,68,5,0.0,3,0,0,145275.42,1
565,France,Female,58,0,153699.47,1,1,0,41612.93,0
802,Germany,Male,22,8,0.0,2,1,1,14690.72,0
694,France,Female,87,6,192394.23,4,1,1,87473.96,1
693,Spain,Female,67,8,226023.14,3,1,1,107891.91,1
607,France,Male,35,5,192193.95,1,1,1,108068.25,0
426,France,Male,22,3,188134.69,3,1,0,110233.11,1
825,France,Male,87,9,188924.08,4,1,1,141887.31,1
720,France,Male,40,3,153134.72,1,1,1,113579.61,0
608,Spain,Female,19,4,61952.48,1,1,1,47384.4,0
712,France,Female,63,0,0.0,2,1,0,7927.27,0
531,Spain,Male,19,1,0.0,2,1,0,96005.84,0
721,France,Female,33,1,0.0,1,1,1,37889.79,0
834,France,Female,84,4,89843.57,1,1,0,81810.43,0
522,France,Female,20,2,168455.02,3,0,0,45738.33,0
355,France,Male,73,3,201274.28,3,0,1,96625.55,0
720,Spain,Female,63,8,199647.26,1,1,1,46744.01,0
776,Germany,Female,40,7,40285.65,3,1,0,60177.76,0
764,France,Female,39,8,152729.52,2,1,0,38062.74,0
838,Germany,Female,53,8,53640.66,4,1,0,119044.82,0
523,Germany,Male,57,2,28026.07,4,0,1,136820.9,0
809,Spain,Female,83,6,128390.33,3,1,1,107739.98,0
454,Spain,Male,37,9,246427.5262,1,1,0,198133.8305,0
644,Germany,Female,61,3,245415.98,1,1,1,85211.1,0
794,Spain,Female,68,4,143350.3,2,1,0,36804.11,0
808,Spain,Female,18,5,193043.54,2,1,1,164992.03,0
660,France,Male,84,8,0.0,2,1,1,90801.31,0
623,Germany,Male,91,1,56090.55,4,0,1,76010.07,1
580,France,Female,24,5,176630.79,3,1,1,107657.84,0
784,Spain,Male,37,2,196499.89,2,0,1,27056.27,0
790,Spain,Male,76,7,185459.28,4,1,0,182508.19,0
470,France,Male,77,2,26126.89,4,0,1,164491.83,1
418,Spain,Male,29,3,0.0,3,0,0,185651.08,1
757,Spain,Male,85,3,11045.04,1,1,0,95031.17,1
756,France,Male,42,0,196540.57,4,0,1,66327.07,0
399,Germany,Male,39,7,77936.59,3,1,1,28071.12,0
595,Spain,Female,44,2,0.0,1,1,0,132989.13,0
603,Spain,Female,67,5,0.0,1,1,1,47066.45,0
371,France,Female,33,7,138.13,2,1,0,60730.82,0
682,France,Female,58,8,0.0,3,1,1,2932.94,0
837,Germany,Male,23,10,0.0,4,1,1,192379.48,0
455,France,Female,28,1,0.0,1,0,1,168658.47,0
739,France,Male,74,6,0.0,1,0,1,143165.26,0
390,France,Male,46,3,0.0,3,1,0,151358.09,0
457,France,Male,76,8,29539.07,2,1,0,166308.78,0
633,Germany,Female,72,4,67060.24,1,0,1,44213.8,1
812,Germany,Male,91,0,170991.63,2,1,0,93521.04,1
793,Germany,Female,28,9,149594.38,1,1,1,87624.37,0
818,Spain,Male,87,8,244500.85,4,1,0,8681.69,0
844,France,Female,84,3,8650.66,4,0,1,122688.18,0
751,France,Female,50,9,0.0,2,0,0,25991.45,1
532,France,Female,28,4,0.0,4,0,1,114265.93,0
413,France,Male,27,4,0.0,4,1,1,149744.54,0
761,France,Female,55,3,125841.07,1,0,1,20234.48,0
443,France,Male,18,5,103049.05,3,0,1,34758.97,0
610,France,Male,25,10,44833.69,1,1,0,174158.01,0
727,France,Male,57,0,54848.93,2,0,1,145243.06,0
367,Germany,Male,59,6,0.0,3,1,0,156642.77,0
807,Germany,Male,81,1,138049.71,1,0,0,31011.25,0
501,Spain,Female,90,1,0.0,4,1,0,137045.92,0
457,Spain,Male,37,0,22211.36,2,0,1,27510.87,0
536,Germany,Male,42,3,0.0,4,1,0,83350.03,1
580,France,Female,32,8,176822.72,1,0,0,8281.07,0
577,Germany,Male,34,8,244576.28,4,0,1,65477.5,0
427,France,Female,50,8,3000.82,2,1,1,193551.29,0
444,France,Female,91,1,0.0,3,1,0,139142.74,0
589,France,Female,84,1,171510.38,3,1,0,7483.5,1
463,France,Male,85,10,0.0,3,1,0,153463.75,1
671,France,Male,51,10,0.0,3,1,1,77799.44,0
800,Germany,Male,66,7,115734.82,2,1,0,58234.19,0
359,Spain,Female,71,9,0.0,2,1,1,38372.45,0
368,Spain,Male,35,8,137777.72,4,1,1,84212.75,0
672,Germany,Female,52,6,0.0,4,1,0,51742.74,0
364,Germany,Male,58,5,223265.8,3,1,0,183862.56,1
670,France,Female,45,10,132613.87,1,1,0,140220.55,1
595,Germany,Male,53,7,0.0,1,0,1,182524.99,1
577,Germany,Female,50,9,0.0,4,1,1,7017.84,1
653,France,Male,22,2,172351.55,1,1,1,8532.11,0
798,France,Male,74,2,170589.03,3,1,0,125579.44,0
413,Spain,Male,84,6,0.0,3,1,0,123131.74,0
417,Germany,Female,73,10,0.0,4,1,1,143650.46,0
699,France,Female,87,6,240895.68,2,1,1,113269.45,0
375,Germany,Female,49,4,0.0,3,1,1,7049.9,0
564,France,Female,22,0,0.0,2,0,0,137654.26,0
598,France,Female,37,1,0.0,1,1,0,165881.7,0
546,France,Female,81,2,17320.9,3,0,1,140347.46,0
617,France,Female,28,2,114259.84,4,1,0,164166.37,0
406,Germany,Female,58,7,0.0,3,1,0,88674.24,1
483,France,Female,18,7,40226.13,4,1,1,20841.49,0
355,Spain,Female,41,4,0.0,3,0,1,179531.72,1
831,France,Male,26,10,0.0,4,0,0,152897.39,0
766,Germany,Female,26,4,246427.5262,4,1,0,107458.64,0
477,Germany,Female,30,4,135363.43,4,0,1,28331.12,1
368,Germany,Female,57,5,16787.15,3,1,1,34011.57,0
485,Germany,Female,69,6,141036.69,1,1,1,38657.24,0
828,Spain,Female,39,2,0.0,4,1,0,30783.57,0
756,Germany,Female,78,3,0.0,4,1,1,164092.38,0
680,Germany,Female,47,7,0.0,3,1,0,89203.51,0
812,Germany,Female,72,9,164310.31,4,0,1,58215.82,1
438,France,Female,57,4,35652.3,1,1,0,67144.38,0
618,France,Male,71,1,54890.74,4,0,1,53666.51,1
747,France,Female,90,9,0.0,1,1,1,106074.39,0
359,France,Male,91,6,0.0,3,1,1,89354.95,0
567,France,Female,61,4,36947.96,3,0,0,179819.08,1
528,France,Male,89,6,0.0,4,1,1,34757.67,1
438,Germany,Male,69,9,181033.03,3,1,1,171311.62,1
462,France,Female,37,0,29062.55,3,1,0,62592.1,0
835,Spain,Female,87,3,88494.83,2,1,0,195385.26,1
606,France,Female,28,10,82099.13,2,0,1,138117.63,0
390,Germany,Male,52,3,0.0,2,1,1,185411.67,0
691,France,Female,29,10,119209.49,4,1,0,180317.75,1
646,France,Male,76,3,0.0,3,0,0,97570.37,0
546,France,Female,84,5,114141.79,1,1,0,85738.69,1
548,Germany,Male,78,0,8155.09,1,1,0,34886.88,0
619,France,Female,25,7,0.0,4,1,0,69285.85,0
815,Spain,Female,38,2,151218.45,3,1,0,60533.44,1
730,France,Male,43,9,0.0,2,1,1,69795.37,0
550,Germany,Male,26,1,47681.26,2,1,1,35637.21,0
473,France,Female,57,1,184112.4,2,1,1,42230.34,1
404,Germany,Female,20,5,182917.91,3,1,1,161840.97,0
448,France,Female,63,0,91245.85,3,1,1,158763.56,0
418,France,Male,60,3,0.0,3,1,1,172300.82,0
753,France,Female,62,7,133981.82,3,0,0,35974.1,0
638,France,Male,85,5,0.0,4,1,0,190475.83,0
368,France,Female,76,6,24202.14,1,1,1,50014.12,0
814,Spain,Female,37,0,86499.64,3,1,1,38834.43,0
425,France,Female,60,7,187753.14,4,0,0,26467.96,0
673,France,Male,77,1,88535.01,2,1,0,27293.67,1
356,Spain,Male,80,6,0.0,2,0,1,54423.96,0
645,France,Female,65,8,0.0,3,1,0,196136.34,0
628,France,Female,24,7,149086.51,3,1,0,144083.85,1
805,Germany,Male,50,3,0.0,2,1,1,106770.95,0
650,Spain,Female,81,1,0.0,1,1,1,69484.08,0
595,Germany,Female,23,9,142937.58,1,1,0,118094.68,0
616,France,Male,61,2,124307.19,1,1,0,94004.98,0
667,Spain,Male,58,5,118780.04,4,1,0,178852.93,0
557,France,Male,34,2,0.0,1,1,0,53967.6,1
707,Spain,Male,43,0,0.0,3,1,1,37915.21,0
615,Spain,Male,90,4,0.0,1,1,1,55097.31,1
835,Spain,Male,62,6,163367.82,3,1,1,149703.24,0
447,France,Male,87,8,5108.2,4,1,1,110937.42,1
715,France,Male,52,7,5237.7,1,1,0,144592.3,0
763,Germany,Female,80,9,79643.05,2,1,0,98436.05,1
709,Germany,Male,63,8,188691.75,2,1,1,81342.43,1
841,Germany,Male,85,4,0.0,4,0,0,50895.87,1
567,Spain,Female,42,3,170743.97,3,1,0,161232.75,0
620,Germany,Male,46,6,0.0,3,1,0,70823.8,1
427,France,Female,20,5,8029.59,3,1,1,8254.63,0
537,France,Female,34,3,0.0,1,1,0,59676.79,0
429,France,Female,28,0,0.0,3,1,0,31321.56,0
746,France,Male,31,5,236727.04,4,1,1,111703.44,1
741,France,Female,40,5,35426.57,2,1,1,99945.74,0
446,Spain,Female,82,10,0.0,4,0,0,95906.15,0
752,Germany,Female,46,8,140902.49,3,0,1,50269.11,0
510,Germany,Male,79,2,0.0,1,0,1,20422.42,1
715,France,Male,78,1,0.0,1,0,0,24104.1,0
820,Germany,Male,90,8,166956.86,3,1,1,71084.87,0
765,Spain,Male,55,5,184564.41,1,1,0,125496.32,1
443,Spain,Female,80,0,73235.43,2,1,1,3433.51,1
440,Germany,Male,49,8,133377.06,2,0,0,1832.1180000000008,0
406,Spain,Female,64,3,146511.29,2,1,0,26171.0,1
771,Germany,Female,78,1,40211.87,3,1,1,101415.26,0
623,France,Female,28,7,110015.82,2,1,1,66597.01,0
428,Spain,Female,22,8,0.0,1,0,0,88671.3,0
644,France,Female,30,8,0.0,2,1,1,61268.81,0
615,France,Male,71,3,104715.49,4,0,0,137331.59,1
649,France,Male,53,6,174833.37,2,1,0,60687.21,0
667,Germany,Male,38,5,125420.19,4,1,0,41150.88,1
432,Germany,Female,74,9,0.0,2,0,0,152697.86,1
544,Germany,Male,19,2,197246.29,1,0,1,193022.22,0
711,France,Male,30,9,0.0,3,1,0,112324.72,1
805,France,Male,52,3,15275.74,2,0,1,11511.03,0
471,Spain,Male,85,6,218851.01,3,1,1,160304.15,0
636,France,Male,73,5,150248.44,3,0,0,85748.64,0
824,Spain,Male,68,3,0.0,1,0,1,138543.98,0
651,France,Male,70,2,127366.25,1,1,0,116652.96,0
464,Germany,Female,41,4,0.0,1,1,1,100136.56,0
642,Germany,Female,51,6,0.0,3,1,0,73605.84,0
358,Spain,Male,83,6,134205.87,2,0,1,41518.24,0
595,France,Male,71,6,95941.36,2,1,0,77066.09,0
634,Spain,Male,62,7,37275.74,2,0,0,32258.35,0
378,Germany,Male,24,0,190559.23,1,0,1,134399.39,0
451,Germany,Male,72,4,114147.37,3,1,0,17630.34,1
845,Germany,Female,45,3,175165.47,1,1,0,143091.02,1
664,France,Female,46,4,0.0,3,1,1,159676.52,0
579,France,Female,67,4,0.0,1,1,0,122896.92,1
464,France,Male,47,1,18444.85,2,1,1,164780.2,0
412,France,Female,60,10,183384.56,4,1,1,68814.89,1
564,Germany,Female,18,0,145240.29,3,1,1,99965.58,0
623,France,Male,31,6,112847.78,4,1,0,100546.56,0
439,France,Male,57,5,243210.57,2,1,1,127445.79,0
751,France,Female,88,7,81504.15,3,0,1,94042.08,0
564,France,Female,74,9,105722.41,2,1,1,11933.41,0
377,France,Female,48,7,0.0,3,1,0,102997.7,1
418,Germany,Male,89,8,131262.82,3,1,0,5502.54,0
781,France,Female,38,3,164630.28,1,1,0,87289.07,0
519,Spain,Female,84,10,244069.98,3,1,0,6474.86,1
536,France,Male,47,0,173919.21,1,1,1,96313.31,0
449,France,Male,24,7,37677.18,3,1,1,74312.09,0
754,Spain,Male,18,1,52336.79,1,1,0,101906.47,0
758,France,Male,90,2,0.0,4,0,1,106082.03,0
471,France,Female,65,9,11993.52,3,0,1,158749.49,0
715,Spain,Male,29,7,0.0,2,1,1,188475.95,0
576,Spain,Male,91,6,0.0,4,1,0,49453.29,1
433,Germany,Male,21,9,0.0,4,1,1,182455.84,0
748,France,Female,42,3,28916.77,2,0,0,75177.53,1
391,Germany,Male,73,7,0.0,4,0,1,32820.63,0
788,Spain,Female,21,2,0.0,2,1,0,120378.44,0
362,Spain,Male,85,5,225321.2,2,1,0,78376.2,1
511,France,Female,68,4,143198.9,4,1,1,64100.72,1
463,France,Female,88,6,137193.19,4,0,0,124743.92,1
467,France,Female,79,0,2177.85,4,1,1,139141.98,0
590,France,Female,79,0,62414.04,2,1,0,89408.71,1
726,Germany,Male,34,0,103188.57,3,1,0,55509.14,0
550,France,Male,33,2,180979.54,4,1,0,157245.2,0
608,France,Female,35,6,130012.42,1,0,0,129430.46,1
836,France,Male,29,1,213134.73,4,1,1,125977.09,0
599,France,Male,67,10,8587.56,4,1,1,183822.23,0
746,France,Male,22,4,0.0,2,1,1,198133.8305,1
542,France,Male,49,3,0.0,1,1,1,9289.69,0
389,France,Male,61,9,164689.0,2,1,0,50908.62,0
478,Spain,Female,57,1,125602.31,1,1,1,162129.2,0
429,France,Male,54,2,0.0,3,1,0,20131.55,0
804,Germany,Male,34,4,17888.98,2,1,1,5656.25,0
363,France,Male,26,0,0.0,2,0,1,65982.48,0
762,France,Female,91,7,225931.56,3,0,0,157537.29,1
419,France,Male,52,8,202209.51,3,1,1,82128.35,0
425,France,Female,62,3,175307.5,1,1,0,42788.62,0
615,France,Female,59,9,158540.22,2,1,1,34063.42,0
390,France,Female,45,0,193010.18,1,0,1,110166.08,0
388,Germany,Female,71,5,194182.92,3,1,1,70330.41,1
738,France,Female,45,8,1735.11,2,0,1,125880.45,0
379,France,Female,48,4,89462.11,2,1,1,158552.53,0
649,Germany,Female,77,10,217013.41,1,1,1,1832.1180000000008,1
409,France,Male,41,4,0.0,4,1,0,64890.26,1
392,France,Female,69,10,0.0,2,0,1,109260.98,0
685,France,Female,67,7,0.0,3,1,1,135197.76,0
546,France,Female,20,2,199478.11,3,1,0,60827.16,0
359,France,Male,68,9,0.0,3,0,1,94766.37,1
691,Spain,Male,77,0,56024.76,1,1,1,21096.32,1
835,Spain,Male,38,2,133933.39,4,0,1,19464.19,0
631,Spain,Male,85,8,142835.25,3,1,0,172202.41,1
540,France,Female,19,9,87832.05,4,1,1,107818.76,0
772,France,Female,31,4,150943.8,3,0,1,92586.06,0
518,France,Male,87,7,0.0,3,1,0,87477.28,0
657,France,Female,81,7,45054.46,3,1,1,190649.03,0
587,France,Male,73,8,72153.8,2,0,1,84496.88,0
713,France,Male,62,9,0.0,2,0,1,52114.8,0
609,France,Female,32,0,0.0,2,0,1,19148.97,0
591,France,Male,54,2,221110.52,2,1,1,160721.65,0
560,France,Female,59,10,0.0,3,0,1,188961.68,0
498,Germany,Female,24,5,0.0,3,0,0,185848.36,0
593,France,Female,62,5,200043.88,1,1,0,33893.9,1
380,Spain,Female,24,4,59331.64,2,0,1,128820.38,0
520,France,Male,27,3,0.0,4,1,1,106398.88,0
388,Germany,Female,30,2,106909.49,4,1,0,81607.02,1
511,France,Male,32,4,165682.84,1,1,1,162822.8,0
526,France,Male,24,0,0.0,1,1,1,179795.92,0
363,France,Female,88,3,78238.25,2,0,1,27199.8,1
498,France,Male,77,10,76831.9,1,1,0,1832.1180000000008,1
686,Germany,Male,55,1,104668.3,3,1,1,39074.72,0
835,France,Male,45,8,28634.5,3,0,0,161912.99,0
659,France,Male,32,0,109154.74,3,0,0,183244.08,0
706,Spain,Female,88,8,0.0,2,1,0,136091.84,0
685,France,Male,77,2,6664.72,2,1,0,3526.58,0
823,Germany,Male,73,7,0.0,2,0,1,115688.52,0
821,Germany,Female,52,5,44322.8,4,1,1,84032.65,0
407,France,Male,20,8,0.0,4,0,1,156250.58,0
587,France,Female,65,7,0.0,4,1,0,150528.66,0
804,France,Male,54,6,0.0,2,1,1,39759.75,0
791,Germany,Male,40,8,100463.26,1,0,1,63322.31,0
617,France,Female,41,10,71832.82,1,1,1,43211.61,0
572,France,Female,22,6,213518.91,4,1,0,105666.07,1
379,France,Male,82,1,166021.79,4,1,1,16378.45,0
589,Spain,Male,30,1,155075.49,3,1,1,118812.64,0
603,Spain,Female,78,6,23414.4,1,1,1,95738.34,0
667,Spain,Female,90,4,0.0,2,1,1,112129.83,1
611,Germany,Female,21,6,0.0,3,1,1,167682.42,0
458,Germany,Male,64,7,108594.94,4,1,1,97510.75,0
835,France,Female,22,2,230367.03,4,1,1,157412.76,0
458,Spain,Male,79,8,100913.17,4,1,1,187101.01,0
541,Germany,Male,55,10,0.0,1,1,1,18214.34,1
605,France,Male,19,3,17734.21,3,0,1,15398.28,0
496,Germany,Male,75,10,96239.47,4,1,0,36905.5,1
384,Germany,Female,74,10,13089.39,2,1,1,145431.37,0
656,France,Male,86,4,0.0,3,1,0,127288.42,0
468,France,Female,53,8,0.0,2,0,1,120560.13,1
790,France,Female,87,10,0.0,4,1,1,134659.17,0
747,Spain,Female,67,9,52217.63,2,0,1,91650.48,0
564,France,Female,56,4,74804.96,4,1,0,58112.71,1
582,Spain,Male,44,7,142775.0,3,1,0,37051.7,0
825,France,Female,39,6,0.0,2,1,1,187897.99,0
363,Spain,Male,63,4,0.0,3,1,1,49624.77,0
539,France,Male,72,7,144534.53,1,0,1,68235.11,1
380,Spain,Male,20,10,0.0,4,1,1,144259.89,0
419,France,Female,48,0,179058.46,2,1,0,150166.88,1
810,France,Male,21,9,50065.28,2,0,1,105608.68,0
400,France,Female,47,4,0.0,2,1,1,103567.03,0
829,France,Male,77,9,153805.45,3,1,0,193342.33,1
742,France,Female,69,1,40000.6,4,1,1,92502.84,0
671,Germany,Female,27,9,3059.99,3,1,0,179755.73,0
721,Spain,Female,71,4,0.0,1,0,0,197328.68,0
442,Germany,Female,19,10,0.0,3,0,0,12662.05,0
408,Germany,Female,18,4,28550.27,3,1,0,131271.33,0
534,France,Female,85,8,0.0,4,0,1,192678.21,1
732,Spain,Male,20,6,0.0,2,1,1,88800.4,0
503,Spain,Male,37,2,200747.44,4,1,0,75981.98,1
438,France,Female,27,2,103617.89,4,0,1,74900.24,0
743,Spain,Male,61,5,129545.26,1,1,1,152343.8,0
667,France,Female,56,5,167082.16,4,1,1,133969.17,0
619,Spain,Female,80,6,0.0,4,1,1,87845.94,0
556,Spain,Female,91,8,0.0,4,1,1,116981.01,0
740,Germany,Male,73,8,35910.22,4,1,1,119796.61,0
717,France,Male,52,0,235396.05,1,1,1,58379.17,1
530,Germany,Female,21,5,22870.71,1,0,0,1832.1180000000008,1
414,France,Male,86,1,0.0,3,1,0,1832.1180000000008,0
785,Spain,Female,59,5,14388.93,3,1,1,89829.76,0
418,France,Male,34,5,0.0,4,1,1,137281.98,1
565,Germany,Male,58,10,0.0,3,0,0,184425.34,0
798,Spain,Male,46,4,156268.67,1,1,1,167851.53,0
559,France,Male,43,4,207129.74,3,0,0,69203.31,0
766,France,Female,51,5,132094.96,2,1,0,107884.69,0
595,Germany,Female,73,1,127527.91,4,1,0,89825.96,0
723,France,Male,30,0,81536.48,3,0,1,41388.38,0
646,France,Female,89,7,0.0,4,1,1,41529.01,0
490,France,Male,22,3,227132.23,3,1,1,168444.98,0
797,France,Female,28,3,0.0,1,1,0,24921.02,0
584,Germany,Female,68,10,89088.68,4,1,1,14024.7,0
579,Germany,Female,28,2,85831.14,1,1,0,55235.26,0
679,France,Female,75,9,56853.32,2,1,0,97814.75,0
815,France,Female,72,6,141677.64,1,1,0,9431.57,0
786,France,Male,49,2,0.0,1,1,0,68131.18,0
547,France,Male,51,10,0.0,4,0,0,165965.7,0
465,Germany,Female,91,6,0.0,1,1,0,74022.7,1
512,France,Female,76,3,43482.47,1,1,0,118817.32,1
481,Germany,Female,64,4,0.0,1,0,1,192322.91,1
497,Spain,Female,28,4,95336.79,3,1,1,140721.74,0
565,Germany,Male,61,9,189411.33,1,0,1,136098.65,0
360,Germany,Male,20,5,227523.53,3,1,1,194325.01,0
617,France,Female,36,0,0.0,2,0,1,18689.06,0
775,France,Male,69,7,0.0,1,1,1,187285.19,1
565,France,Male,48,8,181413.66,1,1,1,30469.68,0
389,Spain,Female,91,4,172035.96,1,0,0,7104.61,0
545,Spain,Male,87,10,170411.19,1,1,1,93079.93,1
517,France,Female,25,4,0.0,4,1,0,176945.44,0
647,France,Female,83,2,0.0,3,1,0,62672.76,1
475,France,Male,81,7,0.0,2,0,1,18168.58,0
500,Germany,Female,25,1,62503.17,4,1,1,3819.9,1
722,Germany,Female,46,10,231736.28,2,0,1,78301.95,0
437,Germany,Female,88,7,0.0,4,1,0,196932.4,1
817,Spain,Female,19,3,75400.0,2,1,0,135633.5,0
499,France,Male,22,0,0.0,4,0,1,101704.06,0
759,Germany,Female,55,6,32559.73,1,1,1,41066.79,0
391,Germany,Female,88,6,231087.95,3,1,0,190071.86,1
510,France,Male,38,8,31474.01,2,1,1,8444.38,0
538,Spain,Male,75,3,0.0,4,1,1,6953.17,1
578,France,Male,69,2,209877.37,2,1,1,59697.26,0
396,Germany,Male,28,4,968.0,2,1,1,90960.11,0
473,Germany,Male,39,9,0.0,2,0,0,177910.52,1
789,Spain,Female,64,9,0.0,3,1,0,142384.08,0
812,Germany,Female,53,3,36878.75,1,1,0,79123.39,0
570,France,Female,35,0,45664.9,2,1,0,130064.06,0
409,Spain,Female,32,1,147788.95,3,1,0,144945.29,1
488,Spain,Male,59,5,0.0,1,1,0,37428.46,0
826,Germany,Male,79,0,0.0,2,1,0,67699.14,0
810,Spain,Female,48,7,228879.63,1,1,0,48267.16,0
757,France,Female,86,0,0.0,1,1,0,166005.56,0
782,Germany,Female,67,4,0.0,4,1,1,177514.98,1
706,Spain,Male,47,8,0.0,4,0,1,178951.53,0
662,France,Male,70,5,3666.6,1,1,1,118449.17,0
737,France,Female,51,7,0.0,3,1,0,71062.46,0
673,Spain,Male,73,3,122260.52,1,1,0,101599.09,0
520,Spain,Male,90,8,45702.7,4,1,1,175836.74,0
671,Spain,Male,76,4,80746.99,4,0,0,136256.01,1
498,France,Female,28,8,0.0,4,1,0,166596.69,0
663,Spain,Male,23,10,0.0,2,1,0,17586.4,0
541,France,Female,77,4,0.0,2,1,1,106045.61,0
594,Germany,Male,80,2,183583.53,4,1,0,162756.13,0
440,France,Female,59,10,137578.26,3,0,0,106186.18,1
829,Spain,Male,36,7,94324.79,3,1,1,61090.24,0
723,Spain,Male,83,9,156591.67,4,1,1,70374.41,0
403,Germany,Male,51,4,0.0,4,0,1,13195.91,0
587,Germany,Male,39,3,172591.11,2,0,0,176184.36,0
577,France,Female,45,1,92762.12,1,1,1,139288.07,0
793,Germany,Male,39,8,128394.08,1,0,0,180445.01,1
728,Germany,Female,38,9,130852.45,4,1,1,32563.13,0
790,France,Female,42,9,139603.09,1,1,0,46747.48,0
583,Germany,Male,67,3,175596.63,2,1,0,108699.9,0
428,Spain,Male,19,5,0.0,4,0,1,18567.25,0
711,Germany,Female,44,5,122244.44,2,1,0,124435.34,0
459,Spain,Female,30,1,0.0,1,1,1,64777.4,0
668,France,Female,65,0,58538.32,3,1,0,33678.78,0
555,Germany,Female,91,3,47316.13,4,1,1,68078.86,1
525,France,Female,76,5,0.0,1,1,1,188550.54,0
409,France,Male,36,10,151524.37,3,1,1,122043.3,0
750,France,Female,55,9,207724.86,4,1,1,124333.09,0
695,France,Male,19,7,130459.29,3,1,1,152171.65,0
521,France,Female,48,10,0.0,4,1,0,166188.25,1
719,Germany,Male,38,8,0.0,2,1,1,116226.79,0
844,France,Male,55,5,33384.1,4,1,1,90925.52,0
711,France,Female,48,10,180242.33,2,0,0,19541.26,1
825,France,Female,68,10,81984.02,1,1,0,154875.85,0
585,Germany,Female,58,2,69515.94,2,1,1,48573.32,0
538,France,Female,87,3,240745.66,1,1,1,32112.57,1
772,France,Male,23,10,0.0,3,1,1,186937.86,0
682,Germany,Male,87,0,228638.26,2,1,1,133007.34,0
653,France,Female,76,5,0.0,3,1,1,118417.79,0
671,Spain,Male,70,4,219658.11,3,1,0,138179.27,1
846,France,Male,79,8,146495.87,3,0,0,70734.58,0
694,France,Female,21,10,146176.45,4,1,1,176916.0,0
758,France,Male,33,3,0.0,2,0,1,99677.07,0
368,Germany,Male,18,2,0.0,3,1,0,108742.53,0
711,France,Female,77,3,212666.8,3,1,1,67568.56,0
509,Spain,Male,44,7,96938.79,3,1,1,195764.85,0
411,France,Female,44,3,121674.22,2,1,1,98375.18,0
488,Germany,Male,63,7,246427.5262,2,1,1,7110.47,0
767,France,Male,49,3,88578.46,4,1,1,179554.2,0
759,France,Male,65,8,0.0,4,1,1,83245.21,0
503,France,Female,87,0,0.0,1,0,1,117438.84,0
446,Germany,Female,42,3,6268.41,4,1,1,53157.86,0
559,France,Female,84,3,0.0,4,0,1,6482.11,1
516,Spain,Male,57,6,119836.49,3,0,1,18821.54,0
581,Germany,Female,45,7,196668.15,3,0,0,57201.64,1
742,Spain,Male,86,7,1038.14,2,1,1,166614.09,0
515,France,Female,54,9,17640.1,3,1,0,198133.8305,0
436,Spain,Female,27,8,214919.73,1,1,1,22227.55,0
404,Germany,Male,39,0,120207.75,2,0,1,128896.24,0
693,Germany,Male,80,7,126593.36,4,1,1,187254.65,1
449,Spain,Male,56,0,56276.74,3,1,0,61996.34,0
460,Germany,Female,59,4,0.0,2,1,0,185438.24,1
752,Spain,Female,68,6,228605.15,1,1,1,93300.47,0
396,Germany,Male,32,3,0.0,4,1,1,69241.58,0
676,France,Female,24,7,0.0,2,1,0,163112.06,1
355,Germany,Female,50,8,245697.86,3,0,0,20348.18,1
822,France,Male,86,6,0.0,2,1,0,97614.12,0
707,Spain,Female,27,5,0.0,1,0,0,40800.81,0
761,Spain,Male,71,10,156599.64,2,1,0,92283.3,0
683,France,Male,90,7,109916.95,3,0,1,105405.19,0
551,France,Male,25,2,51514.44,1,1,0,124874.22,1
846,France,Male,27,7,170362.71,3,1,1,28370.07,0
743,France,Male,82,5,167283.53,4,1,0,160903.74,1
394,France,Male,26,0,136831.52,1,1,0,183727.47,0
638,Germany,Male,73,10,0.0,4,0,1,177019.85,1
621,Germany,Female,76,8,0.0,1,0,1,114811.57,1
493,Spain,Male,41,6,0.0,2,1,0,134863.48,0
578,France,Female,39,7,54254.59,3,1,1,181314.57,0
838,Germany,Male,56,6,0.0,1,1,1,21429.69,0
393,France,Male,55,3,51270.07,1,1,1,141371.42,1
815,Spain,Female,81,10,40029.78,2,1,1,113698.95,0
700,France,Male,61,6,150849.38,1,1,1,143616.8,1
406,France,Female,89,3,23269.98,4,1,0,39239.4,1
502,France,Female,35,7,0.0,2,1,1,59500.32,0
770,Spain,Male,38,1,0.0,4,1,1,183338.6,0
702,France,Female,35,3,77037.88,2,1,0,18674.79,1
388,Germany,Male,66,1,200030.33,4,0,1,185107.67,1
423,Germany,Female,20,0,0.0,1,1,1,144139.2,0
815,Spain,Male,81,9,96325.36,3,1,0,51408.71,0
428,France,Male,75,4,0.0,3,0,0,138840.22,1
662,France,Female,91,9,0.0,3,1,1,179919.09,1
846,France,Male,88,7,0.0,1,1,1,40336.13,0
433,France,Female,23,2,96696.43,1,1,0,138291.87,1
372,Germany,Female,73,2,82109.39,4,1,1,192209.26,0
759,France,Female,55,5,3787.66,2,0,0,50477.04,0
825,France,Male,72,1,154147.6,4,1,0,183114.58,1
608,France,Female,82,6,118372.84,4,1,0,25828.74,0
466,Germany,Male,61,5,0.0,3,1,1,145487.87,0
379,France,Male,18,1,52853.7,1,1,0,9602.67,0
806,Germany,Male,81,5,0.0,2,1,1,105797.25,1
750,France,Male,50,9,59473.46,1,1,1,10944.94,0
799,Spain,Male,51,9,230231.12,1,1,0,195370.34,0
744,Germany,Male,61,4,54316.0,4,1,1,167841.7,0
566,France,Female,85,0,242856.5,2,1,1,172339.19,1
591,France,Male,56,9,104962.29,4,1,1,185065.98,0
541,France,Male,33,6,0.0,1,0,0,144061.1,0
716,France,Male,72,8,74702.63,1,0,0,58051.35,0
400,France,Female,64,0,0.0,3,0,0,198133.8305,1
370,Spain,Female,22,3,70642.71,3,1,0,70001.25,0
831,Germany,Male,57,3,182552.95,2,0,0,174090.44,0
509,France,Male,76,7,0.0,1,1,1,150175.9,1
367,Germany,Female,83,7,0.0,2,1,0,127064.56,1
687,France,Female,38,8,185393.89,1,1,0,134413.44,0
549,Spain,Female,56,4,117718.32,1,0,1,1832.1180000000008,0
465,France,Male,78,3,160829.28,2,0,1,114672.56,0
567,Germany,Male,61,2,192014.22,3,1,1,18974.54,0
575,Spain,Male,49,2,125059.5,3,1,0,198133.8305,0
656,France,Male,31,1,54523.0,4,1,1,42164.6,0
816,France,Female,21,9,99193.0,2,0,0,169772.71,0
791,France,Female,69,7,182694.75,3,1,1,158217.59,0
764,Spain,Male,89,7,67772.98,4,1,1,134150.96,1
596,Germany,Female,62,9,0.0,2,1,0,115209.89,1
629,Germany,Male,75,8,37073.0,1,1,1,85612.07,0
416,Spain,Female,68,3,0.0,2,1,0,152550.67,1
638,Spain,Male,43,3,150745.78,1,0,1,77695.99,0
686,France,Female,56,1,117067.65,2,1,1,150999.03,0
794,Germany,Female,37,7,202880.76,2,1,1,36606.93,0
373,Germany,Male,34,9,0.0,4,0,1,163773.38,0
782,France,Male,61,7,0.0,3,1,0,154013.96,0
609,Spain,Female,65,5,76765.87,3,1,0,152410.81,1
394,France,Female,91,3,0.0,4,0,0,81723.21,0
846,France,Male,35,4,0.0,4,1,1,140418.11,0
583,Spain,Female,39,2,0.0,2,1,1,101936.07,0
556,France,Male,30,1,88047.57,3,0,1,53844.6,0
445,France,Female,88,4,35512.33,3,1,0,93886.44,1
386,France,Female,75,2,0.0,1,1,1,80058.28,1
391,Germany,Male,42,8,65077.7,1,1,1,32369.29,0
483,Spain,Male,89,9,17520.43,2,0,0,3029.27,1
496,France,Female,70,2,127555.0,1,0,1,130895.78,0
582,France,Female,53,0,38284.07,3,1,0,148217.69,0
655,France,Male,46,9,0.0,1,0,1,61946.84,0
846,Spain,Female,60,3,209286.45,1,1,0,198133.8305,0
747,France,Female,24,2,0.0,1,0,1,43931.98,0
593,Spain,Male,30,9,0.0,2,1,1,121819.2,0
807,Spain,Female,87,9,245848.19,4,0,1,163217.21,1
629,France,Male,33,6,148382.84,1,1,0,144029.21,0
561,Spain,Male,30,1,198994.33,3,0,1,79305.78,0
458,Germany,Male,81,7,39885.49,3,1,1,171399.9,0
561,Germany,Male,87,8,174592.18,4,0,0,148914.53,1
370,France,Male,78,4,0.0,3,0,1,51171.46,0
426,Spain,Female,25,6,169098.22,4,1,1,147603.81,0
823,Spain,Male,80,5,26181.05,3,1,1,66109.48,0
447,Spain,Female,37,7,233953.78,4,0,0,52661.78,1
634,Spain,Male,18,5,104371.84,2,1,1,75878.31,0
401,France,Female,86,10,193949.82,2,0,1,79885.7,1
651,Spain,Female,37,0,246427.5262,3,1,0,2772.51,0
838,Spain,Male,66,0,218328.0,1,0,0,52627.32,0
579,France,Male,23,1,77926.37,3,0,0,136761.4,0
413,France,Female,32,1,100494.05,1,1,0,74680.14,0
361,France,Male,83,5,162163.53,4,0,1,126545.67,0
729,Spain,Female,61,0,0.0,1,1,0,130990.73,0
401,France,Female,91,2,102575.11,1,1,0,195779.2,1
509,Germany,Female,31,5,163342.43,1,1,0,85408.56,0
772,France,Male,83,9,0.0,1,0,0,118384.27,0
619,France,Male,82,8,77373.98,1,0,1,143527.69,0
787,Germany,Female,86,2,32084.58,4,0,1,135230.24,1
787,France,Female,21,0,168937.39,3,1,1,106175.75,0
681,Spain,Female,25,8,147398.75,2,1,1,158853.39,0
819,France,Female,57,8,226397.01,2,1,0,130994.6,0
368,Spain,Male,26,10,185664.81,1,1,1,133784.61,0
470,France,Male,22,4,99275.69,3,1,0,57190.58,0
488,Spain,Female,78,0,0.0,2,1,1,158631.81,1
806,Germany,Male,69,10,0.0,2,1,1,112740.63,0
661,France,Female,80,3,0.0,2,1,1,168937.21,0
476,France,Male,87,4,3456.64,2,1,1,31429.0,0
454,France,Male,28,4,156585.12,3,0,0,77911.99,0
753,Germany,Male,79,10,0.0,1,0,0,140104.39,0
780,Spain,Female,21,3,234369.98,3,1,0,181541.14,0
357,France,Female,45,6,0.0,3,1,0,173222.29,1
533,France,Female,40,5,0.0,1,0,1,122164.23,0
618,Germany,Male,35,10,236571.03,4,0,0,147581.5,0
467,Germany,Male,71,10,19982.65,4,1,0,82167.97,1
713,Germany,Female,26,6,0.0,3,1,1,34394.06,0
729,France,Female,77,1,0.0,4,0,1,97434.66,1
770,Germany,Male,82,3,246427.5262,4,1,0,190948.73,1
743,Spain,Male,67,7,242932.19,3,1,1,74797.65,0
771,France,Female,24,8,96149.78,2,0,0,105718.08,0
533,France,Male,62,8,185721.41,1,1,1,188609.23,0
499,France,Female,64,5,183983.36,4,1,1,20259.92,1
508,Germany,Male,45,7,24954.05,2,1,1,10398.97,0
777,France,Female,45,3,0.0,3,1,1,124017.0,0
675,Spain,Female,52,6,222245.59,4,0,0,69650.07,0
512,Germany,Female,91,5,41424.2,4,1,0,132881.57,1
711,Germany,Female,18,7,130213.84,3,1,1,79035.74,0
467,Spain,Male,55,9,61038.11,2,1,1,102128.77,0
483,France,Male,41,9,139403.64,1,1,0,193147.1,1
355,Spain,Female,58,8,49132.67,4,1,1,93485.53,0
834,France,Male,18,8,53937.06,1,1,0,135612.86,0
468,Germany,Female,85,1,11699.76,3,1,0,198133.8305,1
726,Spain,Female,51,2,246427.5262,2,1,0,79655.11,0
409,Spain,Male,89,9,0.0,2,1,0,1833.1,1
368,Spain,Male,29,5,103904.7,4,1,1,140721.77,1
688,France,Female,61,4,0.0,2,1,1,128392.24,0
399,Spain,Male,68,7,75906.56,1,1,1,70937.76,0
422,Germany,Male,76,0,198497.57,2,1,0,146306.99,1
515,Germany,Male,18,1,0.0,1,0,1,152939.65,0
643,France,Female,64,1,156362.57,4,0,0,46055.58,1
359,France,Female,28,6,0.0,1,1,0,38722.95,0
413,Germany,Male,49,0,216007.22,4,1,1,136286.24,1
519,France,Female,21,0,0.0,1,1,1,85300.26,0
702,Germany,Female,22,7,54486.83,3,1,1,25078.85,0
398,Spain,Male,74,8,187527.95,4,1,1,22374.56,1
493,Spain,Male,71,2,198142.11,1,0,1,1832.1180000000008,1
446,France,Male,84,7,0.0,4,0,1,16046.41,1
504,Spain,Male,69,1,240804.4,2,0,0,134579.71,1
479,France,Male,62,4,184242.25,3,1,1,187509.98,0
670,France,Male,26,4,112482.79,2,0,1,159105.75,0
383,Spain,Female,74,3,0.0,4,0,1,96253.46,0
820,France,Female,35,9,216165.73,3,0,0,138941.98,0
472,France,Female,25,0,0.0,2,1,1,118085.49,0
846,France,Male,72,6,0.0,1,1,1,46396.2,0
715,Germany,Male,61,3,138580.68,4,0,1,79884.16,0
528,Spain,Female,29,5,32298.57,3,0,0,95669.85,0
501,France,Male,58,2,62894.93,1,1,0,54360.56,1
824,France,Female,69,8,0.0,2,1,1,188038.18,1
846,Germany,Female,54,0,0.0,2,1,0,55660.95,0
656,France,Female,71,0,0.0,2,0,0,138914.38,0
373,Germany,Male,55,3,19741.56,2,0,1,65649.28,0
804,Spain,Male,44,9,0.0,1,1,0,95714.68,0
588,Spain,Male,34,0,145353.63,1,0,0,141187.1,1
363,Spain,Female,37,1,196798.75,1,1,0,152302.8,1
751,Germany,Male,77,5,24169.62,4,1,1,46858.86,1
366,Spain,Female,45,0,83151.16,4,1,1,109621.5,0
536,France,Female,70,5,0.0,1,1,1,127671.88,0
387,France,Male,44,3,177921.78,3,1,1,7013.26,0
568,Germany,Male,56,7,112406.45,1,1,1,151554.28,0
753,France,Male,62,0,0.0,3,0,1,125057.58,0
414,Spain,Male,53,1,0.0,2,0,1,128005.33,0
419,Germany,Female,73,1,0.0,1,1,0,40679.5,1
829,Spain,Female,86,8,37528.67,4,1,1,98529.39,0
438,France,Male,81,8,238210.52,4,1,1,113760.41,1
406,France,Female,86,1,202402.04,1,1,1,69269.21,1
643,Germany,Male,20,4,59265.73,1,1,1,136855.58,0
488,France,Male,74,7,214314.23,1,0,1,7871.16,0
829,Germany,Male,71,0,63075.35,2,1,0,101310.52,0
432,Germany,Male,48,1,0.0,2,0,1,11919.9,0
634,Spain,Female,41,7,157140.68,3,1,0,87571.46,1
811,Germany,Female,21,6,120645.06,3,1,1,178360.16,0
717,France,Female,80,7,232018.23,1,1,0,89891.43,1
364,France,Male,80,5,202341.98,2,0,0,196295.2,0
444,Germany,Female,23,9,0.0,4,1,1,150879.05,0
412,France,Female,61,1,176392.24,4,0,1,189329.47,0
808,France,Female,58,1,197375.49,4,0,0,175088.75,1
451,France,Female,30,6,0.0,2,1,1,171340.02,0
377,France,Male,58,9,0.0,3,1,0,66013.71,1
541,Germany,Male,78,0,0.0,1,1,1,164541.01,1
491,France,Male,42,7,243536.49,2,1,1,67345.37,1
432,Germany,Male,71,10,0.0,2,0,1,169521.57,1
577,France,Male,89,6,0.0,2,1,1,93821.9,0
801,Germany,Male,51,9,149541.43,4,0,0,1832.1180000000008,1
463,France,Male,25,2,0.0,3,0,0,182787.7,0
841,Spain,Male,40,8,20323.85,4,0,1,139354.55,0
682,France,Male,28,5,49534.23,2,0,0,137345.15,0
541,Germany,Male,44,3,16332.27,2,1,0,175302.11,0
690,France,Female,65,2,224618.07,4,1,0,192306.8,1
524,France,Male,32,9,0.0,1,1,0,153294.4,0
456,France,Male,56,7,0.0,3,1,1,113992.2,0
467,Spain,Female,91,8,134327.59,3,1,1,35688.49,1
355,Spain,Male,37,7,224051.06,2,0,1,143474.65,0
674,France,Female,83,2,12257.8,4,0,0,100323.84,1
387,France,Male,40,2,53993.61,1,1,1,105161.63,0
449,Germany,Male,63,7,179337.6,2,1,1,130756.15,1
355,Germany,Male,29,2,0.0,2,1,1,151758.27,0
382,France,Male,37,7,0.0,2,1,0,52146.13,0
803,Spain,Male,82,9,4238.45,2,0,0,63463.29,0
361,Germany,Female,61,8,216701.31,2,0,1,48186.95,1
661,Germany,Male,60,5,0.0,4,1,1,150996.73,0
514,France,Female,55,9,208591.96,2,1,0,92821.81,0
419,France,Male,36,6,0.0,3,1,0,119098.21,0
500,France,Female,86,5,183040.37,3,0,1,106407.98,1
396,Spain,Female,47,10,0.0,3,0,1,169576.85,0
506,France,Female,18,3,177882.37,2,1,0,116446.93,0
759,Spain,Female,85,2,0.0,2,0,1,196012.52,0
660,Spain,Female,21,1,25884.9,2,1,1,119376.03,0
756,Germany,Female,83,6,67606.77,2,1,1,100491.31,0
698,France,Male,37,5,42210.24,4,1,1,12418.9,0
814,France,Female,23,8,0.0,2,1,1,84720.58,0
404,France,Male,34,1,0.0,4,0,1,67123.77,0
429,Germany,Female,66,3,0.0,4,1,1,116441.39,0
556,Spain,Male,58,1,190830.16,3,0,1,69841.24,0
611,France,Female,29,3,150311.52,3,1,1,61873.97,0
742,Spain,Male,40,10,0.0,1,1,1,198133.8305,0
410,France,Female,33,9,0.0,1,1,0,64025.03,0
405,France,Male,66,5,62626.14,3,1,1,170241.56,0
748,France,Female,81,1,0.0,4,1,1,161913.0,0
625,Germany,Male,36,10,202533.85,4,0,1,64905.76,0
556,France,Male,84,1,208947.11,2,1,1,76067.84,0
461,France,Male,48,1,244063.28,3,1,0,148253.82,0
698,Spain,Male,24,4,190571.22,3,0,0,77182.51,1
751,Germany,Male,41,10,58185.74,1,0,1,8295.89,1
365,France,Male,82,8,57662.64,4,1,1,100653.49,1
377,France,Male,77,3,0.0,2,1,0,106197.12,0
739,Germany,Male,71,5,0.0,3,0,0,66554.32,1
792,France,Female,47,0,128248.0,2,1,0,10689.79,0
464,France,Female,75,2,0.0,4,0,0,87581.44,1
703,Germany,Male,70,7,120475.2,2,1,0,192420.0,0
772,France,Male,76,4,204274.67,4,0,1,185980.64,0
406,Germany,Male,59,10,0.0,4,1,1,166880.85,1
443,France,Female,55,4,158758.16,1,1,0,74008.3,1
415,France,Female,89,9,0.0,2,1,1,36684.22,0
745,France,Female,88,7,0.0,3,1,1,195043.91,1
736,France,Male,57,5,0.0,4,1,0,171838.04,0
417,France,Male,32,9,0.0,3,1,0,39073.44,0
437,France,Male,48,9,0.0,3,1,1,85142.93,0
682,Spain,Male,55,3,169129.62,2,0,1,120401.23,0
799,Spain,Female,68,3,78189.99,1,1,0,121759.73,0
740,France,Male,41,7,0.0,4,1,1,129019.61,0
433,Germany,Male,21,0,0.0,1,1,1,190073.75,0
543,Germany,Male,78,7,130283.2,4,1,0,30935.12,1
383,Spain,Male,88,4,0.0,1,1,1,178954.86,0
472,France,Female,24,8,0.0,2,1,0,55322.08,0
632,France,Female,41,1,82462.63,4,1,0,110325.54,0
522,France,Female,50,6,65611.35,1,1,1,110740.25,1
653,France,Male,74,5,0.0,2,1,1,139545.12,1
498,France,Female,75,0,230432.54,1,0,1,70187.03,0
632,Spain,Male,43,5,36638.57,3,1,0,23021.27,0
667,Spain,Female,41,7,185409.31,1,1,1,169051.63,0
447,France,Male,47,4,0.0,3,0,0,36094.4,0
372,France,Female,35,6,166758.06,3,1,1,47954.15,0
519,France,Male,50,3,211296.39,4,0,1,15854.17,0
370,France,Female,37,6,0.0,3,1,1,101891.64,0
429,Germany,Female,22,2,144888.59,2,1,1,121160.68,0
494,France,Male,70,3,69205.9,1,1,0,104300.33,1
519,Spain,Female,76,0,71052.91,2,1,1,16924.54,0
488,Spain,Male,39,1,0.0,3,1,1,167523.95,0
376,Germany,Male,47,1,0.0,4,1,0,12441.59,0
438,Germany,Male,47,2,62028.82,2,0,0,196341.19,0
792,Germany,Female,19,7,0.0,2,1,1,74717.58,0
709,France,Female,58,2,0.0,4,1,1,114041.55,0
572,France,Male,51,3,96157.17,4,1,0,137807.54,0
361,Germany,Female,87,1,26090.45,4,0,0,105331.96,1
529,France,Female,45,4,38572.32,1,1,0,168349.6,0
813,Spain,Female,76,2,167178.92,1,1,1,156408.46,0
755,France,Male,46,3,162835.53,2,1,1,116030.03,0
729,France,Female,31,0,236254.56,2,1,1,3084.4,0
474,France,Female,43,5,230068.31,2,1,0,127775.48,1
551,Spain,Female,83,2,218485.09,4,1,0,157851.43,1
364,France,Female,36,7,172738.59,3,1,1,162871.01,0
780,France,Male,80,10,0.0,2,0,1,108848.02,0
406,France,Female,67,5,44539.44,3,0,1,68466.36,0
659,Germany,Male,73,5,237354.46,4,1,1,71752.85,0
491,Spain,Male,73,9,239907.25,2,1,1,73345.34,0
635,France,Female,56,3,126108.63,1,0,1,138720.54,0
764,Spain,Female,62,1,0.0,2,0,0,140044.05,0
506,France,Female,23,7,1343.22,2,0,0,118815.39,0
358,Germany,Male,69,7,37146.4,1,1,0,153246.95,0
682,France,Female,70,5,136498.57,3,1,0,95969.12,0
616,France,Female,25,4,0.0,3,1,0,106861.09,0
419,Germany,Male,56,0,119682.34,2,0,0,173475.86,0
374,Germany,Female,55,6,0.0,2,1,1,100093.29,1
612,France,Female,40,6,200194.49,4,1,1,59916.61,0
657,Spain,Male,22,5,215414.58,1,0,1,83677.71,0
408,Spain,Female,18,3,58928.02,4,1,1,50858.33,0
650,France,Male,33,1,107974.32,2,1,1,44914.51,0
573,Germany,Female,35,6,156711.35,3,1,0,121674.4,0
418,Spain,Female,33,6,0.0,3,1,1,3274.1,0
658,France,Male,62,1,246427.5262,2,1,0,62150.16,0
673,Spain,Male,49,1,69070.35,1,1,1,128208.61,1
427,France,Female,26,5,17834.86,3,1,1,42634.29,0
687,Spain,Female,24,0,96965.5,4,1,1,198133.8305,0
461,France,Female,66,2,0.0,4,0,1,125559.99,0
649,France,Male,87,7,0.0,3,0,1,125820.25,0
757,Germany,Female,78,3,79841.04,1,1,0,106678.46,1
819,Germany,Male,74,5,64314.85,4,1,1,153277.61,0
478,Spain,Female,41,7,106871.09,2,1,1,139084.46,1
519,Spain,Male,70,1,0.0,2,0,0,167521.0,0
397,France,Female,24,2,37216.42,2,0,0,51261.48,0
835,France,Female,30,3,216383.48,1,1,1,85452.28,0
515,France,Female,28,4,0.0,2,1,0,107098.37,0
751,France,Male,31,6,26842.63,4,1,1,71075.2,0
818,France,Female,44,0,5879.9,4,0,1,52442.91,0
588,Spain,Female,21,5,0.0,3,1,1,3460.79,0
697,Spain,Male,78,7,22592.1,4,1,1,74366.4,1
586,France,Female,70,9,160884.77,1,1,1,91293.48,0
638,France,Male,64,5,0.0,4,1,0,160378.26,0
475,Germany,Female,30,6,33325.86,2,1,1,137130.32,0
771,France,Male,82,8,0.0,3,1,1,67996.75,0
411,France,Female,18,7,216462.69,4,1,0,147374.86,0
680,France,Female,91,5,126418.35,4,1,1,30951.08,1
810,France,Female,71,6,0.0,4,1,1,59761.44,0
756,France,Male,32,10,0.0,1,1,0,66185.36,0
730,Spain,Male,32,8,25280.1,1,1,1,5468.46,0
679,France,Male,69,2,54897.4,1,1,1,174331.64,0
823,Germany,Male,77,4,0.0,3,1,1,85532.46,0
782,Germany,Female,52,8,0.0,3,1,1,61101.33,0
487,Spain,Female,22,5,71571.31,3,1,1,148605.17,0
662,France,Female,54,4,0.0,2,1,1,106530.99,0
564,France,Female,53,6,99373.82,2,1,1,176943.59,0
482,France,Male,42,4,0.0,4,1,1,136148.81,0
759,France,Female,84,7,0.0,1,1,0,178901.0,0
370,France,Male,43,8,166482.89,4,1,1,144270.12,0
414,Spain,Female,36,9,0.0,1,0,0,156141.86,0
402,France,Female,68,10,5627.96,2,0,1,86007.2,0
451,France,Female,63,7,70786.36,1,0,0,20976.18,1
606,France,Male,63,8,236356.92,1,1,0,96555.2,1
822,Spain,Female,55,8,38881.38,1,1,0,108340.96,0
836,Spain,Male,41,3,218369.42,2,1,0,50189.94,0
801,Germany,Female,37,10,0.0,4,1,1,45986.7,0
730,Germany,Male,26,5,0.0,2,0,0,73897.72,0
580,Germany,Male,31,9,221680.76,3,0,1,83966.97,0
738,Germany,Male,60,2,230676.73,3,0,0,124232.86,0
484,France,Male,48,3,216716.7,4,1,1,58369.53,1
682,Germany,Female,72,6,101870.02,4,1,1,13830.14,0
355,Spain,Female,77,6,0.0,1,0,1,66617.07,0
802,France,Male,59,4,76532.25,1,1,0,44535.49,1
836,Germany,Male,25,2,32488.29,4,1,1,123676.76,0
718,France,Female,18,2,225527.98,4,1,0,75418.16,1
437,Germany,Female,34,7,245289.11,4,1,0,116697.51,1
479,France,Male,38,0,0.0,3,1,1,72135.95,0
720,Germany,Male,23,1,171934.38,3,1,0,114793.92,0
600,Spain,Male,75,10,237312.16,2,1,1,1832.1180000000008,0
624,France,Male,45,10,151979.43,2,1,0,118863.54,1
552,France,Male,72,0,11773.92,1,1,1,10045.8,1
768,France,Female,33,1,3728.46,3,0,0,153100.36,0
432,France,Female,18,3,126025.6,1,1,1,181932.94,0
571,Spain,Male,28,6,0.0,3,1,1,106243.15,0
461,France,Male,52,2,0.0,3,0,1,4872.53,0
696,France,Female,53,10,87581.56,4,0,0,61360.06,1
492,France,Male,50,5,198998.52,4,1,1,21153.36,0
500,Spain,Male,89,5,200415.43,3,1,1,14225.76,0
436,France,Male,66,2,235909.76,3,1,0,127942.43,0
782,Germany,Male,72,3,209667.97,2,1,1,133387.95,0
458,France,Female,27,8,148480.27,4,0,1,124452.58,0
785,France,Male,52,6,0.0,3,0,0,30355.2,0
809,Germany,Male,63,2,153604.52,3,0,1,35748.32,0
832,France,Male,61,4,150394.79,3,1,1,60216.9,0
521,Germany,Female,88,2,0.0,2,0,0,81771.88,0
678,France,Female,53,4,0.0,2,1,1,45936.19,0
764,Germany,Female,45,2,10737.79,1,1,1,178027.88,0
389,Spain,Male,87,10,0.0,2,0,1,5397.95,1
382,Germany,Female,42,3,2617.65,4,0,1,96652.96,0
453,France,Female,60,5,76750.48,1,1,0,189809.21,1
841,Germany,Female,20,7,0.0,2,0,1,197340.43,0
395,Spain,Female,30,0,198766.26,4,1,0,64947.32,1
733,France,Male,22,2,0.0,4,1,1,126117.72,0
770,France,Female,48,10,178220.18,4,1,1,160925.08,0
804,Spain,Female,86,7,0.0,2,0,0,45525.17,0
614,France,Female,23,2,72049.91,2,1,1,110948.96,0
613,Germany,Female,90,4,199613.35,2,1,0,193907.64,1
721,Spain,Female,82,9,0.0,2,0,0,178753.98,1
667,France,Male,18,2,87513.99,3,0,1,177064.95,1
744,Germany,Female,19,3,64854.06,3,1,1,121667.39,0
530,Germany,Female,84,2,58973.83,3,1,0,124636.4,1
817,France,Male,61,7,137015.97,2,1,0,46473.16,0
566,Spain,Male,30,5,72871.71,3,0,0,161926.42,0
474,France,Male,88,5,5334.2,2,1,1,153888.21,0
726,France,Female,59,4,97687.47,1,0,1,86144.65,0
661,Spain,Male,65,3,138433.37,4,1,1,171406.42,0
375,France,Female,68,5,0.0,1,1,0,48993.99,1
433,Spain,Male,32,8,0.0,4,1,1,169524.21,0
368,France,Female,44,8,78473.01,3,0,0,125033.57,0
638,France,Female,27,8,0.0,4,1,1,9074.9,0
788,France,Male,57,0,155831.35,3,0,1,71045.12,0
511,Germany,Male,91,5,70906.34,1,0,0,137360.17,1
405,Spain,Female,64,4,229213.2,1,0,1,144805.32,0
776,Spain,Male,69,10,70421.85,1,1,1,73677.14,0
711,Spain,Female,32,4,197733.99,2,1,0,45739.25,1
623,Germany,Female,58,2,0.0,4,1,0,34846.15,0
449,Spain,Male,91,2,0.0,3,0,1,195554.07,0
686,Germany,Female,24,2,174753.93,4,1,0,78592.99,1
533,Spain,Female,33,4,43593.34,3,1,0,80973.33,0
472,Germany,Male,71,2,94991.51,1,1,0,33664.22,0
497,Spain,Female,18,6,0.0,1,1,0,75139.94,0
380,France,Male,33,2,0.0,1,1,1,195779.36,0
595,France,Female,87,6,227355.15,4,1,1,100065.33,0
727,Germany,Male,19,6,149058.96,4,0,0,141420.58,0
764,France,Female,49,7,175415.03,1,1,1,188272.89,0
712,France,Female,42,9,70763.46,1,1,0,184899.91,0
788,Spain,Male,47,0,117056.39,2,1,0,176112.11,1
832,France,Male,37,0,185194.69,3,1,1,181613.9,0
461,France,Male,38,5,0.0,1,1,0,122228.76,0
567,France,Male,74,5,0.0,4,1,0,173473.94,1
519,France,Male,19,8,0.0,2,0,0,158665.86,0
693,Germany,Female,27,2,59199.89,4,0,1,198133.8305,1
769,Spain,Male,37,5,240599.48,3,0,1,176146.27,0
795,Spain,Female,79,6,39652.11,2,1,0,107594.93,0
394,Germany,Male,47,7,26288.7,1,0,0,1832.1180000000008,0
607,Germany,Female,20,5,34420.63,3,1,1,198133.8305,0
408,France,Female,56,6,50727.76,1,1,1,106855.52,0
515,Spain,Female,64,1,92179.9,3,0,0,188669.91,0
590,France,Male,51,5,49288.35,1,1,1,84411.56,0
660,France,Female,24,5,0.0,4,0,1,129964.87,0
745,Spain,Female,83,0,34154.56,1,1,0,175811.22,1
846,Spain,Male,81,10,197417.01,2,1,1,31147.24,1
518,France,Male,85,6,130018.89,2,1,0,73010.33,0
630,Germany,Female,89,7,0.0,4,0,0,175046.65,1
384,France,Male,41,5,0.0,1,1,0,99258.17,1
405,France,Male,49,10,76293.17,4,1,1,131714.94,0
834,France,Female,89,0,245576.36,2,1,0,108692.65,0
820,France,Female,51,10,0.0,1,1,1,93655.03,0
820,Germany,Female,82,2,109667.6,4,0,0,71754.2,1
481,France,Female,65,9,73942.65,1,1,0,192493.4,1
676,Germany,Male,86,0,1833.62,2,1,1,144890.26,0
464,France,Male,18,3,138112.97,3,1,1,190471.16,0
691,Spain,Female,70,6,0.0,1,0,0,172424.02,0
592,Germany,Female,77,7,80115.16,3,0,1,8804.28,1
817,Spain,Male,32,0,118064.64,3,1,1,173226.73,0
537,France,Male,72,3,97986.88,4,1,1,17772.21,1
672,Germany,Male,32,9,116051.43,1,1,1,188188.92,0
680,Spain,Male,84,2,0.0,4,0,1,103972.08,0
744,France,Male,85,10,178493.33,1,1,0,60144.03,1
376,France,Female,18,7,70061.16,4,1,0,133330.36,1
582,France,Female,55,10,0.0,2,1,0,181222.94,0
576,France,Female,46,9,181304.41,1,0,0,198133.8305,1
464,France,Male,83,2,56128.7,2,1,1,44634.0,0
753,France,Male,41,10,226896.47,2,1,1,148333.59,0
767,France,Female,71,5,208204.12,1,1,0,42892.71,0
390,Germany,Female,26,2,63129.76,2,1,1,8100.47,1
692,France,Female,33,9,200375.06,2,1,0,33102.15,0
781,France,Male,90,5,0.0,1,1,1,153584.55,0
495,Germany,Male,46,7,6215.25,2,0,1,24480.81,0
666,France,Female,74,6,240280.15,1,0,1,145785.58,0
662,France,Female,89,3,190337.67,2,0,1,190742.97,1
359,France,Female,89,10,122255.85,1,1,0,146889.48,0
759,France,Male,19,9,210802.35,1,0,0,53766.4,0
725,France,Male,35,5,18955.33,2,1,1,175673.19,0
485,France,Male,70,6,184920.61,4,0,1,159289.12,1
507,France,Male,86,0,239081.43,2,1,0,120684.95,1
734,Spain,Male,90,8,0.0,3,0,1,194481.79,0
751,Spain,Female,71,10,107918.93,1,1,1,35602.36,0
386,France,Male,25,10,86577.73,3,1,0,1832.1180000000008,0
529,France,Female,72,6,223103.98,3,1,0,52405.99,1
663,France,Male,38,10,0.0,2,1,0,58379.21,1
413,Spain,Female,77,8,234362.05,2,0,0,34347.9,0
846,Spain,Male,58,5,79962.37,3,1,1,110114.74,0
454,France,Male,31,8,31253.7,3,0,0,21338.15,1
784,France,Female,80,1,58972.47,3,0,1,124249.14,0
382,France,Female,91,7,0.0,1,1,1,24813.59,0
788,Spain,Male,55,6,32776.51,2,0,1,79058.96,0
370,Spain,Female,78,5,0.0,4,0,1,92884.16,0
690,France,Male,22,7,226463.91,4,0,0,32084.69,0
530,Germany,Female,38,9,0.0,4,1,1,193115.35,1
581,France,Female,27,6,153636.06,4,1,1,19426.79,0
404,Germany,Female,39,4,100941.16,1,0,0,39818.55,0
689,Spain,Male,45,4,161863.71,2,1,1,76892.0,0
661,France,Male,49,6,122402.02,2,1,1,163467.0,0
510,France,Female,41,6,0.0,2,1,0,109029.39,0
586,Germany,Male,58,3,0.0,2,1,1,71375.14,0
626,France,Female,34,5,127107.13,1,0,1,94852.96,1
694,Spain,Male,43,3,32534.26,4,0,0,170645.85,1
620,France,Male,80,10,122576.65,3,1,0,88046.46,1
379,Spain,Male,59,5,28682.71,1,1,1,46746.35,0
622,France,Male,19,9,0.0,4,1,1,41601.72,0
524,France,Male,42,4,106848.44,2,1,0,168371.94,1
556,France,Male,79,4,0.0,3,1,1,49985.22,0
535,France,Male,31,3,104619.24,2,1,1,106829.44,0
526,France,Male,86,6,0.0,2,1,1,139514.23,0
468,Germany,Female,39,6,14748.09,2,0,0,30706.63,0
515,France,Female,64,6,177504.62,2,1,0,3933.51,0
706,France,Female,53,9,239358.45,1,0,0,197846.49,0
462,France,Female,64,5,0.0,3,1,0,162827.19,1
730,France,Male,77,9,2462.26,3,1,0,189321.28,1
569,Spain,Female,29,0,0.0,3,1,0,113299.52,1
655,Spain,Female,44,3,36294.32,4,1,0,44861.11,1
408,France,Male,60,7,116992.12,3,0,0,104405.65,1
453,Spain,Female,37,4,0.0,2,0,0,152464.11,0
801,Germany,Female,45,8,0.0,3,1,1,119591.79,0
766,Spain,Female,83,6,0.0,4,0,0,94936.37,0
384,France,Male,34,5,33846.69,3,1,1,111742.78,0
802,France,Female,32,6,0.0,3,0,1,44650.8,0
769,France,Female,61,9,0.0,3,1,1,77651.56,1
418,Spain,Female,25,7,0.0,4,1,0,90723.37,0
470,Germany,Female,18,10,0.0,3,1,1,152093.91,0
438,France,Female,82,1,187069.3,3,1,0,106670.27,1
777,France,Male,38,8,218321.34,3,1,0,89785.55,0
777,Germany,Female,26,9,0.0,4,1,0,190559.7,0
710,Spain,Male,66,10,17694.06,4,0,0,42006.51,0
475,France,Male,53,5,110570.55,2,0,0,161954.28,1
811,Germany,Male,51,5,146147.82,3,0,1,1832.1180000000008,0
774,France,Female,50,6,184895.15,3,1,1,78399.52,0
785,France,Female,28,10,189017.92,3,0,1,38695.35,0
530,Germany,Female,81,9,215904.31,3,1,1,96107.47,0
701,Spain,Male,18,10,7791.07,4,0,0,98548.18,0
688,Spain,Female,53,10,245249.52,4,1,1,78095.69,1
425,France,Female,38,6,0.0,4,0,0,10934.88,0
641,France,Female,65,2,0.0,2,1,1,46246.73,0
625,France,Female,58,1,78323.88,2,1,1,52232.91,1
642,France,Male,46,9,191385.66,1,1,0,92890.49,1
520,France,Male,57,1,119627.6,4,1,1,84710.66,0
685,France,Female,34,0,1160.43,3,0,1,40336.56,0
793,France,Female,27,5,88678.95,4,1,1,121654.82,0
652,France,Male,84,8,144734.74,3,0,1,93911.05,1
786,France,Male,63,8,219895.03,1,1,1,44221.39,0
736,Spain,Female,66,2,207312.88,2,1,0,15486.95,0
507,France,Male,91,5,236579.85,2,1,0,24531.12,0
718,Germany,Male,84,9,116982.05,4,1,0,14050.91,1
686,Spain,Female,61,8,199568.45,2,1,1,8580.52,0
822,Germany,Male,76,10,25183.9,4,0,1,19340.25,0
519,France,Male,57,8,129614.47,3,1,1,67949.98,1
432,France,Female,35,1,229145.19,2,1,1,106346.68,0
689,Germany,Female,64,2,0.0,4,1,1,94456.05,0
666,Germany,Male,85,1,163902.46,3,1,1,180278.06,0
657,France,Female,83,1,0.0,2,1,0,181007.13,0
720,France,Male,55,9,0.0,2,0,1,36733.4,1
605,Germany,Male,88,7,169663.07,4,1,0,173412.99,1
365,France,Male,32,10,81391.95,1,1,1,112753.34,0
790,Germany,Female,21,3,0.0,4,1,1,147598.27,0
488,France,Male,47,10,0.0,1,1,1,158186.17,0
473,France,Male,33,10,5116.78,3,0,1,80453.26,0
757,Spain,Female,88,1,98129.47,3,1,1,84934.85,0
749,France,Female,26,9,59555.12,3,1,1,150962.68,1
603,Germany,Female,57,1,6775.07,1,0,1,164611.96,1
695,France,Female,75,4,54143.28,3,0,0,87838.01,0
390,France,Male,26,1,46061.87,4,1,0,49366.06,0
490,Spain,Female,21,6,0.0,2,0,0,133900.2,0
471,France,Male,58,0,108797.93,4,0,1,155893.1,0
561,France,Female,84,9,117924.88,1,1,0,152998.32,1
528,Spain,Female,19,5,219477.82,4,1,1,78102.55,0
384,Germany,Male,19,9,123607.09,2,1,0,36474.49,0
694,Germany,Male,86,4,0.0,3,1,1,100077.87,0
649,France,Female,62,6,161870.82,1,1,1,56588.34,0
540,France,Female,69,8,129218.6,3,1,0,63038.6,1
794,Germany,Male,38,10,76193.57,3,0,0,136995.71,0
530,France,Male,41,4,225789.65,2,1,1,64625.12,0
409,France,Female,52,5,109543.88,4,1,0,160627.11,1
774,Spain,Female,33,3,142782.0,4,0,0,78606.48,1
416,France,Male,50,0,0.0,1,0,1,34039.22,0
385,France,Female,88,9,206909.51,4,1,1,90443.27,1
587,France,Male,73,6,133655.21,3,0,1,70059.7,0
640,France,Male,82,4,0.0,3,1,0,64045.15,0
490,Germany,Male,54,8,115015.26,1,1,0,39912.42,1
770,Spain,Female,76,9,0.0,3,0,1,47948.42,0
488,France,Male,49,10,82493.78,2,1,1,150820.09,0
832,France,Male,63,4,233712.79,1,1,0,152913.0,0
669,Germany,Male,72,1,211650.99,1,1,0,84596.81,0
442,France,Male,79,5,0.0,1,1,0,57844.16,1
555,France,Male,86,4,0.0,2,1,0,124826.17,0
388,Spain,Female,25,2,0.0,1,0,0,132030.42,0
773,Germany,Female,76,6,69592.84,4,1,0,110100.14,1
674,France,Male,70,4,79414.56,2,0,0,150835.58,0
564,Spain,Female,72,9,0.0,2,1,1,84153.15,1
690,France,Female,19,0,0.0,3,1,0,129869.3,0
658,Spain,Male,54,7,0.0,1,1,1,102543.02,0
650,Germany,Male,89,6,188713.25,2,0,1,63798.13,1
549,Germany,Female,84,2,164999.35,1,1,0,26242.18,1
526,Spain,Male,35,3,6906.24,3,0,0,37875.14,0
478,Germany,Male,53,9,0.0,4,1,0,98179.55,0
744,France,Male,81,4,82572.28,3,1,0,39984.47,0
586,France,Female,86,7,160447.17,2,1,0,192529.54,1
584,Germany,Female,42,5,0.0,1,1,1,72304.37,1
710,Germany,Male,77,9,0.0,4,0,0,31019.38,1
616,France,Male,79,7,0.0,2,1,0,186570.14,1
827,Germany,Female,29,9,175092.73,3,0,0,167838.44,0
470,Germany,Female,20,9,128916.77,3,1,0,50259.27,0
371,France,Male,21,1,147778.22,3,1,0,133635.56,0
561,France,Male,28,9,110533.88,1,1,1,144409.79,0
616,France,Male,72,10,0.0,2,1,0,98835.6,0
761,France,Male,46,0,227058.53,2,1,1,117661.2,0
668,France,Female,68,4,246427.5262,4,1,0,168627.28,1
820,France,Female,24,2,0.0,2,1,1,98070.99,0
392,France,Female,62,10,170471.36,4,1,1,91353.65,1
619,France,Female,73,3,99965.63,3,1,0,148138.68,0
765,Germany,Female,90,2,2118.3,1,1,1,188753.06,1
601,France,Female,41,1,175809.19,4,1,1,184544.39,0
488,Spain,Male,58,8,233508.86,2,1,0,123302.2,1
735,Spain,Male,53,0,0.0,3,1,0,109119.11,0
788,Germany,Female,43,3,0.0,2,1,0,125291.21,0
479,Spain,Male,65,6,100531.49,4,1,0,11445.81,0
626,Spain,Female,59,0,178387.88,4,1,0,177992.15,1
753,France,Male,79,1,159607.49,1,1,1,7349.69,0
426,Germany,Male,20,10,0.0,3,1,0,14472.73,0
355,France,Male,34,5,37904.96,3,1,1,7904.13,0
720,Germany,Male,60,3,143860.51,2,1,0,145816.33,1
726,France,Male,60,9,0.0,2,0,0,56090.11,0
428,France,Male,84,0,0.0,2,0,0,81769.2,0
649,France,Male,67,2,236213.11,2,0,1,49666.69,0
710,Spain,Male,18,9,0.0,2,1,0,184451.06,0
832,France,Female,54,8,0.0,4,0,1,198133.8305,0
754,France,Male,80,4,0.0,4,1,1,87978.21,0
460,France,Female,82,10,141216.43,4,1,0,163340.19,1
638,France,Male,77,6,181538.21,2,1,0,50554.62,0
717,Spain,Female,53,8,0.0,3,1,1,129743.42,0
485,Spain,Female,25,10,131398.13,1,1,0,26547.17,1
431,France,Female,33,5,0.0,1,1,1,172779.62,0
569,France,Female,80,5,6897.01,3,1,1,86120.43,0
710,France,Male,43,7,0.0,3,1,1,144911.29,0
614,France,Female,74,0,220109.12,1,1,1,128151.45,1
652,Spain,Male,20,4,198940.93,3,1,0,156328.76,0
683,Germany,Female,54,7,232959.78,3,1,1,75601.88,0
828,France,Male,88,4,0.0,3,1,1,120528.44,0
667,Germany,Male,36,7,129505.79,3,0,1,122276.55,0
417,France,Female,20,4,119233.57,4,0,0,39842.42,0
550,Germany,Female,39,2,7959.92,4,0,1,37381.27,0
435,Germany,Female,22,1,4649.84,3,1,1,141959.71,0
729,Germany,Female,63,5,159867.22,3,1,0,46639.54,0
846,Germany,Female,32,2,68850.63,4,1,1,125334.27,0
736,Spain,Female,36,4,0.0,1,1,1,192139.25,0
473,France,Female,61,5,0.0,4,1,1,54187.63,0
698,France,Male,42,0,27817.85,4,1,1,175513.23,0
360,France,Female,66,4,70958.66,3,0,1,105030.92,0
486,Germany,Female,86,3,171259.64,4,1,1,117571.61,1
501,Germany,Female,86,3,7641.56,3,1,1,53628.06,0
585,Germany,Female,71,10,129947.3,2,1,1,185137.7,1
510,Germany,Female,89,10,21365.23,2,0,0,142248.32,0
566,France,Female,72,3,190414.2,3,0,0,141908.7,1
355,Germany,Male,23,9,0.0,2,0,0,171228.6,0
759,Germany,Female,88,2,0.0,3,1,1,22152.94,0
548,France,Female,59,3,55321.26,2,0,1,20114.79,0
754,France,Female,18,10,181174.67,3,1,1,16536.42,0
378,France,Female,63,1,0.0,2,0,1,176367.32,1
783,France,Female,36,4,142703.7,1,0,1,180415.95,1
663,Spain,Male,57,8,23007.44,3,1,1,85712.79,0
465,Spain,Female,66,10,24021.63,2,1,1,133227.38,0
727,Germany,Female,20,10,48497.56,1,1,0,169758.15,0
724,France,Female,50,9,0.0,1,1,1,71995.91,0
713,Germany,Female,22,10,31608.11,3,1,1,52670.88,0
786,Germany,Female,26,5,29562.11,4,1,1,193505.8,0
827,France,Female,33,3,219757.75,2,1,0,38487.76,0
433,Spain,Male,75,4,138658.35,4,0,0,100289.34,1
491,France,Female,48,1,0.0,4,0,1,117772.65,1
370,France,Female,21,1,71955.44,1,1,1,75212.95,0
383,France,Female,73,10,13871.84,1,1,1,98398.5,0
402,France,Male,58,2,0.0,3,1,0,161419.16,0
696,Spain,Female,28,6,0.0,3,1,1,143938.63,0
653,France,Male,59,2,205656.64,1,0,1,159068.89,0
367,France,Male,36,7,166271.61,4,1,1,56532.05,1
561,France,Male,65,5,0.0,1,1,1,53070.15,0
405,France,Female,88,1,186649.33,2,1,0,50057.36,1
447,France,Male,41,4,191183.1,1,1,0,107056.68,0
377,France,Male,73,8,0.0,4,1,0,32295.51,0
614,Germany,Male,19,8,136231.33,2,1,0,193059.95,0
390,France,Female,48,3,53426.8,3,1,0,164126.35,0
743,Spain,Male,83,3,0.0,4,1,1,196734.34,1
816,France,Female,23,8,24828.77,2,1,0,48994.79,0
778,Germany,Male,86,4,94057.25,2,0,1,129440.19,1
762,Spain,Female,24,0,152591.64,3,1,1,181434.37,0
726,France,Female,53,1,62971.78,4,1,0,88284.52,1
806,France,Male,31,4,216270.69,1,1,1,96917.22,0
793,Spain,Female,19,2,244012.96,2,1,1,8126.35,0
458,France,Male,43,1,0.0,2,1,1,191444.22,0
652,Germany,Female,60,8,0.0,1,1,1,148367.96,1
503,France,Female,71,5,0.0,1,1,0,193311.39,0
769,France,Male,41,7,9485.36,2,1,1,44564.16,0
355,Germany,Male,54,0,23231.86,1,0,1,154496.13,0
559,Spain,Male,31,4,225160.03,3,1,1,41708.96,0
539,France,Male,71,5,11382.46,1,1,1,30391.15,0
777,Spain,Female,30,6,61871.06,3,1,1,183318.71,0
497,Germany,Male,81,10,105908.18,1,1,1,25636.63,1
798,France,Male,31,5,5114.8,2,1,1,134391.73,0
598,France,Male,67,5,202648.45,1,1,1,83183.68,0
693,France,Female,42,9,0.0,1,0,1,186041.54,0
615,France,Female,91,4,0.0,2,0,0,103229.83,1
565,Germany,Female,38,4,0.0,3,0,1,128128.91,0
502,France,Male,88,1,223089.51,2,1,1,152374.69,1
491,France,Female,79,7,169639.02,2,1,1,70322.66,0
670,Germany,Female,52,0,130965.45,3,0,1,187976.99,0
512,Germany,Male,54,2,98099.45,4,1,1,14854.1,0
782,Germany,Female,44,4,134819.21,4,1,1,25794.46,1
416,Germany,Male,49,4,62377.88,2,0,1,133375.01,0
457,France,Female,52,0,0.0,3,1,0,86987.76,0
373,Germany,Female,28,5,0.0,1,1,1,68426.98,0
782,France,Female,41,10,0.0,3,0,1,151265.34,0
557,France,Male,82,1,171238.64,4,1,1,153444.52,1
367,France,Female,90,5,184681.39,4,1,1,173946.83,1
371,Germany,Female,22,6,188427.98,1,0,0,34677.88,0
809,Germany,Male,72,3,142294.48,3,1,1,162222.89,0
791,France,Female,35,6,46096.99,1,1,0,134878.09,0
488,Spain,Male,66,3,175139.92,1,1,1,170580.47,0
675,Spain,Male,63,1,204820.26,3,0,1,119075.42,0
476,France,Female,83,9,0.0,2,1,1,176450.65,0
772,Germany,Male,69,10,0.0,2,1,0,155089.27,0
708,France,Male,78,4,235325.17,3,1,1,186262.86,0
572,Spain,Male,77,1,0.0,2,0,1,129617.39,1
815,France,Female,65,1,27766.22,1,1,1,82469.99,0
462,France,Male,48,9,163422.7,2,1,1,79413.65,1
846,France,Male,42,9,89017.1,1,0,0,81286.65,1
495,France,Female,43,5,0.0,4,0,1,135733.77,0
795,Germany,Male,44,9,0.0,4,1,0,67031.21,0
778,France,Female,39,2,181208.52,3,1,1,2135.57,0
631,France,Female,40,4,141669.98,3,1,0,19761.03,0
411,Germany,Female,60,1,0.0,3,1,1,159153.55,1
726,Spain,Female,37,5,97172.1,2,0,0,184637.82,0
699,Spain,Male,43,7,102963.06,4,0,0,14342.56,0
783,France,Male,70,10,0.0,2,1,1,65092.32,0
463,France,Male,42,8,119372.15,3,1,1,105368.99,1
469,France,Male,25,7,24420.15,2,0,1,153500.69,0
526,Spain,Female,19,7,95080.25,2,1,1,139506.9,0
534,Germany,Female,74,6,16009.17,2,1,0,197841.27,0
355,Germany,Female,88,4,193982.72,4,1,1,116959.76,1
426,Spain,Male,68,5,130559.86,2,0,1,84140.49,0
590,France,Female,22,1,0.0,4,1,1,181861.96,0
834,Germany,Female,59,0,107330.0,2,1,1,59481.53,0
414,France,Female,38,8,38274.59,2,1,1,42138.83,0
470,France,Female,41,5,0.0,3,1,0,54229.66,0
780,France,Female,86,9,0.0,3,1,1,62025.42,0
369,France,Male,79,1,109975.98,2,1,1,95886.08,1
398,Spain,Male,72,4,197227.71,2,0,0,57863.41,1
795,France,Female,55,2,0.0,1,1,0,170397.47,0
475,Spain,Male,60,9,0.0,1,0,0,198133.8305,1
504,Germany,Male,85,4,22947.79,1,1,1,192970.22,1
357,Germany,Female,66,6,0.0,3,0,1,136459.02,1
553,Spain,Female,60,0,0.0,2,1,0,140118.84,0
846,France,Male,25,5,17243.69,2,1,1,10337.12,0
843,France,Male,91,4,16660.46,3,1,1,97386.45,0
671,France,Female,77,6,182627.53,2,1,1,120405.38,1
688,France,Female,44,6,101874.44,1,1,1,182817.26,0
672,Spain,Male,36,1,87845.57,2,1,1,17314.3,0
698,France,Female,89,0,0.0,2,1,1,102338.59,0
609,France,Male,88,1,21190.84,3,1,1,86433.33,1
453,France,Female,49,2,214928.74,3,0,0,30192.78,0
784,France,Male,35,7,193856.5,4,1,1,191894.79,0
790,Germany,Female,77,2,97411.19,3,0,0,183853.39,1
422,France,Female,64,10,117176.86,4,1,0,29024.0,1
397,Spain,Female,84,0,0.0,4,1,1,49271.86,0
747,Germany,Female,58,5,196307.55,3,0,0,114319.24,1
373,Spain,Male,58,7,7248.48,4,1,0,51137.98,0
754,France,Male,28,0,167847.16,4,1,1,135773.2,0
841,Germany,Male,62,5,75636.94,4,0,0,160041.11,0
368,France,Male,44,0,0.0,1,1,1,83735.29,0
750,France,Male,33,8,245977.21,3,0,1,191587.5,1
416,Germany,Male,75,5,69744.56,1,1,0,30114.53,0
495,Germany,Female,43,9,111462.93,2,1,0,40772.73,0
624,France,Male,33,7,136897.7,4,0,1,144584.05,0
690,Spain,Male,89,3,137762.27,3,1,0,107384.63,1
395,France,Female,89,1,0.0,3,1,1,124656.69,0
404,Germany,Female,54,1,145811.54,2,0,0,107824.93,1
491,Spain,Male,39,0,0.0,4,1,0,173756.92,0
691,Germany,Female,29,3,0.0,2,1,1,76274.94,0
552,Spain,Male,64,8,0.0,3,1,0,12132.75,1
488,Germany,Female,63,3,150826.74,4,1,0,136937.64,1
428,Spain,Male,63,1,58312.69,1,1,0,102228.54,0
835,Germany,Female,74,0,24480.04,4,1,0,122527.44,0
702,Germany,Female,52,4,158583.66,3,0,1,47027.73,0
843,France,Male,68,2,0.0,1,1,1,157893.18,0
598,Germany,Female,66,8,209839.71,1,0,1,12633.76,0
760,France,Male,76,3,0.0,1,1,1,39495.8,0
670,Spain,Female,73,1,43010.85,2,0,1,1832.1180000000008,1
613,France,Male,20,2,56181.69,1,0,0,137949.72,0
587,France,Female,63,4,0.0,3,0,1,153214.27,1
600,Spain,Female,90,0,78013.17,1,1,1,108108.36,0
556,France,Female,59,1,45066.78,3,0,1,35799.34,0
670,France,Male,57,10,0.0,3,1,1,9657.94,0
596,Germany,Male,62,3,103087.73,2,1,0,58560.8,1
836,France,Male,59,8,0.0,2,0,1,77185.71,0
800,France,Female,47,10,241318.87,3,1,0,94811.93,1
582,France,Female,91,1,0.0,4,0,0,152448.42,1
548,France,Female,23,7,45872.85,4,1,0,188615.48,0
730,France,Female,78,9,0.0,3,0,0,160695.94,0
671,France,Male,29,0,120049.46,1,1,0,70259.04,0
466,France,Female,33,3,0.0,2,1,0,3899.47,0
767,France,Female,62,1,152051.3,1,0,1,194892.96,0
691,France,Female,65,0,0.0,1,1,1,136008.36,0
661,Germany,Female,86,3,0.0,1,1,1,64302.32,1
741,Germany,Female,39,2,0.0,4,1,1,186231.77,0
463,France,Female,19,9,0.0,2,0,1,18213.13,0
750,France,Female,36,2,120714.8,3,0,0,68702.88,0
411,Spain,Male,58,8,140985.09,2,1,1,99771.17,0
747,Germany,Female,44,0,136774.46,1,0,0,56062.83,1
646,France,Male,36,6,190869.27,2,1,0,22988.44,0
641,France,Female,85,7,0.0,2,1,0,24946.09,0
714,France,Female,59,1,30657.54,1,0,1,132592.71,0
505,Spain,Female,67,4,81070.86,3,1,1,193375.4,0
735,Spain,Male,73,10,0.0,1,0,0,197010.45,0
362,Spain,Male,48,6,87768.6,3,0,1,94833.27,0
697,France,Male,72,8,0.0,2,1,1,153017.99,0
747,France,Female,89,4,236976.25,1,1,1,42002.33,1
355,France,Male,71,2,60499.53,4,1,0,138561.21,1
697,France,Female,39,5,222286.52,3,1,1,91185.63,0
737,France,Male,75,4,178926.71,2,1,0,129062.09,1
611,Germany,Female,35,10,146738.87,1,0,1,6340.26,0
652,France,Female,23,4,32597.65,1,1,0,152596.85,0
379,Spain,Female,50,6,102737.55,4,1,1,111818.16,0
845,France,Female,55,6,246427.5262,2,1,0,109787.33,0
834,France,Male,52,4,162087.85,1,0,0,44513.2,0
733,Spain,Female,37,4,0.0,4,1,1,71656.12,0
357,Germany,Male,38,9,8904.31,4,1,1,10216.57,0
565,France,Male,86,2,80222.08,2,1,1,69371.9,0
759,Germany,Male,39,4,122038.95,3,1,1,54615.53,0
688,France,Male,75,7,0.0,4,0,1,156322.77,0
803,France,Female,37,0,214278.98,3,0,0,26996.29,0
658,France,Male,25,7,114517.12,2,0,1,32936.94,0
707,France,Female,22,9,0.0,4,1,1,160137.32,0
519,Germany,Male,36,4,0.0,1,0,0,117250.55,1
757,France,Female,80,6,34452.73,3,1,0,129590.13,0
617,Germany,Female,51,5,36384.7,2,1,0,25834.82,1
750,Spain,Male,69,7,0.0,3,1,1,130273.19,0
452,France,Male,89,0,0.0,3,1,0,129086.55,1
484,France,Male,21,6,0.0,1,1,0,93818.01,0
394,France,Male,26,5,214891.7,4,1,0,191776.23,1
688,Spain,Male,86,0,237288.29,2,1,1,54342.4,0
717,Germany,Female,60,8,0.0,1,1,0,115169.79,0
492,Germany,Male,63,1,177705.72,3,1,0,25918.63,1
542,France,Female,43,6,0.0,4,1,1,77325.6,0
635,France,Male,79,9,17932.04,4,0,0,53039.21,1
728,Germany,Male,65,10,68942.31,2,1,1,139180.92,1
501,France,Female,37,6,0.0,3,1,1,152520.89,0
594,Germany,Female,66,7,165742.96,3,0,0,171857.67,0
442,France,Female,18,6,179029.89,3,1,0,49643.18,0
755,France,Female,35,8,159816.07,4,1,0,129721.84,0
787,Germany,Male,33,10,0.0,1,1,1,101331.31,0
720,France,Female,76,5,195309.78,2,1,1,107075.36,0
758,Germany,Male,72,4,193144.6,3,1,0,44975.86,1
732,France,Female,24,1,0.0,4,1,1,141696.02,0
768,Spain,Female,85,10,173298.95,1,1,1,124641.23,1
565,Spain,Male,78,10,88968.59,3,1,0,181317.87,0
452,Spain,Female,50,7,0.0,4,1,0,120094.13,0
831,Germany,Male,33,7,122650.01,1,0,1,138875.26,0
355,Germany,Male,49,2,26966.71,1,1,1,68957.52,0
553,Germany,Male,61,10,202935.77,1,0,1,37590.85,1
713,France,Male,64,0,228213.46,4,1,1,189401.18,0
747,France,Female,43,6,0.0,4,0,0,120671.19,0
693,Germany,Male,25,2,61991.92,2,1,1,95687.5,0
595,France,Female,63,4,23910.05,4,0,1,198133.8305,1
812,France,Male,70,1,27760.46,3,1,1,52980.63,0
467,Spain,Female,37,1,201074.24,4,1,1,141210.53,1
421,France,Female,65,4,157935.42,1,0,0,45068.31,1
665,Germany,Female,60,4,0.0,3,1,1,88032.31,0
510,Germany,Male,55,9,226299.1,3,0,0,75851.53,1
585,France,Male,18,6,0.0,3,0,0,150866.26,0
578,Spain,Male,40,0,91021.33,2,1,1,93498.53,0
482,France,Male,45,10,198092.77,1,1,0,69275.17,0
846,Spain,Male,79,6,64847.97,1,1,1,58394.07,0
541,Spain,Male,79,9,0.0,3,0,1,167627.49,0
685,France,Female,82,10,110862.67,3,1,1,41700.54,0
430,France,Male,52,5,0.0,2,1,0,91866.99,0
846,France,Female,42,1,0.0,1,1,0,84695.18,0
844,France,Female,54,4,25928.75,2,1,1,94261.26,0
384,France,Female,76,7,0.0,4,0,0,133466.4,1
672,Spain,Female,63,0,239746.7,3,1,1,177348.55,0
647,France,Female,62,10,86969.22,4,0,0,31540.75,1
436,Spain,Male,50,3,0.0,1,1,0,143326.15,1
735,France,Male,69,7,232317.61,2,1,0,28590.42,1
733,Spain,Female,82,10,60151.86,3,1,0,1832.1180000000008,1
772,France,Male,67,9,20345.06,4,0,1,1832.1180000000008,0
651,France,Male,47,8,18923.26,4,1,1,179214.4,0
704,Germany,Male,80,3,18248.41,1,1,1,169267.45,1
711,France,Female,87,5,87630.21,4,1,1,65205.35,0
734,Spain,Male,76,5,31553.66,1,1,1,129811.79,0
642,France,Male,82,9,101256.46,2,0,0,30003.22,1
723,Germany,Female,37,0,188531.89,1,1,1,150820.07,0
380,Germany,Female,49,0,74556.55,2,0,0,198133.8305,0
659,Germany,Female,36,1,119854.55,2,1,1,188934.27,0
451,France,Male,45,10,0.0,3,1,1,126790.12,0
553,France,Female,72,5,0.0,1,1,1,89402.5,1
735,France,Male,68,7,0.0,1,0,0,73289.03,1
407,France,Female,18,1,33806.44,3,0,0,55335.42,0
727,France,Female,73,0,0.0,1,1,1,17128.31,0
480,Spain,Male,32,7,192405.61,1,1,1,41918.57,0
727,Germany,Male,31,7,163081.93,4,1,0,111733.56,0
734,Germany,Male,58,4,0.0,1,1,0,54370.28,1
357,France,Male,35,0,106373.08,1,1,0,145106.93,0
467,France,Female,89,5,0.0,2,0,1,153559.83,0
753,Germany,Male,28,7,124996.67,2,1,1,95332.86,0
521,France,Female,29,2,0.0,1,1,1,181111.64,0
570,France,Female,74,3,240948.17,2,1,1,163057.73,0
357,France,Male,39,8,0.0,4,0,1,15562.92,0
697,Germany,Male,70,2,94089.91,4,0,0,160500.48,0
396,Spain,Male,68,1,0.0,1,1,1,165958.43,1
486,France,Female,31,6,174266.95,3,1,1,69327.06,0
588,France,Male,60,0,0.0,3,1,1,98603.02,0
735,France,Female,57,4,0.0,4,1,1,14032.06,0
599,France,Male,25,6,33503.4,4,1,0,53191.29,0
842,Germany,Female,74,0,0.0,3,1,0,190293.19,1
611,France,Male,81,7,190687.2,4,1,1,186610.17,1
477,Germany,Male,88,9,78475.69,2,1,1,136586.22,0
445,France,Male,24,10,158258.18,1,1,1,3671.32,0
742,France,Female,31,2,0.0,2,1,1,4795.02,0
580,Spain,Male,79,3,36775.92,1,1,1,119014.85,1
653,France,Male,40,6,185346.89,1,1,1,46058.13,0
535,Spain,Female,64,6,147328.06,1,1,1,130343.46,0
486,France,Female,43,6,206364.42,3,1,1,19186.18,1
650,Spain,Male,34,3,169738.53,4,1,1,197492.86,0
497,France,Male,64,0,204298.04,1,1,1,22947.0,0
846,France,Male,33,0,0.0,3,1,0,67347.95,0
716,Spain,Female,28,10,153645.92,4,0,1,19546.24,0
760,France,Male,57,4,91844.65,2,0,0,76816.16,1
492,France,Female,32,4,186626.62,1,1,0,67292.2,0
364,Spain,Male,32,6,145021.51,3,1,1,129143.72,0
373,Germany,Male,75,2,0.0,1,1,1,171854.7,0
780,Germany,Male,57,4,0.0,1,1,1,162045.33,0
787,Germany,Male,58,4,0.0,2,0,0,146578.87,0
690,Spain,Female,28,1,65697.1,1,1,0,198133.8305,0
645,Spain,Male,29,6,163631.63,2,1,1,8730.23,0
454,Germany,Male,46,2,0.0,4,1,1,157911.93,0
729,France,Female,46,0,16291.89,1,1,1,26070.64,1
608,France,Male,51,6,0.0,3,1,1,121625.43,0
652,Germany,Male,27,3,221900.22,4,0,1,162234.67,0
362,Spain,Female,84,7,0.0,1,1,1,132281.86,1
608,France,Female,44,5,0.0,2,0,1,22919.8,0
697,France,Female,78,0,156481.01,3,1,0,36779.14,0
735,France,Female,47,7,0.0,3,1,0,177401.74,0
422,Germany,Male,52,0,198349.03,2,1,0,182138.92,0
366,Spain,Female,26,3,157263.22,3,1,1,149293.34,0
778,France,Female,68,7,143961.25,3,0,1,58722.98,1
506,Germany,Male,22,4,0.0,1,1,1,50100.39,0
586,Spain,Female,73,4,0.0,4,1,1,14425.8,0
664,Spain,Male,83,2,147772.08,2,1,0,93580.88,1
596,France,Male,44,4,0.0,3,0,1,78929.44,0
822,Spain,Male,83,3,246427.5262,3,0,1,49021.14,1
771,Germany,Female,69,10,19625.02,3,0,1,130046.15,0
547,Spain,Female,18,7,0.0,4,1,0,41424.28,0
445,France,Male,33,9,196832.36,4,0,1,17791.1,0
838,Germany,Male,65,3,25291.31,3,0,1,86472.08,0
704,Germany,Female,69,10,101269.07,3,1,0,145415.0,0
728,France,Male,24,3,231874.76,2,0,1,36797.92,0
582,France,Male,68,3,196970.62,3,1,0,117572.44,0
592,Germany,Male,77,3,0.0,1,1,0,17492.01,1
441,Germany,Female,24,6,62757.47,1,1,0,53742.94,1
565,France,Female,83,6,148067.56,3,1,1,166985.8,1
621,France,Male,57,0,121609.78,2,1,0,29375.98,1
414,France,Female,63,6,29186.59,2,1,0,133240.18,1
668,Spain,Female,21,10,39661.84,4,0,1,2866.11,0
658,Spain,Male,63,4,200724.08,2,1,1,109798.17,0
771,France,Female,51,7,86197.69,2,1,1,48491.25,0
376,France,Male,45,6,0.0,3,1,1,44506.61,0
463,France,Male,75,10,47456.82,3,1,0,100858.86,1
564,France,Male,36,7,0.0,4,1,0,197541.28,0
790,Spain,Female,22,5,126277.18,2,0,0,46871.8,0
469,Germany,Male,54,0,0.0,4,1,0,110361.64,1
837,France,Male,73,8,152144.26,1,1,0,75828.3,0
829,France,Female,27,3,0.0,3,1,1,138977.33,0
397,France,Female,90,10,214117.1,1,0,0,185925.53,1
531,Spain,Male,67,2,185845.84,4,1,0,84468.06,1
479,Germany,Male,87,4,71743.33,4,0,1,181734.43,1
595,Germany,Female,52,9,145037.94,2,0,1,183376.85,0
813,France,Female,27,1,225542.23,4,0,1,174294.67,0
538,Spain,Female,31,3,0.0,1,0,0,49595.63,0
682,France,Female,55,8,90835.4,2,1,1,140298.03,0
418,Spain,Female,61,3,199736.78,2,1,1,67683.24,0
635,Spain,Male,72,10,296.51,3,1,1,37873.79,0
526,France,Male,76,5,171593.31,3,1,0,92290.3,0
809,Spain,Female,74,9,53951.52,1,1,1,96268.18,1
740,France,Female,61,6,0.0,4,1,0,129280.61,1
457,Germany,Male,19,0,109475.25,1,1,1,64237.47,0
661,France,Male,57,8,5073.81,4,0,0,16034.26,0
521,France,Female,78,4,0.0,2,0,1,57931.39,1
569,France,Male,80,4,136634.94,3,1,0,163710.13,1
581,France,Male,79,8,78400.31,2,1,0,172730.74,0
761,France,Female,18,3,175844.91,2,0,1,13930.39,0
495,France,Male,50,4,0.0,2,1,1,40630.92,0
355,Germany,Male,63,6,8737.15,2,1,1,12010.09,0
446,France,Male,36,6,162564.1,4,0,0,99966.78,0
764,France,Male,48,8,0.0,3,1,1,34626.43,0
498,Spain,Female,25,0,55494.86,2,1,0,155652.47,0
379,Spain,Male,32,10,215731.52,3,1,0,164386.67,0
550,France,Male,18,6,155248.73,1,0,1,99512.38,0
786,France,Male,90,6,19474.6,3,1,0,93081.35,0
787,Germany,Male,81,9,0.0,1,1,0,107274.53,0
824,Germany,Female,47,5,110372.54,1,0,1,47985.63,0
692,France,Male,18,0,0.0,3,0,0,138545.44,0
760,Germany,Female,42,1,0.0,2,1,1,135273.12,0
737,France,Male,50,10,0.0,1,1,0,28587.52,0
359,France,Female,30,10,31574.3,1,1,0,61422.57,0
559,Germany,Male,66,0,88109.91,3,1,1,95480.9,0
613,Germany,Male,91,7,120463.58,3,1,0,182292.55,0
582,Spain,Male,80,7,233031.82,1,0,1,32550.81,1
765,France,Male,81,1,0.0,1,1,1,14532.8,0
842,France,Male,79,8,0.0,3,1,0,26628.4,0
623,France,Male,23,5,134894.1,4,1,1,46895.59,0
398,France,Male,58,2,23215.93,4,1,0,122069.55,0
530,France,Female,59,6,186451.88,4,1,1,6148.89,0
449,Germany,Female,25,9,0.0,1,1,1,6749.97,0
585,Germany,Female,28,2,22861.93,3,1,1,177864.31,0
467,Germany,Male,59,6,63771.49,2,0,0,23847.2,1
390,France,Female,70,8,230640.93,1,1,1,65562.3,0
435,France,Female,33,6,0.0,1,0,1,72127.87,0
598,Germany,Female,53,7,0.0,2,1,0,158942.94,0
420,France,Male,23,7,229727.61,2,1,1,182420.53,0
363,Spain,Female,26,2,0.0,1,1,0,154293.23,0
490,France,Female,60,1,150910.7,4,1,0,100270.89,1
672,Germany,Male,59,10,31740.51,1,1,0,108267.03,1
666,Spain,Female,73,3,80030.71,4,1,0,87722.34,1
545,Germany,Female,85,10,0.0,2,0,0,196049.43,0
682,Germany,Female,32,2,160011.79,2,1,0,192207.59,0
445,Germany,Female,43,2,0.0,2,0,1,152190.2,0
711,France,Female,81,0,69310.25,3,1,0,176169.95,1
358,Germany,Female,21,4,0.0,4,1,0,110992.4,0
417,Spain,Female,79,10,0.0,2,1,1,112581.91,1
811,Spain,Male,87,9,211351.65,4,1,1,148949.43,0
584,France,Female,25,3,0.0,4,1,0,70188.41,0
628,France,Female,28,4,181434.52,4,1,1,132300.68,1
549,Spain,Female,68,7,246427.5262,3,0,0,84580.05,0
674,Germany,Male,53,10,187433.22,1,1,1,184365.75,1
724,France,Male,91,6,110392.78,2,1,1,71162.81,0
740,France,Female,58,2,0.0,3,1,1,127239.84,0
474,France,Female,66,3,215171.62,4,0,1,3936.71,1
663,France,Female,35,7,0.0,1,1,1,116394.07,0
742,France,Male,42,0,3189.38,3,1,0,155115.57,0
556,France,Female,31,6,32873.38,3,1,0,166601.42,0
541,France,Female,28,8,26785.65,1,1,1,175494.73,0
664,Spain,Male,26,3,0.0,3,1,1,101024.5,0
637,France,Male,84,5,178630.75,2,1,1,117315.38,1
476,France,Male,23,7,66843.36,2,1,0,63620.78,0
829,France,Female,56,6,180489.15,3,1,1,190705.7,0
631,France,Female,55,0,166524.61,1,1,0,126464.52,1
632,Spain,Female,22,6,0.0,4,1,0,51236.99,0
452,Spain,Female,80,2,14928.56,1,0,1,178377.02,0
688,France,Male,55,8,76326.56,3,0,0,127425.45,1
809,France,Female,27,2,0.0,2,1,1,136906.84,0
713,France,Male,27,10,227505.06,3,1,0,25293.5,1
605,France,Male,69,1,77158.4,1,0,1,4178.64,0
668,France,Male,63,9,23737.39,4,1,0,117501.4,0
467,France,Female,48,0,0.0,1,0,0,33651.4,0
380,France,Female,47,7,0.0,2,1,1,137678.21,0
670,Germany,Female,20,3,0.0,4,1,1,120780.9,0
441,France,Female,20,2,246427.5262,2,0,1,65240.28,0
395,France,Male,57,2,72152.3,1,1,0,87205.62,1
738,France,Female,44,0,11631.3,1,1,1,165866.94,1
567,France,Male,36,1,194845.59,1,0,0,135987.27,1
777,France,Female,46,4,0.0,1,0,1,62008.28,0
783,France,Female,62,1,82664.76,4,1,1,100332.89,0
411,France,Female,39,10,0.0,4,1,0,90841.54,0
734,France,Male,43,9,0.0,4,1,0,9668.33,0
517,Spain,Female,38,5,100087.41,3,0,0,71702.41,0
702,Spain,Female,67,1,237639.43,2,0,1,24409.89,0
372,France,Male,22,10,66322.79,4,1,1,34108.78,0
585,France,Female,85,7,0.0,4,1,1,67453.76,1
664,Germany,Female,59,2,57718.82,3,1,1,198133.8305,0
573,Germany,Male,36,0,11031.49,1,1,1,118989.14,0
626,France,Male,74,6,101936.84,4,1,1,61952.74,0
355,France,Male,87,0,207766.64,3,0,1,32878.52,0
355,France,Female,22,6,243794.89,3,1,0,76299.78,0
650,Germany,Female,33,4,0.0,4,0,1,55052.02,1
558,France,Female,28,9,231528.73,2,1,1,174666.76,0
639,France,Female,23,4,0.0,2,1,1,105313.82,0
530,France,Female,72,4,75677.37,2,1,1,186946.19,0
355,France,Female,32,6,38556.31,1,1,1,65071.18,0
700,France,Male,46,10,125220.17,3,1,1,25750.81,0
418,Germany,Female,78,7,81734.51,3,1,0,170538.42,0
743,Germany,Male,63,7,26884.42,2,0,0,127865.79,0
356,France,Female,68,3,232978.76,3,1,1,138280.9,1
815,France,Male,25,5,0.0,2,0,1,30952.63,0
476,Spain,Female,89,2,0.0,4,1,1,62781.0,0
797,France,Female,24,4,0.0,3,1,0,11639.3,0
355,France,Female,70,9,0.0,2,1,1,54618.18,0
575,France,Male,65,1,168700.63,3,1,1,134586.42,0
559,Spain,Female,48,1,58633.62,2,1,0,161539.19,0
432,Spain,Female,80,6,18912.41,3,1,1,187154.53,0
588,Spain,Male,84,8,0.0,3,0,1,69222.39,0
457,Germany,Female,23,10,0.0,1,1,0,51988.26,0
568,France,Male,88,6,77995.62,1,0,0,170140.53,1
537,France,Male,35,7,0.0,1,1,1,71902.18,0
449,France,Female,76,3,11401.44,1,1,1,82064.69,0
745,Germany,Female,78,4,73947.15,3,0,1,43514.84,0
612,Germany,Male,59,3,220650.62,1,0,1,10594.88,0
770,France,Female,81,1,0.0,4,1,0,38510.17,1
757,Spain,Female,79,4,0.0,2,0,1,36850.03,0
481,France,Female,56,2,169206.56,2,1,1,148410.17,0
495,France,Female,31,6,200720.56,2,0,1,127870.27,0
826,France,Female,50,8,20287.29,3,1,1,13118.56,0
506,Spain,Male,84,10,0.0,3,1,1,3363.85,0
397,Spain,Male,33,9,156822.54,3,1,1,94617.13,0
621,France,Male,91,3,49345.34,1,1,0,113450.12,1
834,Spain,Female,31,10,0.0,4,1,0,134262.29,0
467,Spain,Female,67,10,211091.72,2,0,1,60557.53,0
669,Spain,Female,65,5,110017.46,4,1,0,112403.14,0
519,Spain,Male,32,2,0.0,3,1,1,121070.18,0
542,France,Female,52,8,0.0,1,1,1,6150.54,0
576,Spain,Female,28,1,94228.24,3,1,1,198133.8305,0
421,Germany,Female,44,3,20050.33,4,0,1,189012.0,1
543,Germany,Female,88,5,71777.81,4,1,0,75223.42,1
486,France,Male,22,9,81707.78,3,1,1,118704.31,0
759,Germany,Male,82,10,143726.25,4,1,0,75909.4,0
464,Spain,Female,68,8,0.0,3,1,1,167790.86,1
775,France,Female,73,5,0.0,1,1,0,18103.79,0
358,Spain,Female,38,0,158833.85,1,0,1,34929.79,0
551,France,Female,88,8,182199.8,4,1,1,145356.53,0
484,France,Female,36,9,126825.74,3,0,1,49024.93,0
574,France,Male,55,5,0.0,4,0,1,197333.09,0
736,Spain,Female,20,6,25806.2,4,0,0,167058.81,0
829,Germany,Male,83,9,0.0,2,1,1,165888.86,0
714,France,Male,70,1,47341.34,1,1,1,33554.87,0
602,Germany,Male,30,8,0.0,4,0,1,39964.94,0
606,France,Female,66,5,171878.43,4,1,1,162295.55,1
846,France,Female,31,7,197958.9,3,1,0,84704.94,0
846,Spain,Female,50,2,227754.73,1,1,1,148999.35,1
732,Germany,Male,55,6,0.0,4,1,1,125088.73,0
432,Spain,Female,86,2,0.0,4,1,0,174049.57,1
482,Germany,Male,42,5,25972.63,3,0,1,159466.59,0
486,Spain,Male,18,5,206633.56,3,1,0,133937.38,0
464,France,Male,50,10,0.0,4,1,1,127009.31,0
834,France,Female,86,7,0.0,4,1,0,159628.26,1
429,France,Male,77,6,217299.08,1,0,0,99167.94,0
777,Germany,Male,22,4,190567.65,2,0,0,104426.64,0
753,Germany,Male,21,3,0.0,3,0,1,188198.02,0
614,Germany,Female,74,7,0.0,1,0,1,158771.08,1
503,France,Female,71,9,115481.34,1,1,0,176273.63,1
483,France,Male,59,6,8696.46,3,0,0,134776.07,1
688,Germany,Male,24,7,177350.89,4,0,1,75058.5,0
686,Spain,Male,38,3,28969.82,4,1,1,185016.9,0
620,France,Female,80,6,64572.06,1,1,0,50397.12,1
634,France,Male,28,6,61262.4,1,1,1,63538.46,0
763,France,Male,32,7,196987.16,2,0,1,45327.18,0
727,France,Male,51,3,0.0,4,1,1,142896.08,0
726,France,Male,72,3,133635.24,4,1,0,117359.64,1
490,France,Male,79,3,0.0,4,1,0,114801.56,1
381,Germany,Male,61,4,83525.53,2,0,1,140301.29,0
579,France,Male,54,3,127974.74,1,1,1,165651.06,0
519,France,Female,46,2,48550.97,3,1,1,52206.83,0
517,France,Male,21,5,172453.13,4,0,0,152560.1,1
610,Spain,Female,37,9,112316.84,2,1,0,104255.6,0
813,France,Male,33,0,245912.6,1,0,1,178234.26,0
752,France,Male,22,7,61632.6,3,0,0,7985.8,0
688,France,Male,73,8,99014.9,1,1,0,46892.65,1
707,Germany,Female,44,9,0.0,4,1,0,35962.09,0
557,Spain,Female,55,9,221499.35,2,1,0,11194.09,1
625,France,Male,32,3,0.0,4,1,1,133695.67,0
567,France,Female,61,1,30898.39,3,0,1,158068.87,0
754,France,Female,28,10,102195.34,2,0,1,105195.88,0
846,Germany,Male,68,7,0.0,2,0,1,166766.3,0
567,Spain,Female,72,3,63557.28,3,1,0,127685.4,0
711,France,Male,41,9,47783.22,1,0,0,129076.8,0
377,France,Male,33,3,132859.42,2,1,1,46572.26,0
551,Spain,Female,75,8,0.0,4,1,0,193108.49,0
786,Germany,Male,34,10,218633.68,4,1,0,98826.82,0
693,France,Male,31,8,0.0,1,1,0,192598.29,0
613,France,Male,43,7,246427.5262,3,1,0,80628.85,1
457,France,Female,89,2,134485.75,4,1,0,90141.12,1
755,Spain,Female,52,10,0.0,2,1,1,141568.61,0
836,Germany,Male,37,4,0.0,1,1,0,160647.44,0
546,Germany,Male,56,6,0.0,2,1,1,46847.97,0
755,Spain,Male,43,6,56859.38,4,0,0,198133.8305,0
644,France,Female,67,2,0.0,1,1,0,7823.63,1
549,France,Female,50,6,182271.32,2,1,1,10048.66,0
515,France,Male,61,4,42164.62,4,0,0,22939.81,0
601,Spain,Female,50,3,178644.92,3,1,1,112799.76,0
555,Germany,Female,53,9,214874.62,2,1,1,127346.05,0
659,France,Male,51,7,102928.61,3,1,1,179944.89,0
423,France,Male,47,5,0.0,1,1,0,89820.04,0
589,Germany,Male,89,0,223798.95,3,0,0,156794.75,1
721,Germany,Female,37,7,188281.4,2,1,1,122643.7,0
773,Germany,Female,77,8,0.0,4,1,0,82823.73,1
490,France,Male,70,1,0.0,3,1,0,114732.72,0
650,Spain,Male,57,8,133909.4,1,1,1,42956.54,0
501,Spain,Male,41,4,0.0,3,0,0,152703.04,0
745,Germany,Male,53,8,0.0,3,1,1,108378.13,0
527,Germany,Male,80,9,238207.69,2,1,1,164744.17,1
687,Spain,Male,31,7,113291.77,3,1,1,73409.23,0
566,Spain,Female,61,10,65417.46,2,1,0,38206.78,0
483,Germany,Female,74,0,36644.67,3,0,1,96861.06,0
638,France,Male,64,3,0.0,1,0,1,98324.24,0
662,France,Female,28,0,57448.3,2,1,1,63789.55,0
692,Spain,Female,55,1,48405.02,3,1,1,120883.2,0
746,Germany,Female,31,4,137784.32,1,1,1,59940.89,0
688,France,Female,86,0,115427.76,4,1,0,118545.1,1
776,France,Female,44,4,96416.22,1,1,0,106497.76,0
562,Spain,Male,49,1,144662.92,4,1,0,4334.65,0
604,Spain,Female,81,1,142351.47,3,0,0,133378.62,0
591,Spain,Male,49,9,0.0,3,0,0,81979.07,1
639,France,Female,32,8,0.0,2,1,0,160456.45,0
420,Spain,Male,84,5,180246.65,2,1,0,145114.95,1
777,Spain,Male,65,6,0.0,3,1,0,158134.81,0
611,France,Male,62,3,0.0,2,1,1,52671.16,0
627,France,Male,23,5,0.0,3,1,0,149350.46,0
789,Spain,Male,51,8,124091.07,4,1,1,131703.4,0
582,France,Female,51,5,168482.32,3,1,1,184008.9,0
580,Germany,Female,37,8,0.0,3,1,1,130365.05,0
633,Germany,Male,59,5,9768.28,3,0,0,22492.99,1
819,Germany,Male,36,3,128416.55,1,0,0,107783.18,1
476,France,Male,52,9,241606.79,1,1,1,128026.81,1
428,Germany,Male,77,9,0.0,1,0,1,184059.07,1
404,France,Female,72,2,29044.72,2,1,0,56327.86,0
719,Spain,Female,38,5,5314.6,2,1,1,72239.16,0
355,France,Male,33,8,103066.2,1,1,1,164692.69,0
704,Germany,Male,18,2,46324.2,3,1,1,121960.09,0
793,Spain,Female,43,8,0.0,4,0,1,89129.11,0
691,France,Female,19,9,238064.37,4,1,1,144439.14,0
435,France,Male,27,2,0.0,3,1,0,5992.4,0
682,Spain,Female,90,1,93632.38,1,1,0,77269.0,1
571,France,Male,81,10,113689.27,3,1,0,82989.46,1
361,France,Male,59,10,0.0,4,1,0,17013.12,0
449,France,Female,75,9,32263.11,4,1,1,192970.09,0
721,Spain,Female,54,6,139759.7,4,1,0,195693.33,1
631,Germany,Male,62,0,46551.31,1,1,1,119729.76,0
600,France,Female,85,10,14852.05,2,1,1,66833.12,0
738,Spain,Male,23,2,212358.33,3,0,0,129923.27,0
612,France,Female,44,1,199629.0,1,1,0,185408.41,1
835,France,Male,26,7,0.0,2,1,1,174733.98,0
375,France,Female,76,4,81851.44,1,0,1,64578.04,0
493,France,Female,78,9,217680.14,1,1,1,142317.25,1
444,France,Female,71,9,0.0,3,1,1,30801.83,0
557,Germany,Female,63,8,18194.86,3,1,0,134598.12,1
806,France,Female,53,9,114460.28,1,0,1,47281.49,0
555,Germany,Male,19,6,138446.54,3,0,0,162175.74,0
508,France,Female,75,9,108023.13,4,1,1,139475.35,1
392,France,Male,84,10,196358.97,1,0,0,2250.66,0
547,France,Female,89,3,87956.94,4,1,1,112323.21,1
464,Germany,Male,43,4,230265.25,3,1,1,90522.99,0
444,Germany,Female,32,6,18540.84,4,0,0,187727.31,0
417,France,Male,66,9,180101.83,4,1,0,109686.8,0
666,France,Female,19,4,232244.49,3,1,1,22400.18,0
705,France,Male,22,2,138290.55,2,1,0,158698.54,0
721,Spain,Male,78,3,219669.57,1,1,0,175591.33,0
376,France,Male,88,8,0.0,4,1,0,110888.21,1
811,Spain,Female,47,5,3632.33,3,1,0,175093.64,0
604,France,Male,55,2,0.0,2,1,0,62220.92,0
631,France,Male,58,7,164140.41,3,0,1,58417.88,0
789,Germany,Male,28,7,6.87,3,1,1,177051.86,0
488,France,Male,34,5,102290.18,1,0,0,83498.79,0
602,France,Female,40,6,9699.85,2,1,0,198133.8305,0
385,Spain,Male,80,2,0.0,2,1,0,187081.18,1
596,France,Male,50,2,0.0,3,1,0,107349.84,0
483,France,Male,71,8,235071.05,2,1,1,156884.38,0
441,France,Male,32,7,171214.82,2,1,1,159946.85,0
659,France,Female,88,10,91713.02,3,0,0,71255.47,0
415,Spain,Male,83,10,99112.98,4,1,1,92299.67,0
838,France,Male,53,3,9553.67,1,1,0,180625.76,0
466,Spain,Female,34,5,0.0,1,0,1,101629.28,0
389,Germany,Female,90,9,196096.13,3,1,0,60196.59,0
573,Spain,Male,77,0,0.0,4,1,1,25585.7,0
544,Spain,Female,55,9,0.0,4,1,0,85303.18,0
679,Spain,Female,37,1,0.0,2,1,0,89967.71,0
684,Germany,Male,63,2,229750.12,2,1,0,98710.49,0
646,France,Female,45,5,0.0,4,1,0,150803.59,1
637,France,Male,67,7,95725.7,1,0,1,195550.86,0
739,Germany,Male,79,3,82677.46,2,1,1,77883.01,1
676,France,Female,54,10,82183.53,2,1,1,161989.79,0
419,Germany,Female,21,8,149830.99,2,0,0,125993.4,0
582,France,Female,59,8,0.0,2,1,0,169965.09,1
694,Spain,Male,81,8,149640.53,4,1,0,85132.71,0
483,France,Male,34,0,0.0,4,1,1,92951.02,1
782,Spain,Female,88,9,242384.37,2,1,0,60392.06,1
591,France,Male,44,6,0.0,2,1,1,140062.04,0
510,France,Female,68,2,220682.17,4,0,1,55977.99,0
541,Spain,Male,69,8,39917.33,1,1,0,81863.18,1
660,Spain,Male,31,1,233027.02,3,1,1,103164.06,0
705,Germany,Male,20,6,180420.17,1,1,1,164230.78,0
478,Spain,Female,88,6,0.0,3,1,0,129735.41,1
435,France,Male,69,0,0.0,1,1,1,107377.49,0
395,Spain,Female,64,4,63296.44,1,0,1,15419.84,0
598,France,Female,40,1,209685.34,3,0,0,13700.26,1
814,Germany,Male,25,10,0.0,3,1,0,71589.21,0
830,France,Male,38,8,169569.18,2,1,1,4856.26,0
630,France,Female,58,10,0.0,1,1,0,45019.59,0
616,Germany,Male,69,5,0.0,4,1,1,190176.49,0
602,Germany,Male,41,3,95588.07,4,1,1,43296.5,1
468,France,Female,33,10,0.0,3,1,1,159884.14,0
558,Spain,Male,36,3,73049.99,3,1,1,131799.23,0
818,Germany,Female,89,4,0.0,3,1,1,25106.59,0
658,France,Male,64,1,106183.27,4,0,0,40815.39,0
472,Germany,Male,91,9,0.0,1,1,1,6008.14,0
393,France,Female,18,1,0.0,3,0,0,6052.94,0
726,France,Female,51,0,199890.86,1,1,1,177476.48,0
802,Germany,Male,51,9,153717.64,2,1,0,195933.38,1
404,France,Female,47,9,34169.68,2,1,1,185783.84,0
538,France,Female,46,9,30991.81,4,0,1,70979.66,0
776,Germany,Male,23,9,171800.2,2,0,1,14748.58,0
476,France,Male,20,1,0.0,1,0,0,152822.83,0
440,Spain,Male,75,3,52164.87,3,1,0,57013.93,1
547,Spain,Female,50,8,187375.44,2,1,1,38920.75,0
547,France,Female,30,3,80663.42,3,1,0,91864.22,0
591,Germany,Male,43,8,0.0,1,0,1,16151.43,0
833,France,Female,87,10,106208.72,4,0,1,4942.65,0
837,Germany,Female,52,10,142294.68,3,1,0,100819.97,0
640,France,Female,91,8,0.0,3,0,0,125794.64,1
387,Spain,Female,29,8,14626.35,4,1,0,122027.96,1
482,France,Male,27,6,113389.83,1,0,1,5057.39,0
440,Germany,Male,59,0,89890.5,2,1,1,17409.65,0
355,France,Female,68,4,112233.69,2,1,1,37149.09,0
541,France,Male,90,10,10424.33,2,1,1,66791.05,1
355,France,Male,52,10,73901.73,4,1,0,145711.13,1
637,Germany,Female,32,2,160864.63,4,1,0,5047.99,0
487,Spain,Female,58,8,0.0,1,0,1,37487.41,0
713,France,Female,40,3,239805.1,1,0,0,148829.7,0
613,France,Female,31,4,246427.5262,1,1,0,77795.55,0
826,France,Female,24,7,0.0,1,1,1,90910.52,0
592,France,Male,71,5,0.0,4,1,1,20638.15,0
428,Spain,Male,65,6,0.0,1,0,0,59424.13,0
811,Spain,Male,30,1,0.0,1,1,1,67916.16,0
504,Spain,Female,59,3,97048.53,4,1,0,191568.71,1
732,France,Female,83,8,0.0,3,0,1,111158.82,0
742,France,Female,78,6,31918.57,3,0,1,26603.72,0
813,Germany,Female,51,9,143794.19,1,1,0,149758.59,0
670,France,Female,22,10,149795.19,1,1,1,185774.93,0
606,Germany,Male,64,3,41881.36,3,0,1,7208.32,1
542,France,Female,56,2,133812.04,3,0,0,104545.13,0
573,France,Female,86,3,229365.52,1,1,0,80888.08,1
740,Spain,Female,58,6,28914.05,2,0,0,124323.47,0
633,France,Male,72,2,0.0,4,1,1,21467.78,0
374,Spain,Female,57,4,63907.15,4,0,0,30343.4,1
536,France,Male,58,1,187744.9,1,1,1,110613.05,0
807,France,Male,41,4,144312.85,1,0,1,97426.53,0
455,France,Male,47,10,0.0,2,0,1,139725.79,0
586,France,Male,39,4,198016.05,3,1,0,143789.82,1
769,Germany,Female,52,8,244566.79,4,0,0,164506.91,0
495,France,Male,88,4,48989.51,3,1,0,150102.77,0
690,Germany,Male,43,4,203012.6,3,1,0,189216.06,0
743,Spain,Female,52,7,92522.09,2,1,1,119661.62,0
513,France,Female,88,1,0.0,2,1,1,154318.46,0
798,France,Female,29,3,64130.03,1,0,0,182829.36,0
573,France,Male,36,1,0.0,2,1,0,95355.9,0
498,Spain,Male,54,2,224790.22,4,0,1,23712.19,0
462,Germany,Female,48,7,119602.38,3,1,0,167795.2,1
483,France,Male,43,1,0.0,3,1,1,23656.86,0
631,Germany,Female,75,2,0.0,4,0,1,66756.4,0
462,France,Male,54,6,16001.68,1,1,1,156756.74,0
529,France,Male,44,3,234583.16,3,1,1,42046.31,0
706,France,Female,53,1,209579.45,2,1,1,42649.19,0
788,Spain,Male,83,10,122410.16,2,1,0,165566.04,0
690,France,Female,90,10,50099.56,1,1,0,68073.98,0
614,France,Male,35,6,0.0,2,1,1,101960.93,0
698,France,Female,20,5,0.0,3,0,0,52408.58,0
556,Germany,Male,20,8,0.0,3,1,0,73031.55,0
485,France,Male,50,10,59411.95,2,1,1,156511.09,0
725,France,Female,64,1,170975.74,4,1,0,172304.23,0
417,France,Female,21,1,0.0,1,1,1,93868.46,0
803,Germany,Female,55,3,29264.83,1,0,0,100155.17,0
564,France,Female,47,3,0.0,3,1,1,136263.56,1
759,Spain,Male,87,9,0.0,2,1,1,56664.91,1
399,France,Female,62,5,0.0,2,1,0,151347.08,0
597,France,Female,49,8,24158.31,1,0,0,189152.03,0
561,Spain,Female,61,7,0.0,3,1,0,34280.56,0
528,Spain,Male,28,7,176805.98,3,0,1,73372.41,0
606,France,Female,53,10,0.0,3,1,0,26535.39,0
681,Spain,Male,42,6,125604.79,4,1,0,21966.16,0
821,Germany,Male,31,8,221922.83,3,0,0,117882.32,1
759,France,Male,47,2,0.0,3,1,0,55934.77,0
466,Spain,Female,65,2,128197.3,2,1,0,52229.5,1
840,Spain,Male,61,6,23652.61,4,0,1,78885.83,0
599,France,Male,89,9,0.0,4,1,1,138226.28,0
579,Germany,Female,38,0,0.0,4,1,0,58927.41,0
355,France,Male,69,5,150006.26,1,0,1,106171.43,0
684,France,Male,58,2,0.0,4,1,0,161334.67,0
794,Spain,Female,82,9,0.0,3,1,0,14290.73,0
496,Germany,Female,85,5,143836.08,2,0,0,36449.81,1
784,Germany,Male,70,0,0.0,1,0,1,105641.15,1
393,Germany,Male,49,0,130188.67,1,1,0,54867.25,0
834,Germany,Male,57,7,153487.93,4,1,0,188149.1,0
476,France,Female,66,2,111057.25,3,1,1,14150.47,0
591,Spain,Male,77,0,0.0,4,1,0,65803.06,0
357,Germany,Male,34,1,202626.81,4,1,1,1832.1180000000008,1
800,Germany,Male,82,1,129276.89,4,1,0,1832.1180000000008,1
605,France,Male,77,3,36657.01,2,1,0,13571.68,1
836,France,Female,24,7,93374.49,2,1,1,81847.58,0
536,France,Male,37,9,209984.67,2,1,0,66719.59,1
379,France,Female,35,5,229187.25,1,0,1,84636.14,0
689,France,Male,60,10,66763.25,3,1,0,73157.78,0
431,Germany,Male,33,8,235275.65,4,1,1,15015.8,0
658,Spain,Male,40,1,0.0,1,0,1,121195.15,0
367,France,Male,31,8,0.0,4,1,0,65663.18,0
434,France,Male,22,2,233858.88,3,1,1,107221.69,0
669,Germany,Female,51,10,126207.98,3,1,1,160231.38,0
687,France,Female,41,9,237638.04,3,1,1,182128.93,0
426,Spain,Female,55,0,137318.09,1,1,0,174602.6,1
443,France,Male,33,1,94722.57,4,1,0,73240.68,1
780,France,Male,39,4,0.0,4,1,1,35303.35,0
355,France,Female,84,8,27130.53,3,1,1,111890.18,0
465,Spain,Female,77,6,0.0,2,0,1,174409.83,0
836,France,Female,37,0,53312.53,1,0,0,161147.19,0
624,Germany,Female,29,6,155518.38,2,1,1,91322.79,0
363,France,Female,90,7,177218.21,2,1,1,154993.38,1
797,France,Female,68,10,0.0,4,0,1,37104.87,0
521,Spain,Female,54,2,224965.49,2,1,1,5107.67,0
708,France,Female,69,0,218761.88,3,0,1,182691.19,1
669,France,Male,34,8,0.0,2,1,1,189891.25,0
533,Germany,Male,49,7,228706.67,1,1,1,145264.9,0
535,Spain,Female,46,5,0.0,4,1,0,67480.27,0
625,France,Female,71,7,0.0,2,1,0,16787.69,0
540,France,Female,31,1,19166.86,3,1,1,6972.15,0
437,Spain,Female,54,1,31307.11,2,1,1,4870.17,0
712,Germany,Female,79,4,56530.54,3,0,0,58696.53,1
687,Spain,Male,32,9,25669.19,4,0,1,53908.17,1
651,Spain,Male,26,5,0.0,3,1,0,51636.84,0
721,Germany,Male,78,7,116561.06,4,1,0,177124.83,0
609,France,Female,82,10,226676.09,3,1,0,34697.31,0
815,France,Female,49,3,119157.99,3,1,0,23618.24,0
794,Germany,Male,21,5,174919.05,4,0,0,80927.93,0
841,Germany,Male,58,7,0.0,3,1,0,155933.59,0
404,Spain,Male,40,1,237666.36,1,0,1,94483.86,0
401,Germany,Female,61,4,0.0,2,1,0,133169.2,0
585,France,Male,28,6,0.0,1,1,1,130490.04,0
696,France,Female,77,3,237595.0,4,1,0,30561.53,1
469,Germany,Male,68,2,197037.16,1,0,0,148209.75,0
407,France,Male,65,4,0.0,1,1,0,24114.57,1
368,Spain,Female,55,9,0.0,4,1,1,142559.15,0
627,Germany,Female,34,4,112962.0,1,1,0,184684.09,0
840,France,Female,87,9,34045.23,4,1,1,23165.97,0
582,Germany,Male,37,7,94101.39,1,1,0,25296.79,0
717,Germany,Male,45,1,2108.82,4,1,0,197623.0,0
375,Spain,Male,86,10,0.0,3,1,0,194291.86,1
458,France,Female,21,6,238253.09,1,0,0,97373.84,0
690,Germany,Male,27,6,175212.34,4,1,0,30078.61,1
551,France,Female,74,7,202574.4,4,0,1,127663.04,0
363,Germany,Male,45,0,0.0,4,1,0,105344.86,1
463,France,Female,60,2,47917.12,4,1,1,77785.1,0
747,Spain,Male,60,8,0.0,1,0,0,146198.9,0
693,Spain,Female,79,6,0.0,1,0,1,47796.84,0
755,Germany,Female,63,4,114881.25,2,0,1,155625.11,0
525,Germany,Male,49,5,0.0,3,1,0,129940.8,0
815,France,Female,58,6,0.0,4,1,0,23274.08,1
810,Germany,Male,72,5,0.0,4,1,1,85450.38,0
534,France,Female,46,5,7923.63,2,1,1,103594.33,0
453,Germany,Female,30,6,175364.22,2,1,1,95671.46,0
831,France,Male,53,3,53804.98,4,1,1,93692.95,1
525,Germany,Male,91,6,159854.16,4,1,1,158180.3,1
598,France,Male,26,7,0.0,2,0,0,108189.8,1
816,Germany,Female,30,7,196918.92,3,1,0,44885.04,0
484,Germany,Male,91,6,222473.62,2,1,1,117227.07,0
793,France,Female,79,4,0.0,2,1,0,58363.77,0
430,France,Female,26,7,198077.78,4,1,1,39069.36,0
496,Spain,Female,33,7,38203.45,1,0,1,198133.8305,0
544,Germany,Female,69,3,35231.84,2,1,1,126588.33,1
592,France,Male,75,5,107111.41,1,1,1,66191.4,0
471,France,Female,72,7,81127.38,2,0,1,54263.66,0
792,France,Female,81,7,246427.5262,3,1,0,82857.9,1
683,Germany,Male,55,5,200994.75,4,1,1,154650.85,1
685,Germany,Female,82,2,0.0,2,1,0,152622.02,1
716,France,Male,62,10,0.0,4,1,0,112607.51,1
669,Germany,Male,53,5,0.0,2,1,0,164146.39,1
672,Germany,Female,65,5,151071.08,2,0,0,105666.38,0
680,Spain,Male,49,5,24809.81,4,1,1,159341.9,0
710,France,Female,62,8,0.0,3,1,1,160327.99,0
811,France,Male,79,3,0.0,1,1,0,112527.84,0
448,France,Female,88,10,228523.25,1,1,0,36631.85,1
609,France,Male,60,0,234955.13,2,1,1,146981.19,0
442,France,Female,18,0,26952.64,1,1,1,166764.93,0
441,France,Female,63,5,0.0,4,1,0,106295.24,1
825,France,Female,36,9,236340.0,3,1,0,141631.39,0
586,Germany,Female,35,0,172698.55,4,1,1,97772.87,1
702,France,Female,83,7,45962.83,1,1,1,1832.1180000000008,0
715,Germany,Male,51,4,100209.42,4,1,0,156236.65,1
365,France,Female,76,0,22527.56,3,1,1,90346.14,0
596,Germany,Female,45,4,1061.61,2,0,1,192812.88,0
440,France,Male,62,7,230015.52,2,1,1,5713.65,0
506,Spain,Male,67,6,243084.6,1,1,1,173733.42,0
444,Spain,Female,84,9,229823.22,4,1,0,27359.59,1
683,France,Male,32,10,0.0,4,0,1,16086.77,0
416,Germany,Female,59,0,155277.73,3,1,1,81117.51,0
575,France,Male,48,9,0.0,4,1,0,36309.73,1
503,Germany,Female,52,0,124011.89,3,1,1,131123.14,0
832,France,Female,80,10,107083.46,3,0,1,121274.24,0
744,France,Female,28,8,0.0,4,1,1,167298.19,0
526,France,Female,58,10,197722.35,2,1,0,170031.94,0
496,Spain,Female,46,0,211717.14,3,0,0,58479.48,1
709,France,Female,84,0,0.0,3,1,0,154537.63,0
666,Germany,Male,34,10,102987.54,4,1,0,188131.04,0
628,France,Female,35,3,149494.57,3,1,1,64118.47,0
386,France,Female,24,4,0.0,2,1,0,71625.14,0
388,France,Male,50,3,223719.94,4,0,1,30570.17,0
668,Spain,Male,18,1,41750.73,4,1,1,198133.8305,0
585,Spain,Female,55,0,22509.18,1,1,1,190748.85,0
765,France,Female,34,1,0.0,3,0,1,141763.44,0
364,Germany,Male,47,9,0.0,2,1,0,4760.98,0
443,France,Male,62,0,0.0,2,1,1,102598.04,0
745,France,Male,68,9,222500.16,2,0,0,174552.58,1
840,Germany,Female,22,2,0.0,2,0,0,17805.86,0
717,France,Female,29,6,182688.62,4,0,1,84056.26,0
356,France,Male,41,2,46507.12,1,1,0,18574.63,1
375,Germany,Male,56,9,155352.57,4,0,1,179152.11,1
790,France,Male,83,0,112517.81,1,1,0,126945.77,1
600,Spain,Male,28,7,152760.37,2,1,0,124042.1,0
598,Germany,Female,23,10,0.0,2,1,0,63360.63,0
831,Spain,Male,64,4,0.0,3,1,0,81563.65,0
474,Germany,Female,90,4,85968.85,4,1,1,151363.73,1
492,Spain,Male,79,1,114450.8,3,0,0,17799.06,0
693,France,Male,59,9,0.0,3,1,1,139448.89,0
803,Germany,Female,19,10,24867.32,1,1,0,99393.37,0
533,Germany,Female,60,5,0.0,1,1,0,83420.2,0
425,Spain,Male,51,7,83578.92,4,1,1,126686.96,0
378,France,Female,51,8,122355.49,3,1,1,3517.68,0
355,Germany,Female,54,3,0.0,2,1,0,106262.53,0
537,Spain,Male,59,0,179770.41,3,0,0,113493.21,0
615,France,Female,71,1,94506.88,4,1,0,22369.57,1
595,Spain,Female,32,9,32278.21,2,0,1,23427.67,0
469,France,Female,23,8,51829.42,3,1,1,76999.34,1
688,France,Male,21,1,0.0,3,1,0,184417.9,0
790,Germany,Male,48,8,61034.45,4,1,0,121929.44,1
466,France,Female,55,9,150911.58,1,0,1,111843.25,0
687,France,Female,76,5,133939.71,1,1,0,194796.83,1
623,France,Female,50,4,42157.61,4,1,1,107772.53,1
694,France,Male,57,10,170379.13,2,0,1,5231.13,0
357,Spain,Female,90,9,15926.17,3,0,1,167357.07,1
687,Spain,Male,73,4,227401.76,2,1,0,191332.01,0
724,Germany,Male,69,5,141547.71,2,1,0,194088.63,0
690,France,Female,44,10,0.0,1,1,0,42266.0,0
771,Germany,Female,29,10,71473.46,3,1,0,108662.55,0
724,Spain,Male,86,6,0.0,3,1,1,81283.82,1
843,Germany,Male,58,7,0.0,3,1,1,88210.69,0
685,France,Female,23,8,237686.61,4,0,1,64239.59,0
573,France,Female,53,3,19055.36,2,1,1,5559.63,0
767,Spain,Male,24,10,114683.91,2,1,0,40235.0,0
698,Spain,Female,90,3,197879.34,3,1,0,17639.11,1
629,France,Female,57,9,0.0,4,1,1,97170.03,0
639,Spain,Female,76,9,141304.49,1,1,1,36535.11,1
525,France,Female,52,3,227803.9,2,1,1,100319.11,1
657,France,Male,19,8,0.0,1,0,0,40037.54,1
583,Spain,Female,65,9,516.09,2,1,1,136327.9,0
415,Germany,Female,66,5,0.0,4,0,0,183823.02,1
570,France,Male,34,5,8264.94,1,0,1,116653.71,0
825,Spain,Male,71,5,199351.03,4,1,0,20786.0,1
516,Spain,Male,34,0,34898.55,4,0,1,31545.74,0
689,France,Female,69,5,5171.05,3,1,1,163611.71,1
558,Germany,Female,73,7,88667.56,1,1,1,83226.02,0
493,Spain,Male,28,6,216014.11,1,1,1,136292.06,0
542,Germany,Female,39,5,9234.47,1,1,1,135353.39,0
830,Spain,Male,30,5,65670.03,4,1,1,42632.63,0
405,Germany,Male,71,5,0.0,1,1,0,58523.34,1
684,France,Male,35,10,23701.73,3,1,0,143936.93,0
766,France,Male,65,4,23139.51,2,0,1,2389.74,0
442,Spain,Female,48,2,227045.15,4,1,1,97940.85,0
728,Spain,Female,24,0,173823.91,2,1,1,26935.05,0
668,France,Male,83,9,0.0,2,1,1,102254.83,0
519,France,Female,70,1,0.0,2,0,1,97632.03,0
438,Spain,Male,37,4,0.0,4,1,1,110735.82,0
823,France,Female,83,8,89696.81,4,0,1,70579.21,1
448,France,Female,70,1,75283.64,4,1,1,45858.08,0
825,Spain,Female,78,2,0.0,2,1,0,94029.27,1
674,Spain,Female,31,6,0.0,4,0,0,93217.51,0
779,Spain,Male,18,6,0.0,1,1,0,93383.32,0
498,Germany,Male,22,2,170503.52,3,1,0,106735.39,0
364,France,Male,57,5,80295.09,3,1,0,96688.68,0
678,Spain,Male,76,7,0.0,1,0,0,68310.94,1
535,France,Female,85,2,181564.11,1,1,0,57254.8,1
625,France,Female,89,4,0.0,4,0,0,146820.45,0
579,Spain,Female,62,3,213957.66,1,1,1,108648.76,0
511,Germany,Male,64,10,90975.02,3,1,0,21956.3,1
710,Spain,Male,39,4,0.0,4,0,1,41355.87,0
600,France,Female,18,9,174586.4,4,0,1,93419.91,0
668,Spain,Female,32,9,186786.66,1,1,1,6376.88,1
686,Germany,Male,22,1,0.0,3,0,0,25184.22,0
689,Germany,Male,68,10,0.0,4,1,1,27202.2,1
515,Spain,Male,55,0,0.0,4,1,1,173646.18,0
734,France,Male,75,4,0.0,3,1,0,76300.51,1
459,Germany,Female,28,1,0.0,1,0,0,172308.03,0
825,Germany,Female,85,0,126028.25,4,1,1,73207.27,0
755,Spain,Male,71,6,0.0,4,1,1,141410.16,0
626,Spain,Male,85,6,163255.23,2,1,1,104406.58,0
440,Germany,Female,65,6,17209.14,2,1,1,45793.79,0
802,France,Male,43,4,83537.07,3,1,0,180472.0,0
627,France,Female,64,8,131662.99,4,0,1,175172.66,1
758,Spain,Female,62,5,182585.37,3,0,1,149675.63,0
363,Spain,Male,31,5,185693.68,3,1,0,132793.88,0
519,Spain,Male,25,4,0.0,4,1,0,88628.11,1
500,France,Male,66,2,146631.21,1,1,1,26635.73,0
757,France,Male,24,7,0.0,2,0,1,84093.92,0
582,Spain,Female,25,9,0.0,4,1,1,145108.54,0
408,Spain,Female,23,3,0.0,3,1,1,95944.35,1
658,France,Male,64,5,211579.35,1,1,1,196539.04,0
429,Germany,Male,86,9,0.0,3,1,0,125894.8,0
573,France,Female,54,2,227202.52,1,1,1,32276.35,0
846,France,Female,29,4,50515.91,1,0,1,15655.86,0
567,France,Female,55,2,128469.14,2,0,0,42984.63,0
564,France,Male,53,3,133635.07,1,1,0,108147.8,0
370,France,Male,61,5,121356.23,4,1,1,193370.57,1
580,Spain,Male,50,10,0.0,4,1,1,197625.79,0
829,Germany,Male,57,0,81259.73,1,1,1,152706.54,1
826,Spain,Female,42,3,0.0,3,1,0,48450.0,0
832,France,Male,85,9,0.0,2,1,1,198133.8305,0
531,France,Male,57,0,35781.91,3,1,1,187725.59,1
382,France,Male,40,5,0.0,3,1,0,130353.07,0
468,Germany,Female,18,1,29202.77,3,1,1,3159.2,0
455,France,Female,68,6,21893.94,4,1,1,50008.45,1
388,Germany,Female,46,7,112751.31,1,1,0,97141.17,1
705,Spain,Male,36,6,0.0,4,1,1,59543.27,0
611,Spain,Female,53,6,0.0,1,1,1,122561.0,1
711,France,Male,53,8,0.0,3,1,1,114104.98,0
450,Germany,Male,77,5,242893.74,3,0,1,196540.79,0
698,France,Male,58,6,30436.57,3,0,0,87453.28,0
382,France,Male,69,0,165115.87,3,1,0,5908.03,0
711,Germany,Female,65,0,0.0,1,1,1,10048.17,0
757,Germany,Female,80,1,221191.51,3,1,1,31635.64,1
477,Germany,Female,18,5,0.0,2,1,1,50243.03,0
514,France,Male,45,4,69363.2,2,1,1,134013.54,0
568,Spain,Female,70,4,206967.37,1,1,1,135551.06,1
640,Spain,Female,28,4,153147.45,3,1,1,168611.36,0
614,France,Male,50,10,197761.65,2,1,1,1832.1180000000008,1
402,Spain,Female,47,4,0.0,3,0,0,135681.72,0
539,France,Male,77,4,228357.17,2,0,0,112287.3,1
603,Germany,Male,89,5,232398.17,2,0,1,51334.04,0
657,Spain,Male,25,8,0.0,3,0,0,119762.57,0
666,Spain,Male,33,8,0.0,3,1,1,29311.71,0
683,Spain,Male,75,10,113374.55,3,0,1,4118.88,1
575,France,Female,30,6,48615.91,1,1,1,94690.95,0
601,Spain,Female,54,10,163976.01,4,1,0,127522.6,1
519,Germany,Female,87,6,0.0,1,1,0,110234.38,1
486,France,Male,90,5,122830.51,1,1,0,157923.06,1
505,France,Male,88,6,65154.64,4,1,0,47126.03,1
569,Spain,Male,27,5,156085.74,1,1,1,68430.3,0
404,Germany,Female,29,2,0.0,2,0,1,117730.73,0
459,Germany,Male,31,4,0.0,3,1,0,77554.3,0
407,Spain,Female,74,6,226703.01,4,1,1,155250.21,1
554,Germany,Male,31,6,41655.3,4,1,1,2488.91,0
598,France,Male,49,1,205067.83,3,1,1,154004.45,0
431,France,Male,78,8,0.0,1,0,0,162675.01,0
419,Germany,Male,54,7,125106.07,2,1,0,140156.34,0
613,Spain,Male,87,5,232311.53,1,0,1,109930.06,0
461,Germany,Female,54,4,20677.68,4,1,1,48887.91,0
784,Germany,Male,46,6,22441.68,1,1,0,29219.25,1
432,Germany,Female,89,6,239680.87,1,0,0,178442.45,0
591,Germany,Female,58,4,0.0,4,1,1,198133.8305,0
752,Spain,Female,31,9,0.0,1,1,0,32990.35,0
402,France,Female,64,1,114748.5,2,1,0,76440.4,1
575,Spain,Male,75,4,1673.99,2,1,0,45770.83,0
586,Germany,Male,80,4,47020.1,1,0,1,41009.48,0
626,France,Female,18,1,207101.36,3,0,1,140624.18,0
793,Germany,Male,26,0,0.0,2,0,0,187164.94,0
642,Germany,Female,64,9,98474.5,2,1,1,79677.03,0
538,Germany,Female,72,8,0.0,3,0,0,168158.66,0
548,Spain,Female,66,4,81192.29,2,1,1,174887.77,1
662,France,Male,46,2,109634.61,1,1,1,137610.4,0
499,France,Male,73,4,246427.5262,4,1,0,155815.87,1
693,France,Female,60,7,193571.54,3,1,1,17935.64,0
541,France,Male,86,3,138493.33,4,1,0,158224.11,0
380,Germany,Male,45,0,131686.37,2,0,1,29950.71,0
617,Spain,Female,73,4,211067.99,4,1,0,144874.01,1
475,Germany,Male,28,6,150216.74,4,1,1,191169.99,0
529,France,Male,72,5,0.0,1,0,1,56924.61,1
512,France,Female,72,1,104447.93,1,1,1,96023.5,0
418,France,Male,36,9,0.0,4,0,0,94291.85,1
494,Germany,Female,22,6,239880.15,2,0,0,37925.39,0
807,France,Female,91,7,0.0,4,1,1,3781.45,0
510,Germany,Female,23,10,99642.61,2,1,0,152589.77,0
716,Spain,Male,52,5,89971.98,2,1,1,178197.47,0
554,Germany,Male,18,6,226748.08,1,0,0,53677.05,0
383,France,Female,48,8,90078.89,1,1,1,134486.61,0
769,France,Male,78,8,0.0,3,1,1,122415.84,0
803,Germany,Female,55,9,208856.58,1,1,0,64914.02,0
468,Germany,Female,35,7,0.0,1,0,1,54645.31,0
435,France,Female,47,0,93262.96,4,1,0,174052.29,0
816,Spain,Female,24,3,191331.73,2,1,0,79490.47,0
398,Germany,Male,61,6,0.0,3,1,1,198133.8305,0
795,France,Female,18,4,0.0,2,0,0,166377.27,0
436,France,Female,43,0,2790.04,1,1,1,166874.56,1
784,France,Female,22,2,142547.61,2,0,1,43556.35,0
817,France,Female,35,3,127487.98,1,1,1,82975.41,0
470,France,Male,22,0,0.0,3,1,0,24393.73,0
460,Germany,Female,86,8,54078.06,4,0,0,75273.21,1
403,France,Female,75,4,21821.98,4,1,1,198133.8305,0
744,Spain,Male,86,8,211609.89,3,1,1,126477.63,0
525,Spain,Male,68,9,87525.47,1,1,1,67128.92,0
672,France,Male,54,9,0.0,4,1,1,58425.91,0
657,France,Female,30,9,26327.62,4,1,1,42750.68,0
609,Spain,Female,89,5,0.0,1,1,1,22111.14,0
471,Spain,Male,85,2,158239.46,2,1,1,33891.76,1
533,Spain,Male,48,0,0.0,4,0,0,73272.06,0
600,France,Female,34,6,0.0,4,0,0,85722.87,0
396,France,Female,46,1,0.0,1,1,0,76451.32,1
552,France,Female,47,2,0.0,3,1,1,30482.68,0
706,Spain,Male,85,2,39943.01,2,1,0,56014.38,0
561,Germany,Female,22,3,168078.48,4,1,0,88837.61,1
547,Germany,Male,64,4,162678.81,4,1,0,16832.67,1
771,Germany,Female,74,3,11769.9,4,1,1,10044.73,0
618,France,Female,74,5,224850.34,2,0,1,158791.81,0
719,Germany,Female,32,10,83809.81,2,1,0,39964.39,0
375,France,Female,48,7,107194.94,3,1,0,60650.17,0
815,Germany,Male,43,7,128445.35,4,1,1,20055.15,0
738,Germany,Female,48,1,228004.81,2,0,1,36921.9,0
764,Germany,Male,24,1,42622.47,3,1,0,167306.53,0
696,France,Male,24,2,0.0,3,1,0,184807.15,0
619,Spain,Female,19,9,0.0,2,1,1,82427.82,0
615,Germany,Female,89,1,0.0,2,0,1,42546.02,0
662,France,Male,48,10,109937.76,2,0,0,139007.9,1
598,France,Female,34,8,99634.45,2,1,0,40802.71,0
715,Germany,Male,77,9,0.0,1,0,1,136209.05,0
518,France,Male,54,3,165373.72,1,0,1,137159.75,0
735,France,Male,44,1,40893.57,3,1,0,159971.99,0
521,France,Male,26,1,43950.47,4,0,1,50874.39,0
588,France,Male,46,9,0.0,4,1,1,64137.36,0
384,France,Male,65,4,0.0,4,1,1,50380.07,0
801,Germany,Male,64,4,2242.01,4,0,1,127859.63,0
694,France,Female,46,2,0.0,4,1,0,195205.0,0
475,Germany,Female,63,3,234923.83,1,1,1,83996.6,0
372,France,Male,74,4,186844.72,4,1,0,67340.31,1
776,France,Male,86,8,139650.63,2,0,0,116017.39,1
355,France,Female,57,9,48799.03,3,1,0,70719.43,1
591,Spain,Male,34,5,0.0,4,1,1,22375.94,0
365,Spain,Male,27,3,0.0,1,1,1,99013.67,0
697,France,Male,29,4,164763.42,2,0,0,117207.84,0
451,France,Female,18,1,69071.89,1,1,1,86489.28,0
563,France,Male,59,0,0.0,2,0,1,152945.83,0
635,France,Female,33,2,22841.22,4,1,1,135559.89,0
535,Spain,Male,34,0,92645.59,2,1,0,91916.66,0
691,France,Female,71,0,57282.71,3,1,1,189874.96,0
604,Spain,Female,41,2,224002.02,1,1,1,117392.62,0
560,Germany,Male,79,9,0.0,2,0,1,72008.12,1
511,Germany,Male,28,2,124374.97,3,0,1,75010.15,0
554,Spain,Male,43,7,0.0,1,1,1,4373.07,0
510,France,Female,21,1,214646.8,2,1,0,134321.98,0
638,Spain,Female,57,5,48857.92,4,1,0,149017.15,0
733,France,Male,27,6,18690.7,3,0,1,44611.47,0
649,Spain,Male,35,6,212942.7,1,1,1,153669.13,0
366,Germany,Male,72,8,214124.03,2,1,1,135512.62,1
773,France,Female,83,2,0.0,2,1,1,10914.58,0
743,Spain,Female,58,8,48820.96,3,1,1,53144.47,0
760,France,Male,89,4,180326.79,3,1,0,198133.8305,1
374,France,Male,73,4,0.0,4,1,0,1832.1180000000008,0
762,Spain,Male,73,3,155487.75,3,1,0,184051.53,0
584,France,Female,91,10,175308.65,1,0,0,163463.17,1
772,Spain,Male,24,9,155494.99,1,1,1,145513.4,0
741,Germany,Female,35,5,0.0,1,1,0,111320.76,0
790,Germany,Female,50,8,204044.43,3,1,0,50776.3,1
411,France,Male,63,10,0.0,3,0,1,32720.82,1
628,France,Female,91,3,176427.17,2,1,0,11447.34,1
714,Spain,Female,25,3,0.0,3,1,1,112309.6,0
648,France,Male,34,8,246427.5262,1,1,1,176081.88,0
756,Germany,Male,40,3,112353.96,3,1,0,30501.96,0
714,France,Male,67,1,29065.86,3,1,0,47976.81,0
367,France,Male,88,6,45645.56,1,1,1,29808.07,0
449,Germany,Male,87,2,86986.11,4,0,1,124586.77,1
667,Spain,Female,73,6,0.0,4,0,1,152506.59,0
530,Spain,Female,75,1,194573.11,4,1,1,168197.66,0
528,Spain,Female,48,5,3526.42,3,1,1,47339.37,0
807,France,Female,63,2,101470.83,1,1,0,140127.62,0
394,France,Male,30,5,0.0,4,1,0,90058.66,1
611,France,Male,55,2,29434.18,1,0,0,197898.42,1
506,Germany,Female,39,2,144020.95,4,0,0,140565.27,0
375,France,Female,86,9,233462.25,2,1,1,20538.11,1
537,Germany,Male,45,10,17899.08,3,1,1,60866.6,0
553,France,Female,47,3,87431.44,1,1,0,135470.25,0
577,Spain,Male,47,7,0.0,2,0,0,139660.39,1
430,Spain,Female,84,3,0.0,1,0,1,78425.51,1
714,Spain,Female,87,1,104374.83,3,1,0,59515.66,0
528,France,Male,49,1,236830.35,2,1,1,51156.87,0
637,Spain,Female,91,9,0.0,2,0,1,64649.27,0
623,France,Female,73,0,150485.14,1,1,1,17471.51,0
632,France,Female,80,5,227580.58,1,0,0,72928.07,1
603,France,Female,85,2,32415.57,3,0,1,32582.42,1
500,France,Male,42,8,195861.24,2,0,0,44084.21,1
595,Germany,Male,58,1,182451.18,1,1,1,46162.58,0
615,France,Male,39,6,0.0,4,0,1,34458.03,0
359,France,Male,40,3,159519.19,1,1,1,100528.94,0
712,Germany,Female,52,5,31093.25,1,1,1,132591.38,0
572,Spain,Male,21,2,203510.84,1,1,1,174009.23,1
496,Germany,Female,33,1,0.0,2,1,1,104744.95,0
364,Germany,Male,77,1,0.0,3,1,1,10532.39,1
502,France,Male,30,6,219022.52,1,1,1,65805.27,0
552,Spain,Male,64,7,135606.5,2,1,1,106073.22,1
769,France,Male,74,9,239221.31,2,1,1,143364.16,1
674,France,Female,37,10,27300.35,1,1,1,45534.41,0
559,France,Female,51,8,0.0,3,1,0,151173.45,1
413,Germany,Female,82,0,82485.9,2,0,1,146986.35,1
487,France,Female,79,7,54137.52,3,1,1,149741.02,0
809,Germany,Male,86,7,0.0,1,0,1,133064.91,1
414,France,Female,64,7,0.0,1,1,1,46469.3,0
665,France,Male,83,7,0.0,4,1,0,117267.46,1
609,France,Female,47,7,0.0,2,1,0,55262.6,0
459,France,Female,62,6,0.0,2,1,0,183246.15,1
787,France,Female,67,6,105062.96,2,1,1,10431.04,0
547,Germany,Male,90,7,246375.73,3,1,1,135394.15,1
681,Germany,Male,45,0,192795.6,3,0,0,174208.6,0
398,France,Male,82,5,0.0,3,1,1,66989.34,0
833,Germany,Male,55,1,0.0,4,0,1,50711.63,1
361,France,Female,25,10,171724.87,3,1,1,22362.77,0
505,France,Female,66,10,0.0,2,1,0,103643.22,1
808,France,Male,90,1,58827.35,3,1,1,37778.6,1
669,France,Male,51,9,0.0,2,0,1,117824.29,1
688,France,Male,58,5,176309.04,2,1,0,114492.97,0
507,Germany,Male,86,7,5236.56,1,1,1,25942.42,1
740,France,Female,86,7,0.0,2,0,0,138353.66,1
816,Spain,Female,47,1,162216.84,3,0,1,183471.37,0
661,France,Female,74,9,76248.89,2,1,1,186218.05,0
459,Germany,Female,64,7,0.0,1,1,1,29801.43,0
804,Spain,Male,65,5,217039.75,1,1,1,164643.57,0
355,France,Male,71,6,225353.26,1,1,1,149540.48,1
798,France,Female,42,10,214675.01,2,1,1,192266.69,0
355,Germany,Male,40,7,0.0,4,1,1,49283.2,0
379,Spain,Female,20,7,69382.34,2,1,1,115244.61,0
371,Spain,Female,81,9,18669.28,4,0,0,107189.97,0
444,France,Male,38,7,122173.84,1,0,1,165706.07,0
714,Spain,Male,67,1,0.0,4,1,1,15149.14,0
548,France,Female,68,9,0.0,4,1,1,104503.41,0
389,France,Female,70,9,52387.35,1,1,1,90085.2,0
520,Germany,Male,81,8,194912.2,1,0,0,196819.35,1
846,Germany,Female,82,1,147997.05,3,0,1,164214.72,0
613,Germany,Male,18,5,101074.97,1,1,1,191106.94,0
715,Spain,Female,80,0,215667.57,3,0,1,139050.61,0
483,France,Male,33,8,145632.07,3,1,1,47776.91,0
610,Germany,Male,65,10,230066.89,1,1,0,132652.03,0
749,France,Male,67,0,92037.56,4,1,0,166928.52,0
687,France,Male,21,1,111018.88,4,0,0,59015.94,0
355,France,Male,38,10,0.0,2,1,0,116649.25,0
654,Spain,Male,85,8,91922.36,4,1,0,20336.15,1
746,France,Female,28,9,0.0,3,1,0,29299.98,0
417,France,Male,35,2,8208.03,3,0,0,79662.32,0
547,Germany,Male,24,7,63940.48,2,0,1,103792.83,0
673,Spain,Female,30,9,122656.66,3,0,0,85693.75,0
355,Spain,Female,65,0,61839.44,4,1,1,7439.31,0
706,Germany,Male,80,3,27272.15,4,0,1,161312.37,0
774,France,Male,62,3,0.0,3,1,1,59261.99,1
613,Germany,Male,39,5,36961.83,2,0,1,182691.98,0
573,Spain,Female,81,2,21498.3,1,1,1,47507.33,0
396,Spain,Female,45,3,0.0,2,1,1,132887.21,0
713,Spain,Female,41,2,0.0,3,1,0,91408.88,0
822,France,Male,55,0,200581.84,3,1,0,4113.75,1
790,France,Male,28,7,42696.01,1,1,1,121875.67,0
625,Germany,Male,44,7,115387.47,1,1,1,6346.09,0
367,France,Female,77,9,22481.16,2,0,1,10780.83,0
493,France,Female,63,6,102950.18,1,1,1,132288.87,1
481,France,Female,91,7,0.0,2,1,1,99457.27,0
355,Germany,Male,75,3,223186.91,4,1,1,176458.57,0
409,Spain,Male,44,4,129751.52,3,1,1,90607.3,0
637,Spain,Female,74,4,71600.57,4,1,1,197410.26,0
399,Spain,Male,82,10,0.0,4,0,1,4140.02,1
369,Spain,Female,64,5,159732.1,1,0,1,184394.72,1
823,Germany,Female,74,9,117619.14,2,1,0,43909.31,1
652,France,Male,55,3,118840.88,1,1,1,37893.65,0
753,Germany,Female,85,7,0.0,3,1,0,97146.97,0
474,France,Male,35,3,0.0,1,1,0,130435.94,0
532,France,Male,49,4,129742.7,3,0,1,124885.73,0
655,France,Male,36,9,14343.48,2,0,0,70709.69,0
694,Spain,Female,25,7,0.0,1,0,1,122971.98,0
534,Germany,Female,63,5,124051.15,1,1,1,90209.37,0
810,Spain,Male,26,4,0.0,3,1,1,41653.92,0
702,Spain,Female,34,8,80998.42,2,1,0,7380.27,1
460,Spain,Male,74,1,0.0,4,1,0,130660.84,0
399,France,Female,35,9,0.0,4,1,1,119961.19,0
357,Spain,Female,81,6,0.0,3,1,0,100745.49,1
773,Spain,Female,21,3,93613.17,3,1,0,90378.06,0
762,Spain,Female,51,7,19126.35,2,0,0,100844.06,0
589,France,Male,22,10,0.0,2,0,0,22573.98,0
712,France,Male,22,3,133207.97,3,1,1,136295.94,0
792,Spain,Female,76,4,97757.24,1,1,0,172051.34,1
430,France,Male,22,10,85407.51,4,1,1,22896.54,0
841,France,Female,84,3,70287.32,3,0,1,154081.77,0
595,France,Male,62,9,95443.13,1,1,0,83760.34,0
569,France,Female,53,9,0.0,1,1,0,157650.71,1
430,France,Female,85,6,246427.5262,1,0,0,100857.63,1
686,Spain,Female,46,0,138834.78,3,1,1,44309.79,0
651,Spain,Male,47,0,159043.94,3,1,0,82191.3,0
365,Spain,Female,48,3,45785.16,3,1,1,24428.57,0
674,France,Male,66,0,230851.19,1,1,1,3460.02,0
420,France,Male,80,8,142791.01,1,1,1,6124.35,1
488,France,Male,58,7,103593.49,4,0,1,192023.71,0
656,France,Male,38,5,178303.51,2,1,0,197991.47,0
741,France,Female,83,8,76087.6,2,0,0,7905.65,1
417,Spain,Female,62,1,233660.17,1,1,1,37969.36,1
587,Spain,Male,79,5,0.0,1,1,0,97488.96,0
492,Germany,Female,49,3,208277.63,3,1,1,128986.42,0
703,France,Female,32,0,241652.08,4,1,1,34485.24,0
764,France,Female,87,5,0.0,2,0,0,42530.8,0
670,France,Male,68,1,219164.97,1,0,0,102820.11,0
748,France,Female,40,0,0.0,2,1,1,9908.37,0
575,Germany,Male,80,2,0.0,2,0,1,106718.23,0
649,France,Female,18,2,89058.16,4,0,0,176609.94,1
496,Germany,Male,86,6,0.0,2,1,0,197397.92,1
845,Spain,Female,60,8,112590.83,4,1,1,108187.1,0
452,France,Male,61,5,149194.09,4,1,1,74063.15,0
811,France,Male,18,7,0.0,3,0,1,153764.04,0
723,France,Male,31,1,0.0,2,1,1,180383.24,0
844,France,Male,71,8,0.0,4,1,0,96639.9,0
671,Germany,Male,59,5,62381.56,3,1,0,169064.6,0
526,Spain,Female,27,4,158135.07,3,0,1,85405.64,0
490,Spain,Male,67,9,25508.71,4,1,0,90025.66,0
439,Germany,Male,73,3,0.0,3,1,1,115550.01,0
834,France,Male,38,4,244621.84,3,1,0,86472.14,0
403,France,Male,69,10,246427.5262,4,1,0,50254.67,1
755,France,Male,90,1,129490.81,1,1,0,174844.21,1
699,France,Female,53,5,61865.0,4,1,1,190872.32,0
413,Spain,Male,34,6,0.0,2,1,1,108964.14,0
808,France,Female,89,7,0.0,4,1,1,157788.36,0
431,France,Male,85,10,10621.68,3,1,0,45482.58,0
430,France,Female,51,3,246427.5262,4,1,1,138747.55,1
622,France,Male,49,1,81791.81,2,1,0,61648.29,0
401,Spain,Female,79,4,0.0,4,1,0,34441.79,1
401,France,Female,18,1,128390.26,3,1,0,97471.55,0
662,France,Female,41,8,220092.49,3,0,1,6144.94,0
833,France,Female,58,6,199779.9,3,1,0,58297.11,0
376,Spain,Female,66,8,51387.54,4,1,0,44825.18,1
669,Germany,Female,64,3,179111.58,3,0,1,99316.56,1
651,Germany,Female,45,10,218641.18,2,0,1,99224.12,0
383,France,Male,82,9,178565.98,3,1,1,136219.77,0
424,France,Female,66,10,0.0,2,1,1,24322.51,0
572,Spain,Female,58,7,0.0,3,1,0,88240.9,0
697,France,Male,87,2,0.0,2,1,0,8967.92,1
461,France,Female,24,1,48904.27,1,1,0,160170.77,0
567,Germany,Female,70,10,134634.32,1,0,0,178574.0,0
595,France,Male,86,9,0.0,2,0,1,198133.44,0
706,France,Male,66,9,158842.5,2,1,1,103873.54,0
473,Spain,Male,59,7,26651.01,4,1,0,169777.18,1
695,France,Female,44,9,69363.96,3,1,0,91830.35,0
766,France,Female,38,5,0.0,4,1,0,40610.23,0
641,France,Male,58,1,52190.8,1,0,0,167797.34,1
711,Germany,Female,84,2,83428.01,1,1,0,9315.12,1
433,France,Male,52,9,103769.09,1,0,1,118816.28,0
804,France,Female,26,7,3406.0,1,1,1,187276.21,0
500,Germany,Male,53,10,0.0,1,1,0,54264.23,0
449,Germany,Female,25,9,246427.5262,3,1,1,50489.36,0
624,Spain,Male,87,8,102066.96,2,1,0,20977.73,0
543,France,Female,57,0,0.0,2,1,0,100652.76,0
581,France,Female,33,2,63248.85,3,1,1,127419.72,0
753,Germany,Female,64,4,0.0,2,0,1,102088.52,0
618,Germany,Male,57,0,114002.61,1,1,0,67638.99,0
537,France,Male,55,10,215496.29,1,1,1,85903.88,0
750,Germany,Male,61,2,159811.19,1,1,1,166755.47,0
539,France,Male,86,4,99663.04,2,0,1,188779.19,1
830,Spain,Male,81,7,96436.72,4,0,0,65147.52,1
844,Spain,Female,37,0,0.0,1,1,0,127406.47,0
585,France,Male,35,6,63342.02,3,0,1,164939.35,0
736,Spain,Male,91,1,0.0,1,1,0,126814.76,1
704,Spain,Male,65,9,71260.03,1,0,1,177743.69,0
781,France,Male,19,7,0.0,2,0,0,132799.73,0
581,France,Female,57,3,136650.59,3,1,1,49402.6,0
553,Germany,Male,26,7,211702.32,4,1,0,120632.24,1
488,France,Male,20,3,62794.29,3,1,1,111725.59,0
643,France,Male,31,1,226181.23,4,0,0,67742.91,0
658,France,Female,36,0,133817.09,2,0,0,16254.2,0
575,Spain,Male,23,2,181708.37,1,1,0,166465.07,0
505,France,Male,79,7,0.0,2,0,1,158466.2,0
575,Spain,Female,50,6,207259.72,2,0,0,5713.18,0
601,France,Female,58,3,0.0,2,1,0,145085.42,1
413,France,Male,82,7,2768.38,1,0,1,131158.97,0
680,Spain,Male,79,4,97568.82,4,1,0,72785.17,0
771,France,Female,78,1,234591.06,4,1,0,157949.14,0
511,France,Male,32,7,0.0,1,0,1,165775.39,0
545,France,Male,73,5,207096.16,1,1,0,172238.02,1
396,Germany,Female,91,7,217239.95,4,1,1,15440.62,1
641,France,Female,18,6,83144.49,4,1,0,75545.74,0
564,France,Male,82,1,0.0,1,1,1,6064.17,0
779,France,Female,82,0,94358.75,3,1,0,146113.11,0
804,France,Female,80,1,6340.11,2,0,1,84340.48,0
737,France,Female,47,2,173601.87,4,1,1,149880.34,0
455,Germany,Female,32,2,205072.32,3,1,1,158822.76,0
449,France,Male,72,10,0.0,1,1,0,13231.61,1
593,France,Male,64,8,43352.34,2,1,0,188763.76,0
659,Germany,Male,71,9,0.0,3,0,1,99406.81,0
365,Germany,Male,36,5,184564.2,2,0,1,193436.68,0
598,France,Female,31,3,0.0,1,1,0,27262.68,0
393,France,Female,84,4,88948.16,3,0,1,70131.22,0
480,France,Female,56,9,92082.35,3,0,0,91665.64,0
529,Spain,Male,80,3,0.0,4,0,1,188010.41,0
370,France,Male,86,6,48348.42,3,1,1,21020.63,0
481,France,Male,51,1,0.0,2,1,1,109620.33,0
665,France,Female,37,10,0.0,4,1,1,26576.08,0
846,France,Male,84,7,121637.42,2,1,0,44724.59,0
740,France,Female,70,10,0.0,3,1,0,121530.03,0
503,France,Female,67,3,0.0,4,1,1,56076.48,0
821,Germany,Male,88,6,190237.36,4,1,1,57341.72,1
570,Germany,Female,36,3,0.0,2,0,0,133998.13,1
527,Germany,Female,44,5,111378.12,2,1,1,161663.51,0
774,Spain,Female,20,3,178265.03,4,1,0,6821.23,1
550,France,Male,46,1,222082.56,3,1,1,44913.35,0
720,Spain,Male,51,4,160761.41,4,1,1,105359.09,0
431,Germany,Male,51,5,60691.63,1,0,0,181886.95,0
516,Spain,Female,29,1,0.0,4,1,0,74189.09,0
843,Germany,Female,77,4,210384.96,1,1,1,57763.55,0
472,France,Male,54,1,138508.97,2,1,1,18823.85,0
775,France,Male,50,7,45968.02,1,1,1,41918.68,0
583,France,Female,81,3,121419.18,4,1,1,99421.83,1
829,France,Female,53,0,31580.66,1,1,1,58783.09,0
558,France,Female,84,5,0.0,3,1,0,118774.51,0
598,France,Female,34,9,229994.23,1,1,1,60380.77,0
547,France,Female,80,10,0.0,1,1,0,47683.26,1
455,Spain,Female,91,10,62228.16,2,1,1,128881.82,0
772,Germany,Female,73,1,220316.7,1,1,1,145206.49,0
637,Germany,Male,84,2,246427.5262,2,1,1,183912.49,0
603,France,Male,72,9,0.0,1,1,1,113115.56,0
536,Germany,Male,62,6,0.0,3,1,0,189526.67,1
736,Spain,Female,74,5,0.0,1,1,1,43278.77,0
524,Germany,Male,89,8,49346.81,2,1,0,105741.63,0
469,Germany,Female,62,0,219423.41,1,1,0,92307.77,1
391,France,Female,68,6,0.0,4,1,1,138561.98,0
787,France,Male,23,6,8059.48,2,1,1,46336.22,0
386,Germany,Male,88,10,8094.49,2,1,1,26055.66,1
773,Spain,Male,75,5,46958.59,2,1,1,87732.57,0
539,France,Female,29,5,0.0,1,0,0,136163.59,0
355,France,Male,39,8,0.0,2,0,0,143600.46,0
814,France,Male,34,2,0.0,4,1,1,134813.7,0
721,France,Male,41,0,0.0,2,1,1,129560.03,0
712,Spain,Male,83,5,0.0,4,1,1,31993.31,0
624,Germany,Female,52,6,13056.03,1,1,0,158332.05,1
731,France,Female,49,5,182847.39,2,1,1,112054.65,0
416,France,Male,75,7,0.0,3,1,0,13656.7,0
467,France,Female,45,2,65645.76,1,0,1,51037.96,1
622,France,Female,83,0,132727.35,2,1,0,53195.35,0
717,Germany,Male,73,8,0.0,4,1,1,26574.35,1
644,Spain,Male,37,9,0.0,2,1,0,28225.24,0
553,Germany,Female,64,6,0.0,4,1,0,178257.03,0
686,France,Female,53,3,144229.21,1,1,0,89942.26,0
379,Germany,Male,43,4,185051.31,4,0,1,82865.37,1
604,Germany,Male,85,5,0.0,4,1,1,162022.29,1
547,France,Female,47,4,0.0,2,1,1,72816.82,0
599,Germany,Female,26,2,0.0,3,1,1,63609.91,0
415,Germany,Male,48,4,0.0,1,0,0,41134.11,0
802,Spain,Male,56,3,51013.49,1,1,1,17512.14,0
777,France,Female,27,4,144896.9,2,1,1,39768.52,0
822,France,Male,72,4,78454.4,2,1,0,163723.11,0
770,France,Male,34,5,175910.6,3,1,1,112787.11,0
682,France,Female,24,8,0.0,4,1,0,117685.3,0
494,France,Male,57,3,0.0,1,1,1,73528.21,0
407,Spain,Female,29,0,236340.82,4,0,0,98321.51,0
656,France,Female,75,8,227174.86,2,0,1,131786.72,1
824,France,Male,23,2,112936.31,3,1,1,83285.05,0
532,Spain,Male,49,10,191366.87,4,1,1,66241.41,0
846,Germany,Female,21,5,245515.63,3,1,0,50299.33,0
427,France,Male,46,5,22156.28,1,1,1,42319.08,0
491,Germany,Female,87,4,151541.31,3,1,0,114114.5,1
675,France,Male,66,7,63374.38,1,1,0,14468.11,1
596,France,Female,57,7,0.0,2,1,0,32005.57,0
730,Germany,Male,29,10,0.0,3,1,0,118313.64,0
522,France,Male,41,0,197202.62,3,1,1,161372.22,0
738,France,Female,46,2,50152.33,4,0,0,53004.56,1
500,France,Male,60,3,0.0,2,1,1,1907.45,0
424,Spain,Male,33,2,203455.2,4,0,1,133646.64,1
634,France,Female,91,10,16865.87,2,1,0,8074.53,0
606,Germany,Female,66,0,232042.44,2,1,0,66404.47,0
634,France,Male,41,1,0.0,3,0,0,89944.24,0
361,Germany,Female,26,4,125182.02,3,1,1,151160.5,1
555,France,Male,62,2,183642.29,4,1,1,154586.06,1
395,France,Male,51,3,0.0,4,1,0,83457.75,1
753,Germany,Male,67,6,0.0,3,1,1,174754.96,0
390,Germany,Female,62,6,128891.86,3,1,0,76474.52,1
816,France,Female,65,9,146458.56,2,1,0,94894.73,1
378,France,Male,79,4,0.0,1,1,0,79302.4,0
655,France,Female,56,10,0.0,3,0,1,123829.7,0
517,France,Male,71,2,0.0,3,1,1,80677.6,0
405,Germany,Male,44,2,0.0,2,0,0,186321.13,0
529,France,Male,87,4,234766.5,3,0,0,168118.76,1
370,Germany,Female,48,1,0.0,3,1,0,77889.24,0
699,France,Male,68,0,70556.08,2,1,1,4822.37,0
786,France,Female,91,4,13136.67,1,0,0,109197.34,1
515,France,Male,43,5,0.0,2,1,1,48463.45,1
569,France,Female,25,3,131936.41,1,0,1,64047.64,0
420,France,Male,35,2,47741.05,1,1,1,91776.36,0
591,Spain,Male,36,1,223343.46,2,1,0,160933.66,0
824,France,Female,22,1,0.0,4,1,1,149584.97,0
619,Spain,Female,58,9,0.0,4,0,0,111519.16,1
788,France,Female,38,0,140242.76,2,0,0,145643.37,0
740,France,Male,25,7,93319.94,3,1,0,61444.67,0
412,France,Female,28,7,0.0,1,0,0,98572.97,0
376,France,Male,38,2,94310.83,2,0,0,14228.2,0
531,Germany,Female,45,2,0.0,2,1,1,10506.94,0
820,Spain,Female,90,4,0.0,2,1,1,32129.37,0
434,Germany,Female,69,7,115990.68,3,1,1,150213.8,0
372,Germany,Female,70,0,143273.22,3,0,1,184423.12,0
830,France,Male,69,8,0.0,3,1,1,123445.21,0
449,France,Male,77,3,22837.78,1,1,0,8123.52,1
528,Spain,Female,41,5,216749.07,4,1,1,124640.3,0
740,France,Male,25,10,114018.6,2,1,0,55062.67,0
399,France,Male,55,1,145482.76,4,0,1,175796.45,0
435,Spain,Female,18,10,235079.2,2,1,0,146167.29,1
714,Spain,Female,34,6,41994.68,3,1,1,72309.57,0
355,Germany,Female,73,4,221121.51,1,1,1,88112.21,1
706,France,Female,55,0,201107.61,3,1,1,143725.14,0
621,Spain,Female,69,0,246427.5262,4,1,0,185689.7,1
470,France,Male,55,8,98260.57,3,1,1,59675.16,0
657,France,Female,58,4,31711.78,4,1,0,154111.06,0
511,France,Female,40,8,3544.04,2,1,0,137618.33,1
825,Spain,Female,34,9,198148.97,1,1,0,47880.99,0
557,Spain,Female,37,4,34149.05,2,1,0,49975.9,0
724,Germany,Male,77,3,76503.03,4,1,1,42676.04,0
484,France,Female,90,2,246427.5262,3,1,0,34724.34,0
767,France,Female,24,7,110523.74,3,1,1,62122.87,0
494,France,Male,57,7,57801.43,4,0,1,25838.85,0
604,Spain,Female,52,3,188308.39,2,1,1,50362.81,0
751,France,Female,59,6,0.0,3,1,1,72205.6,1
813,France,Male,35,5,0.0,4,1,0,111283.93,0
726,Germany,Female,18,1,0.0,1,1,0,87232.19,0
684,France,Male,33,5,115208.23,1,1,0,63564.82,0
697,Spain,Male,31,8,27154.43,4,1,0,23280.53,0
553,France,Female,21,10,0.0,4,1,0,112173.52,0
694,Spain,Female,44,3,0.0,4,1,1,168024.42,1
637,France,Male,68,2,79700.92,4,1,1,122943.4,1
611,France,Male,89,9,0.0,2,1,1,113385.79,0
506,France,Female,66,10,207425.63,3,1,1,76641.06,0
525,France,Female,30,9,0.0,4,1,1,106242.69,0
411,Germany,Male,44,3,236053.06,3,1,1,134181.81,1
710,France,Male,40,3,52849.68,3,0,1,58109.45,0
361,France,Male,33,6,143371.36,3,0,1,190689.65,0
408,Germany,Male,91,2,232264.31,1,0,0,4377.58,0
496,France,Male,66,8,142426.63,2,1,0,67052.52,1
420,Germany,Male,53,4,76997.45,3,0,1,196416.09,0
725,Germany,Female,50,3,202914.0,4,1,1,162144.35,1
413,France,Female,41,8,0.0,1,1,0,11162.57,0
578,Spain,Male,48,3,38000.07,2,0,1,72117.7,0
717,France,Female,64,1,0.0,3,1,1,137512.67,0
645,France,Female,86,8,17332.96,2,1,0,110192.33,0
646,France,Male,54,3,12657.7,4,0,1,186865.27,0
522,Spain,Female,31,7,94768.68,3,1,0,157795.98,0
575,Germany,Male,88,7,0.0,2,1,1,131922.13,0
734,Germany,Female,41,0,0.0,4,0,0,121039.92,1
588,Spain,Female,24,0,185183.04,2,1,1,198133.8305,0
700,France,Female,58,9,142213.24,2,1,1,100426.17,0
764,Spain,Male,76,0,178387.14,2,1,0,1832.1180000000008,1
472,Germany,Female,37,3,12473.64,4,1,1,148493.18,1
410,Spain,Male,38,8,0.0,2,1,0,104807.01,0
582,Spain,Male,39,1,241601.73,4,1,0,168556.94,1
542,Spain,Female,77,5,0.0,3,1,1,90078.36,0
425,France,Male,88,1,55622.92,1,0,0,32515.52,0
730,Spain,Male,80,6,246427.5262,4,1,1,131195.4,1
662,Spain,Female,34,7,102829.54,1,1,1,182992.45,0
679,Germany,Female,80,2,119695.46,4,1,1,18115.25,0
705,France,Male,40,3,0.0,4,1,1,36336.02,0
568,Spain,Male,82,5,0.0,3,1,1,45706.57,1
605,France,Male,91,8,0.0,2,1,1,28156.08,0
462,France,Female,71,5,152480.89,2,0,0,112580.9,0
716,Germany,Male,88,7,0.0,4,1,0,15302.34,1
824,France,Female,28,4,163099.46,2,1,0,196917.76,0
787,Germany,Male,66,1,22595.57,1,1,1,33776.87,1
554,France,Male,21,10,19943.52,3,1,1,9960.48,0
375,Germany,Male,66,8,210587.89,3,1,0,66829.07,1
789,Spain,Female,43,0,226139.78,1,1,0,95227.99,0
638,France,Male,89,3,33915.09,2,1,0,165018.11,0
739,Germany,Female,54,4,93865.05,2,1,1,123355.24,0
500,France,Male,74,0,163516.72,3,1,1,196701.95,1
781,Spain,Female,40,9,208870.24,3,0,1,79987.29,0
769,Spain,Male,23,1,0.0,4,1,0,18736.62,0
358,France,Male,72,2,174670.69,3,1,1,182184.88,0
632,Germany,Male,34,3,36868.63,3,1,1,114841.09,0
589,Germany,Male,71,10,192087.74,1,0,0,102188.62,1
679,Germany,Male,52,2,214756.23,4,1,1,90197.98,0
479,Germany,Female,89,4,87826.49,2,1,1,37560.48,0
399,France,Female,44,7,123538.17,2,1,1,73575.43,0
487,Germany,Male,47,1,41595.65,4,1,1,65117.0,1
613,France,Male,72,0,76129.87,2,1,1,71436.03,1
485,France,Male,76,1,217449.9,4,1,1,55187.99,0
582,Spain,Female,27,2,22211.81,4,1,1,100112.26,0
545,France,Male,72,3,190605.78,3,1,1,150170.42,1
697,Germany,Male,54,10,24409.27,3,1,1,192012.92,0
555,France,Female,91,10,0.0,4,1,0,23508.52,0
422,Spain,Male,64,6,0.0,3,0,0,175409.27,0
667,Germany,Male,75,10,828.35,4,1,1,68919.12,0
456,France,Male,43,0,168843.12,3,1,0,103741.37,0
500,France,Male,38,6,79048.79,4,1,1,23152.5,0
704,France,Male,76,4,187142.58,4,1,1,27451.81,1
486,Spain,Female,19,1,243809.19,4,1,1,163081.27,0
380,Germany,Female,60,6,104122.27,2,1,0,102761.59,0
530,France,Male,89,5,7498.97,3,1,0,48277.62,0
544,Germany,Female,91,8,212222.89,3,1,1,184678.43,0
693,France,Male,70,4,68644.59,4,1,1,172528.67,0
705,France,Male,54,4,37154.12,2,1,1,75748.78,0
355,France,Male,78,2,0.0,1,0,1,40441.67,1
729,France,Female,19,5,58132.43,4,1,1,70974.64,0
724,Germany,Male,76,0,151321.32,3,1,0,138588.62,0
436,Spain,Female,32,6,63495.91,1,0,0,65336.4,0
519,Spain,Female,72,4,178114.55,4,1,1,95096.13,0
734,Spain,Male,43,3,0.0,1,1,1,189883.28,0
638,France,Male,73,4,0.0,1,1,1,188512.13,0
520,France,Male,62,9,138756.23,3,1,1,90738.46,1
731,Germany,Female,86,7,56810.88,1,1,1,179916.85,0
666,Spain,Male,76,9,0.0,2,1,0,77133.73,0
605,Germany,Male,85,4,200177.23,2,0,1,96385.04,1
355,France,Female,29,4,0.0,4,1,1,42503.61,0
674,Germany,Male,46,0,194467.32,3,0,0,49398.25,0
440,Spain,Male,50,7,0.0,4,0,1,139044.56,0
810,Spain,Male,20,0,117981.03,3,0,1,155831.28,0
444,Spain,Male,19,10,0.0,2,1,1,114146.02,0
364,France,Female,20,7,172906.8,3,1,1,128032.68,1
538,France,Female,74,5,6557.04,2,0,1,62244.85,0
525,France,Male,51,7,0.0,1,1,1,180223.91,0
526,France,Male,73,10,0.0,3,1,0,138424.78,0
814,Spain,Male,79,1,0.0,4,0,0,173971.88,0
487,Germany,Female,20,8,0.0,4,1,1,154461.14,0
769,France,Female,80,9,90846.59,2,1,1,93730.1,0
431,France,Female,34,6,184773.69,2,1,0,134665.25,1
659,Germany,Male,47,7,242957.87,4,1,1,27895.95,1
415,Germany,Male,89,5,230845.7,3,0,1,73102.49,1
464,France,Female,40,1,206931.21,2,1,1,119835.3,1
424,Spain,Male,87,10,0.0,4,0,1,34661.56,1
515,France,Male,55,3,98483.08,1,0,1,164245.48,0
580,France,Female,18,4,182895.6,4,0,0,75622.32,0
779,France,Male,79,10,0.0,2,0,0,183524.74,0
728,Germany,Male,21,0,0.0,2,1,0,165321.45,0
699,Germany,Female,65,4,0.0,3,1,1,54077.63,1
594,Spain,Male,51,6,107441.52,1,0,0,1857.48,1
493,France,Male,28,2,209316.71,4,1,1,13384.27,0
498,Spain,Female,56,7,187393.34,1,1,0,15930.3,0
416,Germany,Male,44,5,0.0,3,1,1,58349.66,0
682,France,Female,25,2,0.0,2,1,0,4200.78,1
741,France,Male,59,2,148076.67,4,0,0,93241.2,0
624,France,Female,21,3,157906.21,3,1,1,116637.84,0
638,Spain,Male,57,8,0.0,2,1,1,156639.87,0
536,France,Female,34,5,0.0,2,1,1,178140.6,0
832,France,Female,79,8,0.0,1,1,1,5355.66,0
794,Germany,Female,88,7,89595.2,1,1,0,196811.18,0
553,Spain,Male,86,8,14344.74,2,1,1,114426.45,1
728,Germany,Male,87,9,0.0,1,1,1,130375.16,0
524,Spain,Female,25,6,133167.35,3,1,0,44994.43,0
412,France,Female,55,3,208330.34,4,1,0,95008.53,0
495,Spain,Male,34,7,0.0,1,1,0,68852.55,0
768,France,Male,25,10,0.0,4,1,1,80763.34,0
591,France,Male,47,3,115468.15,1,0,0,73343.82,0
783,Spain,Female,49,5,0.0,2,1,0,32868.77,0
511,France,Male,39,9,0.0,3,0,1,65871.07,0
580,France,Female,26,6,51379.02,3,1,1,147863.75,0
386,Germany,Female,48,1,156320.37,2,1,1,54355.05,0
741,France,Female,29,3,175351.37,1,0,1,148476.8,0
506,France,Female,21,2,0.0,4,0,1,93035.57,0
395,Germany,Male,51,5,8032.95,2,0,1,194506.69,0
459,Spain,Female,22,10,130502.99,2,1,1,72169.91,0
683,Spain,Male,89,9,0.0,2,1,1,192773.3,0
758,France,Male,80,10,0.0,2,1,1,10064.42,0
828,Germany,Male,86,8,86189.91,3,1,1,19679.49,0
468,Spain,Male,25,5,0.0,3,1,0,51978.94,0
645,France,Female,52,7,109749.24,3,1,1,176365.32,0
579,France,Female,78,5,0.0,4,1,1,146644.01,0
708,France,Male,60,0,11761.51,4,1,1,54765.01,1
687,Germany,Male,40,1,0.0,1,1,0,1832.1180000000008,0
385,France,Female,79,6,0.0,3,1,0,164043.07,0
424,Germany,Female,40,7,0.0,1,1,0,170660.32,0
645,Spain,Female,90,2,0.0,1,1,1,52112.48,0
616,France,Male,25,0,22433.98,1,0,1,4766.35,0
793,Germany,Female,70,0,233013.83,3,0,1,194190.07,0
774,France,Male,18,3,159841.13,4,1,0,74442.28,0
379,France,Male,85,9,71954.03,4,0,1,45523.55,1
642,Spain,Male,44,4,231320.25,1,1,1,193437.33,0
553,France,Female,19,10,100115.13,1,0,1,148498.39,0
591,Spain,Male,79,9,0.0,4,1,1,33531.58,0
382,Germany,Female,89,9,96125.19,3,1,1,91558.03,0
770,France,Female,86,10,152896.74,3,0,0,84328.02,1
432,France,Male,53,2,0.0,1,1,1,78320.16,0
824,France,Female,22,10,165455.51,4,0,1,134871.39,0
816,Spain,Female,34,10,230309.17,4,1,1,25907.11,0
761,Germany,Female,20,8,0.0,2,1,0,88183.16,0
408,France,Male,21,2,49265.7,4,1,0,107860.97,1
554,Germany,Female,29,3,228135.6,2,1,0,124553.47,0
361,Germany,Female,59,7,26670.47,1,1,1,30068.86,0
656,Spain,Male,74,0,0.0,4,1,0,166301.1,1
782,France,Female,61,9,0.0,1,0,1,111316.66,0
613,France,Male,33,4,0.0,1,0,1,191719.48,0
361,France,Female,62,0,105386.39,2,0,0,73466.57,0
501,France,Male,35,3,0.0,3,1,0,183000.58,0
435,France,Male,52,4,206929.66,3,0,1,19408.36,1
568,France,Female,83,7,0.0,4,1,0,194206.78,0
536,France,Male,27,6,0.0,2,0,1,155414.42,0
765,France,Male,82,4,226789.0,1,1,0,86897.92,0
460,France,Female,38,6,158847.27,2,0,1,15176.43,0
500,Spain,Female,67,9,151791.21,4,1,1,161042.99,0
469,Germany,Female,37,3,246427.5262,1,0,0,84364.77,1
795,France,Female,30,4,5637.27,2,1,0,126637.99,1
497,Germany,Male,51,1,0.0,3,1,1,87734.52,0
846,France,Female,46,4,0.0,1,1,1,45343.91,0
683,Spain,Female,55,3,0.0,2,0,0,15769.17,0
503,Germany,Female,35,8,54001.12,1,1,0,197588.7,0
647,France,Female,90,1,0.0,1,1,0,50942.39,1
411,Spain,Female,67,6,68026.76,3,1,0,90215.91,1
802,Spain,Female,80,8,0.0,4,0,1,114208.78,1
829,Spain,Female,75,2,184517.41,1,0,0,156090.09,0
497,France,Male,71,0,100478.2,3,1,0,54790.13,0
435,France,Female,28,7,134081.82,2,1,0,153412.22,0
564,Germany,Male,61,6,33023.04,2,1,1,25043.91,0
736,France,Male,84,6,188159.84,3,0,0,163491.5,1
664,Germany,Female,25,9,104779.57,3,1,1,180772.56,0
369,Spain,Female,52,1,208658.8,1,1,0,180649.33,0
355,France,Male,31,2,0.0,4,1,1,8556.54,0
468,France,Male,76,5,174191.16,1,1,1,99611.83,1
727,France,Female,86,6,89645.67,3,1,1,178001.63,0
480,France,Female,21,10,92942.41,1,1,1,158544.64,0
798,Germany,Female,77,6,0.0,3,0,1,176166.85,0
498,Germany,Female,44,2,159008.55,1,0,1,143123.13,0
797,France,Male,89,9,126633.4,2,1,1,170340.29,0
810,Germany,Male,19,4,201069.11,2,1,1,12018.96,0
714,Germany,Male,32,9,0.0,1,1,1,39556.37,0
437,Germany,Female,71,3,0.0,2,1,0,144768.93,0
386,France,Female,75,8,0.0,3,0,1,162777.04,0
436,Germany,Male,23,5,61018.92,4,1,1,36586.62,0
667,Germany,Female,29,6,25194.09,2,1,1,160934.19,0
696,France,Female,43,10,0.0,3,1,1,45695.13,0
843,Germany,Female,20,1,16042.54,2,1,0,132869.59,0
827,Spain,Female,75,3,57428.91,4,1,0,103551.11,1
504,France,Male,67,2,126891.51,4,1,0,153865.26,1
545,Germany,Female,73,9,153452.86,4,1,1,86582.36,1
736,Spain,Male,52,9,48576.21,1,1,0,40627.76,1
737,Spain,Female,65,9,233184.49,4,1,0,164478.89,0
507,France,Female,60,2,45330.77,2,0,1,185344.0,0
365,Germany,Male,69,2,0.0,1,0,1,124844.68,0
398,Spain,Female,51,4,0.0,2,1,0,172937.78,0
762,Germany,Male,66,8,232381.19,1,1,0,4412.37,1
524,France,Male,65,8,219692.75,2,1,0,109073.31,1
712,France,Female,65,10,8260.22,2,1,0,77099.73,1
751,Spain,Male,82,8,181653.83,4,1,0,142297.14,1
799,France,Male,43,10,18372.18,2,0,0,65750.87,0
596,France,Male,83,2,18827.64,3,0,1,2726.14,0
669,France,Male,20,6,0.0,4,1,0,94524.88,0
447,Spain,Female,53,5,207405.24,4,1,1,118894.92,1
821,France,Male,50,1,106858.91,3,1,1,135571.84,0
792,Spain,Male,82,10,139257.37,3,1,1,166587.02,0
545,Germany,Male,21,1,7703.42,4,0,0,198133.8305,0
533,Spain,Female,34,9,0.0,3,0,1,152500.86,0
716,Spain,Female,52,2,245505.67,2,1,1,61104.47,1
557,France,Male,78,2,0.0,3,1,1,188051.27,0
713,Germany,Male,52,6,0.0,3,0,0,135637.48,0
395,France,Female,65,5,169700.74,3,0,1,178937.85,0
484,Spain,Male,31,4,0.0,3,1,1,83145.35,0
740,France,Female,87,9,120941.54,2,1,1,28407.99,1
811,Germany,Female,76,7,59478.65,1,0,0,136353.81,1
363,Spain,Male,21,6,90070.66,2,1,1,27139.49,0
740,France,Female,70,8,0.0,4,1,1,174016.91,0
384,Spain,Male,27,8,0.0,4,1,0,128360.62,0
784,France,Male,59,1,19851.86,3,0,1,88529.18,1
476,France,Female,70,4,201841.56,4,0,0,25720.44,1
531,France,Female,86,9,216067.19,1,1,0,56251.19,1
709,France,Female,23,8,119583.04,4,1,1,56542.94,0
771,Germany,Male,39,0,0.0,2,1,0,9237.94,0
557,Spain,Male,69,2,122893.32,3,1,1,29238.63,0
507,France,Female,37,2,132436.55,3,0,0,121710.78,0
840,Germany,Female,70,5,25655.58,4,1,0,7645.41,1
833,Spain,Male,31,8,0.0,3,0,1,94793.73,0
612,Spain,Female,30,5,111968.83,3,1,0,119115.67,0
361,France,Male,58,2,246427.5262,2,0,0,49325.67,1
835,Spain,Male,68,6,12163.29,4,1,0,198133.8305,1
660,France,Male,33,2,78034.73,3,1,1,91533.49,0
626,Germany,Female,82,7,123998.82,1,1,1,150798.53,0
406,Germany,Female,82,10,211808.84,2,1,0,44505.29,1
846,Spain,Male,24,6,0.0,2,1,0,6836.64,0
710,France,Male,40,10,0.0,2,1,0,14647.72,0
459,France,Male,59,5,0.0,3,1,0,58499.2,0
532,Spain,Male,54,8,0.0,1,1,1,60812.83,0
522,France,Male,36,10,137080.37,2,1,1,38363.29,0
786,France,Female,57,1,0.0,2,0,0,66952.05,0
588,Germany,Male,89,7,0.0,1,0,0,24332.98,1
787,Germany,Male,40,2,152408.8,1,1,0,177268.93,0
694,France,Female,34,0,9679.36,2,1,1,60883.09,0
534,France,Female,72,2,164700.02,3,0,1,146250.35,0
553,Spain,Male,60,1,242418.85,2,0,1,182858.28,1
755,France,Male,69,2,0.0,4,1,0,187187.39,0
600,France,Female,65,0,200677.06,2,1,1,113213.07,1
691,France,Male,74,10,137226.34,4,1,1,65267.1,1
411,France,Female,71,4,0.0,3,1,1,181244.2,0
563,Spain,Male,62,1,0.0,2,1,0,194479.99,0
639,France,Female,51,3,0.0,1,1,0,150531.95,0
521,France,Male,52,8,0.0,3,1,1,115721.59,0
774,Germany,Female,37,6,0.0,3,1,1,33262.85,0
455,France,Male,51,0,0.0,4,1,1,125367.11,0
775,France,Male,62,1,135297.64,4,1,0,47042.91,0
381,Spain,Female,71,5,0.0,3,1,0,35676.98,0
564,Germany,Female,75,10,162380.49,1,1,0,80124.95,1
609,France,Female,45,0,0.0,2,1,1,79965.69,0
477,France,Female,72,9,162859.27,1,0,0,101591.45,0
620,France,Male,50,0,41276.64,1,1,1,76995.38,0
801,France,Male,44,5,188748.29,2,1,1,7612.94,1
572,Germany,Male,30,2,0.0,1,1,1,96327.34,0
620,Germany,Female,37,4,0.0,4,1,1,60184.96,0
826,Germany,Female,68,10,0.0,4,1,0,118196.34,0
812,Spain,Female,34,2,0.0,1,1,1,83829.37,0
356,France,Male,23,7,180235.87,2,1,0,80942.25,0
713,Spain,Female,38,3,246427.5262,4,1,1,171178.91,0
776,Germany,Female,91,7,131832.44,2,1,1,148231.94,0
822,France,Female,29,0,100259.72,2,0,1,158358.01,0
751,Spain,Female,28,3,73424.78,3,1,0,126874.76,0
391,France,Female,47,10,0.0,2,1,1,176011.98,0
730,Germany,Male,46,7,112795.8,4,1,0,126309.8,1
773,Germany,Male,86,10,0.0,3,0,1,5776.83,0
612,France,Female,35,7,151672.28,1,0,1,100514.41,0
360,Spain,Female,48,2,102980.35,1,1,0,114913.76,1
445,France,Female,39,5,238252.81,3,1,0,178255.72,1
487,Spain,Female,36,9,2816.14,2,1,0,103162.66,0
782,France,Female,41,7,172372.01,2,1,1,47277.42,0
413,France,Female,37,5,0.0,3,0,1,90090.54,0
723,France,Female,71,9,30405.46,2,1,1,84562.89,0
439,Spain,Male,76,1,23173.86,4,0,1,111377.81,0
767,France,Male,31,10,162329.75,3,0,1,52967.0,0
355,Spain,Male,54,1,0.0,4,1,1,65995.65,0
468,France,Female,37,10,214019.01,4,1,1,192177.19,0
400,France,Male,82,8,77732.0,3,1,0,97672.7,1
627,France,Male,25,5,85960.72,1,1,1,169637.04,0
741,France,Male,48,5,0.0,3,1,0,192304.41,0
558,Spain,Male,42,0,55040.97,1,0,0,161999.23,0
617,France,Male,44,3,0.0,3,0,1,79093.81,0
670,Germany,Female,87,2,111457.34,4,1,1,39665.13,0
577,Germany,Male,58,7,131969.94,3,0,1,160851.6,0
727,Germany,Male,46,2,111473.88,4,1,1,123147.58,0
492,Germany,Male,77,8,114497.93,3,0,0,63626.82,1
437,Spain,Female,75,3,166434.72,3,1,1,161737.1,0
443,Germany,Female,28,9,211422.2,3,0,1,115128.69,0
437,Germany,Female,52,3,0.0,1,0,1,156181.0,0
368,Germany,Male,48,8,197523.39,1,1,0,101435.08,0
371,Germany,Female,51,7,15670.94,1,1,0,122506.45,0
376,France,Male,43,10,120065.21,4,1,1,73022.28,1
428,Germany,Female,78,5,94037.98,1,1,1,69186.84,0
667,France,Female,91,3,0.0,3,1,1,144136.43,0
470,Spain,Female,19,7,0.0,2,0,0,76509.45,0
642,Spain,Female,81,0,34707.33,2,1,1,81125.62,0
386,Spain,Female,82,10,0.0,3,0,1,59631.02,1
751,Spain,Female,45,7,0.0,4,1,1,159329.03,0
528,Germany,Female,53,0,96274.15,1,1,1,165586.49,0
571,Germany,Female,25,1,114314.72,3,1,1,31457.51,0
688,France,Female,43,0,0.0,1,1,1,137261.11,0
846,France,Male,35,7,0.0,1,0,1,49126.9,0
747,France,Female,85,7,93955.39,3,1,0,48760.67,1
551,France,Male,25,1,0.0,1,0,0,38111.66,0
523,Spain,Male,43,6,0.0,2,0,1,44422.76,0
519,Spain,Male,53,5,0.0,3,1,1,79128.23,0
391,Germany,Male,90,5,151719.29,1,1,0,58580.92,1
519,France,Female,78,6,199915.22,2,1,1,41298.3,1
730,Germany,Male,87,9,0.0,3,0,1,125591.25,1
488,France,Female,40,10,140553.74,4,0,0,158978.42,0
545,Spain,Male,37,1,0.0,1,1,0,86585.38,1
384,Spain,Male,60,10,212128.79,3,0,1,1832.1180000000008,1
475,France,Male,43,6,0.0,3,1,0,119758.6,0
384,France,Female,19,1,0.0,2,0,1,165825.67,0
585,France,Female,78,10,239693.54,1,0,1,122697.64,0
498,France,Male,25,4,0.0,4,1,1,169074.08,0
835,France,Female,32,4,0.0,1,0,1,2327.66,0
645,France,Female,87,10,71305.26,1,0,1,44711.19,0
536,France,Female,72,6,117234.71,2,1,1,130273.39,0
619,France,Male,65,1,137615.95,1,1,0,75206.42,0
830,France,Female,27,0,15897.93,3,1,1,39507.4,1
440,Germany,Female,36,9,0.0,3,1,1,183027.24,0
476,France,Female,33,3,26177.59,1,1,0,80720.86,0
623,Spain,Male,65,1,41040.69,4,1,0,168837.51,1
402,France,Female,55,0,72560.55,4,0,1,193140.88,1
610,France,Male,44,10,240186.57,2,0,1,5437.6,1
428,France,Female,73,6,243279.07,4,1,1,189575.84,0
782,Germany,Female,75,5,122329.11,2,0,0,144066.38,0
737,France,Male,72,6,133330.28,2,1,1,155357.69,0
374,Germany,Male,25,4,52960.78,3,0,0,37064.52,0
619,France,Female,63,10,104510.41,2,1,0,35312.65,1
455,Spain,Female,33,6,246104.57,3,1,0,94659.66,0
641,France,Male,38,7,197698.02,1,1,1,30553.33,0
622,France,Female,90,9,0.0,3,1,0,143409.32,1
834,Spain,Male,48,0,69603.73,4,1,0,180533.81,1
438,France,Female,76,3,190764.81,2,1,1,190255.49,1
602,France,Male,36,9,0.0,1,1,0,60663.94,0
833,Spain,Female,89,1,246427.5262,3,1,1,103409.7,0
408,France,Female,38,3,149948.04,2,0,0,37909.77,0
477,France,Male,31,1,40183.01,3,1,0,67279.79,0
709,France,Female,41,7,241017.51,2,1,1,55318.89,0
404,France,Male,30,9,135344.69,1,1,0,103219.18,0
454,Spain,Male,62,2,0.0,2,0,1,52905.99,0
829,Germany,Female,28,7,20374.26,4,1,1,3615.65,0
641,Germany,Female,33,8,0.0,1,0,0,53079.38,0
378,France,Male,69,9,208823.46,4,1,1,27032.0,1
778,Germany,Male,21,10,235380.36,1,1,0,7896.96,0
612,Germany,Male,50,5,236109.03,2,1,1,94433.36,1
589,France,Male,69,0,0.0,3,1,0,128262.21,1
846,Spain,Female,50,8,245352.3,4,0,1,181022.28,0
507,Germany,Male,19,5,37399.02,1,1,1,41224.67,0
539,Spain,Female,29,5,0.0,4,0,1,15191.92,0
638,France,Male,89,5,7569.47,4,1,1,145628.43,0
471,France,Male,75,7,193533.03,1,1,1,103489.39,1
413,Germany,Female,43,3,0.0,2,1,0,182988.86,0
419,Spain,Female,82,3,209958.43,2,1,0,93342.43,1
504,France,Male,18,3,234909.05,1,1,0,173575.71,0
389,France,Male,21,5,137016.96,4,0,1,13018.39,1
602,Spain,Male,83,7,190760.36,4,1,1,198133.8305,1
846,France,Female,67,0,0.0,4,1,0,82447.66,0
477,France,Male,62,3,0.0,3,0,0,173412.76,0
370,Germany,Male,43,8,188261.5,3,0,0,7314.51,0
369,France,Female,78,0,108900.72,3,1,1,37492.74,0
433,France,Female,63,8,10941.41,1,1,0,117621.42,0
643,France,Female,50,8,66565.74,1,0,1,3052.11,0
585,Spain,Male,46,3,0.0,4,1,1,111861.27,0
551,France,Female,44,6,0.0,3,1,1,54178.36,0
728,Germany,Male,60,5,101273.31,2,1,1,106041.67,0
545,Spain,Female,66,2,0.0,4,0,0,149750.54,0
658,Germany,Male,77,1,0.0,3,1,0,125358.1,0
846,Germany,Female,48,10,82020.73,4,1,1,149022.7,0
434,Germany,Male,36,9,192624.01,2,0,1,69443.27,0
406,France,Male,59,9,0.0,3,1,1,143318.82,0
459,Germany,Female,61,1,111558.31,4,0,1,107405.03,1
427,Spain,Male,38,10,180614.51,2,0,0,101659.86,1
765,Spain,Female,23,6,107530.05,4,1,1,125238.41,0
789,France,Female,42,5,0.0,4,1,1,100762.34,0
630,France,Female,23,3,3847.21,1,1,0,89274.99,0
415,Spain,Male,24,2,215142.42,1,0,0,63217.41,1
776,France,Female,89,3,0.0,1,0,0,120337.23,0
809,Spain,Male,75,1,0.0,2,1,1,59270.36,0
554,France,Male,20,8,154460.53,4,1,1,1832.1180000000008,0
686,Germany,Male,43,10,0.0,3,1,1,12512.17,0
654,Spain,Male,36,10,0.0,3,1,0,175881.41,0
614,France,Male,90,9,104314.54,2,1,0,169270.65,0
526,France,Male,50,1,184931.5,1,0,0,191502.56,1
489,Spain,Male,37,8,137043.3,1,1,1,89404.88,0
488,France,Male,64,9,159125.88,1,0,0,54255.37,1
530,France,Male,53,5,188270.04,1,1,1,198133.8305,1
730,Germany,Female,31,6,68465.33,4,1,1,121668.41,0
763,France,Male,40,4,220497.95,1,1,0,181621.0,0
406,Germany,Female,27,9,113319.24,2,1,0,71466.9,0
378,France,Female,69,7,165280.47,4,1,0,154518.47,1
589,France,Male,89,6,54550.57,1,1,0,155939.82,0
735,Spain,Female,77,0,58343.09,3,1,1,131604.12,0
631,France,Male,45,10,183747.35,2,1,1,48546.09,0
764,France,Male,54,5,0.0,4,0,0,166358.93,0
707,Germany,Female,22,10,218989.44,2,1,0,93872.03,0
703,Spain,Male,45,7,166186.77,4,0,0,150818.4,1
619,Germany,Male,20,5,0.0,3,1,1,108458.79,0
377,Spain,Male,73,8,0.0,2,1,1,21300.98,0
440,France,Male,85,2,0.0,3,1,0,87474.16,1
722,France,Male,32,4,0.0,3,1,0,75796.4,0
504,Spain,Female,67,0,64484.81,4,1,0,185349.07,0
712,Spain,Male,62,8,128640.64,2,1,1,167395.94,1
519,Germany,Female,48,3,226732.96,4,0,0,63433.3,1
356,France,Male,72,1,25320.14,4,1,1,122059.95,1
688,France,Female,68,8,74394.75,2,1,0,88285.92,0
797,France,Female,37,2,238606.63,3,1,0,131243.45,0
573,Spain,Female,77,2,121243.4,3,1,1,86758.15,0
416,Spain,Female,66,1,237884.29,4,1,1,81476.72,0
557,France,Male,41,6,95042.07,1,1,1,155509.81,0
831,France,Female,72,3,0.0,4,1,0,189974.74,0
509,France,Male,65,6,113530.72,4,1,0,9081.26,1
385,France,Female,26,3,114303.54,1,0,1,4324.73,0
734,Germany,Female,30,8,0.0,3,0,0,104458.06,0
469,Germany,Female,41,4,0.0,3,0,0,144491.09,0
368,France,Male,21,8,236432.87,4,1,0,183214.07,1
695,Germany,Female,48,5,82383.0,1,1,1,58253.42,0
519,Spain,Female,52,0,246427.5262,2,0,0,95384.89,0
418,France,Female,75,4,176916.11,3,0,0,165386.77,1
377,France,Female,30,2,0.0,3,1,0,68276.9,0
442,France,Female,59,5,103235.78,1,1,1,13145.03,1
424,France,Female,67,1,62166.95,4,1,0,169513.69,1
355,Germany,Female,51,8,58864.84,2,0,1,53354.09,1
535,Germany,Male,85,6,232388.21,2,1,1,197655.17,0
764,France,Female,41,1,0.0,4,0,0,50642.69,0
548,France,Male,48,10,3541.68,3,1,1,125503.05,0
368,Spain,Female,18,3,34509.18,2,1,1,185857.45,0
791,France,Male,48,2,0.0,2,1,0,52345.2,0
666,Germany,Male,19,0,0.0,1,0,1,85265.25,0
833,Germany,Male,90,2,152776.44,4,0,1,85983.78,0
641,Spain,Male,35,0,141356.93,2,0,1,106346.78,0
589,Germany,Male,78,5,0.0,2,1,0,73866.31,0
606,Spain,Male,26,6,237646.76,1,0,1,106670.37,0
355,Germany,Male,38,4,68947.61,2,0,0,125611.25,1
537,France,Male,26,9,30830.53,1,1,0,60650.75,0
571,France,Female,45,10,151953.84,1,1,0,124574.75,0
500,France,Male,62,3,0.0,3,0,0,41448.5,0
769,France,Female,49,7,0.0,2,0,0,52124.87,1
829,France,Male,62,4,223029.09,3,0,1,15670.13,0
589,France,Male,77,3,0.0,1,0,1,172042.39,1
743,France,Male,21,2,0.0,3,0,0,85714.04,0
461,France,Male,49,5,0.0,1,1,0,58350.37,1
812,France,Female,61,1,0.0,2,1,0,134196.91,0
702,Spain,Female,56,7,25335.22,4,0,0,72589.93,0
717,Germany,Male,28,9,162869.57,3,0,0,99065.9,0
647,Spain,Female,33,4,0.0,1,0,1,73407.07,0
765,Germany,Male,45,6,0.0,4,0,0,54310.8,1
617,Spain,Female,66,10,55801.9,4,1,1,193960.4,0
833,Spain,Male,91,7,93355.12,2,1,1,1909.35,0
681,France,Male,45,4,169185.65,1,1,0,64662.39,0
577,Spain,Male,56,9,138956.54,2,0,1,133017.93,0
454,France,Male,40,0,0.0,4,0,0,92395.92,1
804,Germany,Female,20,6,56323.79,2,0,1,99279.99,0
378,Spain,Female,47,2,221460.02,1,1,0,116481.36,1
371,France,Female,43,1,0.0,1,1,1,152475.24,0
365,Germany,Female,29,5,173493.01,4,0,0,20496.73,0
404,France,Male,67,7,2441.17,1,0,1,12033.36,0
473,France,Female,37,8,185850.16,3,1,0,66757.72,0
595,France,Female,34,8,0.0,3,1,0,91412.66,0
488,France,Female,46,3,0.0,1,0,0,163538.97,0
577,France,Male,89,4,57011.45,1,1,0,2366.27,1
574,Germany,Female,65,1,0.0,2,1,1,126206.06,0
569,Germany,Female,49,6,0.0,3,1,1,67248.17,0
379,France,Male,78,8,159817.59,4,1,1,89817.09,1
619,Germany,Female,19,5,0.0,2,1,1,113720.99,0
500,France,Female,42,3,0.0,2,1,1,43623.1,1
619,France,Female,58,3,0.0,2,1,0,41184.02,0
380,Spain,Female,54,7,0.0,4,1,1,153955.36,0
786,Spain,Male,68,7,0.0,3,0,1,166398.6,0
711,France,Female,69,5,129769.19,3,1,0,52347.96,1
523,France,Female,51,2,38779.44,1,0,0,125886.4,0
530,Spain,Male,86,4,0.0,3,0,1,103230.35,0
508,Spain,Female,86,3,144046.2,2,1,1,119207.79,0
846,France,Male,53,1,0.0,4,1,1,172760.59,0
701,France,Female,84,4,0.0,3,0,0,119585.84,0
580,France,Male,65,9,107516.41,1,1,0,171802.77,1
674,Germany,Male,28,6,28385.51,3,0,0,94442.72,0
382,Spain,Male,26,1,0.0,1,0,1,12649.42,0
765,Germany,Male,23,9,165538.61,4,1,1,31824.1,0
648,France,Female,33,2,0.0,2,1,1,129195.71,0
504,Germany,Male,41,6,152415.58,4,1,0,75852.79,0
697,Spain,Female,23,6,32335.16,4,1,0,94221.0,0
355,France,Male,63,7,203534.91,2,1,1,148466.64,0
595,Spain,Male,48,8,93159.93,1,1,0,124890.38,0
822,France,Female,62,3,153268.0,1,1,0,146802.42,0
730,France,Male,55,8,116413.3,2,1,1,7425.73,0
372,Germany,Male,38,6,117080.77,1,1,1,185907.46,0
645,France,Female,63,3,194645.12,3,1,1,72940.75,0
690,Spain,Male,88,1,27587.22,1,0,0,142179.28,0
613,Germany,Female,41,6,18697.55,3,1,0,83092.05,0
511,France,Female,40,5,25264.58,1,1,1,42011.71,0
690,France,Female,56,5,246427.5262,1,1,0,109951.44,0
562,Germany,Male,77,7,231787.03,1,0,1,17319.26,0
825,France,Male,57,7,0.0,4,1,1,9576.07,0
769,Germany,Female,79,1,0.0,3,1,1,55695.61,0
805,France,Female,23,3,0.0,4,1,1,85549.59,0
560,France,Female,25,9,0.0,3,1,0,49113.7,0
689,Germany,Male,48,6,0.0,3,0,0,198014.34,0
422,France,Female,35,4,68210.51,1,1,1,5637.15,0
726,Germany,Female,19,10,210197.99,1,1,0,173654.96,0
727,Germany,Female,33,7,0.0,3,1,1,84744.48,0
738,France,Female,38,9,0.0,3,1,0,151116.16,0
360,Germany,Male,86,5,0.0,4,0,1,181805.58,1
578,Spain,Male,75,1,209322.56,3,1,0,117578.61,0
487,Spain,Male,43,8,168572.8,1,0,1,99682.25,0
808,France,Female,88,8,88031.46,3,1,0,126042.88,1
619,France,Female,79,6,163291.97,1,1,0,194615.91,1
656,Germany,Male,36,4,207276.93,4,1,1,16202.96,0
569,Germany,Male,53,1,0.0,2,0,1,113163.03,0
407,Germany,Male,86,2,215507.02,2,0,1,96490.46,0
660,Germany,Male,51,10,245882.74,1,0,1,163875.71,0
656,Spain,Male,45,1,172536.32,2,0,0,21122.04,0
541,France,Female,84,7,232031.8,1,1,0,128216.44,1
665,Germany,Female,66,7,67944.45,1,1,1,60113.85,0
545,France,Male,50,5,243370.69,3,1,0,152197.64,0
680,France,Male,82,10,227581.14,2,1,1,13210.55,1
524,Germany,Male,73,7,10310.74,3,1,1,167872.42,1
737,France,Male,43,10,0.0,4,0,0,1832.1180000000008,1
794,France,Male,49,2,125742.92,4,1,1,176906.38,0
592,Spain,Male,21,8,203901.31,4,1,1,96544.67,0
358,Spain,Male,25,8,31585.03,1,1,0,185020.06,0
691,Germany,Male,88,10,131909.82,1,1,1,1839.09,1
820,Spain,Female,21,4,125315.95,4,0,0,184282.89,0
705,France,Male,79,3,98884.76,4,1,0,108659.89,1
529,Spain,Male,33,8,246427.5262,1,1,1,13272.11,0
632,France,Male,58,7,134886.6,1,1,0,197040.37,0
532,France,Male,71,3,103311.1,2,1,0,56208.86,0
737,France,Female,91,3,0.0,3,1,1,36836.89,0
713,France,Male,45,8,34763.6,1,0,1,13484.09,1
663,Germany,Male,86,6,0.0,2,0,0,103475.01,0
544,France,Female,51,9,69722.98,1,1,1,135175.98,0
436,Germany,Male,82,6,233425.17,4,1,0,60081.17,1
658,France,Male,25,10,0.0,4,0,0,138981.5,0
518,France,Male,37,3,151671.09,3,1,0,168968.86,0
802,Spain,Male,64,8,0.0,1,1,1,90835.3,0
381,Germany,Female,70,2,0.0,2,1,0,192925.06,1
773,Spain,Female,77,7,0.0,1,0,1,21342.5,0
740,France,Male,44,4,0.0,4,1,0,145806.36,0
608,France,Male,64,5,63983.84,3,1,1,147323.01,0
846,Germany,Male,63,8,32621.9,2,0,1,111463.08,1
709,Germany,Female,90,1,226909.09,1,1,0,27919.97,0
370,France,Female,26,2,160211.84,4,1,0,108756.15,0
546,Spain,Male,19,6,36273.1,3,0,0,33055.63,1
771,Germany,Female,60,4,246427.5262,1,1,1,17025.6,0
738,Germany,Male,19,6,102819.33,4,1,1,108175.55,0
430,France,Female,32,4,0.0,4,1,1,121456.88,1
435,Germany,Male,55,0,44178.68,1,0,1,160599.24,1
812,France,Male,37,10,233191.42,1,0,1,40916.17,0
372,Spain,Female,37,7,19801.83,1,1,1,186413.61,0
825,France,Female,43,6,238955.41,2,0,0,114205.24,0
620,France,Male,68,1,181780.65,2,1,0,129001.0,0
754,France,Female,45,2,56811.14,4,1,0,33441.05,0
457,Germany,Male,76,6,0.0,4,0,1,160151.5,1
522,Spain,Male,29,0,209275.23,4,1,1,131504.92,0
715,Spain,Female,25,5,9980.99,4,1,1,36991.88,0
431,Germany,Female,30,9,28570.03,1,1,1,100290.21,0
400,Spain,Male,85,9,168214.02,4,0,0,77222.38,1
655,Germany,Female,38,5,0.0,4,0,1,198133.8305,0
355,France,Female,20,2,0.0,3,0,1,196868.3,0
820,Germany,Male,41,0,143513.2,4,1,0,118240.36,1
688,France,Female,68,1,4467.87,2,1,1,77137.24,1
707,France,Male,44,3,94290.8,4,1,0,95342.2,0
600,France,Female,46,6,7132.66,4,0,1,53078.06,1
662,France,Male,24,7,241721.34,1,0,1,154685.35,0
826,Spain,Male,67,5,0.0,4,1,0,100661.04,0
355,Spain,Male,34,9,0.0,2,0,1,111326.34,0
473,France,Male,25,1,168441.41,1,0,1,9052.15,1
699,Germany,Male,70,4,193057.97,1,1,1,17034.66,0
411,France,Female,87,6,83831.89,3,1,1,42931.29,0
472,France,Male,63,0,46099.5,4,0,0,87642.57,1
361,France,Male,87,9,0.0,4,1,0,87582.7,1
377,France,Male,47,10,0.0,4,1,0,169888.32,1
572,France,Male,56,8,188825.33,4,1,0,155905.98,0
680,France,Male,44,7,0.0,1,0,0,126886.47,0
400,France,Female,55,2,0.0,3,1,1,6303.9,0
842,France,Male,84,2,28108.06,1,1,0,110278.77,1
738,Spain,Female,64,2,131161.46,3,1,1,196977.41,1
682,France,Female,19,1,138852.76,2,1,1,99756.93,0
386,France,Male,60,6,31762.55,4,1,0,110359.12,0
609,Germany,Female,45,10,240999.48,1,1,0,9435.75,0
811,France,Male,58,7,159504.1,1,1,0,52444.22,1
469,Germany,Female,59,9,55972.86,3,0,1,121128.74,1
620,France,Female,61,10,0.0,3,0,0,172968.85,0
632,Germany,Female,82,7,193755.86,4,1,0,152245.63,1
698,Germany,Female,81,1,210328.91,4,0,1,167280.96,1
810,Germany,Male,89,10,22657.52,2,1,1,158324.86,0
415,Germany,Male,63,6,64357.67,3,1,0,125200.88,0
381,France,Female,39,6,160594.47,4,1,1,106380.53,0
394,France,Male,32,10,0.0,4,1,0,71673.16,1
483,France,Female,80,7,85628.07,2,1,1,161772.66,0
527,Germany,Male,85,1,106112.82,1,1,1,86941.02,1
790,France,Male,20,8,0.0,2,1,0,108009.97,0
610,France,Male,33,10,46165.65,1,0,1,198133.8305,0
723,Germany,Female,68,2,97015.8,1,1,1,56597.42,1
638,France,Male,30,5,17456.36,1,0,0,84797.24,0
827,France,Male,21,1,1513.91,1,1,1,16232.0,0
515,Germany,Female,91,7,243798.33,1,1,0,67248.75,1
685,France,Male,25,1,13701.97,4,1,0,179056.56,1
486,Spain,Male,33,4,0.0,3,0,1,53833.67,0
466,Spain,Male,91,7,222490.49,1,1,0,167239.73,1
841,Spain,Male,25,9,0.0,2,1,1,107368.9,0
362,France,Male,77,3,0.0,4,0,0,108439.11,1
486,France,Female,59,9,0.0,1,1,1,196524.36,1
543,Germany,Male,57,0,0.0,1,1,1,93406.86,0
419,Germany,Male,79,1,174231.13,3,1,1,60824.88,0
736,Germany,Male,19,1,0.0,2,1,0,128823.66,0
530,France,Male,22,8,0.0,3,0,0,100381.55,0
579,France,Male,32,3,97688.18,1,0,1,94970.98,0
502,France,Female,54,0,69024.23,1,1,0,178496.21,0
796,France,Female,89,8,163629.0,3,0,1,147509.44,0
561,France,Male,23,3,85900.38,2,1,0,83504.67,0
744,Spain,Male,49,7,127205.65,4,0,1,36388.16,0
662,France,Female,49,6,156609.36,3,0,0,14560.35,1
828,Germany,Male,32,1,216452.65,2,1,1,49584.86,0
652,Spain,Male,43,6,230229.21,1,1,1,195208.08,0
843,France,Male,32,9,173361.96,3,1,1,23123.26,0
699,Germany,Male,28,4,0.0,4,0,0,198133.8305,0
379,Germany,Female,56,9,0.0,2,0,0,126906.41,0
428,France,Female,86,2,51128.89,3,1,0,98259.3,1
745,France,Male,47,3,0.0,1,1,0,169709.07,0
373,Spain,Male,64,1,0.0,3,1,0,60501.28,0
445,Germany,Male,67,2,171159.56,4,1,1,10997.99,0
746,Spain,Female,80,2,37341.09,2,1,1,35422.17,1
527,Spain,Male,79,7,74841.43,3,1,1,160017.8,1
458,France,Male,85,1,20014.99,3,1,0,116066.22,1
449,Germany,Female,78,5,0.0,1,0,1,93817.93,0
508,Germany,Female,86,2,177059.45,1,1,0,151640.07,1
769,Germany,Male,89,1,0.0,2,0,0,96078.01,1
578,Germany,Male,73,9,0.0,4,1,0,94387.69,1
827,Germany,Male,54,5,211925.42,2,0,1,183297.47,0
708,Spain,Female,40,3,104796.44,1,1,0,114335.74,0
484,France,Female,60,7,0.0,2,1,0,129848.25,0
431,Germany,Female,79,9,144332.02,2,0,0,127167.39,1
822,France,Male,73,3,175962.36,3,1,1,55044.12,0
802,Germany,Male,56,2,194257.64,3,1,1,198133.8305,0
411,Spain,Male,23,7,0.0,2,0,1,8193.64,0
511,Spain,Male,38,5,0.0,2,1,1,63639.52,0
722,France,Male,60,7,112830.46,2,0,0,68839.59,0
842,Germany,Male,46,1,226468.12,2,1,1,195846.72,0
802,France,Male,51,10,134085.8,2,1,1,119909.95,1
492,France,Female,40,0,0.0,1,1,1,74954.89,0
799,France,Female,23,3,48846.61,2,1,1,63947.18,0
713,Spain,Male,52,6,0.0,4,1,0,17661.88,0
581,France,Male,50,5,0.0,2,1,1,6543.33,0
538,Spain,Female,75,3,0.0,2,1,0,31415.1,0
757,France,Male,26,10,221771.54,3,0,1,92049.81,0
769,Germany,Male,53,3,121603.67,2,0,1,57733.7,0
807,Germany,Female,81,7,0.0,2,0,1,196939.49,0
581,Germany,Male,37,4,213597.68,1,0,1,55608.04,0
483,Germany,Male,41,4,0.0,4,1,1,166898.7,0
786,Germany,Female,24,8,90400.83,3,1,1,170582.81,1
501,Spain,Female,60,3,53057.03,1,1,0,43146.01,0
727,Germany,Male,81,4,0.0,3,0,0,45370.9,0
605,France,Female,53,8,0.0,2,1,1,142505.2,0
643,France,Male,48,0,0.0,1,0,0,192424.57,0
455,Germany,Female,73,4,102864.57,3,1,1,106168.49,0
475,France,Female,50,3,21188.02,1,1,1,75229.9,0
677,Germany,Female,47,5,0.0,1,1,1,6142.19,1
480,Germany,Female,74,6,0.0,3,0,0,157945.68,0
685,France,Female,39,4,0.0,3,1,1,51117.21,0
846,Spain,Male,80,10,129177.92,2,1,0,39809.22,0
391,Germany,Female,37,10,135716.61,4,1,0,42585.95,1
813,Germany,Male,55,1,19115.37,4,0,1,134371.27,1
435,Germany,Male,36,7,0.0,1,1,1,82383.18,0
419,Spain,Male,64,3,115787.99,1,1,0,161762.78,1
767,Germany,Male,50,7,48370.63,1,0,0,18271.39,1
452,Spain,Female,35,5,222920.03,1,1,1,137331.44,1
674,France,Male,73,10,107728.14,2,1,1,173668.44,0
403,Germany,Male,87,10,87998.08,1,0,1,170427.72,0
393,Germany,Male,20,0,136001.38,4,0,0,33728.52,0
450,France,Female,60,1,0.0,3,1,1,119634.2,1
610,France,Female,71,0,20491.84,1,1,0,190956.94,1
495,Germany,Female,71,8,0.0,2,1,0,159767.48,1
461,France,Male,34,2,0.0,3,1,1,172320.79,0
769,Spain,Female,26,7,96683.16,2,1,0,185673.12,0
437,France,Male,56,3,89216.91,2,0,1,22504.21,1
397,France,Male,65,3,142290.46,1,0,1,36823.99,0
405,Germany,Female,39,6,172366.93,4,1,1,159090.67,1
791,France,Male,45,8,200204.61,1,0,0,158696.18,0
588,France,Female,57,6,131786.38,1,1,0,20328.41,1
836,Germany,Male,51,6,38847.95,1,1,1,171660.12,0
754,Germany,Female,53,8,173988.45,2,0,1,61801.45,0
491,France,Male,68,1,0.0,2,1,1,184830.28,0
746,Germany,Female,90,6,147233.33,3,1,1,12405.65,0
578,Germany,Male,76,3,110926.86,3,1,1,121309.17,0
630,Spain,Female,18,1,0.0,1,0,0,196856.4,0
615,France,Female,43,3,175339.72,1,1,1,117740.81,1
729,France,Male,18,2,0.0,2,0,0,22978.95,0
453,Spain,Male,82,3,216949.38,2,1,1,17966.92,0
379,Germany,Female,65,0,185861.49,4,1,1,114509.24,1
716,France,Male,34,8,0.0,4,0,0,145408.3,0
827,Spain,Male,80,3,53552.08,2,1,0,160048.19,1
640,France,Female,59,7,4393.66,3,1,1,116453.64,0
408,Spain,Male,21,8,0.0,2,1,1,60944.15,0
406,Germany,Female,29,9,70317.49,4,0,1,20268.0,1
622,Spain,Female,77,0,29528.3,3,0,1,131550.32,0
798,Spain,Male,39,5,0.0,1,1,0,111127.01,0
657,France,Male,56,4,81519.43,1,1,1,51657.09,0
501,Spain,Female,84,3,0.0,2,1,0,190097.59,0
661,France,Female,39,8,0.0,2,1,0,113307.32,0
428,Germany,Female,18,0,196078.46,1,0,1,156432.91,0
590,Germany,Female,24,3,0.0,1,1,0,121367.01,0
841,France,Male,85,8,225582.92,4,0,0,30998.36,1
665,France,Male,62,4,0.0,3,1,0,186175.76,0
401,France,Female,42,0,222344.59,4,1,1,115162.87,1
450,France,Female,23,1,0.0,2,1,1,129700.69,0
379,France,Male,69,3,201648.83,3,1,1,103365.5,1
551,Spain,Male,20,2,97243.78,3,1,1,154214.1,0
469,Germany,Male,24,7,0.0,2,1,0,188740.61,0
840,Spain,Female,61,1,0.0,3,1,0,65994.36,0
509,Spain,Male,65,8,51179.69,3,1,1,170143.32,0
367,Germany,Male,60,3,235903.75,4,1,0,23534.95,0
567,France,Male,85,0,137204.27,4,0,1,85202.98,1
719,Spain,Female,37,0,17919.39,4,1,0,179319.64,0
693,Germany,Female,59,6,49325.26,3,1,1,116626.99,0
839,Germany,Female,40,8,0.0,1,1,1,7755.01,0
533,Spain,Female,44,1,211473.14,4,1,0,73411.61,0
611,Germany,Female,29,3,0.0,2,1,1,143868.41,0
630,Germany,Male,76,8,28364.43,3,0,0,64954.61,1
362,Spain,Female,70,9,15507.15,3,0,0,48211.1,1
355,France,Female,70,8,0.0,1,0,0,160322.3,0
748,Spain,Female,28,6,0.0,1,0,1,49348.95,0
542,France,Male,26,8,133207.38,4,0,0,40761.54,0
694,France,Male,75,3,184472.78,3,1,1,138837.72,0
823,Germany,Male,67,0,148339.96,1,1,0,138495.32,1
472,France,Male,20,6,23971.32,4,1,0,1832.1180000000008,0
738,Spain,Female,67,6,0.0,4,1,1,112418.53,1
457,France,Male,90,8,82887.88,1,1,0,12672.54,0
721,Germany,Male,73,2,0.0,2,1,0,181948.35,0
430,France,Male,38,9,149213.0,1,1,1,147663.49,0
502,Spain,Female,41,5,0.0,3,1,0,146939.79,0
585,France,Male,73,4,0.0,4,1,1,148046.75,0
594,France,Male,47,10,234656.58,2,1,0,37090.39,0
365,France,Male,72,5,55037.6,1,1,1,21223.91,1
773,Germany,Female,89,0,85866.75,1,1,1,89754.08,1
355,Spain,Male,48,2,8644.81,2,1,0,139887.59,0
790,Spain,Male,60,6,74131.85,4,1,0,198133.8305,0
453,France,Female,54,2,49926.68,2,1,0,55709.67,0
705,France,Male,55,1,54312.79,3,1,0,181708.57,0
706,France,Male,23,3,143050.96,4,1,1,15383.15,0
578,Germany,Female,91,5,0.0,4,1,0,60184.02,0
619,Germany,Male,58,1,0.0,2,1,0,82158.07,0
386,France,Female,34,5,207286.94,3,1,1,70756.83,0
801,Germany,Female,60,7,0.0,3,0,0,166672.23,0
409,Spain,Male,47,5,0.0,1,1,0,87337.91,0
679,France,Male,78,7,0.0,3,1,0,153706.35,0
355,France,Female,74,7,0.0,1,1,0,176741.23,1
723,France,Male,46,5,102457.16,3,1,1,101239.23,0
529,France,Male,70,10,0.0,2,1,0,76830.51,0
591,France,Female,20,6,0.0,2,1,0,1832.1180000000008,0
361,Germany,Male,89,8,2130.82,2,1,1,145837.62,0
459,France,Male,55,7,45427.5,2,1,1,192465.83,0
567,Germany,Male,66,10,111492.65,2,1,0,47661.92,1
709,Spain,Female,65,4,192379.33,2,1,1,187239.37,1
649,Spain,Female,41,2,0.0,1,0,1,196207.45,0
480,Germany,Female,69,1,36933.4,2,0,0,132534.99,0
648,France,Female,47,10,65746.64,4,1,1,127342.31,1
461,France,Female,68,8,151842.6,3,1,1,167995.52,0
628,France,Female,24,3,90245.76,1,1,0,194749.05,1
620,Spain,Male,28,4,74478.28,1,1,0,124787.08,0
463,Spain,Female,86,0,0.0,3,1,1,4516.32,0
450,France,Female,72,10,175398.95,3,1,0,152028.27,0
610,France,Male,27,4,49650.02,3,1,0,59814.6,0
644,Germany,Female,33,4,15476.5,2,1,0,101851.02,0
840,France,Male,58,2,0.0,3,1,0,124771.72,0
598,Spain,Female,18,0,0.0,3,1,0,73912.46,0
572,France,Male,47,8,0.0,3,1,1,23740.26,0
588,France,Female,42,2,140409.66,4,1,1,108430.01,0
788,France,Female,27,0,220247.88,4,1,1,95418.72,0
503,France,Female,40,10,0.0,4,1,1,195349.57,0
541,France,Male,39,6,45892.62,3,1,0,15712.33,0
534,Spain,Male,22,0,393.83,3,1,0,173707.37,0
662,France,Female,64,3,0.0,2,1,0,98863.55,0
700,Germany,Female,38,6,0.0,4,1,1,42055.39,0
591,France,Female,20,2,200523.62,2,1,0,58936.29,1
482,France,Male,19,10,214524.87,1,1,0,1832.1180000000008,1
694,France,Female,89,9,246427.5262,4,0,0,108322.88,0
487,France,Male,26,9,214908.24,2,0,1,184689.49,0
799,France,Male,85,5,73514.7,2,0,1,150388.03,0
662,France,Male,30,10,0.0,3,1,1,58150.14,0
570,Spain,Male,24,3,0.0,3,1,1,70759.42,0
466,Germany,Female,58,6,0.0,1,0,0,59381.03,0
729,Spain,Female,82,8,192265.94,2,1,1,25210.24,0
655,France,Male,23,5,0.0,4,1,0,31713.95,0
792,Germany,Female,42,9,153413.25,3,1,1,143304.38,0
704,Germany,Male,73,1,0.0,3,1,1,116509.54,1
745,France,Male,22,4,147068.42,2,1,0,57694.99,0
396,France,Male,30,9,84659.38,2,1,0,52552.51,0
362,Germany,Female,40,2,62198.8,2,1,0,144791.87,0
679,Spain,Male,77,4,158383.58,1,1,1,19060.26,0
355,France,Female,77,10,0.0,4,0,0,43368.67,1
796,France,Male,70,6,0.0,1,0,1,70593.26,0
792,Spain,Male,67,3,52464.82,2,0,1,175042.16,0
643,France,Female,19,3,0.0,4,0,0,163596.81,1
715,Spain,Female,35,2,5276.93,1,1,0,16536.66,0
561,Spain,Male,86,8,147362.21,4,1,0,111194.61,1
830,Spain,Male,71,1,0.0,3,1,1,167297.08,0
368,Spain,Female,35,2,0.0,1,1,1,108936.55,0
496,France,Female,70,1,0.0,1,1,1,92528.12,0
699,Germany,Male,71,8,157703.57,2,1,0,178455.63,0
744,Spain,Male,72,10,0.0,2,1,0,146854.17,0
471,Germany,Male,90,0,180909.61,1,1,1,101796.07,0
751,France,Male,58,10,61427.15,3,1,0,35109.71,0
580,France,Female,22,10,8467.8,3,1,1,35615.87,0
779,France,Male,78,5,208825.97,1,1,0,47361.22,1
483,France,Female,19,0,0.0,4,1,0,117267.47,1
696,Germany,Female,65,7,166176.94,2,1,0,109431.18,1
454,Spain,Male,76,5,0.0,3,1,0,126631.59,0
419,Spain,Female,27,9,10814.23,3,1,0,39471.55,1
703,Germany,Female,77,3,39953.96,4,0,1,103745.82,1
691,France,Male,77,6,0.0,1,1,0,122055.62,0
496,France,Male,66,9,53601.35,1,1,1,171527.43,0
652,France,Male,41,7,158819.24,1,1,0,55115.69,0
821,France,Male,32,7,0.0,3,0,1,55632.35,0
517,France,Male,70,10,108234.01,3,1,0,198133.8305,0
601,France,Female,29,5,0.0,2,0,1,12476.2,0
454,France,Male,67,1,188269.48,4,1,0,97645.91,0
609,Germany,Male,30,10,170676.75,3,1,0,185703.1,0
793,France,Female,42,1,149715.98,2,1,1,109909.73,0
668,France,Male,55,6,174027.45,4,1,1,116041.59,0
421,France,Male,29,8,56648.47,1,0,1,53663.89,0
721,Germany,Male,76,8,0.0,1,1,0,146899.98,0
561,Germany,Female,69,7,0.0,4,1,1,192360.85,0
359,France,Female,19,4,0.0,2,0,0,93145.78,0
662,France,Female,80,2,108068.67,4,1,0,173136.27,1
499,Spain,Female,71,0,239875.95,4,0,1,6952.8,0
836,Germany,Male,80,3,0.0,4,1,1,168294.63,1
846,Germany,Male,62,10,95791.7,4,0,0,191554.4,1
686,Germany,Female,64,7,38681.71,1,1,1,170026.19,1
666,Spain,Male,46,4,204080.17,3,1,1,17520.75,0
502,Spain,Female,34,5,119902.19,4,1,1,127261.43,0
385,France,Female,35,3,0.0,4,1,1,14906.63,0
380,Germany,Female,41,9,0.0,4,1,0,13558.4,0
582,France,Male,39,4,19766.55,4,1,0,15474.32,0
509,Germany,Female,73,9,195934.55,2,1,0,28590.67,0
831,France,Male,56,0,205494.2,4,0,0,107207.69,0
496,France,Male,48,5,0.0,3,0,1,149327.97,1
457,Spain,Female,71,6,70236.84,3,1,1,32592.9,0
760,Spain,Male,72,7,0.0,1,1,0,1832.1180000000008,1
768,France,Male,87,0,175166.45,1,1,1,85297.79,1
538,Spain,Female,40,7,228134.73,2,1,0,85089.15,0
390,France,Male,36,9,0.0,1,1,0,87633.48,0
399,France,Male,18,1,0.0,3,1,1,111460.88,1
610,Spain,Male,29,3,221768.01,2,1,0,194338.63,0
785,France,Female,62,4,74381.85,1,0,1,56558.71,0
543,France,Female,77,2,179049.44,1,1,0,114038.42,1
359,Germany,Female,62,4,65927.04,4,0,0,168629.35,1
537,France,Male,91,9,58773.96,1,0,0,86999.01,0
355,France,Male,64,9,160383.73,4,1,1,2987.11,1
562,France,Male,83,6,12508.33,3,1,0,70366.44,0
587,Germany,Male,37,9,24119.31,4,1,0,140708.1,1
716,France,Male,41,8,165035.91,4,1,0,37365.25,0
384,France,Male,78,0,0.0,1,1,1,133302.2,0
590,Germany,Female,66,4,8509.69,3,1,0,10417.19,0
438,France,Female,54,9,0.0,3,0,0,134236.71,0
583,France,Male,88,4,18692.92,3,0,0,100011.14,0
843,Germany,Male,74,6,416.11,4,0,1,140524.29,1
721,Spain,Male,39,4,232078.11,1,0,0,5569.74,0
773,France,Male,63,0,118510.49,1,1,1,190413.81,0
369,Spain,Male,47,6,0.0,4,1,0,116044.53,1
732,Germany,Female,48,4,104096.72,3,0,1,133727.86,0
783,France,Male,77,8,246427.5262,4,0,1,163079.25,0
686,Spain,Female,68,9,0.0,1,0,0,9870.99,0
741,Germany,Male,18,1,0.0,1,0,1,31998.03,0
373,Germany,Female,60,3,162402.61,3,0,0,31550.02,1
720,Germany,Female,65,4,0.0,4,0,1,31489.71,0
768,Germany,Female,55,7,123785.44,3,1,1,17459.42,0
465,Spain,Female,40,4,0.0,1,1,1,184004.47,0
586,Germany,Male,65,6,0.0,4,1,1,69693.36,0
561,Spain,Male,88,9,0.0,2,0,1,22743.63,0
399,Germany,Female,24,6,154296.2,2,1,0,142463.17,1
414,Spain,Female,62,1,121709.04,1,1,1,73336.42,0
500,Spain,Female,85,5,125370.65,4,1,1,41116.27,0
404,France,Male,47,9,0.0,4,0,0,185742.63,1
601,France,Male,42,5,0.0,1,1,1,169508.72,0
377,Germany,Male,36,10,0.0,1,0,1,118372.05,0
356,France,Male,34,9,37867.29,3,1,1,99511.44,0
665,Germany,Male,46,2,0.0,3,1,0,20481.72,0
476,Spain,Male,75,4,0.0,4,0,1,96215.92,0
539,Spain,Female,31,2,11279.3,2,0,1,82577.34,0
518,France,Female,35,2,83205.05,3,0,1,100745.29,0
585,Germany,Male,91,4,0.0,4,1,1,80999.72,1
582,France,Female,91,4,205395.64,4,1,1,106379.68,1
416,Germany,Female,34,3,77651.29,1,1,1,114045.27,1
355,France,Female,49,8,0.0,3,1,1,16915.2,0
572,Germany,Female,47,1,184141.99,2,1,0,41934.17,0
633,Germany,Female,39,5,0.0,3,1,1,91467.61,0
735,Germany,Male,29,9,223999.67,3,1,1,180634.49,0
449,Germany,Male,22,8,197603.89,4,0,0,187874.74,0
391,France,Male,63,2,223263.83,2,1,1,113487.12,0
649,France,Female,21,2,88436.43,2,0,1,114579.96,0
802,France,Female,63,10,41433.98,1,1,1,106474.93,0
469,Spain,Female,25,6,0.0,3,1,1,58212.78,0
392,Spain,Male,29,9,47492.24,2,0,1,91204.39,0
551,France,Female,18,9,66528.29,3,0,1,113984.12,0
630,France,Female,47,4,100141.9,2,0,1,173241.86,0
662,France,Male,42,5,115682.12,4,1,1,68941.07,0
406,Germany,Female,42,4,80603.33,3,1,1,41751.47,0
678,France,Female,40,7,71179.98,2,1,1,29726.7,0
521,France,Female,87,7,61681.74,4,1,1,63379.34,1
365,France,Female,49,7,172533.98,2,0,1,101108.22,0
812,France,Female,77,9,76469.61,3,1,1,196950.54,0
618,France,Male,35,8,173599.45,1,0,0,39126.54,0
502,France,Female,53,1,185721.19,3,1,1,9782.42,0
759,Germany,Female,22,3,0.0,4,1,0,54210.04,0
749,Germany,Female,37,6,228609.33,3,0,0,122014.71,0
453,France,Male,23,6,0.0,2,1,0,190865.55,0
831,Germany,Female,19,9,36715.15,3,0,1,135198.22,0
616,France,Male,31,4,80146.78,3,1,1,157304.03,0
481,Spain,Male,29,9,0.0,1,1,1,123625.43,0
574,Spain,Female,41,4,195450.79,1,0,0,192679.86,0
444,France,Male,73,1,0.0,4,1,0,117503.28,0
775,Spain,Male,28,5,240509.27,3,0,0,135605.21,0
484,Germany,Female,63,1,214051.14,4,0,1,196733.76,1
569,Germany,Female,45,4,0.0,2,1,0,111559.91,0
384,France,Female,47,2,51096.2,4,0,1,47381.5,0
822,France,Female,86,0,125229.99,3,0,0,189900.94,1
501,France,Male,52,7,110135.55,4,0,1,110233.43,0
676,Spain,Male,37,8,90074.67,3,1,1,161563.74,0
526,Germany,Female,35,1,56838.79,4,1,1,80520.73,0
631,France,Male,30,6,0.0,3,1,1,192128.94,0
630,Germany,Male,77,5,0.0,4,1,0,157606.08,1
496,France,Male,67,1,0.0,1,1,1,126801.2,0
566,France,Male,37,6,0.0,3,1,1,153121.44,0
648,Germany,Male,54,2,65400.29,4,1,0,163845.64,0
458,Germany,Female,55,9,0.0,4,1,1,170902.88,0
415,Spain,Female,21,6,234094.16,3,1,0,111086.06,0
439,Germany,Female,85,1,167862.52,4,1,1,140569.98,1
558,Germany,Male,76,5,80138.25,1,1,0,193765.03,1
457,Spain,Female,57,1,58211.04,4,1,0,114482.44,0
492,France,Female,70,7,148817.83,2,0,1,1832.1180000000008,0
693,Germany,Female,26,3,0.0,2,0,1,2325.42,0
685,Germany,Male,90,5,241745.95,4,1,1,154034.55,0
822,France,Female,65,7,0.0,4,1,1,9218.04,1
732,France,Male,87,9,83549.13,4,1,1,136539.76,0
562,France,Female,81,5,97787.35,2,0,0,178193.34,1
815,France,Female,61,0,92256.34,4,1,1,112162.42,0
811,Germany,Male,39,2,0.0,4,1,1,46594.87,0
461,France,Male,68,6,0.0,4,1,1,185729.9,0
435,Germany,Male,55,0,0.0,2,1,1,101171.34,0
793,France,Female,48,4,55637.8,2,1,1,35769.05,0
796,France,Male,70,3,99832.95,3,1,1,82523.8,0
773,France,Female,83,3,135289.93,2,1,0,153406.65,1
580,France,Female,30,10,204199.19,4,1,1,115090.31,0
782,Spain,Female,58,10,0.0,4,1,1,112243.71,0
735,France,Male,75,9,214843.06,1,1,1,8293.17,0
720,France,Male,42,9,0.0,2,1,1,83974.43,0
651,France,Female,43,9,0.0,3,0,1,137422.29,0
484,France,Male,18,2,181563.88,3,1,1,34086.83,0
724,Germany,Male,41,4,0.0,3,0,0,196330.09,0
789,Spain,Female,61,0,0.0,3,1,1,5390.14,0
793,France,Male,89,8,0.0,3,1,1,52535.89,0
650,Germany,Male,56,9,0.0,1,0,1,7056.31,0
369,France,Female,39,0,166616.97,2,1,1,51180.3,0
721,Spain,Female,78,1,0.0,2,1,1,62137.73,0
476,Germany,Male,31,1,33678.59,2,0,0,96031.63,0
452,France,Female,31,10,49878.93,1,1,0,172699.91,0
389,Germany,Female,56,8,165555.65,4,0,1,60062.14,0
428,Spain,Female,78,3,0.0,1,1,0,40423.54,1
595,France,Female,33,0,58307.73,2,1,0,40806.96,0
488,Spain,Female,19,4,151455.81,2,0,0,16988.56,1
541,Spain,Male,71,6,13166.44,3,1,0,29711.39,0
606,France,Female,61,0,4050.7,1,1,1,59394.57,0
614,Spain,Female,68,5,65219.43,3,1,0,46122.48,0
558,Germany,Male,47,5,72379.69,1,0,1,15594.1,0
576,Germany,Male,26,10,26092.11,1,0,0,191790.79,0
794,Germany,Female,42,2,28716.58,1,1,1,15488.1,0
491,Spain,Female,52,2,41950.76,1,1,1,147504.69,0
356,Germany,Female,50,4,181152.2,3,1,0,53191.61,0
750,Germany,Female,83,3,0.0,4,1,1,110589.99,0
390,France,Male,34,10,45401.24,4,0,1,1832.1180000000008,0
738,France,Male,41,8,0.0,1,1,0,1832.1180000000008,0
513,Spain,Female,31,2,58413.13,2,1,0,67400.26,0
771,Germany,Female,60,3,0.0,1,1,0,140796.95,0
434,France,Male,77,6,67231.95,3,1,1,194491.6,1
432,Spain,Female,83,9,0.0,2,1,0,90408.49,0
553,Spain,Male,34,2,109786.49,3,1,1,136015.57,0
559,Germany,Male,49,3,38553.22,4,0,0,113383.12,0
709,France,Female,72,6,49591.71,3,0,0,187882.06,0
674,Germany,Male,21,9,0.0,1,1,1,112286.55,0
846,France,Female,70,3,165180.13,4,1,1,54904.89,0
689,France,Female,27,5,0.0,2,1,0,141044.92,0
451,Germany,Male,20,7,71027.25,3,0,1,171978.34,1
394,Spain,Male,26,4,0.0,3,1,1,169683.01,0
483,France,Female,83,8,68442.34,3,0,0,160360.16,1
842,Spain,Male,68,5,0.0,4,1,1,18437.09,1
735,Spain,Male,76,9,133404.11,4,0,1,93019.76,1
721,France,Male,69,6,8328.97,3,1,1,85781.34,0
486,France,Male,76,10,200987.79,3,1,1,196895.86,0
584,Germany,Male,54,9,0.0,2,1,1,29489.97,0
702,Spain,Male,77,2,33214.5,2,0,1,91819.33,0
824,France,Male,22,9,0.0,1,1,1,146162.91,1
642,Germany,Female,61,1,210688.73,3,0,1,12904.69,1
360,Germany,Female,73,3,0.0,1,1,1,178651.71,1
778,Germany,Male,91,0,58649.22,1,1,0,141328.54,0
817,Germany,Male,44,1,131747.23,3,1,1,27321.33,0
366,France,Male,31,7,0.0,3,1,0,137054.56,0
546,France,Male,71,1,119441.52,1,0,1,127325.45,1
840,France,Female,23,2,237409.93,4,1,0,24222.0,0
827,Spain,Male,75,4,169092.1,1,0,0,192924.46,1
833,Spain,Male,70,8,211248.97,3,1,0,101459.82,1
838,Spain,Male,69,8,0.0,4,0,1,107081.57,0
361,France,Male,39,10,231683.71,1,1,1,136773.9,0
425,Germany,Male,26,0,213336.12,2,1,1,40216.26,0
600,France,Male,63,1,0.0,3,1,1,118778.18,0
652,France,Male,44,4,235305.77,3,1,1,65200.78,0
551,France,Female,46,3,197219.71,4,1,1,175986.76,1
484,Spain,Female,31,1,0.0,4,1,0,179188.04,0
477,France,Female,42,5,0.0,2,1,0,151307.08,0
652,Germany,Female,79,5,205223.57,3,1,1,33943.3,1
839,Spain,Female,84,4,187289.48,4,1,0,94255.0,0
763,Germany,Female,43,0,147947.89,3,0,1,192520.9,0
437,France,Male,28,4,149519.84,1,1,1,72342.65,0
424,Spain,Female,20,5,220070.53,2,1,1,64920.42,0
482,Germany,Male,31,2,0.0,3,1,1,43716.53,0
717,France,Female,18,8,179488.4,4,0,0,14410.01,1
355,Germany,Female,67,9,141415.25,1,0,0,15185.51,1
702,Spain,Male,65,10,209573.5,1,0,0,34975.33,1
640,France,Male,75,7,0.0,3,1,0,82323.67,0
680,Germany,Male,42,7,131335.89,1,1,1,112328.33,1
781,France,Male,79,1,0.0,4,0,1,105992.47,0
646,France,Male,30,4,164843.67,4,1,1,85296.96,0
661,Spain,Male,35,0,190941.96,3,1,1,173871.23,0
590,France,Female,85,6,0.0,2,1,0,165517.3,1
676,France,Male,83,8,138692.82,2,0,0,78428.88,0
540,France,Female,62,7,85844.74,3,1,0,101829.8,0
383,France,Male,63,0,0.0,4,1,1,177123.94,0
362,France,Female,69,6,0.0,3,0,1,37478.97,0
708,Germany,Female,78,9,180354.57,2,1,0,70586.18,1
669,France,Male,35,1,5738.26,3,1,0,119905.24,0
554,France,Male,23,5,0.0,3,1,0,89309.57,0
723,Spain,Female,31,2,0.0,1,1,0,111575.54,0
587,Spain,Female,44,10,0.0,2,1,0,8084.31,0
477,France,Male,35,6,147837.51,1,1,0,97985.65,0
643,France,Male,56,8,227896.1,3,0,1,191508.79,0
539,France,Female,28,5,218487.52,4,0,0,188172.09,0
838,France,Female,60,9,0.0,3,0,1,139026.27,0
711,France,Male,70,3,127638.3,3,1,0,186835.77,0
724,Spain,Female,25,8,155579.08,3,1,0,151420.24,0
694,Germany,Female,39,4,0.0,2,1,0,37698.15,0
692,France,Female,57,6,66375.15,1,1,1,137350.13,1
737,Spain,Male,22,7,34963.48,4,1,0,198027.3,0
566,France,Male,67,1,149288.65,1,0,1,130993.35,0
761,France,Female,73,9,116903.03,4,1,0,161138.32,1
367,France,Female,44,8,0.0,1,0,1,138952.84,0
683,France,Female,18,4,235732.04,4,1,0,7460.25,0
619,Spain,Male,55,6,79389.0,4,1,1,3708.27,0
355,France,Female,82,7,0.0,4,1,1,149195.1,0
681,Germany,Female,39,5,14699.81,4,1,1,61212.99,0
355,France,Female,80,6,0.0,3,0,1,96152.57,0
702,Spain,Female,82,6,29183.96,3,1,1,65849.01,0
612,Germany,Male,38,8,98672.18,1,1,1,39665.12,1
654,France,Female,62,2,20116.18,4,1,1,61023.99,0
655,France,Male,21,0,140291.3,3,1,1,87541.19,0
500,Spain,Female,58,4,0.0,1,0,1,58497.57,0
661,Germany,Female,83,9,0.0,2,1,1,193145.29,0
460,France,Female,87,1,246427.5262,4,0,0,188864.36,1
730,Spain,Male,32,9,246427.5262,2,1,0,21813.24,1
395,France,Female,67,4,0.0,2,1,0,47305.42,0
421,France,Female,22,2,91763.48,2,1,1,24280.17,0
702,Germany,Male,38,5,0.0,1,1,1,118621.05,1
378,France,Male,79,8,91919.9,3,0,0,109009.92,0
836,France,Male,65,9,194570.39,2,1,1,25612.4,1
365,France,Male,47,6,150411.5,3,1,1,129892.48,0
613,France,Female,89,5,49871.81,2,1,1,70555.9,0
843,France,Female,74,8,0.0,3,1,0,93911.66,0
687,France,Female,19,9,0.0,3,1,0,145095.56,0
666,Spain,Female,23,8,138338.32,1,1,1,5571.73,1
696,Germany,Male,64,10,177479.68,1,1,0,177286.76,0
703,France,Female,82,9,0.0,2,0,1,22632.28,0
430,France,Male,29,0,0.0,2,1,0,108321.23,0
504,Germany,Male,57,0,0.0,2,1,0,188579.8,1
446,France,Female,78,6,0.0,3,1,0,190716.54,0
456,France,Female,81,10,28264.52,4,0,0,149913.12,1
454,Germany,Male,65,3,149342.65,4,1,1,127494.22,0
669,France,Male,91,10,0.0,2,1,1,101250.97,0
817,Spain,Male,87,9,0.0,1,0,0,31808.82,1
630,Spain,Male,79,1,185967.87,2,1,1,97947.19,0
357,Spain,Male,67,5,45302.49,1,1,0,66788.34,1
696,France,Male,90,2,196165.09,3,1,1,181617.26,0
621,France,Male,19,0,0.0,3,1,1,2769.74,0
739,France,Male,24,7,0.0,2,1,1,120694.05,0
538,Spain,Female,55,2,83820.45,3,0,0,167617.67,0
564,Spain,Male,67,6,130685.22,2,0,1,9131.75,1
680,Spain,Male,84,7,146443.7,2,0,0,115372.97,0
704,France,Female,68,4,94244.57,1,1,1,108442.38,0
460,Spain,Male,35,0,140099.72,3,0,0,11194.23,1
643,Germany,Female,85,0,61004.1,1,0,1,140896.29,1
831,Spain,Female,24,4,0.0,2,1,1,83134.49,0
382,Germany,Female,25,0,0.0,2,1,1,88732.49,0
515,France,Male,71,9,0.0,2,0,0,10683.15,0
617,France,Male,89,1,85599.4,4,1,0,78593.25,0
813,Spain,Male,55,0,0.0,4,1,0,20245.32,1
835,France,Male,27,1,216194.83,3,1,0,143578.93,1
645,France,Male,21,7,40840.45,4,1,0,156322.67,1
623,France,Female,90,6,199714.71,3,1,0,32808.3,1
557,France,Male,38,7,208082.16,3,0,0,22792.22,1
573,Spain,Female,65,3,79054.74,2,1,1,193904.71,0
717,France,Female,42,3,0.0,2,1,1,89946.12,0
622,France,Male,33,7,0.0,2,1,1,147586.1,1
627,Spain,Male,67,1,0.0,4,0,1,45655.03,0
772,Germany,Female,72,4,223344.61,3,1,0,32396.16,1
419,France,Male,52,1,113382.02,1,0,1,61777.57,0
829,France,Female,55,4,13807.42,1,1,1,149339.92,0
702,France,Male,54,10,0.0,4,1,1,105773.75,0
643,France,Male,61,9,0.0,1,1,1,167009.76,1
640,France,Male,77,7,158662.62,3,1,1,2089.21,0
638,France,Male,70,7,0.0,2,1,1,109953.15,0
633,Germany,Male,38,4,169653.71,3,1,1,85409.34,0
525,Spain,Female,36,7,72773.58,4,1,1,32515.96,0
719,Spain,Male,67,9,116090.54,2,0,1,71502.14,0
476,France,Female,65,6,54176.68,1,1,0,98116.78,0
677,France,Male,45,1,153313.11,2,1,0,77085.22,0
613,Spain,Male,80,7,0.0,1,1,0,181714.39,0
533,Spain,Male,48,1,24416.64,1,1,0,74062.73,0
752,Germany,Male,42,3,6753.09,2,1,1,174940.45,0
509,France,Female,59,2,190283.6,1,0,1,116807.9,0
680,France,Male,32,0,0.0,1,1,0,163457.63,0
475,Germany,Male,69,8,80956.37,2,1,0,118241.21,0
450,Germany,Female,84,7,141184.88,1,0,0,155823.74,1
638,France,Male,87,4,0.0,2,0,1,43367.49,0
838,Spain,Female,51,4,30390.01,1,0,0,18881.13,0
500,Germany,Female,37,7,0.0,3,0,0,122850.56,0
407,Germany,Female,53,5,44067.87,4,0,0,51714.99,1
410,France,Male,25,2,206507.06,4,1,1,93297.66,0
596,Spain,Male,67,5,0.0,3,0,0,48278.55,0
742,Germany,Female,49,8,41806.65,1,1,1,128170.52,0
706,France,Male,27,6,0.0,1,1,1,145070.02,0
454,Germany,Male,58,8,165234.88,3,1,0,100790.6,0
768,Germany,Female,71,5,0.0,3,0,1,73019.37,0
432,Spain,Male,34,4,177957.22,2,0,1,122161.8,0
630,France,Female,47,8,97554.36,4,0,1,168920.93,0
775,Spain,Female,83,2,155014.41,3,1,1,60169.42,0
754,France,Female,70,6,165468.06,2,1,0,26774.45,0
701,France,Male,77,6,186412.58,3,1,0,114766.54,0
515,France,Female,51,3,117156.46,1,1,1,87558.06,0
733,France,Male,54,2,206923.61,3,1,0,108591.17,0
543,France,Female,54,0,71735.44,1,1,0,91257.49,1
525,France,Female,51,1,240835.08,1,0,0,121408.13,1
616,Germany,Male,28,1,77607.66,3,0,0,190485.37,0
659,France,Female,21,6,9386.54,1,1,1,43245.44,0
454,Spain,Female,79,1,50033.73,1,1,1,48530.22,1
817,France,Male,57,5,0.0,1,1,0,198133.8305,0
784,Germany,Male,57,1,0.0,4,1,0,195853.85,1
491,Spain,Female,62,8,109842.72,4,0,1,92288.32,0
471,Spain,Male,48,7,226288.82,2,1,1,96413.76,0
384,Germany,Male,83,3,0.0,2,0,1,113089.5,1
553,Germany,Male,52,8,0.0,2,0,0,111286.57,0
435,France,Female,55,2,32239.58,3,0,0,145185.77,1
816,France,Female,57,6,0.0,3,1,1,105032.95,0
799,France,Male,29,7,128531.4,2,1,0,147009.5,0
765,France,Male,30,4,0.0,2,0,0,153622.94,0
491,France,Female,31,7,0.0,2,1,0,68823.46,0
695,France,Male,36,10,0.0,2,1,0,138501.77,0
596,Spain,Male,29,4,0.0,2,1,1,108481.98,0
486,Spain,Female,34,3,143566.0,1,0,0,191266.21,0
617,Spain,Female,87,4,0.0,1,1,0,108332.59,0
432,Germany,Male,44,6,40620.88,4,1,1,156150.43,1
830,France,Male,76,1,0.0,2,1,0,22667.86,0
432,France,Male,47,10,161197.42,2,1,1,128853.01,0
501,Germany,Female,79,5,0.0,1,1,0,22515.12,0
460,Germany,Female,73,10,0.0,4,0,0,134067.26,0
611,France,Female,80,10,143875.24,2,0,1,65322.73,0
686,France,Male,39,0,240427.86,2,1,0,126965.26,0
830,France,Female,25,1,191925.97,2,1,0,86846.4,0
544,France,Male,40,1,0.0,4,1,1,163845.18,0
450,France,Female,69,6,212575.42,4,1,0,24550.8,1
360,France,Female,66,3,137123.06,1,1,0,48680.41,1
649,Germany,Male,70,0,130483.61,1,1,1,84873.21,0
840,Spain,Female,91,6,172967.98,2,1,1,70033.68,0
381,Germany,Female,34,3,0.0,1,0,1,18259.42,0
846,Germany,Female,50,9,0.0,3,1,0,86217.06,0
481,Spain,Male,54,8,0.0,1,1,1,114828.32,0
805,France,Male,29,9,0.0,1,1,1,146736.71,0
384,Germany,Female,67,6,16215.91,4,1,1,39723.14,0
796,France,Female,21,7,176348.57,2,0,1,56666.24,0
515,Germany,Female,84,0,0.0,1,1,1,89788.75,0
487,France,Male,24,8,0.0,1,1,1,167840.78,0
453,Spain,Male,26,4,221590.55,4,1,1,75188.8,0
416,Spain,Male,30,0,46571.38,3,0,0,145134.58,0
750,France,Male,84,0,562.88,2,1,0,176748.94,1
384,France,Female,81,3,144529.95,4,1,0,36863.26,1
582,France,Female,86,4,109386.31,2,0,1,128540.87,1
825,Spain,Male,79,2,0.0,1,1,1,35241.57,1
552,Germany,Female,86,8,74061.42,2,1,0,159904.54,1
764,France,Male,52,4,59776.51,1,0,1,72284.22,1
696,Spain,Female,18,2,65154.53,2,1,1,124045.78,0
748,France,Female,50,7,197415.6,4,1,1,185265.51,0
824,France,Female,34,4,76187.45,2,1,1,49854.3,0
399,France,Male,36,8,0.0,3,1,0,127082.64,0
501,Germany,Male,69,5,66380.02,2,0,0,108752.33,1
511,France,Male,30,8,0.0,4,0,0,132239.3,0
383,France,Female,41,9,0.0,4,1,1,20381.42,0
403,France,Male,47,0,105820.65,3,0,1,20453.25,0
404,Spain,Female,22,1,0.0,3,1,1,169094.32,0
825,Germany,Female,69,8,78706.3,3,1,1,57374.35,0
779,Spain,Female,74,6,20557.47,4,1,1,136138.32,0
644,Germany,Female,59,2,107630.55,4,1,0,138628.35,1
773,Spain,Female,20,0,0.0,4,1,1,37357.01,0
522,France,Female,76,10,87338.67,1,1,1,80496.99,1
588,Spain,Female,51,1,0.0,2,0,1,23292.24,0
792,France,Female,37,5,178607.21,3,1,0,21728.3,0
423,France,Female,88,2,0.0,4,1,0,177140.03,0
423,France,Female,81,4,223526.51,3,1,0,129856.39,1
613,France,Female,50,7,0.0,2,1,0,65378.39,0
476,Spain,Female,50,5,157372.59,3,1,1,111804.37,0
684,Spain,Female,85,0,133202.82,3,1,1,123861.28,0
668,Spain,Male,32,0,92808.93,3,1,0,3825.26,1
516,France,Female,48,10,184539.92,3,0,0,68822.86,0
408,Spain,Female,60,2,0.0,2,1,1,114431.1,0
391,Germany,Male,43,4,0.0,3,1,1,70605.93,1
571,France,Female,41,8,70929.87,1,1,0,58575.02,1
511,Germany,Male,25,9,54705.54,3,1,1,93529.35,0
366,Germany,Female,37,3,0.0,2,1,0,146487.22,1
695,France,Female,44,2,202929.23,1,1,1,147736.17,1
829,Germany,Female,79,4,0.0,1,1,1,118582.46,1
840,Germany,Female,42,3,152384.65,4,1,1,153736.88,0
409,France,Female,29,7,0.0,3,0,1,28520.23,0
445,France,Female,80,7,164100.93,1,1,1,31671.93,0
566,Germany,Female,44,2,147906.64,4,1,1,152112.7,0
808,Germany,Female,86,4,246427.5262,1,1,0,54677.69,1
637,Spain,Female,26,8,0.0,3,1,0,39941.84,0
578,Spain,Male,19,5,87451.84,1,1,0,23020.71,1
813,Germany,Female,86,6,0.0,4,0,1,87615.14,0
682,Germany,Male,25,8,0.0,3,0,0,108675.63,0
843,Germany,Male,18,7,0.0,4,1,0,56625.98,0
782,Germany,Female,65,7,52749.51,2,0,0,71514.4,0
846,France,Female,41,5,0.0,4,1,0,193312.92,1
629,Germany,Female,53,9,3289.32,4,0,1,51547.44,0
537,Germany,Male,48,0,0.0,2,0,1,82284.71,0
380,Germany,Male,39,0,172906.44,3,0,0,73161.1,0
715,Spain,Female,53,7,0.0,2,0,0,113874.62,0
483,Germany,Male,37,6,0.0,4,0,1,165066.56,0
355,France,Male,34,3,170241.09,3,1,1,182383.43,0
752,France,Male,34,6,12356.02,1,1,1,81102.84,0
562,France,Female,26,1,0.0,2,0,0,83551.59,0
626,France,Male,56,6,192674.89,2,1,1,114822.81,1
742,France,Male,58,3,27245.42,2,1,0,177116.61,0
514,France,Female,19,6,195599.35,3,0,0,16021.02,0
759,France,Female,52,3,0.0,2,1,0,194525.08,0
642,France,Male,72,7,88247.28,1,1,0,153627.22,1
634,Spain,Male,18,1,0.0,2,0,1,91548.5,0
484,Spain,Male,40,9,19540.99,2,1,0,122408.08,1
745,France,Male,89,5,156156.53,4,1,0,192596.35,1
470,France,Female,49,2,228430.98,4,1,1,40099.53,1
660,France,Male,19,10,23441.07,1,1,1,188358.99,0
765,France,Female,57,1,0.0,3,1,1,37364.19,0
408,France,Male,48,5,0.0,3,1,0,192503.72,0
550,France,Female,33,0,129497.5,4,0,1,2862.76,0
689,France,Male,23,9,182740.05,3,1,0,141748.43,0
487,Spain,Male,83,1,231599.55,3,1,1,6121.08,0
363,Germany,Female,78,2,92007.4,2,1,1,92383.85,1
554,Spain,Male,68,7,37187.81,1,1,1,1832.1180000000008,0
598,France,Female,19,9,7271.14,2,0,0,8542.67,0
811,France,Male,82,4,0.0,4,1,1,158211.89,0
754,Spain,Female,53,2,0.0,4,0,1,184006.17,0
440,France,Female,53,3,225193.35,4,1,0,142490.72,1
488,Germany,Female,82,10,54112.88,4,1,1,168134.35,1
442,Spain,Male,50,10,195324.78,2,1,1,31116.08,1
806,Germany,Male,35,1,0.0,3,0,1,119711.27,0
527,France,Female,35,9,216883.75,1,1,1,99536.37,1
796,Germany,Female,86,9,0.0,1,1,1,171322.26,0
380,France,Female,58,5,214423.65,2,1,1,111173.52,0
629,France,Female,60,2,0.0,1,0,1,183184.23,0
387,France,Female,61,5,0.0,4,1,1,181851.5,0
627,Spain,Female,34,8,0.0,4,0,0,68698.93,0
355,Germany,Male,49,2,0.0,1,1,0,149145.42,1
428,France,Male,88,3,154057.32,3,1,0,176946.12,1
423,France,Male,28,5,240485.29,2,1,1,73127.88,0
705,Germany,Female,88,0,151489.71,2,1,0,154913.25,1
670,Spain,Female,38,4,0.0,2,0,0,1832.1180000000008,0
629,France,Male,39,1,60605.5,1,0,0,85389.0,0
448,France,Male,19,0,0.0,4,0,1,127423.43,0
483,Spain,Male,67,4,52736.35,2,1,1,72925.03,0
539,Spain,Female,41,8,23344.02,2,0,0,176712.35,0
840,Spain,Male,51,10,0.0,3,1,1,130458.0,0
703,France,Male,60,4,212614.84,3,1,1,107254.78,0
365,France,Male,64,8,95563.9,1,1,0,173109.34,0
365,France,Female,88,2,235085.03,3,0,0,149958.39,1
524,France,Female,59,7,124185.44,1,1,0,48704.74,0
454,Spain,Female,31,7,172876.52,4,1,0,160382.28,0
553,France,Female,70,3,206737.93,3,1,0,102718.27,0
846,Germany,Male,22,4,218622.29,2,1,0,41071.8,0
448,Spain,Male,80,7,40637.37,2,0,1,195320.93,0
649,Spain,Female,39,3,0.0,1,0,1,80024.99,0
591,Germany,Female,71,6,0.0,2,1,0,7154.2,1
680,Spain,Female,29,2,111387.65,1,0,0,184227.64,0
623,France,Female,48,5,0.0,3,0,0,25407.77,0
608,France,Female,69,0,162716.34,1,1,0,91178.71,1
488,France,Female,63,4,90706.73,4,1,0,103597.92,1
833,Spain,Male,18,5,241017.88,1,1,0,152083.87,0
483,Spain,Male,20,9,204146.8,3,0,0,15657.47,0
422,France,Male,90,4,181070.03,2,1,1,149729.36,1
398,France,Male,57,0,0.0,2,1,1,140289.34,0
383,France,Female,81,0,0.0,1,1,0,61066.17,1
526,France,Female,23,5,0.0,3,0,0,158658.7,0
758,Spain,Male,54,8,108027.75,4,0,0,36373.73,0
427,France,Female,60,9,228675.03,3,1,0,193289.56,0
355,Spain,Female,86,8,23507.05,1,0,0,186718.55,1
615,Germany,Female,70,3,105034.87,4,1,0,132135.98,1
631,France,Male,64,5,198478.73,4,1,1,68425.49,0
632,France,Male,39,9,0.0,3,1,1,84603.11,0
355,Spain,Female,91,9,0.0,1,1,1,152544.33,1
451,Germany,Male,42,4,233674.96,3,1,1,41555.78,0
524,France,Male,38,5,14243.5,2,1,1,62362.32,0
720,France,Female,71,0,154100.76,3,1,0,88375.14,0
676,Spain,Female,91,1,36393.03,4,1,0,156549.58,1
758,Spain,Male,81,5,110252.68,4,1,1,28919.47,1
624,Spain,Male,31,5,224451.11,4,1,1,23165.84,0
552,Germany,Female,78,6,18341.76,4,1,1,180710.12,0
630,Spain,Male,44,3,234340.15,1,0,0,193231.95,0
542,France,Female,34,2,246427.5262,1,1,1,107130.35,0
428,Germany,Male,87,4,167561.41,4,1,1,142228.92,0
638,France,Male,88,9,89067.91,3,1,0,38720.03,1
497,Germany,Female,45,10,0.0,4,1,0,173275.57,0
482,Spain,Male,19,0,108151.92,1,1,1,173461.96,0
705,Spain,Male,33,3,44956.65,2,1,1,30694.89,0
383,Germany,Female,58,5,5014.12,3,1,1,148198.42,1
361,Germany,Female,22,2,15684.66,3,0,1,41648.12,0
528,Spain,Male,34,3,165891.4,4,0,1,90066.69,0
648,Spain,Male,29,1,5188.88,2,1,0,66156.35,0
770,Spain,Male,88,5,75365.44,4,0,0,174167.56,0
609,France,Female,44,9,0.0,2,1,1,93003.32,0
479,France,Female,46,10,43694.47,4,1,0,164358.98,1
522,Spain,Female,49,0,0.0,1,0,1,121504.3,0
539,Spain,Male,18,7,7860.4,1,0,0,97336.12,1
517,Germany,Male,58,9,28105.62,1,1,0,134341.09,0
685,Germany,Male,85,8,0.0,1,1,0,1832.1180000000008,0
750,France,Male,78,0,0.0,3,1,1,108308.19,1
705,France,Male,36,4,0.0,4,0,1,38121.21,0
541,Spain,Male,18,8,31736.87,1,0,0,156744.77,0
494,France,Male,75,10,0.0,3,1,0,173253.3,0
390,Germany,Female,80,3,180892.08,1,1,0,149474.69,1
749,Germany,Male,86,3,163463.18,1,0,1,187786.61,0
831,Spain,Female,60,2,95749.77,1,1,0,28758.81,0
377,France,Male,53,9,232772.01,3,1,0,43586.37,0
415,Germany,Male,73,1,196805.64,3,0,0,142478.19,1
457,France,Female,69,4,151794.14,2,1,0,27409.3,1
749,France,Female,74,1,109194.68,3,1,0,102063.57,0
458,France,Female,39,10,15009.04,2,1,1,136744.65,0
356,France,Female,84,0,103213.18,4,1,1,41939.12,1
518,Spain,Male,20,5,0.0,3,1,0,80324.48,1
532,Spain,Female,24,1,0.0,4,0,0,162150.77,0
548,France,Female,66,4,237901.58,3,1,0,72551.4,1
608,Spain,Female,60,6,28052.89,4,0,0,138161.97,0
471,Germany,Female,59,7,244816.54,4,0,0,190544.87,0
364,Germany,Female,85,6,188654.41,1,1,0,152705.44,1
403,Spain,Female,82,4,0.0,2,0,0,158867.6,1
717,Germany,Female,71,3,225890.24,2,1,0,62925.85,0
680,France,Male,30,8,81263.87,3,1,0,33611.34,0
480,France,Female,25,7,0.0,3,1,1,148327.58,0
821,France,Female,28,7,217736.74,2,0,1,89105.13,1
621,Spain,Male,63,8,25997.83,1,1,0,138715.9,1
749,Germany,Male,70,2,177289.96,2,1,1,61136.58,1
746,France,Female,77,10,0.0,1,1,0,41719.12,0
500,France,Male,25,10,0.0,4,1,0,100392.46,0
646,Spain,Female,38,4,0.0,4,1,1,23112.3,0
647,France,Male,43,2,169811.62,1,1,0,112997.39,1
578,Germany,Female,64,4,0.0,2,0,1,48893.89,0
668,Germany,Female,21,4,0.0,3,1,0,29932.98,1
518,France,Male,80,10,120449.84,2,1,0,96026.16,1
399,France,Male,23,3,156041.25,1,0,1,117962.65,1
372,France,Female,56,10,0.0,3,0,1,158845.76,0
573,France,Male,87,2,126505.93,4,0,1,56963.73,0
807,Germany,Male,32,10,0.0,4,1,0,114945.27,0
457,Spain,Female,68,10,0.0,2,1,1,116251.23,0
646,France,Female,58,6,150173.28,4,1,0,33306.75,1
432,Germany,Male,78,1,179330.81,4,1,1,3990.99,0
666,France,Male,61,6,201292.06,4,1,0,121288.69,0
442,France,Female,80,10,0.0,4,1,1,107663.78,0
570,Spain,Female,47,10,87019.32,2,0,1,189399.34,0
754,Spain,Male,30,5,0.0,3,0,0,119664.51,0
536,Spain,Male,68,5,24673.35,3,0,0,40040.17,0
818,France,Male,89,4,187905.33,4,1,1,148747.88,1
373,Germany,Male,50,2,130718.93,1,0,0,4361.79,1
392,France,Female,78,7,470.7,1,1,0,140849.74,1
434,Spain,Male,82,10,0.0,4,0,1,162525.51,1
472,Germany,Female,65,2,84755.5,3,1,1,34059.11,0
563,Spain,Male,76,9,181713.59,2,0,1,54933.02,1
807,France,Female,59,1,44923.78,4,1,1,19270.57,0
471,France,Male,77,0,0.0,2,1,1,39414.74,1
528,Spain,Female,42,9,0.0,3,1,1,50439.16,1
372,France,Female,56,1,110100.02,4,1,1,55982.12,0
707,Germany,Male,23,4,187002.44,4,1,0,91405.81,0
623,Germany,Female,32,9,150978.51,3,0,0,188998.8,0
372,Spain,Male,60,3,3741.65,3,0,1,14683.73,0
582,France,Female,71,3,147902.07,2,0,1,68188.0,0
459,Spain,Female,20,0,0.0,1,1,0,43736.31,0
561,France,Female,23,7,199136.26,1,0,0,150733.93,1
492,France,Female,18,3,0.0,1,0,1,186943.11,0
742,Germany,Male,56,1,179732.83,2,0,0,86709.39,0
378,France,Male,42,5,157944.19,2,0,1,180166.83,0
650,Spain,Female,21,1,0.0,3,1,1,171461.41,0
747,Spain,Male,76,9,101388.86,3,1,0,71488.96,0
355,Spain,Female,57,8,0.0,3,0,1,20466.93,0
803,Spain,Female,18,10,0.0,1,1,1,193915.1,0
731,Germany,Male,68,10,211062.38,1,1,0,161927.28,1
489,France,Female,85,9,154211.05,1,0,0,143759.11,1
591,Spain,Female,49,5,144535.19,3,1,1,88409.88,0
691,France,Male,88,1,0.0,4,1,1,42182.24,0
608,Spain,Female,48,0,19232.88,2,1,0,67261.7,0
729,France,Male,23,1,86917.33,1,1,1,91919.45,0
795,Germany,Female,27,2,0.0,4,1,1,125620.58,0
529,France,Female,22,9,0.0,1,1,1,22623.88,0
404,France,Female,40,2,0.0,3,0,1,143095.95,0
566,France,Male,46,1,18162.01,4,0,1,145487.03,0
650,France,Male,50,10,169946.51,4,1,1,197859.1,0
738,France,Male,53,4,75310.5,1,1,1,155738.79,0
491,France,Female,81,4,0.0,1,1,1,197967.88,0
815,France,Female,18,3,206709.25,2,1,0,12768.96,0
368,Germany,Male,84,10,83302.83,4,0,0,185736.48,1
640,France,Male,35,3,0.0,2,1,1,159557.84,0
569,Spain,Female,88,9,239777.85,4,0,1,113287.23,0
698,France,Male,28,10,151975.42,4,0,1,70639.25,0
492,Germany,Male,25,4,1500.58,3,1,0,28917.68,0
816,France,Female,26,7,0.0,4,0,0,13745.6,0
355,Germany,Male,39,0,0.0,4,0,0,71995.38,1
758,Germany,Female,87,8,68960.18,3,1,1,82019.61,0
596,Germany,Male,52,10,208035.23,3,1,1,151517.42,0
608,France,Female,30,2,241881.79,2,1,1,51094.23,0
505,Germany,Male,65,0,0.0,4,1,1,55845.03,0
546,France,Female,55,0,97589.06,2,1,1,36907.21,0
567,France,Male,70,9,0.0,4,1,0,190249.33,0
505,France,Female,72,2,0.0,4,1,1,29887.29,0
355,Germany,Male,76,4,216923.74,4,1,0,105016.55,1
550,France,Male,29,3,225279.28,4,1,1,71783.8,0
551,Spain,Female,54,3,10664.91,1,1,0,113581.45,1
711,France,Male,64,1,0.0,4,1,0,1844.18,0
585,France,Female,59,4,0.0,1,1,0,172158.38,0
625,France,Female,89,10,41725.37,1,0,1,80639.64,1
583,France,Male,89,3,28164.64,3,0,1,52187.64,0
562,Germany,Male,78,8,65089.59,1,0,1,62580.98,1
709,Spain,Female,35,7,177350.15,3,0,0,193558.86,0
688,Spain,Male,57,8,167913.52,4,1,1,73750.29,0
846,France,Female,77,6,196298.03,2,1,0,94069.53,1
598,France,Male,37,4,0.0,2,1,0,172786.42,0
363,Spain,Male,70,2,191603.32,2,0,0,198133.8305,0
643,France,Male,36,3,122654.38,1,0,1,194618.41,0
548,France,Female,28,5,78248.8,1,1,1,26921.0,0
397,Spain,Male,35,4,0.0,4,1,1,111580.26,1
779,France,Male,86,4,199882.53,4,1,1,119756.44,1
667,France,Female,91,4,0.0,3,1,0,156586.44,0
663,France,Male,81,10,201823.11,3,1,1,96945.87,0
668,Germany,Male,38,7,142359.97,1,0,0,94276.73,0
842,France,Male,75,9,155013.51,1,1,1,71883.73,1
694,Germany,Female,34,10,0.0,4,1,1,146141.84,0
707,France,Male,27,6,177496.9,1,1,1,130814.42,0
726,France,Male,37,1,0.0,3,1,1,196832.51,0
712,France,Female,28,10,84005.66,4,1,0,117366.79,0
702,Spain,Male,65,5,0.0,4,1,0,183785.46,0
388,France,Female,68,4,209141.65,2,1,1,193474.75,1
551,Germany,Female,20,4,246427.5262,3,1,0,7456.86,0
487,France,Male,25,0,0.0,3,0,1,7562.45,0
796,France,Female,53,7,197540.64,2,1,1,196366.49,0
642,France,Female,26,0,174854.51,4,1,1,119896.16,0
608,Germany,Male,79,7,0.0,1,1,0,56646.38,1
611,France,Male,47,9,0.0,4,1,1,88304.15,1
691,Spain,Male,48,4,105958.24,4,1,1,88718.67,0
732,Spain,Male,18,4,138999.0,1,1,0,20818.47,0
451,Spain,Male,69,7,137366.03,3,1,1,182141.7,1
846,Germany,Female,71,9,0.0,3,1,1,64259.05,0
731,Germany,Female,73,1,243383.7,4,1,0,109800.35,1
453,Germany,Female,57,5,0.0,4,1,0,173908.24,0
653,France,Male,37,3,0.0,2,0,0,177890.78,0
564,Spain,Female,23,0,207592.54,1,1,0,37398.76,0
538,Spain,Male,41,0,198333.3,4,0,0,33883.73,0
784,France,Male,58,5,169800.88,3,1,1,27619.76,1
493,Spain,Female,26,8,0.0,3,1,0,46797.34,0
769,Spain,Male,22,6,213941.65,4,0,1,63936.62,0
669,France,Female,34,2,0.0,1,0,1,145542.94,0
759,Spain,Male,23,4,0.0,1,0,1,30386.09,0
723,France,Male,19,10,27745.93,2,1,0,43410.18,0
660,France,Female,53,9,136819.62,2,0,0,75538.79,0
445,France,Male,73,1,79700.15,1,1,1,4679.13,1
846,Germany,Male,54,7,176114.31,1,1,0,50404.72,0
671,France,Male,24,6,0.0,2,1,1,92886.4,0
529,Spain,Female,43,4,3881.79,1,1,1,111333.11,1
478,France,Female,20,4,28580.48,3,1,1,126874.45,0
408,France,Male,64,7,231379.21,1,0,1,78488.32,0
508,Germany,Male,35,10,59817.75,3,1,0,112515.4,0
416,France,Male,46,3,182697.35,2,1,0,171904.13,1
794,Germany,Female,84,10,0.0,1,1,0,145107.21,0
568,France,Male,61,9,0.0,3,1,0,114947.25,0
663,Spain,Female,74,0,8026.83,3,0,0,155322.2,0
753,Germany,Female,43,3,183855.91,4,0,0,58654.46,1
831,France,Male,86,4,240392.81,2,1,0,191372.26,1
576,France,Female,70,7,0.0,4,0,0,137939.05,1
376,France,Female,56,2,177563.78,2,1,0,134349.59,1
656,Spain,Female,60,4,0.0,4,1,0,157070.11,1
824,Germany,Female,64,1,246427.5262,2,1,1,1832.1180000000008,0
529,France,Female,29,1,0.0,4,1,1,28280.29,0
401,France,Male,36,4,0.0,1,0,1,114640.42,0
708,Spain,Female,68,6,41976.4,1,1,1,121564.92,0
660,France,Female,50,4,238794.32,1,1,1,179406.24,0
426,Germany,Male,76,4,142856.59,2,1,0,106459.12,1
355,Spain,Female,56,5,61746.24,1,0,0,53661.92,1
610,France,Female,22,6,33626.42,4,0,0,97845.62,0
424,Germany,Female,67,7,218701.7,1,1,0,63110.22,1
442,France,Female,63,5,0.0,4,1,0,136075.86,0
504,France,Male,44,1,0.0,2,0,1,122408.1,0
584,Spain,Female,76,0,152532.18,2,0,0,37900.79,1
759,Germany,Female,43,3,192948.74,3,1,1,74252.58,0
565,Spain,Male,26,2,170461.56,3,1,1,135354.46,0
768,Germany,Male,26,5,0.0,4,1,1,188849.12,0
652,France,Male,84,7,0.0,4,0,0,79151.82,0
546,Germany,Male,45,2,0.0,2,1,1,144427.78,0
605,Germany,Female,48,5,20241.52,3,0,0,84380.11,0
420,France,Male,40,2,101304.33,3,0,1,76141.77,0
838,France,Male,72,5,0.0,4,1,0,126620.65,0
501,Germany,Male,62,4,148443.72,2,0,1,192079.5,0
801,Germany,Male,84,0,231192.07,4,1,1,64382.35,0
673,France,Female,84,7,0.0,1,0,1,88769.52,0
497,Spain,Male,91,3,0.0,3,0,0,10799.38,0
593,France,Male,42,8,174767.18,4,1,1,125909.35,0
410,France,Female,61,7,0.0,1,1,0,75086.39,0
658,France,Female,43,2,0.0,3,1,1,23944.93,0
382,Spain,Male,70,9,20983.55,4,0,0,123960.9,1
670,France,Male,73,0,154287.89,1,1,1,136007.24,1
449,France,Female,36,6,101815.89,4,1,0,24727.99,1
414,France,Female,81,8,86832.06,4,1,1,119899.79,1
461,Germany,Female,39,5,0.0,2,1,0,168804.9,0
394,Spain,Female,90,6,69884.25,3,1,1,108302.38,1
795,France,Female,80,5,8966.64,4,1,0,159317.44,0
818,Spain,Female,19,0,194448.16,2,1,1,98482.49,0
813,France,Male,47,7,21699.4,1,1,0,46468.12,0
709,France,Male,46,10,82049.56,2,1,1,30891.08,0
465,Germany,Female,78,8,0.0,4,1,1,46073.99,0
730,Germany,Female,71,0,0.0,4,1,1,128297.47,0
730,France,Male,21,2,166566.27,4,1,0,58374.41,0
468,Germany,Female,80,9,246427.5262,3,0,1,109371.52,0
768,France,Male,34,7,100346.78,2,0,0,160742.84,0
846,Germany,Female,45,4,0.0,3,0,1,19752.52,0
539,Germany,Male,30,2,0.0,4,0,1,23461.0,0
644,Spain,Female,29,5,0.0,4,1,0,147303.73,0
786,France,Male,57,0,95934.86,1,1,1,6034.14,0
481,Germany,Male,24,0,0.0,3,1,1,41397.19,0
845,Germany,Female,23,0,0.0,4,1,1,86411.12,0
501,France,Male,76,9,112988.52,1,1,0,193482.97,1
834,France,Male,43,0,215589.24,3,0,1,104802.33,0
467,Spain,Male,65,6,199027.09,3,1,1,28511.33,1
721,France,Female,90,3,0.0,3,0,0,116714.36,0
613,Spain,Male,21,8,131838.63,4,0,0,75286.8,0
536,France,Male,76,1,58668.03,4,1,0,11645.25,1
569,Spain,Female,26,10,141868.64,3,1,0,100786.71,0
463,France,Female,74,0,28941.29,1,0,0,127159.47,1
686,Spain,Male,40,9,134203.1,3,0,1,192088.71,0
846,Germany,Female,27,1,0.0,3,0,1,145102.35,0
643,France,Female,34,0,0.0,2,1,0,156116.54,0
488,Germany,Male,44,0,17119.07,3,1,1,182385.76,0
685,Germany,Male,72,8,7829.48,3,0,0,64705.07,1
569,France,Female,68,3,0.0,1,1,1,113101.19,1
811,France,Female,71,4,0.0,4,1,1,194263.06,0
482,Germany,Male,19,9,131424.75,1,1,0,110582.01,0
609,Germany,Male,90,2,0.0,4,1,0,26134.21,1
598,France,Female,50,6,63302.77,3,1,0,191636.92,1
793,Spain,Female,26,3,0.0,4,0,0,70575.51,0
405,France,Female,86,0,0.0,2,1,1,50434.58,1
659,France,Male,76,10,187153.32,1,1,0,126103.45,1
755,Germany,Female,24,4,0.0,2,1,1,70507.27,0
531,France,Male,50,9,69284.89,4,1,1,82268.28,1
603,France,Male,85,4,0.0,3,1,1,43144.3,0
497,Germany,Female,68,9,222853.74,2,1,0,7577.39,1
560,France,Female,32,1,133620.0,2,1,1,14589.04,0
825,France,Female,69,5,0.0,4,0,0,55406.41,0
531,Germany,Female,31,4,145569.9,1,1,1,84574.49,0
451,Germany,Male,44,10,201726.27,1,1,1,165314.36,1
640,Spain,Female,32,3,0.0,1,0,0,42876.65,0
585,Germany,Female,69,8,0.0,1,1,1,130873.73,0
740,France,Male,86,5,164494.27,1,0,1,185201.34,0
368,France,Female,21,4,0.0,2,1,0,81288.01,0
802,Spain,Male,62,7,229684.29,3,1,1,195772.09,0
701,France,Male,36,7,227034.18,1,1,1,127499.01,0
771,France,Female,73,5,0.0,1,1,1,191407.04,0
554,Spain,Male,28,0,0.0,2,1,1,58998.43,0
573,Germany,Female,45,0,0.0,4,1,1,131006.18,0
517,Germany,Female,33,6,0.0,4,1,0,31775.74,0
767,France,Female,82,0,205776.1,1,0,1,182685.87,0
385,France,Female,24,6,0.0,1,1,1,67549.86,0
614,France,Female,61,9,28163.83,2,1,0,31733.09,0
480,Germany,Male,26,8,0.0,1,1,1,105869.99,0
669,France,Female,62,7,110607.21,4,1,1,33476.88,1
832,France,Female,74,3,121670.86,1,1,1,56019.18,1
687,France,Male,73,7,190465.28,1,1,1,76323.41,1
372,Germany,Female,20,2,63449.0,1,1,0,29388.2,0
550,Germany,Female,75,10,0.0,3,1,1,8079.1,1
365,France,Male,39,0,239434.93,1,0,1,74987.75,0
593,France,Male,68,5,174914.79,2,1,1,41462.09,1
437,France,Male,89,5,163033.64,3,1,0,134279.72,1
696,France,Female,26,0,83235.55,4,1,1,1832.1180000000008,0
617,Germany,Male,44,2,0.0,4,1,0,129552.8,0
504,France,Male,82,7,0.0,1,1,1,108679.0,0
779,Germany,Female,28,6,44524.71,2,1,0,104665.89,0
724,Spain,Female,37,1,0.0,1,1,1,101541.26,0
664,Spain,Female,58,1,184738.64,2,1,0,108454.53,0
527,Spain,Female,91,7,59252.59,3,1,0,101321.99,0
486,France,Female,39,7,78190.37,3,1,0,89278.54,0
643,France,Female,46,4,0.0,2,1,0,67969.09,1
745,France,Male,76,0,0.0,1,1,1,72627.16,0
769,Germany,Male,26,0,37304.03,4,1,1,19414.18,0
739,France,Female,42,1,0.0,2,0,1,78857.07,0
361,France,Female,41,0,95263.8,4,1,1,98079.1,0
843,France,Female,47,6,86538.81,3,1,1,152663.98,0
470,France,Male,60,4,19754.51,4,1,1,87646.28,0
355,Germany,Male,34,2,0.0,2,0,0,153990.4,0
631,Germany,Male,46,6,173280.14,1,1,0,155861.55,1
578,Germany,Male,85,7,0.0,1,1,1,65362.28,0
403,Spain,Female,79,1,91559.2,3,0,0,99219.63,1
457,France,Female,88,6,0.0,3,1,1,65186.66,1
453,France,Female,68,1,135383.02,1,1,0,14499.17,1
570,France,Female,61,6,175036.6,4,1,0,170951.61,0
725,Germany,Male,33,4,0.0,1,1,1,164105.19,0
691,Germany,Female,29,1,0.0,2,1,1,16969.57,0
362,France,Female,57,8,93533.79,1,1,0,130918.95,1
437,Spain,Female,47,2,58698.31,1,1,0,169038.6,1
655,France,Male,76,8,0.0,2,0,1,8007.21,0
752,France,Male,18,4,0.0,2,1,1,78130.67,0
367,Germany,Female,83,7,212449.14,2,1,0,48827.78,0
518,Spain,Male,30,7,120012.44,4,0,1,95027.78,0
408,Germany,Female,47,4,199612.21,4,1,1,30787.42,1
593,Spain,Female,44,7,0.0,2,0,1,6798.76,0
545,France,Female,86,4,79488.18,3,1,0,4209.27,1
437,Germany,Female,71,6,0.0,2,1,1,189741.18,0
833,Spain,Female,20,2,113629.53,2,0,1,13423.26,0
732,Germany,Female,81,4,24419.82,2,1,0,43627.0,0
623,France,Female,68,1,11250.66,1,0,1,125212.09,0
733,Spain,Male,23,4,0.0,1,1,1,127710.65,0
506,France,Female,75,0,0.0,3,1,0,19179.78,0
818,France,Female,20,4,13692.4,3,1,1,109102.45,0
556,Spain,Male,49,9,193141.28,3,1,1,91722.47,0
543,Spain,Male,29,3,90278.49,4,1,0,44751.37,0
634,Spain,Male,18,5,199115.1,1,0,1,161070.9,0
639,Spain,Male,59,9,237450.52,1,1,0,193124.52,1
660,France,Female,68,0,6643.3,3,0,0,58897.76,1
767,Spain,Female,53,7,241073.19,3,1,1,41198.7,1
484,France,Male,43,5,41440.21,4,0,0,72831.02,1
704,Germany,Male,55,3,74308.14,1,0,0,176593.85,0
448,France,Female,29,2,156736.34,1,0,0,153178.86,0
470,Spain,Female,21,6,0.0,2,1,0,150250.56,0
598,Germany,Male,29,4,42557.83,4,1,1,180578.73,0
612,Spain,Female,22,4,0.0,1,1,0,46477.42,1
673,France,Female,74,7,71636.52,4,0,0,172713.41,1
419,France,Male,63,4,81399.83,1,1,0,183464.86,0
759,France,Male,31,8,79555.53,4,0,1,139262.36,0
629,France,Female,60,3,42827.95,3,0,0,81366.46,0
646,Germany,Female,53,7,0.0,1,1,1,181577.12,0
724,France,Female,26,6,199518.02,4,1,0,7159.56,0
696,Germany,Female,89,9,245005.16,1,1,1,56778.56,1
564,France,Female,87,4,0.0,2,1,1,19184.34,0
592,France,Male,74,2,18894.48,3,1,1,76732.77,0
466,Germany,Male,77,4,0.0,2,1,1,148215.83,0
633,France,Female,58,7,153616.97,2,1,0,80329.99,0
451,France,Male,77,4,0.0,2,0,0,111711.23,0
668,France,Male,57,9,23314.26,1,0,0,82657.2,1
559,France,Male,30,1,210948.96,3,1,1,6617.51,1
468,Germany,Female,30,3,122428.4,2,1,1,12737.47,0
588,France,Female,81,10,0.0,4,1,0,8993.5,0
817,France,Female,51,8,0.0,3,0,1,161940.31,0
631,Germany,Male,71,0,0.0,3,0,1,16675.97,0
523,Germany,Male,28,10,53769.14,1,1,1,66463.06,0
575,Germany,Male,51,4,246427.5262,2,1,1,111291.53,1
652,France,Male,24,7,0.0,1,1,0,107096.78,0
426,Spain,Male,34,0,19635.23,4,0,1,123067.22,0
631,France,Male,26,1,0.0,4,1,0,105139.7,0
366,France,Female,33,7,46193.68,2,1,1,98651.29,0
777,Spain,Male,62,2,0.0,2,1,1,134046.49,0
655,Germany,Female,18,1,201552.6,3,1,0,58390.78,0
406,Germany,Female,32,7,136725.89,1,1,1,91257.31,0
583,Spain,Male,69,2,0.0,1,1,1,86388.45,0
792,France,Male,29,9,0.0,4,1,1,70941.65,0
833,Spain,Male,59,1,216241.93,2,1,1,198133.8305,0
418,Germany,Female,82,0,116885.5,4,1,0,180595.18,1
485,France,Female,75,4,0.0,3,1,0,135055.3,0
422,France,Female,27,3,225172.07,2,0,0,147943.97,0
534,France,Male,28,7,115741.12,3,1,0,174512.35,0
781,Spain,Female,70,2,0.0,2,1,1,71742.86,0
703,France,Female,43,10,0.0,2,1,0,105951.0,0
478,France,Female,48,4,72215.74,3,0,0,70763.06,0
512,Germany,Male,53,7,0.0,4,1,0,178394.47,0
656,Germany,Male,60,8,97063.41,3,1,1,121549.74,0
649,France,Male,51,9,126670.28,3,1,1,112261.7,0
582,Spain,Female,19,5,21778.4,4,0,0,90291.58,0
561,Germany,Male,24,2,227410.8,2,1,0,114500.32,0
818,Spain,Female,18,5,0.0,1,1,0,58009.22,0
602,France,Male,37,4,34572.59,2,1,1,102934.55,0
741,France,Female,78,6,0.0,3,0,1,41219.87,0
830,Germany,Female,89,2,246427.5262,3,1,0,48327.41,0
517,France,Male,53,5,0.0,2,1,0,36164.38,0
740,Germany,Male,20,10,0.0,4,1,1,39206.35,0
757,France,Male,23,7,0.0,4,1,0,95449.53,0
459,Spain,Male,78,10,0.0,1,0,1,11749.81,0
463,Spain,Female,43,1,243974.78,1,1,1,66335.21,0
430,Spain,Female,83,7,137181.28,3,0,1,95839.67,0
658,Spain,Female,55,0,88554.38,2,1,1,29911.38,0
731,Spain,Female,83,2,0.0,3,1,1,71102.45,1
726,France,Male,28,9,29334.14,3,1,1,109149.4,0
544,France,Male,81,1,129251.8,1,0,0,181134.47,1
702,Spain,Female,58,5,106048.05,4,1,1,64525.99,0
364,Spain,Male,50,0,182212.8,1,0,1,1832.1180000000008,1
678,Spain,Male,57,3,0.0,3,0,1,134881.5,0
587,Spain,Male,42,1,34334.39,4,1,0,191782.59,0
765,France,Female,62,4,0.0,2,1,1,197697.38,0
834,Spain,Female,74,7,185501.87,2,1,0,92598.56,1
628,Spain,Male,77,7,124375.07,4,0,0,35207.07,1
661,Germany,Female,90,10,197508.27,2,1,1,134758.08,1
815,Spain,Male,48,1,0.0,3,1,1,161477.05,0
522,Germany,Female,74,4,229157.42,1,0,0,111277.55,1
422,Spain,Male,83,5,0.0,3,1,0,70306.62,0
603,France,Female,19,0,0.0,1,0,1,66771.29,0
528,Spain,Male,53,1,177263.47,4,0,1,88302.97,0
668,France,Female,69,3,156228.12,3,1,0,40814.14,1
742,France,Male,51,9,0.0,2,0,1,84986.21,0
602,France,Male,25,6,4929.93,3,1,1,164653.93,0
504,France,Male,66,6,0.0,3,1,1,111053.68,0
632,France,Male,48,6,194747.81,2,1,0,51043.75,0
571,Spain,Male,63,8,246427.5262,2,1,1,139984.65,0
443,Germany,Male,18,5,108278.67,1,1,1,69933.55,0
737,Spain,Female,18,7,246427.5262,1,1,1,37438.29,0
516,France,Female,62,3,42772.16,2,1,1,10015.69,0
619,France,Female,90,8,239549.99,2,1,1,173346.54,1
805,Spain,Male,65,0,147413.78,4,1,1,112435.22,0
443,Germany,Female,87,3,0.0,2,1,1,5966.33,1
564,Germany,Female,80,2,0.0,2,1,1,98929.3,1
437,Spain,Male,38,1,245711.6,1,1,1,57024.43,1
568,Spain,Male,25,5,11074.33,1,1,0,52240.0,0
500,Germany,Male,59,9,0.0,2,1,1,184797.49,0
808,Spain,Female,63,1,218808.08,2,0,1,191360.34,0
501,Germany,Female,75,9,0.0,3,1,1,147781.12,1
657,Germany,Male,56,9,142398.5,4,1,1,49648.73,1
418,France,Female,86,9,0.0,1,1,1,19823.21,0
578,France,Female,80,0,201857.52,1,1,0,10920.88,0
768,France,Female,61,10,229563.24,3,1,0,9678.59,1
686,Spain,Female,58,4,64708.75,1,0,0,194539.53,0
491,Germany,Female,19,6,0.0,2,1,1,34900.29,0
836,France,Male,75,3,136922.0,3,1,1,146221.75,0
751,Germany,Female,68,5,165696.59,1,0,0,62742.72,0
551,France,Male,84,6,50094.45,3,0,1,152947.18,0
837,France,Female,24,8,0.0,1,1,1,163285.18,0
443,Spain,Male,28,3,0.0,4,0,0,52633.71,0
516,France,Male,67,1,736.39,3,1,0,67616.55,0
816,France,Female,54,6,179106.32,1,1,0,99045.79,0
836,France,Female,61,8,40392.05,3,1,1,10377.46,0
762,France,Female,50,0,232825.46,2,1,1,4838.52,0
445,Germany,Female,65,8,0.0,4,1,1,163094.3,1
459,Spain,Female,66,8,155837.79,1,1,1,91203.48,0
674,Germany,Female,32,6,0.0,3,1,0,99670.27,0
378,Germany,Female,74,10,0.0,3,0,1,121497.29,0
846,France,Male,54,4,193739.12,4,0,0,65789.21,0
821,Germany,Female,60,1,0.0,3,1,1,152478.0,0
754,France,Male,63,7,0.0,2,1,1,4551.92,1
835,France,Female,73,6,0.0,1,1,1,25491.93,0
465,Spain,Male,40,10,0.0,3,1,1,185572.84,0
791,France,Male,18,2,118160.0,4,1,1,175269.34,0
478,France,Male,31,1,125008.67,3,0,0,15334.79,0
410,France,Male,89,7,57233.99,3,1,1,110847.92,0
481,Spain,Female,34,3,197147.52,3,1,1,146640.21,0
738,France,Female,36,2,219582.7,2,1,1,51443.28,0
822,France,Female,81,7,0.0,4,1,1,3200.96,0
656,Spain,Male,35,2,0.0,1,0,1,131945.68,0
472,France,Male,52,9,246427.5262,3,1,0,154952.21,0
651,Spain,Male,45,3,44526.88,4,1,1,146454.12,0
605,France,Female,66,7,0.0,2,1,1,33908.06,0
609,Germany,Female,61,6,0.0,2,1,0,113365.68,1
525,Spain,Male,56,6,130337.8,3,0,1,45537.57,0
419,Germany,Male,55,3,27094.38,1,0,1,122900.87,1
530,Germany,Female,79,0,34461.94,2,1,1,96432.43,1
796,France,Female,61,7,0.0,3,1,0,114014.6,0
554,Spain,Male,55,4,94407.44,1,1,1,62938.72,0
360,Spain,Male,83,10,199365.52,2,1,0,105401.35,0
522,Germany,Female,24,9,242994.52,3,0,0,103080.64,0
580,Spain,Female,79,0,203079.21,4,0,1,34344.44,1
650,Germany,Female,32,3,101479.0,1,1,1,3820.77,0
671,Germany,Female,42,4,120545.15,3,1,1,131838.72,0
563,France,Female,18,4,0.0,3,0,0,48766.68,0
421,Germany,Male,60,7,0.0,2,0,1,106182.11,0
570,Spain,Female,79,3,111839.61,2,1,0,3592.77,1
355,Germany,Male,46,1,214345.93,2,1,0,53469.46,1
603,France,Male,67,3,163007.41,4,0,1,8103.55,0
573,Germany,Male,47,8,42635.81,3,1,0,58900.08,0
528,Spain,Female,74,4,0.0,2,1,1,145998.0,0
681,Spain,Male,91,3,169237.25,1,1,1,125433.85,0
728,France,Male,70,8,0.0,2,1,0,32906.07,1
482,France,Female,43,0,0.0,4,1,0,24262.78,0
602,France,Male,79,5,167373.56,2,1,0,23617.43,1
605,France,Female,20,1,0.0,2,1,1,169904.45,0
605,Spain,Female,91,6,0.0,3,0,0,56948.15,0
552,France,Female,80,9,0.0,4,1,1,198133.8305,0
455,Germany,Female,66,4,0.0,1,1,0,110961.63,1
435,France,Female,63,10,99212.86,4,1,0,198133.8305,1
365,France,Female,36,9,235135.3,2,1,0,48156.39,0
376,Spain,Female,49,8,0.0,3,1,1,189774.37,0
755,France,Male,25,1,0.0,2,0,0,184548.02,0
385,France,Male,43,0,137546.38,1,1,1,34161.59,0
778,France,Female,61,1,0.0,2,1,1,197228.98,0
799,Spain,Male,44,3,208339.89,4,1,1,70015.45,0
470,Spain,Male,75,4,195706.1,4,0,0,29515.85,1
571,France,Male,81,2,123636.3,2,1,1,72945.1,1
530,Germany,Female,59,10,75481.66,3,1,0,16331.32,1
547,France,Female,43,8,213171.74,4,1,0,119479.9,0
529,Germany,Female,40,7,212621.08,3,1,1,119938.84,0
521,France,Female,58,7,126308.97,4,1,1,66415.61,1
692,Spain,Female,71,6,179314.23,1,1,0,62823.98,0
556,Spain,Female,27,9,71375.16,4,0,1,7196.62,0
443,France,Female,51,4,87212.47,3,1,1,133173.22,0
539,France,Female,50,1,236014.0,1,1,0,50119.27,1
840,France,Female,39,3,184069.21,4,0,0,94662.39,1
844,France,Male,35,2,18030.13,4,1,1,101256.72,0
380,France,Male,80,10,114433.36,2,1,1,157528.27,0
638,France,Male,50,6,98936.22,2,1,0,126641.92,0
837,Spain,Female,60,4,57747.31,4,1,0,194133.93,1
447,France,Female,20,0,246427.5262,3,1,1,126415.18,0
384,Spain,Female,38,7,33947.75,2,1,0,71450.72,0
456,France,Female,34,7,78566.75,3,1,1,173960.25,0
509,Germany,Male,42,8,0.0,1,0,0,103182.64,1
818,France,Male,80,1,33068.67,2,0,0,37539.92,0
475,Spain,Male,60,7,0.0,4,1,0,113022.05,1
516,France,Female,84,3,158548.14,1,1,0,24563.92,0
480,France,Male,49,2,84223.94,3,0,0,69063.97,0
546,Germany,Male,74,2,102205.18,3,0,0,6111.59,1
846,Germany,Female,29,3,137528.36,3,1,1,15665.07,1
391,Germany,Male,78,8,0.0,2,0,0,43709.76,0
579,France,Female,63,0,217726.73,4,1,1,124398.45,0
657,France,Female,20,10,0.0,4,1,1,98654.29,0
409,Spain,Female,68,10,142357.38,4,1,0,86601.6,1
372,Germany,Male,53,10,0.0,1,1,1,114249.79,0
842,Germany,Male,18,9,81440.46,4,1,0,39101.71,0
484,France,Male,80,3,66049.26,3,0,1,136459.81,0
471,France,Male,57,4,149433.29,3,1,0,108842.32,1
524,Spain,Female,62,1,103744.53,2,1,1,27899.68,0
386,Germany,Female,60,9,226266.22,3,1,0,110823.51,0
423,France,Male,24,8,40888.61,3,1,0,22559.65,0
362,Spain,Male,42,1,0.0,3,1,1,134860.18,0
617,Germany,Male,69,10,0.0,3,1,1,45189.44,0
582,France,Male,43,0,224031.22,2,1,0,9785.55,0
487,France,Female,83,8,104192.54,4,1,1,37516.71,0
810,Germany,Male,41,1,188472.28,1,1,1,96593.88,0
502,France,Male,52,8,211428.79,2,0,0,142324.38,0
358,Germany,Male,50,9,0.0,4,1,0,74153.92,0
399,Germany,Female,19,10,163611.02,2,1,1,73102.65,1
713,France,Male,78,1,184287.48,1,1,1,87877.78,1
617,Spain,Male,28,1,89373.06,1,1,0,173289.64,0
480,France,Female,52,0,0.0,4,0,0,160120.73,0
473,France,Female,85,9,0.0,4,1,0,185342.48,0
459,Germany,Male,91,2,0.0,2,1,1,157121.64,0
561,Germany,Female,35,4,18999.97,1,1,1,89058.04,0
702,France,Male,45,4,229742.16,1,0,1,114390.78,0
669,Germany,Male,59,3,130743.61,4,1,0,110347.26,1
724,Spain,Female,69,5,34706.78,1,1,1,197701.81,0
370,Spain,Male,36,3,0.0,1,1,1,147498.89,0
630,Spain,Female,58,2,171788.4,2,0,1,106703.28,0
732,France,Male,79,4,34964.58,4,1,1,129131.78,0
451,France,Female,74,8,68713.86,1,0,1,191628.49,1
641,Germany,Male,78,1,216065.33,2,0,0,38184.08,1
355,France,Female,83,10,0.0,1,1,1,188559.43,0
805,Spain,Female,81,4,101313.02,2,1,0,70560.05,1
719,France,Female,55,3,0.0,3,1,1,69696.31,0
662,France,Male,90,4,87995.02,1,1,1,44938.62,0
650,France,Female,54,10,0.0,2,1,0,70844.04,0
685,France,Male,70,8,75105.98,1,1,1,101210.41,0
561,France,Female,87,8,152825.06,1,0,0,34179.15,1
834,Germany,Female,21,2,1980.88,2,1,1,33749.05,0
457,Germany,Male,87,9,204119.1,2,1,1,57603.04,1
756,France,Male,78,7,211164.04,3,1,0,1832.1180000000008,1
731,France,Female,91,0,0.0,1,1,1,129269.14,0
769,Spain,Female,75,4,75858.67,1,1,1,40259.49,1
385,France,Male,29,9,0.0,4,1,1,174622.75,1
573,Germany,Male,40,5,0.0,2,1,0,75697.44,0
671,Germany,Male,18,6,0.0,4,1,1,90969.14,0
660,Germany,Female,62,4,0.0,1,1,1,185602.96,0
694,Spain,Male,50,0,210885.16,2,1,1,5071.77,0
667,Germany,Female,53,9,207747.91,3,1,1,141481.68,0
461,Spain,Male,72,8,0.0,1,1,0,101168.37,0
764,Spain,Female,78,2,164507.18,1,0,0,127314.7,1
592,France,Male,23,2,0.0,1,1,1,194011.41,0
836,France,Male,85,5,157110.17,2,1,1,25907.73,0
610,France,Female,45,8,0.0,3,0,1,135046.66,0
619,France,Female,73,0,0.0,2,0,1,140886.06,1
646,Germany,Male,61,6,234367.07,1,0,0,90649.67,1
786,France,Male,50,9,72495.28,3,1,1,35912.14,0
801,France,Male,33,5,217203.58,3,1,1,34419.84,0
642,France,Female,32,0,185000.14,2,0,0,84061.93,0
623,Germany,Male,72,0,0.0,2,1,0,135037.92,1
377,Germany,Female,41,1,131242.48,3,0,1,109992.46,1
383,Spain,Male,34,9,0.0,3,1,1,20596.79,0
718,France,Female,18,5,0.0,3,1,0,10648.73,0
522,France,Female,80,1,0.0,2,1,1,74157.07,0
568,Spain,Male,47,9,0.0,3,1,1,22430.21,0
664,Germany,Male,43,9,55610.3,1,0,1,28026.27,1
461,Germany,Female,45,1,123846.94,1,1,0,135901.44,1
516,Germany,Male,62,7,222453.73,2,0,1,95093.6,1
371,France,Male,53,3,0.0,3,1,1,129623.54,0
734,Spain,Male,58,0,0.0,3,0,0,69477.01,1
604,Germany,Male,38,0,183613.46,1,1,1,18869.46,0
445,Germany,Male,39,5,0.0,3,1,1,12922.2,0
648,Germany,Male,81,9,0.0,2,0,0,3363.16,0
421,France,Male,50,10,0.0,3,1,1,172613.24,0
741,France,Male,89,7,35427.29,1,1,0,192903.82,0
465,Spain,Male,80,10,233547.59,2,0,0,29990.22,0
485,Germany,Male,70,2,0.0,1,1,1,189228.64,0
788,France,Female,58,1,37658.95,3,0,0,52715.93,0
722,France,Male,79,1,53726.96,3,0,1,128989.26,0
691,Spain,Female,22,1,0.0,1,1,0,75941.95,0
651,France,Female,54,8,0.0,2,1,1,123741.85,0
610,France,Female,70,1,38130.31,3,0,1,168596.72,0
446,Germany,Female,26,4,3937.68,3,1,1,172145.45,0
500,Spain,Male,31,8,216247.87,4,1,1,173798.85,0
832,Germany,Female,22,10,0.0,4,1,1,52933.49,0
810,Spain,Male,53,1,0.0,1,0,1,155375.26,0
713,France,Male,58,2,6941.68,3,1,1,69854.04,0
795,Spain,Female,52,0,224894.33,4,1,1,36075.84,0
752,Spain,Male,22,1,130785.1,3,0,0,61696.84,0
550,Germany,Male,54,4,0.0,4,1,0,69621.4,0
708,Germany,Female,83,3,0.0,4,1,1,112699.05,1
727,France,Female,20,10,130548.46,4,0,0,123452.81,0
419,France,Female,75,4,192315.32,4,1,1,79766.86,1
807,France,Female,38,3,226521.5,1,1,1,165457.27,1
597,France,Female,23,5,160269.33,2,1,1,10674.71,0
506,Spain,Male,21,7,210971.04,4,1,1,173443.54,0
587,France,Male,18,3,2403.95,1,1,1,146009.88,0
514,Germany,Male,48,1,0.0,1,1,0,72809.65,0
516,France,Male,54,4,151011.89,2,1,1,123177.62,0
623,France,Female,63,6,0.0,2,0,1,86134.48,0
846,France,Female,24,3,40074.23,3,1,0,21673.15,0
554,France,Female,66,6,0.0,3,1,1,192763.84,0
457,Germany,Female,72,3,71205.02,3,0,0,70641.59,1
731,Spain,Female,22,9,205852.77,1,1,1,168420.57,0
497,France,Male,67,9,0.0,2,1,1,155747.47,0
619,Spain,Male,26,7,150606.94,2,1,0,151912.34,0
477,Germany,Male,50,9,17038.47,4,1,1,7085.5,0
456,Germany,Female,66,1,148299.08,4,1,1,166738.29,0
476,France,Female,82,7,0.0,4,0,1,95596.82,1
528,France,Male,57,4,0.0,1,0,0,174861.06,0
828,Spain,Male,50,8,116458.19,1,1,1,78257.7,0
686,Germany,Male,79,0,0.0,3,0,0,129753.2,0
698,France,Male,33,2,94566.77,3,0,1,60111.03,0
376,Spain,Female,33,2,0.0,4,1,1,144559.73,0
355,France,Female,52,6,234057.5,4,0,0,198133.8305,0
521,Spain,Female,26,10,154455.35,1,1,1,64133.73,1
794,France,Male,19,9,126767.05,2,0,1,66473.09,0
358,Spain,Male,44,5,139250.02,4,1,0,149030.54,0
733,France,Female,29,0,118023.25,3,1,1,96462.02,0
761,France,Male,65,9,140702.66,4,0,0,55978.12,0
489,Germany,Male,58,6,142544.35,1,1,1,194015.15,0
408,France,Male,53,0,123048.76,2,0,1,13290.57,1
426,Spain,Male,54,7,197093.0,3,1,1,174868.13,0
388,Germany,Male,25,9,97686.33,2,0,0,10357.47,0
772,France,Male,47,9,27136.84,4,1,1,128957.28,0
744,France,Male,23,9,160763.04,1,1,1,70816.25,0
687,Spain,Female,44,10,199024.09,3,1,1,135830.58,0
394,Germany,Female,68,7,195004.44,4,1,1,132451.56,0
826,Spain,Female,90,6,63032.91,3,1,1,57669.05,0
692,France,Male,39,1,161755.24,1,1,1,70275.34,0
764,Spain,Female,37,6,0.0,1,0,1,149005.38,0
540,Germany,Female,67,9,26141.27,2,1,0,2304.86,0
449,Germany,Male,85,8,130688.83,4,1,0,74596.3,1
761,France,Male,39,9,76346.86,3,1,1,38989.34,0
375,France,Female,80,1,197805.81,1,1,0,99401.04,1
441,Spain,Male,41,2,81181.92,3,1,1,42272.73,0
426,Spain,Male,65,9,0.0,4,1,1,139004.46,0
392,France,Male,33,10,40113.57,3,0,0,158059.17,0
626,Spain,Male,37,5,16741.87,2,0,1,59763.81,0
464,France,Male,90,9,26025.58,1,0,1,112106.1,0
834,France,Male,46,7,0.0,3,1,1,96533.67,0
816,France,Female,19,2,0.0,3,0,1,47211.78,0
434,France,Male,75,5,37608.45,4,1,1,149494.52,1
765,France,Female,27,4,8347.62,3,1,1,57977.85,0
369,France,Male,26,8,0.0,2,0,1,118812.29,0
493,France,Female,79,3,93720.56,3,1,1,172224.74,0
680,Germany,Female,43,1,0.0,1,1,0,131312.07,1
453,Spain,Male,28,5,0.0,3,1,0,77462.86,1
389,Germany,Male,90,5,0.0,3,1,1,106457.67,1
428,France,Female,38,9,0.0,1,1,1,177306.1,0
679,Spain,Male,64,0,22392.4,2,1,0,126838.62,0
460,France,Female,37,9,158452.81,1,0,1,109827.19,0
473,Spain,Male,61,2,91391.43,4,0,0,81839.63,1
452,Germany,Male,69,1,88351.76,1,1,1,151012.66,1
791,France,Male,74,4,102054.65,3,1,0,34433.33,1
794,France,Female,48,6,127030.83,2,1,0,143083.28,1
753,Spain,Male,63,10,154831.49,4,0,0,111937.23,1
360,Spain,Female,80,5,36603.22,1,1,0,18029.04,0
475,Germany,Male,80,1,188591.57,4,1,1,167245.83,0
790,Spain,Female,73,4,0.0,1,1,0,115259.76,0
627,Spain,Female,47,10,0.0,1,1,0,122431.95,1
370,France,Female,57,7,0.0,2,1,0,115613.4,0
474,Germany,Male,89,2,111706.01,2,1,1,182833.06,0
764,France,Female,36,7,0.0,3,1,1,109315.57,0
790,France,Female,69,8,161844.96,3,1,1,153048.34,0
563,France,Male,76,3,197758.85,3,0,0,107439.92,1
425,Spain,Male,53,5,129049.13,2,0,1,160015.09,0
388,Germany,Female,82,3,220031.79,4,1,1,157165.96,1
462,France,Male,49,1,0.0,3,1,0,198133.8305,0
750,France,Female,79,9,244011.71,2,1,1,119172.55,0
764,France,Male,65,3,0.0,1,0,1,72055.07,0
478,Germany,Male,21,3,8043.55,2,1,1,181092.01,0
839,Spain,Female,78,1,0.0,2,1,1,130437.15,0
789,France,Female,69,4,62974.42,1,1,0,122698.26,0
844,France,Male,34,7,191921.63,4,1,1,148612.73,0
726,Germany,Female,70,10,0.0,4,1,0,100959.62,1
637,France,Male,55,8,0.0,1,1,0,142438.71,0
841,Germany,Male,87,9,17536.02,3,1,1,196701.51,0
695,France,Female,40,10,219836.76,1,0,1,143310.0,0
766,France,Female,37,7,162828.07,1,1,1,152323.42,0
551,France,Male,22,9,0.0,3,1,1,140053.64,0
470,Spain,Female,76,3,0.0,1,1,0,127666.83,0
637,France,Male,90,7,126300.34,4,1,1,127733.36,0
555,France,Female,68,6,0.0,1,1,0,197274.73,1
525,Germany,Female,45,4,133084.18,3,0,1,131787.46,0
699,Spain,Female,83,7,0.0,2,1,0,9338.01,1
655,France,Male,36,7,79749.97,1,1,0,42443.33,0
508,France,Male,69,4,182126.07,1,1,0,55126.04,1
471,Germany,Male,62,9,12574.55,1,1,0,135901.94,0
623,France,Female,81,0,241988.27,4,1,1,32571.61,1
513,Germany,Female,89,3,0.0,4,0,0,178643.57,1
469,France,Female,44,4,211416.32,2,1,0,33766.09,1
461,France,Male,25,9,0.0,2,1,0,167583.11,0
682,France,Female,29,5,54538.11,4,0,1,183288.76,0
558,Germany,Female,72,10,0.0,2,1,0,198133.8305,0
521,France,Male,44,10,69502.81,2,0,0,3231.75,0
407,France,Male,28,5,56379.52,3,0,0,96270.62,0
377,France,Male,78,8,0.0,2,1,1,158153.37,0
698,Spain,Male,66,2,206737.86,2,0,1,184219.78,0
834,France,Female,27,1,134463.12,4,0,0,103046.68,0
512,Germany,Female,70,5,147796.01,3,1,1,48213.5,1
772,Germany,Male,65,3,122925.85,1,0,1,69706.23,0
651,France,Female,90,8,31090.9,3,1,1,80879.0,0
502,Spain,Male,91,5,0.0,4,1,1,158549.36,0
633,Spain,Female,90,1,73408.3,2,1,0,186811.18,0
414,France,Female,84,4,0.0,1,1,1,91840.9,0
519,France,Female,76,4,175302.03,2,1,0,191677.16,0
718,France,Female,67,0,40664.35,2,1,0,138477.52,0
776,France,Female,58,5,175479.33,1,1,1,92461.98,0
460,Germany,Female,76,10,137091.94,4,0,1,21454.97,0
806,Spain,Male,89,9,20419.33,1,0,0,101090.9,0
653,Spain,Female,26,9,17387.78,1,0,1,78397.58,0
464,France,Female,28,9,36859.33,1,0,1,25761.17,0
740,France,Female,54,10,0.0,1,1,1,176711.98,0
791,France,Male,39,1,207487.26,2,1,1,23978.06,0
486,Germany,Male,57,4,152045.18,1,1,1,187225.82,1
402,France,Female,41,5,3906.58,4,0,1,4964.95,0
492,Spain,Female,75,9,79280.41,2,1,1,37883.88,1
729,Spain,Female,84,4,100227.18,1,1,0,142722.54,1
380,France,Female,38,7,71096.32,2,1,1,190842.44,0
494,Germany,Female,75,8,145281.9,1,1,1,12035.71,0
510,Germany,Female,25,5,0.0,3,1,0,50345.7,0
358,Spain,Female,76,2,4992.49,4,0,0,119427.51,1
649,France,Male,69,0,0.0,1,1,1,188558.68,0
753,France,Female,70,4,66132.59,3,1,0,85208.99,0
428,Germany,Male,54,1,171632.31,3,1,0,116135.96,0
794,France,Female,25,7,0.0,4,0,0,71045.46,0
827,Germany,Female,80,2,152764.29,3,1,1,25198.33,1
786,France,Female,26,9,246427.5262,4,1,0,4412.24,0
711,Germany,Female,53,9,160731.71,4,1,0,134480.54,0
574,Spain,Male,30,9,193187.58,3,1,1,175497.6,0
452,France,Female,80,7,0.0,4,1,1,32867.6,0
807,France,Female,60,1,201360.43,3,1,0,116401.0,1
615,Germany,Female,55,10,97650.48,4,0,0,148249.49,0
576,France,Male,41,0,108589.41,2,0,1,59761.65,0
546,Germany,Female,75,6,83796.87,1,1,1,76713.06,1
459,Germany,Male,33,8,144119.48,3,1,1,184835.17,0
541,France,Male,71,0,93660.74,1,0,0,67197.75,1
749,Spain,Female,89,5,246427.5262,3,1,0,53755.35,1
630,Germany,Female,37,5,150750.93,3,1,0,17663.43,1
548,Germany,Female,68,2,0.0,4,1,0,121092.22,1
404,France,Female,40,1,127041.51,1,0,0,93606.93,1
557,France,Female,86,10,195153.22,4,0,1,191849.06,0
457,France,Male,84,9,201529.31,1,0,1,118540.24,1
549,Spain,Male,41,1,0.0,4,1,1,47358.78,0
424,Spain,Male,35,3,0.0,4,0,0,11627.05,0
824,Spain,Female,24,4,217153.27,3,0,0,179916.21,0
437,France,Female,69,2,0.0,2,1,1,149299.15,0
412,Germany,Female,86,0,217912.28,3,1,1,119570.52,1
678,Spain,Female,28,5,167779.0,2,1,1,90328.41,0
522,Germany,Female,78,4,0.0,1,1,1,8276.61,0
846,France,Male,73,8,237695.06,2,1,0,115479.22,0
552,Spain,Male,52,3,0.0,1,1,0,25064.69,0
676,France,Male,34,5,0.0,2,1,1,151570.43,0
767,France,Male,66,3,156975.28,4,0,1,178439.76,0
843,Spain,Male,61,0,115452.34,1,1,0,184942.16,1
755,France,Female,78,8,188689.52,1,0,0,11418.99,0
639,France,Female,59,8,158286.07,4,1,1,86344.44,0
758,Germany,Male,21,7,1047.49,3,1,1,120691.28,0
491,Spain,Female,33,0,0.0,2,0,1,90249.93,0
785,France,Female,46,7,0.0,1,0,0,132078.11,0
787,Spain,Male,54,6,0.0,3,1,1,101701.56,0
542,France,Male,43,4,0.0,4,1,1,21660.35,0
383,France,Female,83,6,86840.39,1,1,0,30723.08,1
693,France,Female,38,1,29882.35,4,1,0,128242.5,0
401,Germany,Male,68,2,187870.58,1,1,0,160137.13,1
358,France,Male,44,1,156890.12,4,1,0,3219.81,1
824,France,Male,91,4,0.0,1,1,0,68346.31,0
634,Germany,Male,85,9,74939.74,2,0,0,44456.82,0
675,Germany,Male,76,0,196774.54,1,1,1,189136.5,0
791,Germany,Female,74,4,0.0,2,0,1,66095.82,0
815,Spain,Female,65,3,122795.03,3,1,0,89928.56,0
829,France,Female,61,10,0.0,1,1,0,146321.29,0
416,France,Female,59,6,116339.76,1,1,1,23423.12,0
512,France,Male,19,2,224016.7,1,1,0,57119.76,0
734,Germany,Male,87,3,146021.35,2,0,0,179876.6,1
364,France,Male,90,6,188500.2,3,0,1,129060.3,1
467,France,Female,56,0,0.0,3,1,1,98482.91,0
607,France,Male,82,0,0.0,4,1,1,128535.17,0
522,France,Female,47,7,29280.2,2,0,0,127214.99,0
436,Spain,Male,26,8,85701.27,3,0,1,49177.0,0
800,Germany,Female,79,8,42403.38,1,1,0,189811.13,1
574,France,Female,55,1,134744.96,2,1,1,67923.93,0
556,Germany,Female,87,9,98451.37,1,1,0,83003.69,0
679,Germany,Male,33,2,208937.92,1,1,0,22310.31,0
685,France,Female,53,9,95682.03,1,0,1,104898.97,0
596,France,Female,67,3,53084.59,1,0,0,120961.4,0
794,Germany,Male,28,5,0.0,2,1,1,100621.09,0
498,France,Male,91,10,0.0,1,1,0,151615.95,1
786,Germany,Male,63,4,174340.83,2,1,1,67371.81,0
785,Germany,Male,30,7,156557.72,1,1,1,119229.66,0
355,Spain,Female,72,6,154986.49,2,1,0,43208.32,1
728,Spain,Male,83,0,0.0,4,0,1,188300.92,0
429,Spain,Female,45,8,63202.35,1,1,1,148811.69,0
593,Germany,Female,63,3,117698.15,1,1,0,49572.92,1
810,France,Female,73,5,42046.11,1,1,1,18217.23,0
447,Germany,Female,28,3,0.0,2,1,1,33457.73,0
631,Spain,Female,57,10,0.0,3,1,1,29942.04,0
739,Spain,Female,59,6,0.0,3,1,1,141459.33,1
590,Spain,Female,40,7,208427.35,1,1,1,1859.27,0
389,France,Male,40,5,76803.5,4,1,1,52438.17,1
382,Germany,Female,64,3,99441.07,2,1,0,80400.78,1
609,Spain,Male,73,6,221915.17,2,1,0,5660.54,0
362,Germany,Female,46,8,195060.02,4,0,1,50372.93,0
357,Germany,Male,28,1,0.0,1,0,1,156323.23,0
827,Germany,Male,76,1,101785.85,4,1,0,170439.15,0
616,Germany,Female,30,1,85264.76,4,1,0,93092.07,0
587,France,Female,18,10,180857.42,2,1,0,142731.57,1
400,France,Male,41,6,0.0,2,1,0,168873.78,0
743,Spain,Female,78,3,135866.58,3,0,1,16284.73,0
605,Spain,Male,73,2,15201.31,4,1,1,161930.91,0
460,Spain,Male,40,7,155834.4,4,1,0,167628.78,0
727,France,Female,56,5,142102.86,3,1,1,143120.01,0
468,France,Male,89,6,14948.18,3,1,1,81796.45,1
602,France,Male,71,7,104966.28,4,1,1,103116.88,0
630,Spain,Female,74,1,48112.48,3,1,0,30880.71,1
489,Germany,Female,24,7,199530.55,4,1,0,150163.73,1
788,Spain,Female,35,7,228320.69,3,1,0,143743.05,0
702,France,Female,25,3,0.0,3,0,0,124581.94,0
494,Germany,Male,90,3,0.0,4,1,1,166430.87,1
428,Spain,Female,43,6,0.0,2,1,0,16547.36,0
514,France,Male,54,4,0.0,1,1,1,105372.41,0
583,Spain,Female,58,10,199212.18,3,1,1,63473.89,0
625,Germany,Male,56,1,0.0,3,1,0,119047.17,0
550,France,Male,21,1,19926.64,3,1,1,2129.43,0
370,France,Male,85,8,243717.75,2,0,0,57107.26,1
688,Spain,Female,46,7,0.0,3,1,1,17345.42,0
539,Germany,Female,85,9,89152.81,2,1,1,87436.55,0
518,Spain,Male,74,0,0.0,3,1,1,184616.78,0
628,Spain,Female,69,1,167675.28,1,0,1,9149.9,0
768,France,Female,70,9,10466.39,4,1,1,184007.01,0
355,Spain,Female,90,8,0.0,4,1,0,139764.69,1
831,Spain,Female,40,9,139015.93,2,1,1,176567.93,0
669,France,Male,42,9,0.0,1,1,0,158500.59,0
623,Spain,Male,67,2,3992.41,4,0,1,85371.83,1
375,France,Male,35,1,0.0,3,0,1,89346.23,0
706,France,Female,77,3,148510.06,2,0,0,3299.38,0
710,France,Male,20,10,0.0,4,0,1,100494.31,0
630,Spain,Male,84,5,136232.01,4,1,0,100653.58,1
751,France,Female,43,0,0.0,2,1,1,151766.8,0
770,France,Male,18,8,109406.73,3,1,0,113898.47,0
770,Germany,Female,62,9,0.0,2,0,1,56898.03,0
513,France,Male,38,1,0.0,1,0,0,45391.97,0
687,Spain,Male,40,6,221040.14,2,1,1,154617.45,0
378,Spain,Female,53,8,86129.8,1,1,0,101285.57,0
631,France,Female,60,10,44875.43,3,1,1,20086.06,0
423,France,Female,28,6,38066.5,2,0,0,159786.26,0
504,Spain,Male,21,3,235159.51,1,1,1,79165.79,1
689,France,Female,52,10,5822.99,2,0,1,55641.41,0
562,France,Male,44,3,0.0,3,1,0,22769.77,0
782,Spain,Female,61,6,85118.49,3,1,0,38767.14,1
393,Spain,Female,73,9,164199.98,3,0,0,10456.39,0
836,Germany,Male,63,5,0.0,1,1,1,144226.64,0
704,Germany,Male,25,7,5103.39,1,1,0,123327.73,0
565,Spain,Female,91,9,129239.92,3,1,1,192632.67,0
362,Germany,Female,70,6,221116.42,3,1,1,33260.88,0
370,Germany,Female,21,4,0.0,3,0,0,61355.55,0
557,Spain,Male,74,7,246427.5262,2,1,0,127876.85,1
636,Germany,Male,83,4,85598.13,1,1,1,111109.16,0
603,Germany,Female,60,7,30615.7,2,1,1,108926.42,0
498,France,Female,79,0,17384.63,3,1,1,18600.88,1
675,Germany,Male,83,0,216772.92,4,1,1,4157.0,1
657,Germany,Male,89,5,187053.45,3,1,0,144378.2,1
521,France,Male,88,1,156893.42,2,1,1,141521.97,0
513,France,Male,32,8,124190.09,2,1,1,5719.02,1
571,Spain,Male,20,1,114335.17,1,1,0,166209.17,0
722,France,Female,66,5,123487.97,1,0,1,153348.02,1
644,France,Female,68,1,90961.16,2,0,1,43437.49,0
413,France,Female,60,10,118669.29,3,1,1,113252.32,0
812,France,Female,35,9,52582.37,3,0,1,52576.93,0
451,Spain,Male,88,0,29441.99,2,1,0,166822.24,1
686,France,Female,48,4,0.0,3,1,0,34871.84,0
358,France,Female,72,10,242741.0,1,1,1,166065.74,1
477,Spain,Male,64,5,0.0,1,1,1,131651.71,0
632,France,Male,84,9,0.0,2,1,1,37106.79,0
774,France,Male,70,0,209297.8,1,1,1,173105.91,0
631,Spain,Male,64,4,25891.59,3,1,0,165872.45,0
377,Germany,Male,80,9,30756.65,4,1,1,127099.16,1
828,Spain,Female,22,2,23163.66,1,1,1,99806.53,1
486,Spain,Female,70,0,15798.92,1,1,0,125805.74,1
532,Spain,Female,61,8,0.0,1,1,1,133994.2,0
404,France,Male,75,0,0.0,1,1,1,20557.62,0
698,Spain,Female,34,3,237260.14,1,1,1,80200.95,0
573,Germany,Male,62,8,163509.26,4,1,1,187172.07,1
460,France,Male,39,9,0.0,1,1,0,154608.22,0
669,Spain,Female,26,1,204380.64,3,1,1,15401.42,0
448,France,Female,60,5,0.0,3,0,1,171504.18,0
616,Spain,Female,19,8,140972.2,1,1,1,12543.73,0
682,Germany,Male,24,4,22746.0,1,1,1,136893.89,0
756,Germany,Male,57,3,100194.53,1,1,0,67389.62,1
698,France,Male,84,5,137134.33,4,1,0,54276.83,0
634,Spain,Male,70,8,0.0,2,0,0,96122.97,0
367,Germany,Male,19,0,0.0,1,1,0,15829.09,1
466,France,Male,26,0,0.0,3,0,0,193367.78,1
639,France,Male,49,1,62684.49,2,1,1,191254.69,0
618,Spain,Female,49,3,0.0,1,1,0,34077.63,0
617,France,Male,20,3,28763.83,1,1,1,191921.6,0
718,Germany,Male,36,5,208237.4,3,0,0,191470.71,0
803,Germany,Female,27,3,33054.22,2,1,0,24433.61,1
601,France,Female,59,6,0.0,1,1,0,2723.52,0
417,Germany,Female,66,3,215575.31,4,1,1,93820.02,1
571,France,Male,46,9,78229.63,1,1,0,67556.14,0
476,Spain,Male,60,3,0.0,4,1,0,96401.4,1
615,Spain,Female,32,2,246427.5262,3,1,1,102990.72,0
645,France,Female,81,9,242763.06,3,1,1,150749.0,1
624,Germany,Female,18,7,189205.27,3,1,0,126341.2,0
641,Germany,Female,55,0,96622.59,1,1,1,102146.84,0
505,Spain,Male,41,1,33600.16,3,1,1,100409.81,0
438,France,Female,51,0,104512.57,1,0,1,187905.01,0
777,Germany,Male,56,8,180085.64,2,0,1,59279.16,0
551,Spain,Female,65,6,38090.99,3,1,1,38072.51,0
454,France,Male,86,10,4200.09,2,0,1,62792.2,0
846,Germany,Female,59,3,226008.81,4,0,1,157505.32,0
366,France,Female,34,0,174997.46,1,0,1,59601.71,0
523,Germany,Female,56,5,0.0,1,1,0,130222.21,0
721,France,Female,55,0,236796.44,1,0,0,75862.7,1
555,Spain,Male,81,1,0.0,4,0,0,79687.99,0
771,France,Female,59,8,0.0,2,1,0,148661.82,0
529,France,Male,82,4,0.0,4,0,0,37345.59,0
672,Spain,Male,66,9,246427.5262,3,0,1,123450.52,0
564,Spain,Female,60,5,5114.98,4,1,0,114060.04,0
584,Germany,Male,42,7,82668.22,4,1,0,161251.29,1
599,Germany,Male,36,9,90601.4,1,1,0,182693.62,1
838,France,Female,25,5,27806.95,4,1,0,28606.32,0
730,Germany,Female,58,3,55393.31,3,0,1,51449.78,0
535,France,Female,86,8,6114.4,3,1,0,28445.75,0
558,France,Female,18,9,174104.04,1,0,1,198133.8305,0
553,Spain,Female,88,3,26726.29,4,1,1,121690.72,0
718,Germany,Male,81,9,0.0,1,1,0,187683.8,0
646,France,Female,50,10,145993.86,1,1,0,192700.27,0
617,France,Male,41,2,0.0,1,1,1,180853.66,0
565,Spain,Female,60,9,202221.76,4,1,0,53293.99,1
549,France,Male,81,0,162667.6,4,0,0,101326.65,1
628,France,Female,20,9,0.0,2,1,1,46712.33,0
766,France,Female,51,9,0.0,3,0,1,86092.51,0
834,France,Female,21,9,201916.26,2,0,0,85202.99,0
380,France,Female,65,3,194785.65,3,1,0,182805.1,1
468,Spain,Female,23,10,182460.86,1,1,1,138988.39,0
693,France,Female,41,6,94372.1,2,1,0,148330.23,0
424,Germany,Female,72,0,0.0,2,1,1,147997.23,0
655,Germany,Male,73,9,0.0,1,1,1,109335.71,0
562,Germany,Female,34,9,240861.47,3,1,1,69060.1,0
445,Germany,Male,55,3,125233.88,2,0,1,167751.5,0
602,Germany,Male,31,2,55454.46,2,1,1,69437.84,0
605,Germany,Female,61,6,114432.09,4,1,1,104192.37,0
707,Germany,Female,18,3,0.0,4,0,0,30343.86,1
763,Spain,Female,78,7,0.0,2,1,1,118471.61,0
828,Germany,Female,19,4,145257.61,4,0,1,94027.56,0
569,Spain,Female,63,2,237005.63,1,1,0,175711.5,0
695,France,Male,47,2,70270.08,3,1,0,60573.91,0
744,Germany,Female,34,7,242282.2,3,1,1,60827.94,0
844,Germany,Female,58,4,0.0,1,1,0,24856.36,0
675,France,Female,28,0,45730.23,2,0,0,96415.03,0
473,Spain,Male,60,5,0.0,3,1,0,153274.71,0
521,France,Female,65,8,0.0,2,0,0,129440.52,0
454,France,Male,51,1,200335.77,2,0,1,17777.79,0
449,Spain,Male,44,2,35840.2,3,1,1,60061.24,0
503,France,Male,52,3,146142.15,1,1,0,65017.54,1
599,France,Female,88,10,69248.31,3,1,0,120150.66,1
744,France,Female,73,3,157437.59,2,0,1,157687.51,0
495,Spain,Male,18,9,43395.5,2,1,0,198133.8305,0
443,France,Female,39,7,87978.23,2,1,0,51003.62,1
413,Germany,Female,19,10,97132.12,3,1,0,38702.2,0
448,Spain,Female,35,6,0.0,1,0,1,84585.56,1
566,Germany,Female,75,3,59829.24,3,0,1,135230.75,1
556,Spain,Male,81,7,181936.59,2,1,1,143657.65,1
549,Spain,Male,51,0,0.0,4,0,0,165994.32,0
509,France,Female,69,8,0.0,2,1,0,62439.66,0
577,Spain,Male,45,2,225770.38,2,1,0,168199.49,0
673,Germany,Male,53,7,197623.8,4,1,0,134011.75,1
372,France,Male,79,6,11003.61,1,1,1,3853.63,0
795,France,Male,38,2,21180.31,4,0,1,194562.8,0
503,Germany,Male,41,5,0.0,2,0,0,50602.77,0
419,France,Male,28,5,0.0,4,0,0,15120.35,1
437,Germany,Male,34,8,241976.24,2,0,1,88644.57,0
623,France,Female,20,5,833.14,1,0,0,106933.59,0
610,Germany,Male,78,0,59240.13,1,0,0,93538.49,1
394,France,Male,81,0,207937.74,4,0,0,153586.05,1
600,Spain,Male,49,7,222883.39,1,0,1,23381.73,0
460,France,Female,61,9,0.0,3,1,1,162407.29,0
806,France,Male,36,4,0.0,3,1,1,97004.31,0
504,France,Female,21,1,213404.84,1,1,1,15458.73,0
846,France,Male,56,1,114992.17,4,1,0,195036.52,0
640,Germany,Male,29,10,196857.08,2,1,1,178824.11,0
833,Germany,Male,80,7,237182.53,4,1,1,63612.0,0
627,France,Female,38,0,65461.56,2,1,0,101003.54,0
413,Spain,Male,72,2,68599.98,4,1,1,48725.27,1
672,France,Male,37,8,234650.68,2,1,0,101475.48,0
589,France,Male,27,6,106074.82,2,0,1,49769.06,0
760,Spain,Male,58,3,3931.78,4,1,0,74054.9,0
546,Germany,Female,31,7,0.0,1,1,0,54648.38,0
443,Germany,Male,47,9,154190.04,2,0,0,89627.89,0
406,France,Male,39,9,61184.44,1,1,1,13551.98,0
722,France,Female,83,9,181852.6,1,0,0,106953.08,1
466,Germany,Male,55,3,58235.66,1,1,1,43972.05,0
684,France,Female,71,0,0.0,3,1,1,33785.03,0
417,France,Female,61,4,0.0,4,1,1,69912.83,0
389,Spain,Female,85,0,0.0,4,0,0,145553.47,1
705,Germany,Male,50,6,213947.04,4,1,1,71189.96,1
522,France,Female,81,6,0.0,3,0,1,150807.72,0
634,France,Female,84,3,212246.38,1,1,1,195762.31,1
363,Germany,Male,86,1,16046.6,2,1,1,188780.52,0
444,France,Male,69,5,0.0,3,0,1,44201.45,0
395,France,Female,90,0,0.0,4,1,1,186112.42,0
490,France,Female,73,3,200431.43,2,1,0,172702.91,1
492,Germany,Male,41,10,152661.7,1,1,1,5662.04,0
537,Germany,Female,29,10,196259.16,4,1,1,194275.96,1
471,France,Male,33,6,84639.19,3,1,0,191529.99,0
578,France,Male,60,4,233508.19,1,1,1,148390.68,1
800,Germany,Female,30,0,203414.13,4,1,1,120696.17,0
393,Germany,Female,35,7,228871.39,2,0,0,198018.8,1
797,Germany,Male,64,5,65699.02,4,1,1,39080.79,0
556,France,Female,42,7,1642.31,3,1,0,154965.36,0
639,Germany,Male,68,1,0.0,2,0,0,180856.11,0
686,Spain,Female,91,9,123144.73,4,1,1,99978.5,0
718,Germany,Male,24,8,194738.54,4,1,0,59630.65,0
822,France,Female,65,4,24373.47,4,1,1,88970.99,1
846,Germany,Male,78,0,148861.65,1,0,1,194399.4,1
399,France,Male,28,5,49724.59,1,0,1,148507.1,0
555,France,Female,75,4,0.0,3,1,0,109393.5,0
620,France,Male,55,8,0.0,1,0,1,22058.74,0
611,Spain,Male,64,2,0.0,3,1,1,138341.89,1
846,France,Female,21,0,45819.28,3,1,1,52914.56,0
676,Spain,Female,50,10,143769.17,1,1,1,197761.56,1
551,Germany,Male,45,2,1402.42,4,0,0,103411.02,0
811,Germany,Male,29,0,0.0,1,1,1,122874.11,0
716,France,Male,74,9,124833.55,3,0,1,198133.8305,0
749,Germany,Female,55,7,10240.41,3,1,0,150553.42,0
664,France,Male,82,2,135695.66,1,1,0,97286.68,1
382,France,Female,29,5,46083.51,1,0,0,110212.15,0
836,France,Female,72,7,181634.81,3,1,1,180959.03,1
707,France,Female,62,8,217072.87,2,1,1,187350.65,1
424,Germany,Female,66,4,0.0,2,1,0,96827.92,1
476,France,Female,40,2,15847.59,3,1,1,69519.0,0
520,France,Male,69,0,124086.55,3,1,1,156321.39,0
477,Spain,Female,36,9,27794.22,3,1,1,31860.87,0
661,France,Female,74,8,102264.39,3,1,0,79520.42,0
624,France,Female,50,10,0.0,4,1,0,4298.24,0
456,France,Female,53,8,10290.08,1,1,1,167698.38,0
698,France,Female,60,2,62913.0,4,1,1,9750.51,0
493,Germany,Male,24,2,206642.51,2,0,0,109241.01,0
429,France,Male,45,2,101481.89,4,0,0,198133.8305,0
829,France,Female,33,5,0.0,3,1,0,65322.92,0
507,Germany,Male,89,10,237352.61,2,1,1,160645.26,1
466,France,Female,49,7,38932.58,1,1,0,26990.35,1
708,Spain,Female,18,4,197151.98,1,0,0,25889.41,0
732,Spain,Male,19,8,44519.4,3,0,1,45282.22,0
426,France,Male,85,9,240763.02,3,1,0,160443.98,1
377,France,Male,29,4,196517.8,1,0,1,125306.87,0
775,France,Male,18,9,0.0,4,0,0,166301.42,0
602,France,Female,33,0,245903.55,2,1,0,57136.38,0
578,France,Female,34,3,28614.91,4,0,0,34959.24,0
560,Germany,Female,23,1,0.0,4,1,0,109464.12,0
643,France,Male,91,1,174857.35,3,1,1,6973.8,0
687,France,Male,22,2,43471.09,4,0,0,97474.93,0
390,France,Male,71,4,136592.85,4,1,1,191746.12,1
482,Spain,Male,79,7,0.0,1,1,0,129739.95,1
828,Spain,Female,65,6,143281.92,2,1,1,101221.36,0
433,France,Female,27,4,145550.89,3,1,1,39244.01,0
804,Germany,Male,71,5,0.0,3,0,0,91895.24,0
551,France,Female,42,2,206103.95,3,1,1,110045.23,0
445,Germany,Male,48,8,232686.76,1,1,0,100338.61,1
647,Germany,Female,36,8,133440.47,4,0,0,109142.53,0
682,Spain,Male,76,6,168488.39,3,1,1,193309.21,0
525,France,Male,60,8,36463.97,4,1,0,38689.25,1
747,France,Male,29,8,246427.5262,2,0,0,79647.87,0
381,Spain,Male,48,8,0.0,3,1,0,29709.66,0
411,France,Male,76,1,237256.94,2,0,1,82339.69,0
661,France,Female,87,0,0.0,3,0,1,19193.31,0
639,Germany,Female,87,4,80728.6,2,1,0,70929.35,1
700,Spain,Female,27,0,55420.36,4,1,0,77416.7,0
776,Germany,Male,81,0,0.0,3,1,0,145451.52,0
815,Spain,Female,59,1,0.0,2,1,0,182792.17,0
603,Germany,Male,72,1,137954.62,3,1,0,101252.07,1
601,France,Male,46,3,0.0,1,1,1,155240.07,0
812,Germany,Female,66,3,0.0,4,1,0,81221.72,0
831,Spain,Female,37,9,0.0,2,0,0,56537.07,0
373,Spain,Male,56,9,61630.03,4,1,1,30015.93,0
603,France,Female,34,1,183360.47,4,1,0,78841.57,1
810,France,Male,47,4,77778.23,2,1,1,151608.37,0
375,Spain,Male,48,5,62148.06,3,1,0,120101.11,1
839,France,Male,82,3,104638.39,2,1,1,43653.89,0
725,France,Male,64,3,39463.35,1,0,1,149555.43,0
428,Spain,Male,65,7,0.0,2,0,1,17740.14,0
671,Germany,Female,38,4,64962.15,4,0,0,31207.64,0
565,France,Male,50,7,0.0,2,1,0,36304.68,1
517,France,Female,52,0,75219.07,4,0,0,136703.23,1
661,France,Male,76,5,0.0,3,0,1,56798.59,0
718,Spain,Male,31,3,207434.59,2,1,1,176417.9,0
797,France,Female,22,3,45119.13,3,1,0,18396.8,0
559,France,Female,55,5,0.0,4,1,0,187334.96,0
429,France,Female,78,3,0.0,1,0,0,1832.1180000000008,1
782,France,Male,72,8,0.0,4,1,0,183468.23,0
517,France,Female,77,2,0.0,3,0,1,26127.84,1
730,France,Male,47,9,124982.09,4,0,0,4689.07,0
749,Germany,Male,34,3,0.0,4,1,1,53744.03,0
379,France,Male,66,5,0.0,4,1,0,67308.72,0
555,France,Female,20,1,228494.68,1,1,1,147072.0,0
392,France,Female,84,10,0.0,2,1,1,179649.49,0
653,France,Female,70,7,25374.92,4,0,1,77159.98,0
748,France,Female,55,8,0.0,2,1,1,50276.58,0
630,France,Male,32,9,0.0,2,0,1,56055.05,0
512,France,Male,36,10,0.0,3,0,1,175160.7,0
837,France,Female,91,2,0.0,2,0,0,10811.17,0
392,Germany,Female,19,3,0.0,3,1,0,86890.66,0
420,France,Female,18,2,0.0,2,1,1,44135.55,1
533,Spain,Female,43,5,0.0,2,1,1,71385.29,0
825,Germany,Male,35,9,233827.74,1,1,1,52212.18,0
798,France,Female,68,8,246427.5262,4,0,1,156186.86,0
632,France,Female,21,6,111005.48,1,1,0,50461.23,0
827,France,Male,76,5,33441.06,1,0,1,180135.46,0
802,France,Male,75,8,81479.51,1,0,1,141301.43,1
644,Germany,Male,34,5,0.0,2,1,0,58543.71,0
409,France,Male,60,9,222081.99,1,0,0,13093.72,1
800,Spain,Female,67,6,240424.31,4,1,1,34434.2,0
671,France,Male,80,7,42413.53,3,1,1,104152.96,0
420,Germany,Female,72,7,0.0,2,1,0,165184.27,0
770,Spain,Male,89,8,207665.77,1,1,1,76764.21,1
549,Germany,Male,26,5,0.0,3,1,0,80099.5,0
744,Spain,Female,63,4,0.0,1,1,0,182990.37,1
481,Spain,Male,75,4,82917.78,2,1,0,85363.45,0
355,France,Female,35,10,39629.94,3,0,1,34044.34,0
577,France,Male,34,1,66165.09,4,1,1,36539.4,0
576,France,Male,24,7,12119.83,3,1,1,170022.22,0
782,France,Female,90,10,96461.61,2,1,0,95985.36,1
407,Germany,Female,82,0,24806.72,3,0,1,156730.06,1
807,France,Male,26,6,0.0,3,1,1,114497.8,0
426,France,Female,36,6,199806.12,3,1,1,41994.06,0
818,Spain,Male,51,3,11907.58,2,0,1,49771.59,0
703,France,Female,84,1,0.0,4,1,1,27394.13,0
530,Germany,Female,79,7,0.0,2,1,1,20197.4,1
829,France,Female,82,5,163995.21,1,1,0,122254.43,0
529,Spain,Female,79,8,0.0,2,0,1,158095.54,0
667,Germany,Female,64,0,0.0,4,1,1,137040.73,0
358,France,Female,39,10,2588.01,1,0,1,180699.31,0
401,Germany,Female,62,6,0.0,2,0,1,181303.89,0
527,France,Female,54,4,240475.52,1,1,0,189190.92,1
472,Germany,Male,88,5,0.0,4,1,0,153887.52,1
463,Germany,Female,51,10,0.0,2,1,0,95610.52,0
539,France,Female,73,6,0.0,1,1,0,69574.43,1
654,Germany,Female,30,6,0.0,3,0,1,15771.31,0
412,Spain,Male,68,7,15113.65,4,1,1,187190.57,0
726,Spain,Male,51,3,208273.84,1,1,1,57097.42,1
774,Germany,Male,50,2,226219.67,4,1,1,30805.24,1
768,Germany,Female,73,8,31957.67,2,0,1,16982.88,0
447,France,Male,53,3,0.0,1,1,1,48932.76,0
791,Spain,Female,22,0,208305.84,1,1,0,170844.53,0
414,Spain,Male,46,5,0.0,2,0,1,189819.11,0
403,France,Male,89,0,0.0,1,0,0,50039.82,0
713,France,Female,88,6,9869.72,1,1,0,167817.17,0
730,France,Male,63,7,124044.25,1,1,0,117623.72,0
413,France,Female,65,10,0.0,1,0,1,57903.13,0
558,France,Male,37,6,0.0,4,0,0,58783.94,0
555,France,Male,75,3,67033.6,2,1,1,79821.77,0
712,Germany,Female,62,7,155882.8,4,1,0,28608.34,1
608,France,Female,20,6,53137.45,3,1,1,129963.66,0
650,France,Female,88,8,55531.39,1,1,1,6766.36,0
390,Germany,Male,81,10,0.0,2,0,0,178099.83,0
839,France,Female,24,1,47495.4,1,0,1,151456.45,0
628,France,Female,48,7,0.0,2,1,1,68737.58,0
684,Spain,Female,72,8,77449.61,4,0,0,98981.61,1
590,Spain,Male,72,3,194489.85,2,1,0,82978.64,0
473,Germany,Female,30,4,223527.94,1,1,1,190382.24,0
684,France,Male,20,4,0.0,1,1,0,98160.01,0
494,France,Male,90,4,47828.73,1,1,0,189434.59,0
459,Spain,Female,84,9,0.0,1,0,1,156157.98,1
626,Germany,Female,72,3,11758.06,4,1,1,155181.09,0
528,Spain,Female,66,4,0.0,3,0,0,141825.23,1
798,Germany,Male,68,6,0.0,4,0,0,135292.45,0
680,France,Male,51,2,0.0,1,0,1,79330.81,0
537,France,Female,68,7,81240.81,3,1,1,20357.45,0
367,Spain,Male,40,5,0.0,4,1,1,100721.37,0
520,Spain,Female,24,1,243200.31,4,1,1,156621.2,0
408,France,Male,41,2,0.0,3,1,0,24640.86,0
459,Germany,Female,39,0,198181.2,4,1,1,94632.17,0
492,France,Female,40,6,185303.9,4,1,0,50806.92,0
676,Spain,Female,52,8,0.0,2,1,0,90515.31,0
403,France,Male,27,10,55917.49,2,1,1,40651.21,0
431,Germany,Female,48,7,202475.58,1,1,0,135471.04,1
369,France,Male,52,10,28371.97,1,1,0,129109.94,1
809,Germany,Female,31,10,0.0,2,0,0,85895.77,0
844,Germany,Female,51,6,0.0,1,1,0,50326.26,1
499,France,Female,67,4,246427.5262,4,0,0,55784.17,1
578,Spain,Female,48,9,0.0,2,1,0,39485.64,0
500,Spain,Female,18,6,0.0,2,1,0,193298.79,0
617,Spain,Male,70,8,0.0,4,1,1,46007.08,0
626,France,Female,60,2,169459.73,1,1,1,85168.26,0
477,Germany,Female,49,10,30037.57,3,1,0,100379.57,0
673,Germany,Female,19,4,139781.58,3,0,1,134193.38,0
355,Germany,Male,24,9,158680.42,4,1,1,150255.34,0
672,France,Female,23,4,225837.13,2,1,1,77083.22,0
726,Germany,Male,81,9,239323.34,4,1,0,103441.45,1
376,France,Male,40,7,58756.8,3,1,1,180044.87,0
712,France,Female,49,2,52629.71,2,0,0,22990.11,1
719,France,Male,69,1,170936.58,3,1,0,88384.24,1
837,France,Male,66,1,0.0,2,1,1,37880.05,0
753,France,Female,22,4,185891.72,3,0,0,9231.17,0
360,France,Male,86,0,212117.99,2,1,1,31001.67,0
390,Spain,Female,37,6,0.0,2,1,0,49806.68,0
418,Germany,Female,74,7,219682.63,3,1,1,112733.51,0
641,France,Male,79,8,66358.7,4,0,1,153363.01,0
706,Spain,Female,57,10,242349.23,3,1,1,188148.75,0
679,Spain,Male,29,8,107565.5,2,1,1,191630.24,0
515,Spain,Female,58,10,0.0,1,1,0,175760.14,1
450,Spain,Male,36,6,49983.87,4,1,0,103011.57,0
381,Spain,Female,80,9,0.0,4,1,1,84790.44,0
537,Germany,Female,73,8,0.0,1,1,1,90034.23,0
500,Spain,Male,78,9,183710.72,4,1,1,193054.89,0
502,Spain,Female,79,4,235524.96,3,1,1,117882.52,1
393,France,Female,31,5,210780.76,4,1,0,149055.38,0
495,Spain,Female,20,10,170088.27,3,0,1,13002.48,0
769,Spain,Male,64,4,29734.52,1,1,0,194770.64,0
470,Spain,Male,63,6,245989.95,2,1,1,104129.53,0
789,Spain,Female,82,7,85990.61,4,1,1,120536.74,0
393,France,Male,65,2,0.0,1,0,1,161573.7,0
669,France,Male,77,0,68245.02,3,1,1,16907.53,1
404,Germany,Male,43,7,206830.54,4,1,1,2534.08,1
543,Germany,Male,27,8,94605.08,1,1,0,191074.17,0
827,Spain,Male,20,6,97669.38,3,1,1,42672.24,0
735,Spain,Male,50,7,1120.01,2,0,1,21164.86,0
607,Germany,Female,18,0,0.0,2,1,0,187142.69,1
666,Spain,Female,56,1,0.0,1,1,1,75069.9,0
680,France,Female,47,8,230462.39,2,1,0,170874.12,1
746,Spain,Male,37,6,195787.47,1,1,1,186249.41,0
647,France,Female,61,2,238018.01,2,1,1,39302.2,0
605,Germany,Female,68,6,97436.32,3,1,1,13852.84,0
387,France,Female,20,0,165432.51,2,0,1,7862.66,0
830,Germany,Female,53,8,112950.49,4,0,0,55277.22,0
633,France,Male,87,0,0.0,3,1,0,35662.06,1
495,France,Female,40,9,81065.29,4,1,1,180307.85,1
417,Germany,Female,75,2,0.0,3,1,1,185750.07,0
652,Germany,Male,42,2,91485.88,1,1,0,88401.21,0
742,France,Male,38,10,0.0,3,1,0,70555.59,0
754,Germany,Male,81,8,0.0,3,0,1,81592.83,0
793,France,Male,44,3,51866.87,2,1,0,166751.95,0
797,France,Female,82,2,162826.98,1,1,0,28960.22,0
662,France,Female,66,1,76489.33,1,1,0,30171.54,0
824,Germany,Female,78,4,20665.31,1,1,1,56012.38,1
387,Spain,Female,78,6,0.0,2,1,0,116570.87,1
547,Germany,Male,85,5,196444.78,4,0,1,142465.79,0
592,Spain,Male,59,9,0.0,1,1,1,198099.6,0
700,Germany,Female,88,8,100067.42,4,1,0,8177.06,1
499,Spain,Female,22,2,189245.06,3,1,1,71381.65,1
495,Spain,Male,54,9,0.0,4,0,0,61587.92,0
802,France,Female,47,5,154754.3,3,0,1,8443.53,0
675,France,Male,25,0,10067.59,2,1,1,158377.8,0
668,France,Female,82,9,0.0,1,1,1,85186.51,0
442,Germany,Male,77,8,48815.7,3,1,0,122835.58,1
600,Germany,Male,73,3,187413.49,3,1,1,90456.37,1
561,France,Male,64,9,0.0,2,1,0,73230.49,0
660,Spain,Female,62,9,161805.22,4,1,1,27524.13,1
811,Spain,Male,46,10,48017.18,3,1,1,178193.37,0
489,France,Male,68,10,194404.32,2,1,1,23890.39,0
756,France,Female,90,2,0.0,1,1,0,115705.3,1
667,France,Female,36,6,223505.85,3,1,0,195229.21,0
598,France,Male,43,1,96193.53,1,1,1,57322.76,0
825,Spain,Female,26,7,181771.92,3,1,0,95475.56,0
423,Germany,Female,85,5,42373.76,4,0,0,149131.69,1
689,France,Male,57,9,78570.63,3,1,0,51353.81,1
549,France,Female,61,9,123818.29,2,0,1,45033.2,0
691,France,Male,37,3,124088.75,4,1,1,22148.79,0
419,France,Female,20,3,0.0,4,1,0,4545.32,0
718,France,Male,77,0,137079.73,2,1,1,56543.49,1
384,Germany,Male,81,5,0.0,1,1,1,135837.07,1
524,Germany,Female,43,4,230920.0,4,1,1,15037.42,0
804,Spain,Female,74,10,0.0,4,1,1,153563.28,0
666,France,Female,60,8,109769.75,4,0,1,85468.7,0
596,Spain,Male,65,5,0.0,4,0,1,110799.6,0
515,France,Female,30,6,195418.68,2,1,0,62443.73,0
394,France,Female,63,6,17383.71,1,1,0,131852.56,0
405,Spain,Female,29,9,175744.51,2,1,1,151214.05,0
709,Germany,Male,34,10,0.0,2,0,0,17032.41,0
487,France,Female,44,4,109799.18,2,0,1,177542.47,0
387,France,Female,33,4,3316.34,4,1,1,117652.04,0
569,Germany,Male,85,7,61842.13,4,0,0,129904.18,0
548,Spain,Male,20,3,235261.5,1,1,0,105345.73,0
829,Germany,Female,84,1,29504.89,4,1,0,18678.14,1
465,France,Female,29,3,0.0,2,1,1,89158.54,0
484,France,Male,82,3,0.0,1,1,1,35337.7,0
432,France,Male,42,6,215756.43,2,0,0,102179.58,0
444,France,Female,86,8,115098.01,1,1,1,180267.88,0
617,Germany,Male,58,1,1348.75,1,1,1,94247.22,0
461,Spain,Male,54,0,145942.63,2,0,1,41834.96,0
710,France,Female,27,1,204190.47,1,1,0,101057.82,1
759,Spain,Female,50,10,71517.7,1,1,1,67551.49,0
594,Germany,Male,59,2,43183.86,1,1,0,185746.36,0
469,Spain,Female,90,5,226164.68,4,1,1,85233.61,1
761,France,Female,37,5,0.0,1,1,1,159391.42,0
834,France,Female,24,3,0.0,4,1,1,96364.39,0
809,France,Female,36,9,0.0,4,0,1,47225.05,0
810,France,Male,35,0,0.0,2,0,0,132653.86,0
754,France,Female,88,5,236022.15,1,1,0,3784.11,0
719,France,Male,29,4,25790.25,2,0,1,163294.41,0
829,France,Female,91,8,109103.73,1,1,0,178408.0,1
520,France,Female,26,2,169804.19,1,1,1,109533.46,0
815,Spain,Female,78,10,0.0,4,1,0,49518.83,0
360,Spain,Male,48,8,0.0,1,1,1,34872.71,0
767,France,Female,22,8,0.0,4,0,0,144298.59,0
517,Spain,Male,63,5,151421.86,3,0,0,42891.38,1
496,France,Male,71,7,70634.79,2,1,1,102207.96,0
688,France,Female,80,2,0.0,2,1,0,172587.54,1
437,Spain,Female,31,0,0.0,2,1,1,152815.81,0
846,France,Male,63,8,156726.46,2,1,0,2947.19,0
714,France,Female,60,4,0.0,2,1,1,140706.69,0
359,France,Female,50,3,0.0,2,0,0,2398.84,0
773,Germany,Male,84,2,28647.16,4,1,1,64825.47,1
404,Germany,Female,49,6,210043.79,4,1,1,74872.22,1
762,France,Male,46,5,205078.39,4,1,1,94397.43,0
757,France,Male,56,7,153325.67,4,1,0,130966.89,0
672,France,Male,86,10,142835.54,2,1,0,198133.8305,1
650,Germany,Female,82,9,34082.45,4,1,0,35416.56,1
765,France,Female,70,3,111682.88,2,1,1,134248.48,0
776,Spain,Male,23,2,120966.32,1,1,1,36314.89,0
704,Germany,Male,40,1,115353.74,3,1,0,66488.92,0
435,France,Female,19,6,60522.9,4,1,1,162827.49,0
683,Germany,Female,25,9,30952.92,4,1,1,14344.8,0
450,France,Female,79,2,0.0,1,1,1,3990.36,1
373,France,Female,78,10,139086.16,1,1,1,72076.0,1
426,France,Female,25,4,215642.35,1,1,1,87945.47,0
580,France,Female,51,8,167996.27,4,0,1,82369.49,1
832,Germany,Male,38,3,0.0,3,1,0,117338.74,0
366,Spain,Male,23,1,53999.4,4,0,0,146966.69,0
387,France,Male,46,5,26508.55,1,1,0,128556.17,1
396,France,Female,25,6,153467.57,3,1,0,147656.98,0
445,Germany,Female,72,5,137336.63,2,1,1,103998.3,0
621,France,Female,89,4,24115.78,3,1,1,88367.82,0
761,France,Male,49,7,152823.84,3,0,0,26190.52,1
373,Spain,Male,35,6,0.0,3,1,0,197128.84,0
753,Spain,Female,54,1,0.0,1,1,1,131345.54,0
807,Spain,Male,89,7,246307.14,4,0,1,46047.65,1
389,France,Female,29,3,138929.09,4,1,1,137475.6,0
575,France,Male,68,8,82441.82,3,0,0,107533.83,1
758,France,Female,24,5,24513.95,1,0,1,80791.64,0
700,Spain,Female,40,2,0.0,4,1,0,123022.55,1
442,France,Male,50,1,235644.79,3,1,1,44552.64,0
424,France,Male,46,10,0.0,4,1,1,194330.41,1
573,France,Female,31,7,0.0,3,1,0,87565.32,0
774,Spain,Male,75,2,161386.89,3,0,0,114345.48,1
825,Spain,Female,67,5,27789.2,4,0,1,20582.89,0
589,Germany,Male,50,1,0.0,1,1,0,175906.9,1
615,France,Male,48,9,54660.5,1,1,1,136083.96,0
629,Germany,Male,23,9,56315.96,2,1,0,19888.3,0
595,France,Male,66,8,150765.42,3,0,1,85537.92,0
674,France,Male,35,5,0.0,2,0,1,52156.05,0
487,France,Male,40,1,137588.24,2,0,0,96812.04,0
620,Germany,Female,81,5,0.0,1,0,1,83282.18,0
657,France,Female,65,5,0.0,3,0,1,155345.64,0
632,Spain,Male,69,3,0.0,3,1,0,113559.48,0
838,France,Male,37,4,0.0,3,1,1,88252.36,0
723,France,Female,55,0,0.0,3,1,0,34831.16,1
717,Germany,Female,19,5,0.0,4,0,0,189084.27,1
754,Germany,Male,36,2,214140.6,1,0,1,60659.24,0
614,France,Female,77,9,0.0,3,1,0,12427.29,1
503,Germany,Male,53,8,0.0,3,1,1,59323.06,0
618,France,Female,64,6,29488.53,2,1,1,36718.79,0
811,France,Female,76,2,144471.94,1,1,0,73427.09,0
790,Germany,Female,87,7,190045.22,4,1,0,163447.56,0
527,Germany,Female,24,10,0.0,4,0,1,75648.27,0
592,France,Male,60,6,125696.15,2,0,1,91715.91,0
486,France,Female,91,8,160623.81,3,0,1,159044.14,1
356,Germany,Female,32,9,0.0,1,1,1,101731.46,0
506,France,Male,81,9,173376.79,1,0,1,144987.48,0
400,Spain,Male,60,1,85656.59,4,1,0,96521.4,1
529,Germany,Female,41,9,155754.68,4,1,1,68966.23,1
376,Spain,Male,75,8,0.0,1,0,1,100632.28,0
508,France,Female,82,7,0.0,1,1,0,195698.35,0
707,Spain,Male,28,2,159723.79,1,1,1,21574.83,0
772,France,Male,68,5,87894.86,1,1,0,177179.85,0
794,France,Male,87,9,180310.16,2,1,1,125142.26,0
631,France,Female,67,10,0.0,2,0,0,193615.2,0
623,France,Female,58,1,0.0,3,1,1,49960.7,0
834,Spain,Male,28,4,90641.76,1,1,1,76312.61,0
628,Germany,Female,51,6,38117.0,4,0,1,21930.89,0
392,Germany,Male,85,1,169224.91,4,1,0,10498.22,0
818,Germany,Female,77,2,0.0,3,1,0,92914.72,0
657,Germany,Female,51,6,33227.17,4,1,1,17929.68,0
683,Germany,Male,40,7,140364.31,1,1,1,120519.63,0
398,Spain,Female,77,1,246427.5262,4,1,1,112772.44,1
585,Germany,Male,89,4,12832.42,2,1,0,189065.4,1
579,Germany,Female,40,7,128879.59,2,1,1,182289.93,0
758,France,Male,78,10,233956.4,3,1,1,58998.55,0
541,Spain,Female,40,10,239781.84,2,1,0,184849.18,0
521,France,Female,79,3,0.0,1,0,1,10920.15,1
691,France,Male,89,7,42901.53,2,1,0,146584.01,0
357,Spain,Male,67,6,0.0,4,0,1,116091.51,0
723,France,Female,54,2,0.0,1,0,1,71011.39,0
355,France,Male,41,5,0.0,4,1,0,164309.28,0
469,France,Female,22,1,148990.03,4,0,1,70689.51,0
599,France,Male,21,1,192060.07,2,1,1,106080.37,1
447,Spain,Male,79,3,158539.35,1,1,1,137066.73,0
367,Spain,Female,66,2,0.0,4,0,1,53561.01,1
560,France,Male,34,1,0.0,2,0,0,23298.05,1
704,Spain,Male,58,0,0.0,1,1,0,138983.39,1
471,Germany,Female,83,6,0.0,3,0,1,37150.21,1
487,Spain,Male,65,0,0.0,2,1,0,42454.36,1
688,France,Male,85,8,0.0,3,1,1,40006.84,0
824,France,Female,26,0,84042.3,1,1,0,149479.63,0
609,France,Female,23,7,57989.32,4,0,1,62926.35,1
630,France,Male,67,1,164519.89,1,1,1,148120.42,1
764,Germany,Male,61,6,21056.43,4,1,1,113498.42,1
383,France,Female,68,1,196812.74,4,1,1,101426.15,1
841,Germany,Female,90,4,56721.17,2,1,0,180823.13,1
588,Germany,Male,26,7,148368.8,3,1,1,115602.28,0
539,France,Female,86,1,75890.49,4,1,1,47334.68,1
659,France,Female,22,1,0.0,3,1,1,196719.75,0
806,Germany,Female,56,7,0.0,4,1,0,62055.16,0
819,Spain,Female,79,7,0.0,4,1,1,94776.52,0
739,France,Female,68,4,8272.67,4,1,1,75329.53,0
592,Spain,Male,34,1,19348.14,4,1,0,147841.07,0
424,Spain,Male,62,3,0.0,4,0,0,92873.41,0
445,Germany,Female,84,2,114754.96,1,1,1,70018.83,1
768,France,Female,33,7,20820.23,3,1,0,129466.07,0
412,Germany,Female,87,3,103167.31,3,1,1,98460.61,1
591,Spain,Female,66,4,174463.83,1,1,1,3519.42,0
554,France,Male,24,2,219967.16,3,0,0,128987.03,0
705,Spain,Female,42,1,55357.94,4,1,1,31826.51,0
521,Spain,Male,81,8,219166.98,3,1,1,192109.72,0
702,France,Female,43,5,244521.02,2,1,1,148866.16,0
604,Germany,Male,88,6,0.0,2,0,1,74726.28,1
793,Germany,Female,49,3,184305.14,4,0,0,12048.92,0
443,Spain,Female,43,0,120759.37,2,1,1,65542.98,0
731,Spain,Female,81,8,18711.99,3,1,0,130288.09,0
711,France,Female,76,7,0.0,4,0,0,179730.49,1
763,France,Female,35,0,0.0,2,0,1,149535.76,0
595,France,Male,75,9,80693.76,1,0,1,154033.98,1
510,Spain,Female,36,9,48935.26,4,1,0,26077.02,0
609,France,Male,84,9,16371.17,2,1,0,45879.95,0
837,Spain,Female,18,5,0.0,2,0,0,158090.69,0
447,France,Male,67,7,231192.23,4,1,1,75279.69,0
681,France,Male,29,0,10235.34,1,1,0,171679.87,0
462,Spain,Female,68,6,152886.96,3,0,0,8089.91,1
737,Germany,Male,90,1,208890.5,4,0,1,123404.47,1
562,France,Male,67,10,94925.63,4,0,0,101788.06,1
780,France,Female,50,10,0.0,2,1,1,160968.72,0
431,France,Female,78,1,0.0,1,1,1,33914.46,1
412,France,Male,32,5,16349.9,4,0,1,39624.63,0
826,France,Male,58,6,0.0,1,1,0,98542.81,0
518,Germany,Male,89,8,0.0,4,1,1,120851.78,0
392,France,Female,44,5,171242.37,3,1,0,32502.82,0
768,France,Male,20,9,77524.39,2,1,1,181262.89,0
557,France,Female,50,3,200625.74,2,1,0,168619.28,1
811,France,Female,53,3,146759.02,3,1,0,25135.0,1
569,Spain,Male,78,8,0.0,4,0,1,169909.32,0
728,France,Female,77,6,0.0,1,0,1,182898.2,0
639,France,Female,43,0,181213.38,1,1,1,48907.87,0
591,Germany,Female,75,7,0.0,4,0,0,172922.84,1
593,Spain,Female,28,3,110479.2,2,1,1,112620.31,0
475,Spain,Female,32,9,0.0,2,1,1,160481.16,0
719,Spain,Female,62,9,180502.09,1,1,1,120510.74,0
613,Spain,Female,70,4,173072.48,2,1,1,59619.98,0
355,Germany,Male,77,9,1987.77,3,0,1,138453.88,0
549,Spain,Male,64,10,4330.37,4,1,0,139933.51,0
553,France,Female,27,8,0.0,1,1,1,144235.57,0
793,Spain,Male,67,6,0.0,2,1,0,152023.03,0
563,Spain,Male,49,10,193212.26,3,1,1,129270.79,0
634,Spain,Male,37,9,136723.66,4,0,0,86820.32,1
391,France,Male,43,5,126223.89,2,1,1,66505.23,0
546,Spain,Male,77,0,21399.85,2,0,0,181921.4,1
492,France,Female,31,6,193655.82,4,1,0,162809.86,1
599,Germany,Female,59,5,23211.09,4,0,1,167041.8,0
800,France,Male,24,4,55453.43,4,0,0,18265.77,1
817,Germany,Male,71,1,0.0,3,1,1,81302.27,0
493,Germany,Female,29,7,173144.29,3,1,1,70860.73,0
657,France,Female,87,10,0.0,3,0,1,175166.42,0
828,France,Male,83,6,0.0,3,0,0,66276.26,0
464,France,Female,81,2,0.0,1,1,0,188075.22,0
569,Germany,Male,43,0,0.0,4,0,0,161942.96,0
600,Germany,Male,75,7,61690.19,3,1,1,173733.18,1
355,Germany,Female,27,1,0.0,2,1,0,21294.71,0
583,France,Female,39,0,89850.76,3,0,0,195176.21,0
410,Spain,Female,27,2,147157.8,1,0,0,73973.74,1
505,Germany,Female,22,2,0.0,3,1,1,16060.29,0
407,France,Female,45,3,0.0,2,1,1,124709.56,0
718,France,Female,60,3,0.0,4,1,1,172919.03,1
768,France,Female,81,2,21280.12,1,1,1,145606.31,0
484,France,Female,20,8,29595.04,3,1,0,141060.13,0
370,France,Male,48,9,0.0,2,1,0,188234.54,0
596,France,Female,70,2,0.0,2,0,1,193450.42,0
407,France,Female,32,4,0.0,2,0,0,164780.24,1
570,France,Female,72,8,208134.67,4,1,0,156810.95,0
622,France,Female,60,10,212263.78,1,0,1,70101.98,0
583,Spain,Female,59,8,178288.8,3,1,0,92542.13,0
611,Germany,Male,27,6,89120.57,1,1,1,105988.47,1
633,France,Male,30,10,0.0,4,0,1,95817.94,0
431,Germany,Female,82,7,143651.65,2,1,0,161406.72,1
692,Germany,Female,82,7,165586.38,4,1,0,198133.8305,1
684,France,Female,51,0,21970.93,2,1,0,41148.14,0
421,France,Female,62,7,218679.2,1,1,0,157749.74,1
567,France,Female,58,3,87170.01,3,1,1,122214.41,1
494,Germany,Male,56,6,67306.32,2,0,1,145329.24,0
549,France,Male,70,6,0.0,1,1,0,100123.3,1
737,France,Male,60,1,0.0,1,1,0,139221.93,1
648,Germany,Male,27,5,246427.5262,2,1,1,125074.4,0
804,Spain,Male,24,5,0.0,3,1,0,131150.98,0
635,France,Female,80,0,0.0,4,1,0,190193.39,0
372,Germany,Male,72,9,0.0,2,1,0,9168.45,1
706,France,Female,32,10,145310.15,4,1,1,59211.33,0
386,Germany,Male,22,0,200129.62,3,1,0,128886.75,0
521,Germany,Male,34,1,226322.35,3,1,0,76455.28,0
817,Germany,Male,60,1,37502.21,1,1,1,89991.17,0
845,France,Female,61,4,0.0,4,0,0,85364.81,0
424,France,Female,30,6,100403.62,3,0,0,155642.91,0
843,Spain,Female,31,2,0.0,4,1,1,11402.68,0
840,France,Female,33,9,0.0,1,0,1,89989.66,0
790,Spain,Female,50,3,86251.06,4,1,0,133390.36,0
764,France,Female,35,3,0.0,2,0,0,81878.36,0
387,France,Female,51,6,0.0,2,1,1,13003.22,0
410,France,Male,19,9,93005.52,3,1,0,189958.3,0
657,France,Male,87,2,170178.45,1,1,0,75807.9,0
401,Spain,Female,83,3,213008.63,3,1,0,188064.49,1
475,France,Male,43,3,83987.85,2,1,1,184281.39,0
839,Germany,Male,77,5,0.0,3,0,0,27327.05,1
806,Germany,Female,57,4,172958.48,3,1,1,127606.99,0
477,Spain,Male,20,10,107455.54,3,1,1,57377.18,0
619,Germany,Female,39,1,44416.99,4,1,1,41201.82,0
619,Spain,Female,22,4,213541.49,1,1,1,112307.35,0
481,Spain,Female,70,2,0.0,4,1,1,107283.94,0
468,France,Female,75,6,61585.7,3,1,0,176948.54,1
569,Spain,Female,63,8,0.0,4,1,1,135415.56,0
650,Spain,Female,18,10,0.0,2,0,1,146679.07,0
752,France,Male,35,4,0.0,3,1,0,158184.44,0
770,Germany,Female,52,2,0.0,1,1,1,13531.57,0
360,France,Male,28,10,45809.09,2,1,1,72533.92,0
679,Germany,Female,25,1,16979.05,4,1,0,122271.38,0
658,France,Male,40,1,227355.49,4,0,1,155189.17,0
373,Germany,Female,61,10,11182.62,4,0,0,161163.48,1
768,France,Male,24,9,15419.76,4,0,0,174289.0,0
648,Germany,Female,91,6,0.0,1,1,0,134988.9,1
710,France,Male,51,3,223435.98,2,1,0,28219.73,1
681,Germany,Male,30,10,177428.16,1,1,1,55510.16,1
517,France,Male,19,10,0.0,3,1,0,121382.02,1
450,Germany,Male,88,9,67662.54,4,1,1,126265.57,0
539,France,Female,61,8,240344.47,4,1,1,1832.1180000000008,1
731,France,Female,82,6,175020.63,4,1,1,99191.21,1
669,France,Male,75,4,206951.14,2,0,1,195653.78,0
664,Spain,Female,90,5,111591.92,2,0,0,11830.81,1
415,France,Female,83,5,194130.81,3,1,0,73721.95,1
355,Germany,Male,74,5,245192.88,4,1,1,117425.29,1
684,France,Female,80,9,89180.03,4,1,1,187403.63,0
826,Germany,Male,81,1,0.0,1,1,1,14942.36,1
529,France,Male,36,0,10736.92,2,0,0,167252.05,0
573,France,Male,62,4,184255.63,1,1,1,61678.6,0
829,France,Male,90,2,60167.48,1,1,0,59768.16,1
466,France,Male,82,9,63477.81,1,1,1,54408.13,0
611,France,Male,25,9,158001.8,3,0,1,177206.45,0
393,France,Male,26,10,184707.11,3,1,0,33149.61,0
482,Germany,Male,32,4,101869.05,2,0,1,14556.85,0
537,Spain,Female,72,10,236135.43,3,1,0,159221.83,1
693,France,Female,47,1,0.0,3,0,1,174550.2,0
504,Spain,Male,64,10,131837.5,3,1,0,51416.13,0
580,France,Female,28,2,154332.41,4,1,0,194638.35,1
499,France,Male,22,0,154345.33,1,0,0,186529.32,0
420,France,Female,75,9,0.0,4,1,1,24271.48,0
747,France,Male,39,5,158470.82,1,1,0,31132.56,0
687,France,Female,21,4,0.0,1,1,1,75908.47,0
673,Spain,Female,33,2,203520.52,3,1,0,134454.82,1
642,Germany,Male,41,4,244362.7,2,1,0,1832.1180000000008,0
416,Germany,Male,47,6,234924.6,3,0,0,122437.92,1
608,France,Male,84,1,129981.88,4,1,0,171184.98,1
704,France,Male,32,10,0.0,2,1,1,95625.06,0
597,Germany,Male,62,7,100607.17,4,0,0,16053.99,1
712,France,Female,38,9,0.0,3,1,1,38005.33,0
514,France,Male,54,0,0.0,1,0,1,123120.36,0
607,France,Female,39,9,0.0,2,1,1,123363.46,0
540,France,Male,43,9,228633.79,1,1,0,29116.23,0
846,Germany,Male,62,4,168750.87,4,0,1,124964.35,0
439,France,Male,61,6,4319.94,2,0,0,61509.85,0
492,France,Female,27,5,130671.69,4,1,0,20588.8,0
691,Spain,Male,29,9,91472.09,1,1,1,111089.32,0
379,Spain,Male,35,3,202193.86,2,1,1,136846.74,0
606,France,Male,84,10,28711.11,4,1,1,52502.81,1
364,France,Female,41,6,151015.76,4,1,1,155202.25,0
614,Spain,Male,60,0,178017.55,1,1,1,12843.64,1
510,France,Male,51,3,148863.72,2,1,0,53893.26,1
445,France,Female,44,1,68608.77,4,1,0,88998.67,1
599,France,Female,20,8,198297.59,2,0,1,96578.19,0
515,France,Male,50,4,198398.59,2,0,1,123618.2,0
389,Spain,Female,91,5,90232.41,3,0,0,62637.66,1
616,Spain,Female,87,3,0.0,4,1,1,32450.51,1
633,Spain,Female,40,7,165973.77,4,0,0,193569.5,1
681,Germany,Male,57,10,91954.86,4,0,1,23133.84,0
801,Germany,Female,39,9,86337.33,1,1,1,1832.1180000000008,0
701,Spain,Male,86,10,112639.62,4,1,1,108615.31,0
749,Germany,Male,59,3,0.0,1,1,1,30604.12,0
674,France,Male,86,7,0.0,4,1,1,132211.03,0
686,France,Female,81,6,0.0,4,1,1,131499.59,1
747,Germany,Female,42,3,178365.73,1,1,0,100607.49,1
681,France,Male,51,9,22058.6,2,1,1,67389.05,0
601,France,Female,60,10,84446.25,4,0,1,137837.21,0
715,France,Male,36,10,47403.42,4,1,1,118440.02,0
833,Germany,Female,79,10,0.0,4,1,1,55730.91,0
597,France,Female,59,1,149535.19,2,1,0,22862.66,0
463,France,Female,33,1,245613.53,1,1,1,26468.84,1
551,France,Female,53,7,111924.1,4,1,1,114277.66,0
357,France,Female,78,7,0.0,4,1,0,90780.35,0
503,Spain,Female,49,4,0.0,1,1,0,135304.45,0
794,France,Female,70,1,91736.0,3,0,1,9037.86,0
399,France,Female,90,3,44495.98,4,1,1,194287.38,1
794,France,Male,42,1,92747.16,2,1,0,111456.96,0
631,Spain,Female,91,1,59545.92,4,0,1,42429.97,1
509,Germany,Male,48,2,49303.13,2,0,1,40690.67,0
586,France,Female,59,6,120910.07,4,1,0,175089.24,0
790,France,Female,75,5,0.0,2,1,0,16711.64,0
409,Germany,Female,23,3,221416.17,1,0,1,21488.42,0
633,Spain,Female,69,5,0.0,4,1,1,156238.43,1
484,France,Female,59,7,0.0,2,1,1,189481.08,1
621,France,Female,66,1,0.0,2,1,1,88172.45,0
744,France,Male,88,3,0.0,1,1,0,19371.37,0
811,France,Male,53,2,0.0,2,1,0,137868.1,0
478,Germany,Female,86,0,123508.99,4,1,1,54409.0,1
682,Spain,Male,60,1,217533.99,2,0,1,189842.52,0
563,Spain,Female,33,8,176656.82,2,0,0,180265.35,0
601,Spain,Female,66,9,0.0,2,0,1,175896.07,0
430,France,Female,32,1,21035.38,3,0,0,1832.1180000000008,0
779,Spain,Female,84,8,234066.04,4,1,0,187930.64,0
435,France,Male,29,2,0.0,1,0,1,136920.17,0
369,France,Male,54,1,114591.41,2,1,1,9715.0,1
728,Germany,Male,78,2,165456.2,3,1,0,143675.32,0
553,France,Female,18,10,76197.99,2,0,0,183990.49,0
383,Spain,Male,54,3,175349.67,3,1,0,68930.56,0
691,Spain,Female,55,8,0.0,2,0,0,135848.31,0
492,Spain,Male,43,5,0.0,1,1,0,66494.68,0
839,Spain,Male,67,4,110151.09,4,0,1,131098.31,0
841,France,Female,42,8,113888.53,3,1,1,105387.54,0
625,France,Male,45,10,235689.9,1,1,0,25852.81,1
588,Spain,Male,38,7,0.0,1,1,1,1832.1180000000008,0
572,Germany,Male,64,9,0.0,2,0,0,152820.62,0
653,Spain,Male,83,1,69616.98,4,1,0,44353.0,1
805,France,Female,31,9,74843.7,2,1,0,81851.73,0
671,France,Female,48,2,0.0,4,1,1,178755.39,0
399,France,Female,34,2,0.0,2,1,0,169292.62,0
448,Germany,Male,36,9,120672.91,1,1,1,127502.03,0
665,Spain,Female,89,5,0.0,1,1,0,55373.36,1
535,Spain,Male,70,2,0.0,2,1,1,24926.22,0
590,France,Male,87,0,0.0,1,1,0,35789.57,1
550,France,Female,65,2,45771.69,3,1,1,189796.03,1
648,France,Female,67,9,0.0,4,1,1,126142.75,1
465,France,Female,70,0,0.0,4,1,1,82689.61,0
386,France,Male,66,10,158211.9,2,1,1,188904.17,1
467,Germany,Female,78,8,117622.72,4,1,1,106596.49,1
684,France,Male,42,2,34714.47,4,1,1,80554.73,0
654,France,Female,25,8,115021.68,2,0,1,25204.27,0
755,Germany,Female,54,5,240421.79,2,1,1,16920.58,0
404,Spain,Female,18,3,187032.64,2,1,0,133960.22,0
420,France,Male,21,5,0.0,2,1,1,11059.82,0
414,France,Male,21,0,0.0,1,1,1,16417.69,0
631,Germany,Female,23,9,207180.28,4,1,1,192299.53,0
637,Spain,Female,70,8,0.0,2,0,1,118629.22,0
429,Spain,Female,62,1,0.0,1,1,0,178852.93,0
575,France,Female,87,1,0.0,4,0,0,33896.17,1
375,Germany,Male,39,4,199723.59,1,0,1,190030.11,0
656,Spain,Female,42,5,246427.5262,4,1,1,141394.16,0
635,France,Female,54,8,0.0,1,1,0,63117.98,1
363,France,Male,75,9,0.0,2,1,1,181121.59,1
394,Spain,Female,86,0,0.0,3,0,1,20936.23,0
703,France,Male,71,2,0.0,1,0,1,178956.68,0
800,Germany,Female,55,6,0.0,3,1,0,132207.53,0
775,Spain,Male,90,4,0.0,3,0,1,101722.53,0
634,France,Female,31,10,133962.0,4,0,1,176092.27,0
612,Germany,Female,52,7,185976.66,2,1,1,2735.91,0
755,France,Female,36,3,0.0,4,1,1,111272.53,0
771,Spain,Female,30,7,0.0,4,0,0,101592.29,0
804,Spain,Female,47,4,103309.84,4,1,0,31043.81,0
550,Spain,Male,74,5,0.0,3,1,1,51914.0,1
588,France,Female,41,7,0.0,1,0,1,36833.08,0
389,Spain,Female,78,4,0.0,3,0,1,49288.25,0
437,Spain,Female,63,7,24005.86,3,0,0,140770.16,0
539,Germany,Female,70,4,0.0,2,1,1,193011.05,0
755,Germany,Female,35,6,0.0,3,1,1,129979.72,0
573,France,Female,81,5,103226.93,3,1,0,110406.12,0
644,Spain,Male,33,6,0.0,3,1,0,98495.85,0
783,France,Male,45,3,125070.36,3,1,1,27996.82,0
588,France,Male,75,1,10117.66,3,0,1,150059.8,0
517,Spain,Female,69,2,0.0,3,1,0,182360.25,1
715,Spain,Female,40,3,0.0,2,1,0,74649.61,1
507,Spain,Female,37,3,171975.26,3,1,1,23269.3,0
544,France,Male,50,4,0.0,1,0,1,139660.79,1
794,France,Female,51,5,0.0,4,1,0,149194.02,0
569,France,Male,22,2,0.0,4,1,1,28379.31,1
475,France,Female,35,4,190141.91,2,0,0,48280.19,0
768,Spain,Male,29,3,24217.87,1,1,1,68009.6,0
671,Germany,Female,29,6,186677.15,1,1,0,64704.8,0
734,France,Male,44,5,0.0,3,1,0,55146.78,0
513,France,Male,20,6,0.0,1,1,0,117260.6,0
741,France,Male,68,4,0.0,1,1,1,170247.52,0
826,Spain,Female,67,10,0.0,3,1,1,117338.02,0
431,Germany,Male,34,5,132410.87,2,0,0,32122.74,0
445,France,Male,82,6,61665.62,2,1,1,28266.72,1
632,France,Male,61,4,0.0,2,0,0,193384.72,0
712,France,Female,41,8,176646.18,3,1,1,1832.1180000000008,0
355,France,Male,32,6,0.0,2,1,0,186915.41,0
625,Spain,Female,49,1,246427.5262,1,0,1,93053.39,0
413,Germany,Female,89,8,0.0,2,1,1,1832.1180000000008,1
840,France,Female,18,8,61788.43,4,1,0,48902.84,0
713,Spain,Male,19,4,0.0,3,1,1,123228.59,0
846,France,Female,48,5,0.0,3,1,0,41492.54,0
459,France,Female,86,0,180859.05,2,0,0,184676.06,0
747,Germany,Male,38,9,64414.41,1,0,0,6184.75,0
541,France,Female,73,8,47062.52,3,0,0,67688.77,1
401,France,Male,60,10,108901.84,2,1,1,69108.39,0
590,Spain,Female,32,6,0.0,1,1,0,140329.5,0
584,Spain,Female,85,2,70979.13,2,1,0,197265.61,1
600,France,Female,30,3,0.0,1,1,1,189947.09,0
778,Germany,Male,55,10,0.0,4,1,1,83786.03,0
490,France,Male,67,0,154136.81,4,1,1,127439.08,1
669,Germany,Male,67,7,27826.34,4,1,1,183737.18,1
449,France,Female,81,0,218483.15,4,0,0,150009.06,0
790,Germany,Female,70,8,24199.9,4,1,0,30297.0,1
579,France,Female,66,6,99052.55,2,1,1,183878.09,0
750,Spain,Male,29,5,125245.41,2,1,1,89873.61,0
484,Spain,Male,40,7,145530.48,1,1,0,84704.49,0
506,France,Male,43,3,0.0,4,0,1,13473.68,0
842,Spain,Female,45,6,178271.0,1,1,0,171915.13,0
447,France,Male,26,8,85339.95,2,1,0,182890.5,0
631,Germany,Female,25,5,63172.58,2,1,0,179003.87,0
511,France,Female,50,0,113294.11,3,1,1,38767.71,0
545,France,Male,71,10,28358.12,4,1,0,21894.98,1
698,Germany,Male,83,5,241539.54,3,0,0,44470.62,0
741,France,Female,87,4,137524.4,4,0,1,50366.89,0
591,Germany,Female,53,0,36013.44,2,1,0,67142.94,0
669,Germany,Male,84,0,0.0,4,1,1,102098.13,1
371,France,Female,51,2,180094.87,1,1,1,197291.52,0
467,France,Male,53,10,0.0,2,1,0,73677.95,1
721,Germany,Male,33,7,0.0,1,1,1,44647.96,0
683,Germany,Female,64,4,125153.76,2,1,0,41285.4,0
372,France,Male,40,8,53187.88,4,0,1,118493.95,0
796,France,Male,53,4,197813.88,3,1,0,137775.15,0
555,Germany,Male,87,9,0.0,3,1,1,92065.5,1
502,Germany,Female,58,3,0.0,1,0,1,162974.33,1
581,Spain,Female,40,7,1680.23,4,0,1,3085.24,0
547,France,Female,67,4,152320.02,4,1,0,121990.91,1
602,Germany,Male,72,7,0.0,3,0,0,121104.78,0
432,Germany,Male,62,2,0.0,2,1,1,179772.4,0
419,France,Male,21,10,0.0,1,0,0,40913.12,0
845,France,Male,34,3,41909.31,2,0,0,74600.57,0
724,France,Male,27,5,0.0,1,1,0,98749.36,0
530,Spain,Female,88,7,219077.53,3,1,1,104794.6,0
775,France,Male,41,7,42721.07,3,1,0,56511.85,0
748,Germany,Male,53,6,0.0,1,0,1,101998.89,0
699,Germany,Female,84,9,7011.7,2,1,0,32559.22,1
711,France,Male,91,10,160472.28,3,1,1,74207.11,0
826,Spain,Male,34,8,136619.82,1,1,0,188869.82,0
767,Germany,Female,81,2,194567.97,4,1,1,37026.31,1
479,France,Female,71,8,0.0,2,0,0,27433.69,0
714,Spain,Male,63,5,88471.07,3,1,0,6021.33,0
430,Germany,Male,30,5,0.0,3,1,1,146421.67,0
601,France,Female,69,10,12768.4,3,1,0,123885.58,0
383,Germany,Female,63,5,0.0,3,1,0,40346.23,0
434,Germany,Male,51,9,229721.02,3,0,0,80798.05,0
711,France,Female,61,7,0.0,1,1,1,38399.75,0
536,Spain,Female,33,0,0.0,2,1,1,139730.35,0
431,Germany,Male,64,7,0.0,4,1,1,27568.47,0
840,Germany,Female,29,5,0.0,2,1,0,151085.5,0
820,France,Female,39,6,0.0,4,1,0,67991.07,0
464,France,Female,54,3,57533.94,3,0,0,95087.96,0
649,France,Female,29,2,42054.65,4,0,1,161407.41,0
497,Germany,Male,85,8,214583.08,1,1,0,106351.64,1
752,Germany,Female,83,2,117213.38,1,0,0,77240.3,0
694,Spain,Female,53,1,0.0,2,1,0,76629.22,0
567,France,Female,60,5,0.0,4,1,1,104576.16,0
816,Germany,Male,39,7,39182.51,3,0,0,32880.9,0
718,Spain,Female,33,2,30481.07,3,0,0,55516.11,0
425,Spain,Male,89,3,111691.64,1,1,1,111381.19,0
572,Spain,Male,48,4,0.0,1,1,0,40650.58,1
765,Spain,Male,88,10,105803.53,1,1,1,122658.52,0
619,France,Female,22,1,52997.19,3,1,0,51464.33,0
400,Germany,Female,25,10,54382.6,4,1,1,127358.52,0
737,Spain,Male,53,1,127477.25,4,1,1,24721.1,0
591,Germany,Female,75,6,3574.84,4,1,1,100453.28,0
469,France,Female,49,9,109737.04,2,0,1,150029.3,1
758,Spain,Male,80,9,8306.27,3,1,0,63086.83,0
793,France,Female,27,5,218283.73,1,0,1,152722.08,0
644,France,Male,81,5,155027.9,2,0,0,66079.53,1
708,France,Female,50,8,0.0,1,0,1,154537.63,0
470,France,Male,39,10,0.0,4,0,1,173423.96,0
724,France,Female,65,0,123154.08,3,1,0,9589.13,0
803,France,Male,75,2,127676.66,4,1,0,52887.74,1
469,Spain,Male,86,3,64031.82,4,0,1,193402.49,1
822,France,Female,24,9,98439.11,3,1,1,18727.01,0
395,Germany,Female,70,0,0.0,1,1,1,25989.78,0
573,Spain,Male,41,1,36800.11,1,0,1,3068.08,0
386,Spain,Male,55,0,155926.77,1,1,0,53212.34,0
574,France,Female,52,10,54224.83,4,0,0,117926.7,0
674,France,Female,74,0,111201.09,4,1,1,51099.41,1
786,Germany,Male,47,2,0.0,3,0,1,193738.11,0
425,Spain,Female,38,5,30447.43,4,1,1,92158.81,0
794,Germany,Male,54,3,19627.59,1,0,0,122448.59,0
846,France,Male,67,0,121014.81,4,0,0,45817.76,1
383,Germany,Female,80,4,0.0,1,1,0,126119.71,1
831,Germany,Female,18,8,230248.84,1,1,0,54449.83,0
804,Germany,Female,60,3,174499.05,4,1,0,187990.27,0
364,Spain,Male,23,5,224203.14,4,0,1,164176.54,0
381,Spain,Male,63,5,232076.13,1,1,1,2388.11,1
713,Germany,Female,64,2,4766.38,2,1,1,82308.02,0
560,Germany,Female,81,0,0.0,4,1,0,82983.88,0
480,Germany,Female,32,9,239618.99,3,0,1,108981.47,0
552,Germany,Male,76,10,113160.74,2,1,0,160795.84,1
520,France,Female,68,5,158996.91,2,1,0,174003.37,1
838,Germany,Female,67,9,86494.33,2,1,0,115702.97,1
470,Germany,Female,65,3,24664.39,4,0,1,139431.63,1
394,France,Male,58,10,65651.2,3,0,0,57041.44,1
766,France,Male,22,6,20136.04,2,1,1,17359.58,0
770,Germany,Female,78,8,0.0,4,1,1,1832.1180000000008,0
797,Germany,Male,47,7,163396.74,4,1,0,4591.96,0
836,France,Female,25,10,0.0,1,1,0,145678.07,0
370,France,Male,63,6,57215.9,4,0,1,41511.47,0
735,France,Female,88,9,0.0,4,1,1,141611.68,0
485,Spain,Male,70,10,0.0,4,0,0,18415.27,1
561,Spain,Male,36,8,200777.81,1,1,1,162396.75,1
574,Germany,Male,78,3,7747.25,2,1,0,125095.05,0
843,France,Male,80,1,203496.97,4,1,1,75831.2,0
611,Germany,Female,42,4,206815.58,2,1,1,164571.64,0
461,Germany,Female,56,7,201309.94,2,1,0,138976.67,1
393,Spain,Female,79,9,0.0,1,1,1,166923.18,1
645,France,Female,29,8,117106.49,2,1,1,142002.19,0
765,France,Male,44,7,0.0,2,1,1,9941.57,0
705,Germany,Female,51,5,217612.0,2,1,0,113707.28,0
817,France,Female,18,10,0.0,1,1,0,108674.31,0
370,Germany,Male,30,2,68677.34,1,1,0,164396.36,0
551,Spain,Female,63,8,0.0,3,1,1,35799.97,0
656,France,Female,37,6,0.0,1,1,0,45108.77,0
779,France,Male,35,5,121882.12,4,1,1,19109.2,0
506,Germany,Male,39,4,152153.11,1,1,1,90299.13,0
688,Spain,Female,27,6,0.0,4,1,1,1832.1180000000008,1
454,France,Female,65,10,113660.95,3,1,1,123857.51,0
646,France,Male,37,4,0.0,2,1,1,30344.83,0
738,Germany,Female,66,1,0.0,4,1,1,30250.28,0
760,France,Female,79,1,0.0,2,1,0,19808.18,0
576,Spain,Female,53,1,0.0,1,1,0,91464.38,0
586,Germany,Female,85,4,0.0,3,0,0,43127.41,0
791,France,Female,32,0,27837.66,2,1,0,7131.05,0
624,Spain,Male,89,3,126405.13,4,0,1,44239.84,0
525,Germany,Female,41,7,67531.48,3,0,1,145164.12,1
487,France,Male,40,7,145.52,1,1,1,1832.1180000000008,0
706,Germany,Female,90,7,0.0,2,1,0,50476.99,0
706,Spain,Female,51,7,156959.66,2,1,1,45416.8,0
619,Germany,Female,73,0,0.0,1,1,1,51768.76,1
429,France,Male,77,10,0.0,1,1,1,44111.41,0
430,Germany,Male,51,3,80916.64,1,1,0,70612.29,0
471,France,Female,41,0,30759.18,4,1,1,153575.67,0
355,Germany,Female,54,8,0.0,2,0,1,127596.53,0
590,Germany,Female,46,5,197219.63,2,0,1,65729.81,0
557,France,Male,48,3,0.0,2,0,1,143272.7,0
543,France,Male,35,4,0.0,4,1,1,66700.39,0
818,Spain,Female,85,6,225570.38,3,1,0,94698.46,1
470,France,Female,60,5,62414.34,4,1,0,120050.52,1
755,Spain,Female,76,0,228606.99,3,1,1,111426.92,0
446,Germany,Female,66,1,165649.76,4,1,1,75415.68,0
656,Germany,Male,44,10,0.0,4,1,0,52796.01,1
781,France,Male,41,5,125802.38,3,0,0,131141.16,0
769,France,Female,90,10,117180.05,2,1,1,79344.08,1
646,France,Female,19,7,18474.48,4,1,1,116053.7,0
453,Germany,Male,39,8,0.0,3,0,1,82565.7,1
539,Spain,Male,72,3,82743.82,2,0,0,158343.41,0
562,Spain,Male,58,9,50888.78,2,1,1,187913.07,1
773,France,Female,63,7,0.0,2,1,0,188727.83,1
539,France,Female,19,8,6109.32,2,0,0,7237.42,0
763,France,Male,34,2,244596.98,2,1,1,94748.46,0
826,Spain,Female,62,6,0.0,3,1,0,72838.99,0
405,France,Male,41,4,246172.47,3,0,1,18092.0,1
818,France,Female,52,9,0.0,1,1,1,167717.2,0
634,Germany,Female,88,9,47958.13,1,1,1,133560.35,1
651,Germany,Male,65,3,36325.28,3,0,1,113866.01,0
503,France,Female,64,0,50201.14,3,1,0,184006.87,0
517,Germany,Male,32,2,0.0,1,1,0,128635.33,0
620,France,Male,62,3,51247.88,4,0,0,184072.05,0
449,France,Male,89,0,207005.37,4,1,1,134052.91,0
709,France,Female,65,10,91758.01,1,0,0,15629.3,0
684,France,Female,76,5,131736.31,1,1,1,3548.64,0
355,Spain,Female,88,1,125307.72,1,1,1,175156.64,0
455,Germany,Female,84,6,164884.3,3,1,1,107110.85,1
607,Spain,Male,43,4,246427.5262,4,0,1,66300.37,0
721,France,Female,39,1,110890.73,2,1,1,120090.01,0
496,Germany,Female,38,4,80662.53,4,1,1,87374.4,1
794,Spain,Male,74,6,0.0,1,1,0,59085.56,0
617,France,Female,45,7,0.0,1,0,1,70116.79,0
620,Spain,Male,78,2,195233.18,2,0,1,124739.03,1
405,Germany,Female,77,6,199417.47,2,0,1,127689.46,1
664,Germany,Female,67,8,101831.04,4,0,1,186595.11,1
759,France,Female,26,6,0.0,2,1,1,159207.95,0
455,Germany,Male,70,10,87952.75,2,0,1,149471.87,1
622,Germany,Female,33,10,154713.05,1,1,1,158598.76,0
355,Spain,Female,58,5,206434.9,2,1,0,3413.08,1
455,Spain,Female,34,4,0.0,1,0,1,196103.8,0
385,France,Female,22,5,0.0,2,1,0,191472.78,0
735,Spain,Female,65,5,0.0,1,1,0,46371.57,1
846,Spain,Female,51,1,0.0,2,0,0,168318.22,0
368,Germany,Male,65,10,152591.79,3,1,1,75865.45,0
701,France,Male,54,6,193939.49,4,0,0,143273.84,1
647,France,Male,45,1,13036.96,2,1,1,52928.51,0
701,France,Male,19,9,63427.77,4,0,1,188307.45,0
601,France,Female,38,10,6314.4,2,1,1,179270.89,0
846,Spain,Female,83,6,1603.22,1,1,1,163217.39,1
369,France,Female,73,10,119404.29,2,1,1,11721.42,0
424,Germany,Female,52,10,175168.62,1,1,0,13790.63,1
475,Germany,Male,20,10,95759.85,1,0,1,105663.92,0
742,Germany,Male,90,10,0.0,3,0,1,175901.32,1
388,France,Male,72,0,0.0,3,1,1,43983.04,0
411,Germany,Female,19,0,0.0,2,1,1,26044.57,0
716,Germany,Male,33,6,90647.67,3,1,0,91648.79,0
559,Germany,Female,30,8,0.0,1,0,1,186759.75,0
703,France,Female,84,9,32485.52,4,1,0,188964.4,1
533,Germany,Male,88,7,204527.01,2,1,1,186201.92,0
394,France,Female,48,3,129515.02,1,1,0,101849.11,0
649,Germany,Female,31,10,0.0,3,0,0,187504.6,0
404,France,Female,65,6,101342.71,1,1,1,196322.63,0
589,France,Male,38,7,218249.89,4,1,1,181980.06,0
791,Spain,Male,26,2,0.0,3,1,1,87448.73,0
441,France,Female,37,8,26973.08,1,1,1,50124.81,1
450,Spain,Female,36,1,0.0,2,1,1,150369.77,0
825,Spain,Female,21,9,45741.51,4,1,0,52538.27,1
502,France,Male,69,9,199963.07,3,1,0,70655.6,1
536,France,Male,44,7,83716.06,3,1,1,107414.16,0
692,France,Male,58,10,189106.15,3,1,1,172377.51,0
414,Spain,Female,58,10,0.0,2,1,1,96025.41,0
380,Germany,Male,75,0,134251.25,2,1,1,15722.64,0
772,France,Female,74,2,0.0,2,1,1,115980.65,0
824,Germany,Female,59,1,166263.94,2,0,1,15536.84,0
844,France,Male,80,3,0.0,2,1,1,47483.66,0
361,Germany,Female,60,6,164736.28,2,0,0,22199.31,1
615,Germany,Male,19,1,146317.49,4,0,1,115951.26,1
775,France,Male,81,0,201794.44,2,1,1,49239.09,1
773,Spain,Female,74,7,75005.02,1,1,0,123099.44,0
530,France,Male,49,6,45390.99,1,1,0,132388.7,0
595,Germany,Female,46,4,183790.01,1,1,0,95116.84,1
425,Germany,Female,84,7,134957.18,1,1,1,1832.1180000000008,1
419,Spain,Female,49,6,0.0,4,1,0,6160.34,0
539,France,Male,45,4,0.0,3,1,0,96378.08,1
465,Spain,Female,72,0,0.0,2,1,1,42021.06,0
837,France,Male,42,8,136889.74,1,1,0,96476.37,0
390,Spain,Female,47,6,188531.25,2,0,1,115343.1,1
615,France,Male,75,1,83583.27,2,0,1,93281.54,0
628,Germany,Female,34,2,3690.36,2,0,1,107561.85,0
379,France,Male,18,3,0.0,2,1,0,193259.23,0
570,Spain,Female,42,1,195374.48,1,0,1,126452.81,0
821,Spain,Male,30,8,2009.62,2,1,0,39335.0,1
404,France,Female,44,10,215899.3,1,1,1,32425.39,0
421,Germany,Female,23,0,220359.64,1,1,1,190230.0,0
432,Germany,Male,61,2,80161.36,4,0,1,196094.08,0
377,France,Male,55,3,4311.56,4,0,1,91662.58,0
793,Germany,Male,38,10,0.0,4,1,1,172309.26,0
372,Germany,Male,64,6,17629.51,1,1,1,127460.74,0
490,Germany,Female,28,10,58051.1,3,1,0,8839.05,0
763,France,Female,18,2,0.0,4,1,0,154611.96,0
846,Spain,Female,53,0,204133.64,2,0,1,73881.98,1
426,France,Male,29,5,0.0,4,1,1,115480.79,0
530,Germany,Male,81,8,170294.09,4,0,0,178053.15,1
439,France,Female,40,9,0.0,1,0,1,105356.82,0
446,France,Male,49,5,0.0,4,1,0,117129.11,1
823,France,Male,39,2,159422.23,1,1,0,161529.79,0
519,France,Male,50,0,41924.51,1,1,0,161239.48,0
656,Germany,Female,25,4,0.0,1,0,0,125795.28,0
428,Germany,Female,87,5,112845.57,4,1,0,7554.62,1
492,Germany,Male,30,0,4624.59,4,0,1,174864.38,0
530,Germany,Female,47,10,0.0,2,1,0,124858.82,0
643,France,Female,80,7,56772.21,4,1,1,108969.82,0
800,France,Female,49,3,22416.94,1,0,1,169691.64,0
471,Germany,Female,69,3,0.0,3,1,0,75331.39,0
673,Germany,Female,23,3,59252.93,4,0,1,19722.78,0
597,Germany,Female,39,9,47594.57,4,1,0,51327.03,0
748,France,Female,74,7,196698.78,1,1,1,182508.26,0
517,Spain,Female,37,0,202523.3,4,1,1,158076.26,1
562,France,Female,48,3,165214.23,3,1,1,98039.88,0
661,Germany,Male,23,8,47417.2,3,1,0,164202.74,0
571,France,Male,55,3,0.0,4,1,0,174289.99,0
730,Germany,Male,43,8,178330.6,4,1,0,160006.39,1
356,France,Male,81,5,0.0,1,1,0,198133.8305,0
524,Germany,Female,47,8,33235.88,2,1,0,191827.37,0
437,France,Male,79,5,0.0,1,1,1,112384.11,0
422,Germany,Female,84,8,106076.73,2,0,1,133617.76,0
376,France,Male,80,4,38325.75,2,1,0,198045.24,0
528,Germany,Male,72,2,47928.74,3,0,0,181513.93,0
459,France,Male,61,9,124904.3,3,1,0,96253.68,1
729,France,Female,53,4,0.0,3,1,0,44807.35,0
601,Germany,Male,24,0,0.0,3,1,1,33321.9,0
744,France,Female,27,4,245508.39,2,0,1,27897.72,0
793,France,Male,46,4,9902.0,3,1,1,3941.46,0
743,Spain,Female,66,2,196572.62,2,0,1,150359.09,0
560,Spain,Female,18,9,87952.0,3,1,1,106566.02,0
838,Spain,Female,87,5,188226.85,1,1,1,90811.01,1
542,France,Female,91,4,183860.03,2,1,1,1832.1180000000008,1
763,Germany,Female,23,7,0.0,1,1,1,94822.75,0
436,Spain,Male,25,7,0.0,1,0,1,2958.82,0
835,France,Male,80,5,165899.14,2,0,1,138008.07,0
501,Germany,Female,32,10,186900.46,1,1,1,197267.8,0
664,France,Female,31,10,0.0,2,1,1,178064.8,0
527,Spain,Female,31,5,90209.71,3,1,1,38618.18,0
464,Germany,Male,69,7,210502.16,1,1,1,127978.75,0
515,France,Male,27,0,136971.04,1,1,0,53321.74,1
654,France,Male,31,4,34233.93,1,1,1,108211.08,0
405,France,Male,47,4,0.0,4,0,0,91836.69,1
449,France,Female,62,4,246427.5262,1,0,1,51526.48,0
810,Germany,Female,91,9,128169.3,4,1,1,107921.32,0
392,Germany,Female,35,6,0.0,4,1,0,135592.99,0
711,Germany,Male,36,5,73006.0,2,1,1,137211.27,0
500,France,Male,58,4,129040.46,3,0,1,36485.85,0
509,Germany,Male,48,6,242196.2,1,1,0,4103.66,1
531,France,Female,62,2,63642.2,1,0,1,159212.41,0
541,France,Female,36,2,76154.22,3,1,1,132006.62,0
705,Spain,Male,63,5,224375.26,3,0,0,90825.66,1
753,Germany,Male,86,3,96098.82,2,1,1,126747.78,1
531,Germany,Male,68,7,0.0,2,1,1,177113.26,0
435,Spain,Female,72,9,87397.15,3,1,1,73035.51,0
355,France,Female,23,3,1158.08,3,1,1,89307.92,0
713,Spain,Male,84,6,0.0,2,1,1,104504.58,0
809,Germany,Female,70,3,59247.09,4,1,1,137325.22,0
367,Germany,Female,64,8,0.0,3,1,0,98487.34,1
645,France,Female,29,2,11845.88,2,0,1,142765.58,0
459,France,Male,58,5,187063.23,3,0,1,54811.77,0
455,France,Male,68,3,55017.25,2,1,1,24400.41,0
765,France,Female,64,8,0.0,2,1,1,12593.0,0
476,France,Female,27,2,241650.0,4,1,0,16581.54,1
502,Germany,Male,21,2,11306.61,1,1,0,4314.45,0
412,Germany,Male,53,8,91998.02,1,0,1,196372.24,0
802,France,Female,71,6,0.0,1,0,1,151635.21,0
804,Germany,Female,46,7,246427.5262,4,1,1,107579.38,1
807,Spain,Male,68,8,90761.18,4,1,1,52435.39,0
465,Germany,Male,89,3,246427.5262,4,0,0,146091.11,1
444,Spain,Female,83,2,224796.26,2,1,1,198133.8305,0
821,Germany,Female,64,10,0.0,2,1,1,72328.67,0
657,France,Female,71,1,0.0,2,0,0,76273.97,0
482,France,Male,24,7,134228.76,4,1,0,170189.26,0
373,Spain,Male,24,4,180086.69,4,0,1,77202.19,0
750,Germany,Male,69,1,171432.21,4,1,0,175834.51,1
751,Spain,Male,77,10,72100.01,2,1,0,34060.58,0
355,Spain,Male,32,9,139304.39,4,0,1,182733.2,0
589,France,Female,61,2,208756.19,4,1,1,27230.52,0
592,France,Female,39,8,118768.9,1,1,1,147073.91,1
582,Germany,Male,26,8,141560.7,2,1,0,63535.52,0
534,France,Female,46,5,81883.66,1,1,1,161978.25,0
514,Germany,Male,51,10,0.0,4,1,0,33798.46,1
517,Spain,Female,75,2,16494.91,2,1,1,126916.35,0
811,Germany,Male,81,0,0.0,1,0,1,101353.29,0
846,France,Male,87,8,157942.46,3,1,0,57507.23,1
406,Germany,Female,25,3,190003.53,1,1,1,97277.18,0
711,France,Male,86,1,21013.59,2,0,0,191955.9,0
637,Spain,Male,56,10,0.0,3,1,0,151639.13,0
478,France,Female,30,4,201976.33,1,1,0,11647.45,0
443,Spain,Female,65,9,0.0,4,1,0,195503.81,0
726,France,Male,22,8,246427.5262,2,0,0,144071.93,0
532,France,Male,52,3,0.0,3,0,1,50543.2,0
414,Germany,Female,79,8,235004.4,2,0,1,192013.21,1
835,France,Male,89,5,182570.31,4,1,1,99080.65,1
813,France,Male,39,6,0.0,2,0,0,108654.83,0
559,Spain,Male,30,3,166333.2,3,1,0,49591.8,0
563,Spain,Female,61,0,67019.12,2,1,1,198133.8305,0
560,France,Female,29,2,200067.93,1,0,1,60851.49,0
445,Germany,Female,90,3,56517.44,2,1,1,128414.05,0
402,Spain,Male,42,6,141251.44,2,1,1,116670.85,0
486,Spain,Male,31,9,0.0,3,1,0,142817.87,1
543,France,Male,35,1,199777.11,3,0,1,14758.41,0
427,France,Male,45,7,189872.46,2,0,1,99316.44,0
367,Spain,Male,72,8,215973.58,1,1,0,46017.69,0
816,France,Female,82,8,61736.82,1,1,1,24477.59,1
789,France,Female,72,8,246427.5262,2,1,1,105113.17,0
503,Spain,Male,66,0,201342.68,2,0,0,90616.64,1
657,France,Female,37,2,96675.8,4,1,0,90867.59,0
421,Spain,Female,87,10,31915.94,2,1,0,76023.27,0
814,France,Female,91,6,87356.38,3,1,1,62485.5,0
757,Germany,Female,64,2,26545.61,1,0,1,5744.37,0
438,Spain,Male,75,10,153843.05,3,1,0,118643.55,1
456,Spain,Male,40,3,0.0,3,1,1,182090.85,0
516,Spain,Male,51,3,107628.16,4,1,1,98164.55,1
397,Spain,Female,77,9,0.0,3,1,1,58749.44,0
523,France,Female,49,10,113267.67,2,0,0,61631.97,1
684,Spain,Male,74,4,220412.66,2,1,1,52191.39,0
713,Spain,Male,81,7,0.0,4,1,0,87716.19,1
355,Germany,Female,87,7,130973.0,4,1,1,10769.5,1
526,France,Male,39,2,228295.19,3,1,0,47303.66,0
767,France,Male,53,6,0.0,4,1,0,188580.03,1
786,Germany,Female,46,0,0.0,4,1,0,91029.54,1
631,Germany,Female,55,9,233211.18,4,1,1,9324.87,1
718,France,Male,72,9,124828.4,1,1,1,2323.29,0
473,France,Male,41,1,0.0,2,1,1,195841.79,0
785,Germany,Male,35,6,235115.09,3,1,1,156192.96,0
587,France,Male,37,1,64025.58,3,0,0,52933.03,0
696,Spain,Male,74,0,196460.19,3,0,0,66087.44,0
481,France,Male,91,6,163438.74,3,1,0,151091.75,1
436,France,Female,25,8,0.0,1,1,0,128219.49,0
616,France,Male,90,9,146392.71,3,1,0,131990.73,1
611,Spain,Male,20,3,198194.28,3,1,0,74720.05,1
636,Spain,Female,57,10,86423.25,3,1,0,167531.46,1
754,France,Female,27,5,0.0,3,1,1,141614.46,0
736,France,Male,88,4,194645.09,2,1,0,145384.04,1
501,France,Male,74,3,241728.34,2,0,0,39401.75,1
583,France,Male,44,8,0.0,1,1,1,60763.28,0
392,Germany,Female,68,4,0.0,4,1,0,72449.11,1
744,France,Male,80,4,244076.18,4,1,0,60934.29,1
417,Germany,Female,34,4,150660.41,4,1,1,40321.69,0
384,France,Male,64,3,4312.71,2,1,1,134772.63,0
610,France,Female,40,4,0.0,1,0,1,129973.42,0
811,France,Male,71,0,234010.82,3,1,1,109966.84,0
538,France,Male,59,9,246106.17,3,1,1,122615.76,1
442,France,Male,71,2,81427.79,2,0,0,194559.71,1
442,France,Female,65,4,0.0,2,1,1,13700.25,0
769,France,Female,65,1,0.0,2,1,1,134796.67,0
680,Spain,Male,24,5,99502.45,2,1,0,161949.37,0
597,France,Female,81,2,189548.36,3,0,1,87353.2,1
814,France,Female,30,1,67491.9,3,1,1,61919.71,0
402,France,Female,47,3,106594.32,3,1,1,109702.87,0
658,Spain,Female,55,9,61632.95,3,1,1,152428.28,0
530,Spain,Male,80,9,35659.4,1,1,1,173096.23,0
466,Spain,Male,64,8,94824.72,2,1,1,132457.78,0
810,Germany,Female,31,2,239807.1,1,1,0,128728.69,0
829,Spain,Female,39,7,0.0,4,0,0,179108.29,0
768,France,Female,32,9,170806.16,1,1,1,106547.6,1
424,Spain,Female,61,7,0.0,4,0,0,72199.02,1
711,Spain,Female,71,9,216339.26,3,1,0,37648.97,1
529,France,Male,70,2,156225.09,1,1,0,26800.81,1
540,France,Male,73,5,0.0,2,1,1,74390.6,1
447,France,Female,69,3,0.0,1,1,0,5625.39,0
644,France,Male,84,7,134508.39,1,0,1,127699.44,1
779,Spain,Female,85,1,47761.41,3,1,1,175041.07,0
466,France,Male,38,3,33971.06,1,1,0,128347.26,0
619,Germany,Female,40,7,0.0,3,1,0,196194.87,1
674,Spain,Male,22,0,200854.19,4,0,0,184880.9,0
665,France,Male,37,2,49948.62,1,1,0,118746.45,0
480,France,Female,55,7,175729.12,1,1,0,26102.36,1
364,Germany,Male,66,2,167888.72,3,0,1,39233.68,0
765,Spain,Male,82,6,120637.21,2,1,1,71041.41,1
648,France,Female,61,4,191727.94,2,1,0,34146.04,0
702,France,Male,89,5,148476.61,2,1,1,82842.61,0
616,Germany,Female,58,3,236624.97,3,0,0,198133.8305,0
543,Spain,Male,81,9,190926.4,2,1,1,198133.8305,1
476,France,Female,77,7,221648.32,2,1,1,150462.09,0
680,France,Male,54,7,0.0,1,1,1,122643.47,1
766,Spain,Female,82,8,202749.8,4,1,1,170453.62,0
512,France,Male,81,4,246427.5262,3,0,1,192446.89,1
362,France,Female,41,1,40866.21,3,1,0,169825.92,0
427,Germany,Male,33,0,127794.86,1,1,1,130210.11,0
640,France,Female,26,5,215584.0,1,1,1,97370.65,0
467,France,Female,86,9,99156.59,3,1,0,74989.58,0
757,Germany,Male,50,5,0.0,4,1,0,87610.58,0
486,Germany,Male,59,10,186906.84,2,0,1,32065.79,0
597,Germany,Female,38,5,206174.36,1,0,1,52546.26,0
463,France,Female,46,6,49882.62,3,0,0,153011.76,1
577,Germany,Female,47,0,97777.5,4,1,0,127973.22,1
689,Germany,Female,61,8,0.0,2,1,1,63167.75,0
748,Spain,Male,30,9,38206.06,2,0,1,102760.92,0
720,Spain,Female,76,5,22787.91,4,1,0,74546.87,0
604,Germany,Female,46,9,186173.55,1,1,0,47833.43,1
579,Spain,Female,35,2,0.0,2,1,0,21274.28,0
513,Spain,Male,19,5,0.0,1,1,1,106232.61,0
844,France,Male,25,10,239073.75,1,0,1,125823.35,0
717,Spain,Male,37,6,246427.5262,4,0,1,1832.1180000000008,0
796,Spain,Female,72,7,20748.29,2,1,0,7629.26,0
720,France,Male,81,4,99199.35,4,1,1,37349.84,0
393,France,Female,88,6,20539.02,2,1,1,150013.28,1
482,Germany,Female,40,4,169472.49,3,1,1,146747.91,0
580,France,Male,65,7,0.0,1,1,1,83519.96,0
507,Germany,Male,37,0,0.0,3,1,1,198133.8305,0
805,Germany,Male,28,5,131582.42,4,1,1,101145.71,0
596,France,Female,58,10,133315.83,4,1,0,131410.12,0
460,France,Female,65,0,40818.73,1,1,1,107047.65,0
649,Spain,Male,74,4,208367.15,4,0,1,186233.63,1
539,France,Male,26,7,0.0,4,1,0,25714.6,0
414,Germany,Male,73,0,105116.14,3,0,0,11025.33,1
824,France,Female,40,0,0.0,2,1,0,110022.92,0
823,France,Female,38,1,0.0,1,1,1,130976.6,0
738,Germany,Male,20,2,0.0,3,1,1,167612.21,0
507,France,Male,33,9,0.0,1,0,1,97992.33,0
766,Germany,Male,54,1,119995.63,3,1,1,33644.81,0
494,Germany,Female,31,7,150855.0,2,1,0,72377.71,0
790,France,Female,41,3,0.0,1,0,0,156226.06,0
792,France,Male,57,5,70831.38,3,0,0,57499.25,0
435,Germany,Female,25,9,40681.79,2,1,0,171759.39,0
507,Germany,Male,82,9,0.0,3,1,1,23989.81,0
700,Germany,Female,40,0,0.0,2,1,1,84874.73,0
467,Spain,Male,74,0,246427.5262,2,1,0,142375.16,1
752,France,Female,65,3,0.0,1,1,0,71312.27,0
690,France,Male,73,8,220486.82,1,1,1,132666.75,0
463,Germany,Female,39,8,236842.08,3,1,1,196743.15,0
738,Germany,Female,30,6,14676.24,4,1,0,8592.8,0
371,Spain,Male,28,9,156893.34,1,1,0,6539.11,0
542,France,Female,34,2,0.0,1,0,1,120409.68,0
439,Germany,Female,58,8,153840.86,3,0,1,190473.43,0
355,Germany,Male,64,10,0.0,3,1,1,98089.73,0
721,France,Male,73,10,33120.07,2,1,0,93075.52,1
426,Germany,Female,89,7,237189.23,4,0,1,45216.25,1
697,Germany,Male,79,7,0.0,4,0,1,73039.78,1
387,France,Male,44,2,86093.26,3,1,0,1832.1180000000008,0
796,France,Female,52,8,0.0,4,0,0,104905.24,0
839,France,Female,88,2,0.0,2,1,1,163158.29,0
508,Spain,Male,70,4,113860.77,1,0,1,156166.5,0
593,France,Male,48,1,0.0,1,0,0,88095.59,0
661,France,Female,79,3,0.0,4,1,0,87452.12,0
645,France,Male,28,0,0.0,1,1,0,135507.74,0
363,France,Male,67,5,116752.9,1,1,1,187123.5,0
840,France,Male,88,0,227393.98,3,1,1,148424.15,0
818,Germany,Male,57,8,226750.51,2,1,1,99745.51,0
593,France,Female,63,7,197020.53,1,0,0,182100.68,1
627,France,Male,22,7,7503.89,4,1,1,197522.02,0
435,France,Male,62,7,226594.17,3,1,1,143368.13,1
724,France,Female,39,8,47183.96,2,0,1,180757.17,0
607,France,Female,91,7,109572.98,1,1,0,188144.45,1
492,Germany,Female,41,6,0.0,3,0,0,114034.23,0
503,Germany,Female,41,2,23760.95,1,0,0,58819.36,0
391,Germany,Male,47,8,0.0,1,1,0,146580.59,0
745,France,Male,69,5,144014.42,4,0,1,33152.21,0
381,Spain,Male,88,1,116928.8,4,0,1,66831.0,0
632,Germany,Female,43,5,97419.18,4,1,1,79646.53,0
758,France,Male,33,3,202415.92,2,1,1,169505.1,0
376,France,Female,74,2,0.0,3,1,0,86738.92,1
426,Spain,Male,58,6,246427.5262,1,0,1,124524.21,0
731,France,Female,51,9,30740.31,4,1,0,172878.68,0
762,France,Female,91,0,0.0,1,1,0,27218.47,0
390,Germany,Female,54,1,0.0,4,0,1,135365.42,0
482,France,Female,63,10,60129.43,3,1,1,135133.46,0
653,Spain,Male,90,7,120008.92,4,1,0,110061.3,1
621,France,Male,33,2,1792.0,3,0,1,181347.26,0
608,France,Male,84,4,0.0,1,1,1,105906.34,1
481,France,Male,89,0,31391.07,3,0,1,31573.09,0
620,France,Female,52,9,176890.69,3,1,1,134232.91,0
375,Spain,Female,42,7,155562.31,2,1,1,83414.79,0
787,Spain,Female,30,2,0.0,3,1,1,198133.8305,0
621,Spain,Male,21,2,0.0,2,1,1,162689.85,0
536,Germany,Male,90,7,17035.7,2,0,1,27400.82,1
533,France,Male,49,6,50550.0,3,1,0,74669.0,0
535,France,Male,67,8,0.0,3,0,0,31436.55,0
567,France,Female,35,2,111815.89,1,0,0,180908.96,0
446,Spain,Male,41,10,195336.57,4,1,0,6129.34,1
651,France,Male,78,1,0.0,1,1,1,80665.7,1
442,France,Female,66,1,27693.59,1,0,0,41232.93,0
507,Germany,Male,34,8,222047.92,2,1,1,90720.1,0
786,Spain,Female,18,6,40956.77,4,1,1,158458.6,0
632,France,Male,78,4,87410.39,4,1,0,4727.6,1
802,Germany,Female,23,8,175308.62,2,1,1,52621.61,0
679,Germany,Female,20,6,147950.92,2,1,1,167335.77,0
742,Spain,Male,40,4,0.0,2,1,0,58543.68,0
394,France,Male,86,2,246427.5262,1,1,0,61929.27,1
602,France,Male,65,7,36657.73,2,1,1,56651.27,0
525,France,Female,21,6,0.0,4,0,0,136506.98,1
358,Spain,Female,85,9,159790.76,3,1,1,177121.48,1
395,Spain,Male,87,4,0.0,2,1,0,75130.54,1
445,Germany,Female,69,2,135554.8,4,1,1,194421.0,1
355,France,Male,23,0,0.0,1,1,1,30628.3,0
569,France,Female,19,2,222032.49,4,1,1,174318.03,0
375,Germany,Female,82,7,229523.7,2,1,0,70851.63,1
763,France,Male,78,3,64707.52,3,1,0,33873.7,1
646,Germany,Male,79,6,23917.03,4,1,0,135781.59,1
832,Spain,Male,54,2,246427.5262,4,1,1,50393.76,0
392,France,Male,61,10,37473.86,4,1,0,27975.0,0
390,France,Male,30,9,43358.7,3,1,0,98028.39,0
785,France,Male,20,8,63043.32,3,1,1,35353.87,0
546,France,Male,34,8,85213.52,4,1,1,104317.3,0
730,Germany,Female,63,6,36944.79,4,1,1,186938.92,0
445,France,Male,47,0,80557.76,2,1,0,1832.1180000000008,0
355,France,Male,63,0,5506.01,3,1,1,73414.4,1
599,France,Female,50,4,0.0,4,1,0,123359.55,0
637,France,Female,59,8,0.0,4,1,1,97742.11,0
405,Germany,Female,88,1,204446.07,2,1,1,117981.21,1
355,Germany,Male,64,6,161730.44,4,1,0,4690.76,1
456,Germany,Female,88,10,120136.52,3,1,1,106747.73,1
404,Germany,Male,89,9,0.0,2,1,0,132039.98,0
846,France,Male,63,6,96667.55,2,1,1,119724.73,0
845,Germany,Male,91,6,44597.05,2,1,1,8519.01,0
357,France,Male,36,0,144359.82,1,1,0,21017.32,0
578,Spain,Male,56,0,0.0,1,0,0,137689.44,0
542,France,Female,23,3,69204.0,1,1,0,29072.99,0
363,France,Female,24,8,0.0,3,1,0,61973.52,0
683,France,Male,27,0,223039.65,2,0,1,89061.91,0
776,Spain,Male,27,8,116431.3,1,0,0,88103.77,1
656,France,Female,48,2,119567.69,3,1,1,11049.93,0
809,Spain,Female,71,1,141695.92,2,1,1,90313.93,0
669,France,Female,90,1,21045.17,3,1,1,84379.21,0
624,Spain,Male,90,7,0.0,4,1,0,56328.3,0
824,Germany,Male,31,0,144996.33,4,1,1,103480.26,1
703,France,Female,50,5,80291.54,2,1,1,146118.59,0
733,France,Female,49,10,53347.69,1,1,0,198133.8305,0
740,France,Male,25,6,0.0,1,1,0,193817.73,0
365,Spain,Female,20,3,141608.95,1,1,1,137552.21,0
718,Spain,Female,44,9,0.0,1,1,1,47114.0,0
725,France,Male,81,0,234347.82,3,0,1,165921.9,0
597,France,Male,46,2,194422.42,4,1,1,66709.36,1
632,France,Male,46,1,0.0,4,1,1,38453.64,1
767,France,Female,91,0,0.0,3,1,0,65101.03,1
421,Germany,Male,45,10,0.0,2,1,0,11256.15,1
614,France,Female,68,2,171934.63,3,1,1,79061.98,0
736,France,Male,90,0,0.0,3,1,1,160234.08,0
480,Spain,Female,26,10,159490.07,2,1,1,1832.1180000000008,0
482,Germany,Female,55,10,40557.13,1,1,1,1832.1180000000008,1
355,Spain,Male,42,2,83748.3,3,0,0,35228.57,0
506,France,Male,26,4,222686.23,2,1,0,39272.04,1
529,Spain,Female,21,7,0.0,3,0,1,128801.26,0
827,Germany,Male,65,4,0.0,2,0,1,32073.54,0
391,Germany,Male,66,8,0.0,4,1,0,79675.31,0
673,France,Male,59,2,3538.95,4,1,1,127603.85,0
381,Spain,Male,67,8,241780.38,3,0,1,48568.06,1
750,Germany,Male,71,6,0.0,2,1,0,33947.1,0
585,Spain,Male,22,0,178766.37,2,1,1,177444.54,0
563,Germany,Male,20,6,0.0,4,1,0,43850.18,0
822,Spain,Female,42,0,216930.8,3,1,1,178605.56,1
725,Germany,Male,60,9,0.0,4,1,0,189411.91,0
402,Spain,Male,84,10,174983.61,3,1,1,185535.12,0
483,France,Male,90,1,85860.82,3,1,1,96451.09,0
487,France,Female,79,5,218909.7,1,1,1,144272.3,0
655,Germany,Female,39,3,0.0,3,1,1,49349.02,0
765,Germany,Female,60,0,0.0,2,1,1,12872.28,0
669,Germany,Male,26,7,0.0,1,1,1,103955.43,0
551,Germany,Male,53,0,60509.92,2,1,1,20390.46,0
724,Germany,Male,25,0,209542.04,2,0,1,155787.39,0
730,Spain,Male,91,8,0.0,4,0,1,101342.53,0
390,France,Female,51,3,131956.17,3,0,0,12750.47,0
621,Spain,Female,71,9,181384.03,2,1,0,143928.58,1
706,France,Male,25,6,42421.67,4,1,0,97190.66,0
652,Germany,Male,88,5,75630.97,3,0,1,92570.03,0
472,Spain,Female,56,4,81412.17,4,1,1,112580.73,1
430,France,Male,23,4,229169.67,2,1,1,157755.62,0
495,France,Female,45,2,34397.18,4,1,0,28125.19,0
526,France,Male,33,7,92829.57,4,1,1,22714.16,0
811,Germany,Male,23,6,0.0,3,1,0,34253.11,1
661,France,Female,20,0,208717.5,4,1,1,61056.71,0
768,France,Female,70,3,167616.12,3,0,1,150026.74,0
363,Spain,Male,82,9,0.0,1,0,1,118749.3,0
742,France,Male,66,5,209682.65,2,1,1,12504.91,0
444,Germany,Male,69,2,0.0,1,0,1,164154.08,0
633,Germany,Male,20,2,231017.87,2,1,1,9112.85,0
543,France,Male,31,2,0.0,3,1,1,41398.77,0
782,France,Female,20,9,181969.43,1,0,1,177589.02,0
687,Spain,Male,90,3,193826.56,3,1,1,69967.49,0
580,Germany,Female,72,3,0.0,3,1,0,68130.63,1
605,France,Female,88,0,0.0,3,1,0,37826.18,0
704,Spain,Male,84,9,0.0,3,1,0,35754.76,1
710,Germany,Female,34,4,0.0,2,1,0,6085.2,0
637,France,Male,55,7,97594.36,3,1,1,169662.96,0
714,Germany,Female,65,7,0.0,3,1,0,146142.1,0
745,France,Female,72,3,25633.09,3,0,0,75216.41,1
365,France,Female,67,5,0.0,3,1,1,151060.63,0
533,Spain,Male,51,1,0.0,4,1,0,56586.02,0
801,France,Male,18,7,61719.72,2,1,0,68404.48,0
510,France,Female,87,7,166477.51,4,1,1,176805.86,1
762,France,Female,68,2,0.0,2,1,0,44891.48,0
625,Spain,Male,79,2,11011.67,1,1,0,170859.39,0
485,Germany,Female,34,4,0.0,4,1,1,49327.4,0
525,Spain,Male,25,7,61820.32,4,1,1,182385.25,0
592,France,Female,84,5,201090.43,2,1,0,45609.91,0
412,Spain,Male,77,0,67817.61,1,0,1,58426.53,0
504,Germany,Female,80,6,47882.0,1,1,0,110498.91,1
691,France,Female,50,7,38216.57,3,0,0,40095.83,0
804,France,Male,84,2,0.0,4,0,0,5078.63,1
826,Spain,Female,34,4,179954.7,2,1,1,60241.0,0
541,France,Female,74,8,0.0,3,1,0,86314.39,0
747,Germany,Female,54,3,0.0,2,1,0,2500.47,1
548,Germany,Male,30,0,112360.55,3,1,1,157120.94,0
754,France,Male,71,10,0.0,3,1,1,55805.85,1
806,Spain,Female,44,1,0.0,4,0,0,35136.31,0
573,Spain,Female,29,0,0.0,3,1,0,125301.19,0
650,France,Male,70,2,200757.27,1,1,0,175535.63,0
784,Germany,Female,75,8,0.0,1,0,1,90276.43,1
419,France,Female,41,7,95274.28,3,1,1,85187.61,0
473,Germany,Male,89,2,0.0,2,0,1,99438.61,0
663,France,Female,70,0,186724.85,2,1,0,31641.65,0
439,France,Male,19,10,0.0,1,1,0,62009.71,0
748,France,Female,42,0,109648.85,4,1,0,91014.23,0
483,France,Male,90,10,184593.43,1,1,0,198133.8305,0
519,France,Male,31,5,139588.6,1,0,0,77971.24,0
756,France,Male,88,2,91786.35,2,0,0,10046.39,1
614,Spain,Female,56,3,0.0,1,1,1,51242.89,1
746,France,Male,67,3,0.0,1,1,1,185838.21,1
664,France,Female,68,1,18534.67,1,0,0,168077.11,0
607,France,Female,55,4,103121.82,2,1,0,124394.9,1
605,Germany,Female,56,7,14578.65,2,1,1,106918.31,0
752,France,Female,59,5,0.0,3,1,1,128103.75,0
846,Germany,Female,65,7,111909.03,1,0,0,192423.07,1
362,Germany,Female,72,10,0.0,4,0,1,87938.25,0
603,France,Female,50,1,0.0,3,1,1,159984.81,1
742,Spain,Female,50,8,112342.61,2,1,1,175416.71,1
672,France,Female,75,2,105089.54,3,1,1,41951.45,0
592,Germany,Male,74,0,0.0,4,1,1,77286.99,0
747,France,Male,66,4,8670.49,1,1,0,144044.35,1
584,Germany,Female,52,4,0.0,3,1,1,46901.31,0
418,Spain,Male,60,10,67153.66,4,1,0,63797.73,0
486,France,Male,60,3,0.0,1,1,0,70494.56,0
371,France,Female,50,8,0.0,4,1,0,194756.98,1
701,France,Female,31,10,155000.47,3,1,1,139113.2,0
837,France,Female,57,3,0.0,1,1,0,104302.13,0
540,Spain,Male,50,1,138749.99,4,1,0,89376.74,1
716,Germany,Male,21,10,143535.68,1,1,0,136811.73,1
842,Germany,Female,88,5,0.0,3,1,1,178602.09,0
547,Spain,Male,67,5,230548.26,3,1,1,46116.37,0
792,Spain,Female,26,8,62280.81,4,0,0,148299.19,1
358,Spain,Male,33,4,0.0,2,1,1,49063.37,0
689,France,Male,60,5,0.0,1,0,0,155397.52,1
433,France,Female,81,10,0.0,2,1,1,147752.09,0
741,France,Male,53,0,226222.21,3,1,0,138364.14,0
355,France,Female,78,8,81697.35,3,0,1,53438.32,1
767,France,Male,27,4,105168.53,1,1,1,198133.8305,0
548,France,Female,57,6,242046.88,3,0,0,66733.47,1
468,France,Female,79,10,36320.17,2,0,1,176146.22,1
627,France,Male,80,6,219888.71,3,0,0,35958.93,0
845,France,Female,35,4,239821.3,4,0,1,75395.34,0
430,France,Male,67,10,199876.21,4,1,0,4624.35,1
505,France,Female,20,6,84101.46,4,1,0,20135.03,1
670,France,Female,28,1,163395.28,3,0,0,89212.97,0
