CustomerId,Surname,CreditScore,Geography,Gender,Age,Tenure,Balance,NumOfProducts,HasCrCard,IsActiveMember,EstimatedSalary,Exited,churn_probability,churn_prediction,risk_tier,estimated_value_at_risk
15600000,Cust0,800,Spain,Male,35,1,0.0,3,0,0,197996.77,0,0.0789,0,Low,0.0
15600001,Cust1,721,France,Female,43,10,0.0,4,0,1,59266.62,0,0.117,0,Low,0.0
15600002,Cust2,453,Spain,Male,81,5,0.0,3,1,0,182300.55,0,0.5857,1,Medium,0.0
15600003,Cust3,848,Germany,Female,25,10,0.0,2,1,0,179754.28,1,0.5875,1,Medium,0.0
15600004,Cust4,847,France,Female,26,4,27912.78,1,1,1,171012.15,0,0.1147,0,Low,3201.6
15600005,Cust5,370,Spain,Male,40,9,108842.59,3,1,1,31720.5,0,0.284,0,Low,30911.3
15600006,Cust6,362,Spain,Male,62,3,0.0,4,1,0,131953.34,0,0.637,1,High,0.0
15600007,Cust7,472,Spain,Male,77,4,171207.54,1,1,0,75985.04,0,0.7506,1,High,128508.38
15600008,Cust8,747,France,Female,59,3,90169.38,1,1,0,94568.23,1,0.7816,1,High,70476.39
15600009,Cust9,649,France,Male,54,6,0.0,3,0,1,30835.42,0,0.2017,0,Low,0.0
15600010,Cust10,606,France,Male,82,2,0.0,3,1,1,195444.74,0,0.3299,0,Medium,0.0
15600011,Cust11,558,Spain,Male,30,5,117701.7,2,1,1,53125.19,0,0.1448,0,Low,17043.21
15600012,Cust12,590,Germany,Male,84,9,211244.85,1,0,1,171705.05,1,0.7958,1,High,168108.65
15600013,Cust13,669,Spain,Male,41,1,0.0,2,1,1,12056.86,0,0.0774,0,Low,0.0
15600014,Cust14,381,France,Male,38,8,145274.75,3,1,1,158466.15,1,0.2408,0,Low,34982.16
15600015,Cust15,643,France,Female,88,9,151283.24,1,0,0,159366.69,0,0.7569,1,High,114506.28
15600016,Cust16,460,Germany,Male,65,0,61505.28,3,0,0,52195.81,0,0.6507,1,High,40021.49
15600017,Cust17,744,France,Male,49,7,0.0,4,0,1,113494.07,0,0.1245,0,Low,0.0
15600018,Cust18,447,Spain,Female,42,5,133799.74,1,1,0,59541.55,1,0.5876,1,Medium,78620.73
15600019,Cust19,385,Germany,Male,50,7,128419.26,1,0,0,42131.84,0,0.5685,1,Medium,73006.35
15600020,Cust20,567,Spain,Male,76,3,0.0,3,0,0,123650.8,1,0.5461,1,Medium,0.0
15600021,Cust21,570,France,Female,29,2,53232.19,4,0,1,145069.89,0,0.2461,0,Low,13100.44
15600022,Cust22,609,Spain,Male,30,3,44910.84,1,1,1,142525.01,0,0.1331,0,Low,5977.63
15600023,Cust23,780,Spain,Female,40,1,0.0,4,1,1,167696.71,1,0.2755,0,Low,0.0
15600024,Cust24,700,Spain,Male,53,4,0.0,2,1,1,143051.02,0,0.163,0,Low,0.0
15600025,Cust25,531,France,Male,78,9,0.0,1,0,0,76495.78,0,0.5303,1,Medium,0.0
15600026,Cust26,714,France,Male,33,8,179994.19,2,1,1,195840.4,0,0.1571,0,Low,28277.09
15600027,Cust27,602,France,Male,76,1,0.0,2,1,1,191167.55,0,0.3573,0,Medium,0.0
15600028,Cust28,462,France,Male,85,6,84945.87,2,0,0,90390.92,1,0.7828,1,High,66495.63
15600029,Cust29,360,Germany,Female,50,0,216950.78,3,1,1,194230.94,0,0.3333,0,Medium,72309.69
15600030,Cust30,352,Germany,Female,89,0,0.0,1,1,1,196625.89,0,0.3793,0,Medium,0.0
15600031,Cust31,462,Spain,Male,84,6,180471.0,4,0,1,148711.08,1,0.8026,1,Critical,144846.02
15600032,Cust32,760,France,Female,76,3,177472.14,2,1,1,161511.52,0,0.5079,1,Medium,90138.1
15600033,Cust33,582,France,Female,46,7,123288.66,4,1,0,22835.62,1,0.7116,1,High,87732.21
15600034,Cust34,576,France,Female,40,1,19458.72,4,1,0,54063.53,0,0.2675,0,Low,5205.21
15600035,Cust35,549,France,Female,81,1,0.0,2,1,1,24494.66,1,0.5217,1,Medium,0.0
15600036,Cust36,478,France,Male,50,7,0.0,1,1,1,30652.82,0,0.2148,0,Low,0.0
15600037,Cust37,708,France,Male,20,2,123849.35,4,1,0,155446.11,1,0.7343,1,High,90942.58
15600038,Cust38,356,France,Female,71,0,91783.58,3,0,1,40948.51,0,0.391,1,Medium,35887.38
15600039,Cust39,656,Germany,Female,43,8,194033.09,2,1,1,75604.51,0,0.1988,0,Low,38573.78
15600040,Cust40,819,France,Female,87,7,0.0,1,1,0,87299.25,0,0.5719,1,Medium,0.0
15600041,Cust41,791,Spain,Male,81,10,0.0,2,0,0,13685.35,1,0.6142,1,High,0.0
15600042,Cust42,535,Germany,Female,25,6,18684.64,3,1,1,172262.41,0,0.0864,0,Low,1614.35
15600043,Cust43,778,France,Male,84,5,0.0,3,1,0,169143.11,0,0.4498,1,Medium,0.0
15600044,Cust44,469,Spain,Female,88,7,23539.61,1,1,1,3840.66,0,0.4541,1,Medium,10689.34
15600045,Cust45,470,Spain,Male,73,8,0.0,4,1,0,118439.47,0,0.5789,1,Medium,0.0
15600046,Cust46,522,France,Male,38,6,31945.72,2,0,1,119707.17,0,0.1029,0,Low,3287.21
15600047,Cust47,358,France,Female,67,3,0.0,1,1,1,125024.95,0,0.6405,1,High,0.0
15600048,Cust48,483,Germany,Female,82,9,28178.04,3,1,0,51745.8,1,0.6062,1,High,17081.53
15600049,Cust49,778,France,Male,78,7,215557.59,3,1,0,33836.21,1,0.8214,1,Critical,177059.0
15600050,Cust50,731,France,Male,49,9,0.0,4,1,0,17329.82,0,0.3451,0,Medium,0.0
15600051,Cust51,514,France,Male,70,6,207931.41,1,0,1,144255.46,0,0.633,1,High,131620.58
15600052,Cust52,506,Spain,Male,46,4,158508.49,2,1,0,98473.35,0,0.4067,1,Medium,64465.4
15600053,Cust53,523,Germany,Female,36,9,192209.29,2,1,1,122558.38,0,0.1507,0,Low,28965.94
15600054,Cust54,409,Germany,Male,67,6,182702.9,3,0,1,111535.9,0,0.6144,1,High,112252.66
15600055,Cust55,429,Spain,Male,52,8,65046.74,4,1,0,131584.19,0,0.4206,1,Medium,27358.66
15600056,Cust56,847,France,Female,34,9,233762.07,1,1,0,141097.73,0,0.1776,0,Low,41516.14
15600057,Cust57,697,Germany,Female,66,3,160911.53,3,1,0,42336.69,1,0.7612,1,High,122485.86
15600058,Cust58,689,France,Male,41,2,50521.03,2,0,1,137597.46,0,0.1501,0,Low,7583.21
15600059,Cust59,490,France,Female,61,1,0.0,2,1,1,55212.73,0,0.352,0,Medium,0.0
15600060,Cust60,778,Germany,Female,44,6,133262.75,4,0,1,5548.55,0,0.2293,0,Low,30557.15
15600061,Cust61,438,France,Female,83,8,220456.68,3,1,1,163782.99,0,0.6266,1,High,138138.16
15600062,Cust62,835,Germany,Male,80,10,199188.28,1,0,0,150326.39,1,0.8581,1,Critical,170923.46
15600063,Cust63,602,Spain,Female,53,0,75512.0,2,0,1,150508.65,0,0.2677,0,Low,20214.56
15600064,Cust64,515,Germany,Female,70,0,172121.58,3,0,1,75150.09,0,0.4852,1,Medium,83513.39
15600065,Cust65,725,Germany,Female,31,7,414.21,1,1,0,154713.99,0,0.149,0,Low,61.72
15600066,Cust66,559,Germany,Female,91,2,83160.26,3,1,1,57987.97,0,0.5571,1,Medium,46328.58
15600067,Cust67,485,France,Male,33,5,0.0,2,1,0,59611.08,0,0.2314,0,Low,0.0
15600068,Cust68,692,France,Female,82,0,0.0,1,1,0,73191.19,0,0.4951,1,Medium,0.0
15600069,Cust69,711,France,Female,80,0,0.0,4,1,1,144708.9,0,0.2914,0,Low,0.0
15600070,Cust70,652,France,Female,31,5,260.83,2,1,1,49666.38,0,0.0703,0,Low,18.34
15600071,Cust71,581,France,Female,18,7,5783.18,2,1,0,14877.16,0,0.2437,0,Low,1409.36
15600072,Cust72,514,Spain,Male,72,9,36504.75,1,1,0,51855.26,0,0.6333,1,High,23118.46
15600073,Cust73,552,France,Female,82,5,0.0,1,1,0,91849.36,0,0.6278,1,High,0.0
15600074,Cust74,788,France,Female,71,7,0.0,1,0,0,63786.92,1,0.6387,1,High,0.0
15600075,Cust75,530,France,Female,22,9,225001.09,3,0,1,143947.42,0,0.1266,0,Low,28485.14
15600076,Cust76,834,France,Female,65,4,0.0,2,1,1,15488.81,0,0.2714,0,Low,0.0
15600077,Cust77,422,Germany,Female,46,2,217459.22,2,1,0,131192.28,1,0.6566,1,High,142783.72
15600078,Cust78,431,Germany,Male,85,9,0.0,3,0,1,62768.26,0,0.5827,1,Medium,0.0
15600079,Cust79,516,Spain,Female,77,0,0.0,2,1,0,36776.12,0,0.5241,1,Medium,0.0
15600080,Cust80,351,Germany,Female,77,3,72434.12,2,0,0,46655.83,1,0.8525,1,Critical,61750.09
15600081,Cust81,790,France,Male,48,1,48545.87,2,1,0,39719.9,0,0.2513,0,Low,12199.58
15600082,Cust82,520,Spain,Male,41,7,0.0,4,0,0,172190.02,0,0.3068,0,Medium,0.0
15600083,Cust83,401,France,Male,78,2,0.0,4,1,0,59097.37,1,0.736,1,High,0.0
15600084,Cust84,659,France,Male,26,3,0.0,2,1,1,162564.38,0,0.0987,0,Low,0.0
15600085,Cust85,830,France,Female,25,7,0.0,2,0,0,58035.6,0,0.1127,0,Low,0.0
15600086,Cust86,847,Germany,Male,22,3,42185.19,2,0,0,759.76,0,0.223,0,Low,9407.3
15600087,Cust87,403,France,Female,55,3,157469.09,1,1,1,1377.47,0,0.4415,1,Medium,69522.6
15600088,Cust88,747,France,Male,23,5,0.0,3,1,1,73553.12,0,0.0488,0,Low,0.0
15600089,Cust89,531,Germany,Male,61,1,134116.38,3,0,1,170840.95,0,0.4365,1,Medium,58541.8
15600090,Cust90,768,France,Female,30,10,0.0,2,1,1,118347.66,0,0.0497,0,Low,0.0
15600091,Cust91,653,Germany,Male,83,10,0.0,2,1,0,135904.38,0,0.4353,1,Medium,0.0
15600092,Cust92,716,France,Female,49,7,31338.94,4,1,0,82941.16,0,0.3215,0,Medium,10075.47
15600093,Cust93,769,France,Female,24,1,0.0,1,0,1,55070.14,0,0.0648,0,Low,0.0
15600094,Cust94,798,France,Male,69,5,115849.16,4,1,1,128590.99,0,0.2739,0,Low,31731.08
15600095,Cust95,421,Germany,Male,43,3,208820.65,3,1,1,115894.65,0,0.4284,1,Medium,89458.77
15600096,Cust96,712,France,Female,37,1,117179.25,4,1,1,6975.74,0,0.131,0,Low,15350.48
15600097,Cust97,420,France,Female,66,9,101698.94,3,1,1,110623.58,0,0.3725,0,Medium,37882.86
15600098,Cust98,822,France,Male,88,4,0.0,4,0,1,126151.16,0,0.5097,1,Medium,0.0
15600099,Cust99,664,Spain,Female,90,7,173616.09,3,0,0,73690.6,1,0.8619,1,Critical,149639.71
15600100,Cust100,446,Spain,Male,50,7,154947.37,3,1,1,68397.25,0,0.2893,0,Low,44826.27
15600101,Cust101,496,Germany,Male,80,3,179237.46,2,1,1,157486.54,1,0.758,1,High,135861.99
15600102,Cust102,798,France,Female,33,3,0.0,4,1,1,74181.73,0,0.0982,0,Low,0.0
15600103,Cust103,672,Spain,Male,80,10,0.0,2,1,0,57296.64,0,0.493,1,Medium,0.0
15600104,Cust104,464,Spain,Male,87,9,0.0,3,1,0,156943.31,1,0.7328,1,High,0.0
15600105,Cust105,761,Germany,Female,56,5,0.0,2,1,0,196968.72,1,0.405,1,Medium,0.0
15600106,Cust106,709,France,Female,56,5,45603.01,4,0,0,36965.45,1,0.5636,1,Medium,25701.86
15600107,Cust107,388,France,Male,59,0,231619.38,4,0,1,75692.22,1,0.7019,1,High,162573.64
15600108,Cust108,491,France,Female,23,2,178259.98,1,1,0,534.65,1,0.718,1,High,127990.67
15600109,Cust109,773,Spain,Female,81,0,242744.35,3,0,1,97151.86,0,0.4298,1,Medium,104331.52
15600110,Cust110,525,France,Male,72,8,124238.93,3,1,1,56573.99,0,0.5142,1,Medium,63883.66
15600111,Cust111,368,France,Male,82,10,240560.84,2,0,1,165126.55,0,0.6158,1,High,148137.37
15600112,Cust112,652,France,Female,26,1,30679.7,2,1,0,183155.22,0,0.2149,0,Low,6593.07
15600113,Cust113,800,Germany,Male,77,3,147591.14,3,1,0,23243.01,0,0.631,1,High,93130.01
15600114,Cust114,628,France,Female,44,3,0.0,4,0,1,172761.95,0,0.192,0,Low,0.0
15600115,Cust115,838,Spain,Male,78,8,661.23,2,0,0,43004.99,0,0.458,1,Medium,302.84
15600116,Cust116,407,Spain,Female,91,4,0.0,2,1,1,61599.1,0,0.5397,1,Medium,0.0
15600117,Cust117,684,Germany,Female,83,0,38368.04,4,1,1,177149.66,1,0.3866,1,Medium,14833.08
15600118,Cust118,675,France,Male,85,6,15202.32,4,1,0,73055.49,1,0.8133,1,Critical,12364.05
15600119,Cust119,843,Germany,Female,26,1,237037.27,3,1,1,3382.81,0,0.1851,0,Low,43875.6
15600120,Cust120,611,Germany,Female,42,7,241341.8,3,0,1,10370.71,0,0.2073,0,Low,50030.16
15600121,Cust121,761,Germany,Female,39,9,0.0,1,1,1,67541.45,0,0.0743,0,Low,0.0
15600122,Cust122,422,France,Male,56,0,247220.22,1,1,1,176885.09,0,0.3832,1,Medium,94734.79
15600123,Cust123,372,France,Male,90,10,207666.05,1,1,1,17744.0,0,0.5493,1,Medium,114070.96
15600124,Cust124,708,France,Female,68,7,233045.27,2,1,0,39122.94,1,0.7174,1,High,167186.68
15600125,Cust125,351,France,Female,58,0,49407.78,1,1,1,193468.19,1,0.7346,1,High,36294.96
15600126,Cust126,788,France,Male,77,2,64220.96,2,1,1,82300.23,0,0.4887,1,Medium,31384.78
15600127,Cust127,360,France,Male,31,1,215516.52,1,0,1,174530.57,0,0.3911,1,Medium,84288.51
15600128,Cust128,694,France,Male,66,9,0.0,4,0,1,76682.77,1,0.6281,1,High,0.0
15600129,Cust129,576,Germany,Female,55,7,0.0,2,0,1,103666.13,0,0.2704,0,Low,0.0
15600130,Cust130,673,France,Female,33,4,0.0,1,1,0,189387.86,0,0.2003,0,Low,0.0
15600131,Cust131,662,Spain,Female,65,5,76409.69,1,0,1,191276.22,0,0.2707,0,Low,20684.1
15600132,Cust132,572,Germany,Male,80,3,71208.71,1,1,1,33115.33,0,0.5713,1,Medium,40681.54
15600133,Cust133,591,France,Male,79,4,187044.9,3,1,1,135354.28,0,0.6118,1,High,114434.07
15600134,Cust134,602,Germany,Male,80,7,133023.78,4,1,0,84849.16,1,0.8756,1,Critical,116475.62
15600135,Cust135,689,France,Female,78,2,0.0,2,1,0,29961.11,0,0.5217,1,Medium,0.0
15600136,Cust136,705,Spain,Male,52,8,154259.92,3,0,1,5164.43,0,0.2583,0,Low,39845.34
15600137,Cust137,575,France,Male,21,10,104984.4,1,0,1,101564.2,0,0.1421,0,Low,14918.28
15600138,Cust138,526,Spain,Male,89,10,0.0,2,1,0,18756.04,0,0.5383,1,Medium,0.0
15600139,Cust139,371,France,Male,51,1,169477.43,1,0,1,187674.55,0,0.339,0,Medium,57452.85
15600140,Cust140,740,France,Female,64,4,114491.3,2,1,0,49995.64,0,0.5467,1,Medium,62592.39
15600141,Cust141,463,France,Female,19,2,0.0,1,0,0,87969.68,0,0.2647,0,Low,0.0
15600142,Cust142,567,Spain,Female,83,6,121298.16,4,1,0,145278.07,1,0.8878,1,Critical,107688.51
15600143,Cust143,847,Germany,Female,83,3,240455.71,3,1,1,101539.18,1,0.6738,1,High,162019.06
15600144,Cust144,743,France,Male,86,4,0.0,4,1,1,75477.68,0,0.5154,1,Medium,0.0
15600145,Cust145,523,France,Male,30,1,0.0,3,1,1,125924.14,0,0.1227,0,Low,0.0
15600146,Cust146,587,France,Male,80,6,190818.83,1,0,1,39545.35,0,0.6954,1,High,132695.41
15600147,Cust147,512,Germany,Female,64,5,151131.41,2,1,1,98155.17,1,0.6702,1,High,101288.27
15600148,Cust148,663,France,Female,28,6,133166.92,1,1,1,192631.93,1,0.5234,1,Medium,69699.57
15600149,Cust149,426,France,Male,60,3,0.0,1,1,1,156953.53,0,0.3528,0,Medium,0.0
15600150,Cust150,827,Spain,Female,53,8,0.0,4,1,1,66946.56,0,0.1019,0,Low,0.0
15600151,Cust151,844,Spain,Female,64,6,53598.72,4,1,1,182528.96,0,0.2672,0,Low,14321.58
15600152,Cust152,499,France,Male,24,1,8540.46,1,0,1,174975.96,0,0.1536,0,Low,1311.81
15600153,Cust153,465,Germany,Female,59,4,186390.08,2,0,1,54300.5,0,0.4808,1,Medium,89616.35
15600154,Cust154,620,France,Female,68,7,0.0,2,1,0,186840.47,1,0.6409,1,High,0.0
15600155,Cust155,674,Germany,Male,70,1,145537.28,2,1,1,97075.41,0,0.415,1,Medium,60397.97
15600156,Cust156,672,France,Male,74,3,0.0,3,1,1,186565.38,0,0.3241,0,Medium,0.0
15600157,Cust157,371,Germany,Female,64,9,0.0,2,0,1,109939.05,0,0.413,1,Medium,0.0
15600158,Cust158,706,Germany,Female,69,4,133398.59,4,1,0,19356.93,0,0.6892,1,High,91938.31
15600159,Cust159,383,Spain,Female,24,5,218273.97,1,0,1,27842.73,0,0.2168,0,Low,47321.8
15600160,Cust160,521,France,Male,77,7,89003.61,3,0,0,99576.37,0,0.709,1,High,63103.56
15600161,Cust161,709,Spain,Female,45,3,229806.88,3,1,0,4976.56,0,0.3676,0,Medium,84477.01
15600162,Cust162,794,France,Female,58,9,2576.78,3,0,1,153683.82,0,0.1976,0,Low,509.17
15600163,Cust163,668,France,Male,58,0,116434.75,3,1,1,61542.0,0,0.2791,0,Low,32496.94
15600164,Cust164,430,Germany,Female,90,5,36691.11,3,1,1,6271.22,1,0.7084,1,High,25991.98
15600165,Cust165,690,France,Male,42,6,78945.12,1,1,0,129734.21,0,0.3074,0,Medium,24267.73
15600166,Cust166,368,Spain,Male,46,2,0.0,4,0,1,121136.77,0,0.3032,0,Medium,0.0
15600167,Cust167,465,Spain,Female,74,8,8836.87,2,0,0,25324.1,1,0.7238,1,High,6396.13
15600168,Cust168,411,France,Male,64,0,178203.42,1,1,0,36260.98,1,0.6647,1,High,118451.81
15600169,Cust169,843,Spain,Female,41,7,0.0,3,1,0,148687.54,0,0.1809,0,Low,0.0
15600170,Cust170,534,France,Female,43,6,0.0,3,0,1,30228.46,0,0.1745,0,Low,0.0
15600171,Cust171,629,Germany,Female,79,8,0.0,2,1,0,1299.43,1,0.6936,1,High,0.0
15600172,Cust172,746,France,Female,79,2,171994.23,1,1,0,199942.62,1,0.86,1,Critical,147915.04
15600173,Cust173,835,Spain,Female,28,1,84043.28,4,0,0,58041.9,0,0.2311,0,Low,19422.4
15600174,Cust174,848,France,Female,47,6,101913.29,4,1,0,178211.43,0,0.3794,0,Medium,38665.9
15600175,Cust175,432,France,Female,74,10,73138.95,2,1,1,82821.08,1,0.5402,1,Medium,39509.66
15600176,Cust176,547,France,Female,26,8,207649.55,2,1,0,192555.9,1,0.326,0,Medium,67693.75
15600177,Cust177,552,Spain,Male,31,2,0.0,4,1,1,85982.38,0,0.2424,0,Low,0.0
15600178,Cust178,748,Spain,Male,29,4,33826.9,2,0,0,149863.12,0,0.1679,0,Low,5679.54
15600179,Cust179,518,Germany,Male,57,2,50428.44,1,1,0,193129.18,1,0.5606,1,Medium,28270.18
15600180,Cust180,465,Spain,Female,51,8,74144.77,2,0,0,56470.07,0,0.5318,1,Medium,39430.19
15600181,Cust181,728,Spain,Female,41,5,0.0,3,1,1,5949.72,0,0.1491,0,Low,0.0
15600182,Cust182,598,Germany,Female,28,4,148159.98,3,1,1,89733.46,0,0.1352,0,Low,20031.23
15600183,Cust183,724,France,Male,65,0,241041.25,2,1,1,152260.26,1,0.5236,1,Medium,126209.2
15600184,Cust184,540,Spain,Male,77,6,0.0,1,1,0,112804.99,1,0.6168,1,High,0.0
15600185,Cust185,593,Germany,Male,33,4,0.0,4,1,1,167052.65,0,0.168,0,Low,0.0
15600186,Cust186,354,France,Female,67,0,5988.0,1,1,1,53348.26,1,0.7863,1,High,4708.36
15600187,Cust187,358,France,Female,76,2,0.0,3,0,0,13596.28,0,0.6632,1,High,0.0
15600188,Cust188,350,Germany,Male,59,7,168769.37,1,1,0,44191.56,0,0.5367,1,Medium,90578.52
15600189,Cust189,437,France,Female,60,8,240765.3,3,0,0,45756.4,1,0.754,1,High,181537.04
15600190,Cust190,524,Spain,Male,30,5,185047.38,2,0,1,67058.93,0,0.1495,0,Low,27664.58
15600191,Cust191,375,France,Female,88,8,29499.13,1,1,0,62363.62,1,0.7801,1,High,23012.27
15600192,Cust192,430,France,Female,88,8,0.0,1,1,0,46851.71,1,0.8117,1,Critical,0.0
15600193,Cust193,774,Spain,Male,70,6,209669.78,2,0,1,24374.67,0,0.3859,1,Medium,80911.57
15600194,Cust194,778,France,Female,84,2,0.0,1,1,0,104371.19,0,0.5045,1,Medium,0.0
15600195,Cust195,495,France,Female,62,4,0.0,3,1,0,142282.8,0,0.4875,1,Medium,0.0
15600196,Cust196,824,Germany,Female,66,8,0.0,4,1,0,181666.4,1,0.7229,1,High,0.0
15600197,Cust197,409,Spain,Male,79,3,195704.33,2,0,1,55160.94,0,0.6854,1,High,134135.75
15600198,Cust198,365,France,Male,20,7,0.0,4,1,0,132110.88,0,0.2418,0,Low,0.0
15600199,Cust199,527,France,Male,34,9,50170.92,3,0,1,105516.76,0,0.1192,0,Low,5980.37
15600200,Cust200,482,Spain,Male,33,5,0.0,1,0,1,176777.99,0,0.0814,0,Low,0.0
15600201,Cust201,388,Spain,Female,64,5,119360.69,2,0,1,139015.55,0,0.4579,1,Medium,54655.26
15600202,Cust202,774,Germany,Female,35,2,0.0,3,0,1,36598.86,0,0.0925,0,Low,0.0
15600203,Cust203,840,France,Female,46,5,38333.63,3,1,1,53273.33,0,0.1651,0,Low,6328.88
15600204,Cust204,485,France,Male,54,0,88850.88,2,1,1,124900.47,1,0.3139,0,Medium,27890.29
15600205,Cust205,507,France,Female,73,1,0.0,2,1,0,150238.9,0,0.4945,1,Medium,0.0
15600206,Cust206,709,France,Female,56,5,143070.4,3,1,1,15749.16,0,0.2515,0,Low,35982.21
15600207,Cust207,817,Germany,Female,19,2,108318.77,3,1,1,129278.62,0,0.1206,0,Low,13063.24
15600208,Cust208,493,France,Female,68,3,0.0,4,1,1,34092.08,0,0.3887,1,Medium,0.0
15600209,Cust209,692,Germany,Female,49,3,0.0,1,0,1,188587.92,0,0.263,0,Low,0.0
15600210,Cust210,361,Germany,Male,26,5,0.0,1,0,0,192751.64,0,0.1311,0,Low,0.0
15600211,Cust211,633,Germany,Male,66,7,79775.85,3,0,1,171841.64,1,0.6289,1,High,50171.03
15600212,Cust212,844,France,Female,37,4,0.0,2,1,0,172108.31,0,0.1293,0,Low,0.0
15600213,Cust213,588,Spain,Male,52,9,136310.63,4,1,1,192228.32,0,0.2763,0,Low,37662.63
15600214,Cust214,671,Germany,Male,89,5,199414.0,3,0,1,57220.56,0,0.5159,1,Medium,102877.68
15600215,Cust215,694,Germany,Female,35,10,163364.46,1,1,1,104527.67,0,0.2035,0,Low,33244.67
15600216,Cust216,666,France,Male,83,10,124192.94,4,0,0,26789.43,1,0.8546,1,Critical,106135.29
15600217,Cust217,693,France,Female,52,4,0.0,4,1,1,91241.49,0,0.1797,0,Low,0.0
15600218,Cust218,794,Spain,Male,87,8,41735.08,1,1,1,20939.94,0,0.4921,1,Medium,20537.83
15600219,Cust219,355,France,Male,80,4,0.0,4,0,0,138336.03,1,0.763,1,High,0.0
15600220,Cust220,793,France,Male,79,9,150344.66,2,1,1,15142.37,0,0.4576,1,Medium,68797.72
15600221,Cust221,804,France,Male,33,8,0.0,1,1,0,171914.97,0,0.0978,0,Low,0.0
15600222,Cust222,802,Germany,Male,76,3,239988.53,1,1,0,170315.86,1,0.7146,1,High,171495.8
15600223,Cust223,534,Spain,Male,45,3,149951.35,1,1,1,193124.26,0,0.4485,1,Medium,67253.18
15600224,Cust224,642,France,Female,85,9,182211.0,1,1,1,5455.84,1,0.6558,1,High,119493.97
15600225,Cust225,526,Spain,Male,91,5,155360.3,4,1,0,163724.5,1,0.9074,1,Critical,140973.94
15600226,Cust226,770,France,Male,63,7,0.0,4,0,1,58576.19,0,0.3144,0,Medium,0.0
15600227,Cust227,553,Germany,Female,85,7,152419.17,4,1,1,39183.93,0,0.6557,1,High,99941.25
15600228,Cust228,506,Germany,Male,57,1,100168.24,3,0,1,150113.51,0,0.3065,0,Medium,30701.57
15600229,Cust229,693,France,Male,20,2,113409.85,2,1,0,24021.79,1,0.3051,0,Medium,34601.35
15600230,Cust230,374,France,Male,82,9,227750.97,4,0,0,175160.42,1,0.9152,1,Critical,208437.69
15600231,Cust231,538,France,Male,57,3,140964.92,4,1,1,175067.24,1,0.6769,1,High,95419.15
15600232,Cust232,453,Spain,Female,21,9,25102.74,2,0,1,111196.63,0,0.0942,0,Low,2364.68
15600233,Cust233,537,Germany,Female,22,3,130941.42,1,1,1,84552.28,0,0.186,0,Low,24355.1
15600234,Cust234,574,Spain,Male,71,9,238315.05,4,1,0,177897.14,1,0.8424,1,Critical,200756.6
15600235,Cust235,381,Spain,Female,86,6,25010.72,2,1,1,142477.4,0,0.5492,1,Medium,13735.89
15600236,Cust236,783,France,Male,69,1,242796.83,3,1,1,6447.06,0,0.294,0,Low,71382.27
15600237,Cust237,558,Spain,Male,50,2,246910.09,4,0,0,82409.8,0,0.5026,1,Medium,124097.01
15600238,Cust238,529,France,Male,40,10,140178.29,1,0,1,85961.61,0,0.1769,0,Low,24797.54
15600239,Cust239,424,France,Male,48,2,0.0,2,1,1,171230.03,0,0.1778,0,Low,0.0
15600240,Cust240,848,Spain,Male,41,2,2158.67,1,0,0,176551.22,0,0.1389,0,Low,299.84
15600241,Cust241,778,Spain,Male,38,1,3876.25,4,0,1,108717.29,1,0.1436,0,Low,556.63
15600242,Cust242,591,France,Female,27,6,0.0,1,0,1,22461.93,0,0.077,0,Low,0.0
15600243,Cust243,517,Germany,Male,60,8,0.0,1,0,1,121819.37,0,0.4245,1,Medium,0.0
15600244,Cust244,584,Germany,Male,34,10,0.0,2,1,0,92091.24,0,0.136,0,Low,0.0
15600245,Cust245,831,Spain,Male,28,9,38694.58,2,1,0,84590.29,0,0.1717,0,Low,6643.86
15600246,Cust246,460,Germany,Male,38,9,121938.15,3,1,1,196864.73,0,0.1519,0,Low,18522.4
15600247,Cust247,692,France,Male,77,9,125431.41,4,0,1,199165.23,1,0.4121,1,Medium,51690.28
15600248,Cust248,802,France,Male,60,6,0.0,3,0,1,81925.6,0,0.2404,0,Low,0.0
15600249,Cust249,728,France,Male,54,9,0.0,1,1,1,186917.08,0,0.2164,0,Low,0.0
15600250,Cust250,785,Germany,Male,61,6,0.0,3,1,0,48928.52,0,0.3357,0,Medium,0.0
15600251,Cust251,824,Spain,Male,59,1,109632.29,3,1,0,38706.99,1,0.4604,1,Medium,50474.71
15600252,Cust252,380,France,Male,54,0,34444.93,1,1,0,131348.24,1,0.3246,0,Medium,11180.82
15600253,Cust253,469,France,Male,80,1,166362.39,4,1,1,100097.94,0,0.6906,1,High,114889.87
15600254,Cust254,422,France,Male,72,3,0.0,3,1,1,149156.07,0,0.4074,1,Medium,0.0
15600255,Cust255,634,Germany,Female,31,5,235028.82,4,0,1,21985.72,0,0.1743,0,Low,40965.52
15600256,Cust256,554,Spain,Female,78,7,234971.91,1,1,1,96488.37,1,0.7668,1,High,180176.46
15600257,Cust257,370,France,Male,30,5,23035.65,4,1,0,136358.21,0,0.3763,0,Medium,8668.32
15600258,Cust258,629,France,Male,23,4,137721.71,4,0,1,100219.0,0,0.1788,0,Low,24624.64
15600259,Cust259,400,Germany,Male,49,8,199347.59,4,1,0,57272.59,1,0.8305,1,Critical,165558.17
15600260,Cust260,554,France,Female,47,9,116144.62,3,1,0,100167.58,1,0.6104,1,High,70894.68
15600261,Cust261,533,Spain,Female,76,2,0.0,1,1,0,117053.17,0,0.5733,1,Medium,0.0
15600262,Cust262,797,France,Female,69,2,242550.0,2,1,0,110075.91,0,0.624,1,High,151351.2
15600263,Cust263,691,France,Male,22,10,57627.02,3,1,1,113182.16,0,0.0826,0,Low,4759.99
15600264,Cust264,662,Spain,Male,54,10,131577.55,2,1,1,88563.3,0,0.2514,0,Low,33078.6
15600265,Cust265,766,France,Male,76,3,0.0,2,1,1,66208.31,0,0.4023,1,Medium,0.0
15600266,Cust266,440,France,Female,72,5,75610.04,2,1,0,14092.84,1,0.7794,1,High,58930.47
15600267,Cust267,478,France,Female,55,6,0.0,3,1,0,9304.46,0,0.3068,0,Medium,0.0
15600268,Cust268,726,France,Male,63,6,179112.16,3,1,1,106767.15,1,0.5043,1,Medium,90326.26
15600269,Cust269,725,France,Female,59,9,153000.95,3,1,0,171756.65,0,0.4793,1,Medium,73333.36
15600270,Cust270,360,France,Male,35,1,0.0,1,0,0,157137.54,1,0.4725,1,Medium,0.0
15600271,Cust271,462,France,Male,59,5,212674.64,1,1,1,107255.37,0,0.5209,1,Medium,110782.22
15600272,Cust272,463,France,Male,67,2,74527.32,4,1,1,127903.53,0,0.4284,1,Medium,31927.5
15600273,Cust273,353,Germany,Female,22,8,133745.71,4,0,1,195289.8,0,0.1314,0,Low,17574.19
15600274,Cust274,681,Germany,Male,69,6,0.0,3,1,1,193447.66,0,0.2832,0,Low,0.0
15600275,Cust275,377,France,Female,36,8,130184.14,2,1,1,198961.12,0,0.2923,0,Low,38052.82
15600276,Cust276,771,France,Female,18,9,140534.88,2,1,1,3307.44,0,0.1786,0,Low,25099.53
15600277,Cust277,643,Germany,Male,73,8,85117.11,3,0,1,127245.37,0,0.4889,1,Medium,41613.76
15600278,Cust278,731,Spain,Female,46,9,126480.41,4,0,0,149016.98,0,0.4361,1,Medium,55158.11
15600279,Cust279,599,Spain,Male,48,8,101513.09,2,1,0,20623.45,0,0.4018,1,Medium,40787.96
15600280,Cust280,836,France,Female,64,6,0.0,4,1,1,72653.73,0,0.3414,0,Medium,0.0
15600281,Cust281,485,France,Male,59,4,135972.83,2,0,1,33032.26,1,0.5403,1,Medium,73466.12
15600282,Cust282,629,France,Male,63,3,0.0,2,1,1,76931.35,0,0.3343,0,Medium,0.0
15600283,Cust283,353,France,Female,87,3,0.0,3,1,1,88246.76,0,0.5043,1,Medium,0.0
15600284,Cust284,767,Germany,Female,66,6,0.0,4,1,1,35681.99,1,0.5864,1,Medium,0.0
15600285,Cust285,634,France,Male,21,8,47137.34,3,0,0,99221.86,0,0.1959,0,Low,9234.2
15600286,Cust286,438,France,Female,34,4,29644.14,4,1,1,37524.64,0,0.3111,0,Medium,9222.29
15600287,Cust287,759,France,Male,51,6,131473.94,4,1,1,184459.28,0,0.2321,0,Low,30515.1
15600288,Cust288,845,Germany,Female,52,4,0.0,1,0,1,33903.63,0,0.1678,0,Low,0.0
15600289,Cust289,384,France,Female,44,6,4012.16,4,1,1,102514.69,0,0.2029,0,Low,814.07
15600290,Cust290,773,Spain,Male,31,9,70655.51,4,0,0,68864.76,0,0.1834,0,Low,12958.22
15600291,Cust291,718,France,Female,25,4,127300.76,4,0,0,84555.22,1,0.48,1,Medium,61104.36
15600292,Cust292,527,Spain,Female,28,4,0.0,3,1,1,77881.29,0,0.1206,0,Low,0.0
15600293,Cust293,667,France,Male,88,2,109598.7,4,1,0,195732.1,0,0.5847,1,Medium,64082.36
15600294,Cust294,743,Spain,Male,47,5,240678.58,3,1,0,132726.19,0,0.3727,0,Medium,89700.91
15600295,Cust295,590,Spain,Male,89,5,49863.17,4,1,0,9754.42,1,0.8891,1,Critical,44333.34
15600296,Cust296,683,Spain,Male,42,1,128515.5,2,0,1,167018.48,0,0.2645,0,Low,33992.35
15600297,Cust297,374,Spain,Male,41,10,0.0,1,0,1,109091.18,0,0.1448,0,Low,0.0
15600298,Cust298,813,Spain,Female,54,9,0.0,4,1,1,23311.73,0,0.1339,0,Low,0.0
15600299,Cust299,812,Germany,Female,88,3,0.0,3,0,1,94325.65,0,0.439,1,Medium,0.0
15600300,Cust300,455,Spain,Male,59,10,0.0,4,0,0,26708.41,0,0.3916,1,Medium,0.0
15600301,Cust301,589,France,Male,20,2,179151.62,1,1,1,111506.12,0,0.2107,0,Low,37747.25
15600302,Cust302,469,Germany,Female,38,4,139216.27,1,1,0,74149.22,0,0.4768,1,Medium,66378.32
15600303,Cust303,550,Germany,Female,90,1,0.0,2,1,1,13370.45,0,0.5013,1,Medium,0.0
15600304,Cust304,487,Spain,Male,29,6,90617.56,3,0,1,130715.49,0,0.194,0,Low,17579.81
15600305,Cust305,781,France,Male,79,5,0.0,4,1,0,46689.67,1,0.4861,1,Medium,0.0
15600306,Cust306,698,France,Male,86,2,228780.94,3,1,1,153275.85,0,0.4598,1,Medium,105193.48
15600307,Cust307,773,Germany,Male,33,3,0.0,3,1,1,180763.62,0,0.0934,0,Low,0.0
15600308,Cust308,747,France,Male,59,10,33714.52,2,1,1,48558.12,0,0.2475,0,Low,8344.34
15600309,Cust309,714,France,Male,62,7,30519.9,3,1,1,61176.1,0,0.2109,0,Low,6436.65
15600310,Cust310,433,France,Male,76,1,0.0,1,0,0,9325.38,1,0.7508,1,High,0.0
15600311,Cust311,765,France,Male,77,1,0.0,3,1,1,96308.15,0,0.4024,1,Medium,0.0
15600312,Cust312,742,France,Male,22,0,125791.26,1,1,1,168058.64,0,0.1684,0,Low,21183.25
15600313,Cust313,412,France,Male,41,2,163552.47,1,1,1,22042.06,0,0.355,0,Medium,58061.13
15600314,Cust314,393,France,Male,87,8,1548.57,1,1,0,33557.1,1,0.7075,1,High,1095.61
15600315,Cust315,731,France,Female,44,0,230926.14,4,0,1,148923.22,0,0.3746,0,Medium,86504.93
15600316,Cust316,545,France,Male,36,2,0.0,1,1,1,127625.25,1,0.239,0,Low,0.0
15600317,Cust317,514,Germany,Male,64,0,79725.32,1,1,0,39875.16,1,0.8073,1,Critical,64362.25
15600318,Cust318,548,France,Female,32,7,236787.64,4,1,0,34257.54,0,0.3537,0,Medium,83751.79
15600319,Cust319,784,Spain,Female,28,8,0.0,1,1,1,14103.79,0,0.0484,0,Low,0.0
15600320,Cust320,532,Spain,Male,77,5,0.0,3,1,1,3538.94,0,0.4396,1,Medium,0.0
15600321,Cust321,535,France,Male,26,9,215729.0,1,1,0,84524.21,0,0.2547,0,Low,54946.18
15600322,Cust322,550,France,Male,83,7,15315.58,2,1,1,21580.46,0,0.4334,1,Medium,6637.77
15600323,Cust323,377,Germany,Female,36,8,19073.21,4,1,1,58427.33,0,0.1812,0,Low,3456.07
15600324,Cust324,368,Spain,Male,25,3,38790.23,2,1,1,174787.25,0,0.1416,0,Low,5492.7
15600325,Cust325,557,Germany,Male,72,9,0.0,2,1,0,9879.46,1,0.5939,1,Medium,0.0
15600326,Cust326,358,Spain,Female,31,6,177257.42,4,1,1,159356.79,1,0.6447,1,High,114277.86
15600327,Cust327,729,Germany,Female,45,0,133104.41,3,1,1,76331.12,0,0.2607,0,Low,34700.32
15600328,Cust328,562,Germany,Male,43,0,0.0,4,1,0,82383.03,0,0.4922,1,Medium,0.0
15600329,Cust329,600,France,Male,55,9,0.0,2,1,0,194533.4,0,0.4033,1,Medium,0.0
15600330,Cust330,518,Germany,Female,53,3,79290.15,1,1,1,113700.11,0,0.3283,0,Medium,26030.96
15600331,Cust331,732,France,Female,32,5,0.0,1,1,0,7336.82,0,0.1471,0,Low,0.0
15600332,Cust332,564,Germany,Female,35,8,99191.6,2,0,1,158767.59,0,0.1294,0,Low,12835.39
15600333,Cust333,367,Spain,Female,32,8,191602.82,1,0,1,110909.45,0,0.1727,0,Low,33089.81
15600334,Cust334,594,France,Male,22,0,118521.43,3,1,0,155415.34,0,0.2435,0,Low,28859.97
15600335,Cust335,438,Germany,Female,66,6,244286.98,1,1,1,30251.54,1,0.5282,1,Medium,129032.38
15600336,Cust336,648,France,Female,52,10,214031.83,1,1,1,52511.02,0,0.4076,1,Medium,87239.37
15600337,Cust337,632,Germany,Female,26,3,197738.46,3,1,1,182106.47,0,0.1542,0,Low,30491.27
15600338,Cust338,587,France,Male,42,5,193295.15,3,1,0,85979.35,0,0.4229,1,Medium,81744.52
15600339,Cust339,543,Spain,Male,67,2,0.0,1,0,1,102142.53,0,0.392,1,Medium,0.0
15600340,Cust340,648,France,Male,39,7,225287.43,3,1,1,128629.28,0,0.1782,0,Low,40146.22
15600341,Cust341,690,Spain,Female,47,1,0.0,2,1,0,105663.41,0,0.212,0,Low,0.0
15600342,Cust342,790,Spain,Female,73,5,0.0,1,0,1,150126.6,0,0.4182,1,Medium,0.0
15600343,Cust343,832,Germany,Male,67,4,48975.34,2,0,1,44641.97,1,0.2746,0,Low,13448.63
15600344,Cust344,391,Spain,Female,69,7,0.0,4,1,1,184168.64,0,0.3436,0,Medium,0.0
15600345,Cust345,680,Spain,Female,46,5,0.0,3,0,1,10746.01,0,0.1353,0,Low,0.0
15600346,Cust346,392,Spain,Female,53,10,197725.81,4,1,1,99905.05,1,0.7162,1,High,141611.23
15600347,Cust347,559,France,Male,80,10,0.0,4,1,0,199530.55,1,0.7665,1,High,0.0
15600348,Cust348,721,Germany,Male,82,3,99676.65,1,1,1,131761.23,0,0.491,1,Medium,48941.24
15600349,Cust349,621,France,Male,22,0,85185.32,1,1,0,96439.79,0,0.2275,0,Low,19379.66
15600350,Cust350,754,Germany,Female,80,5,42523.2,3,1,0,190508.57,1,0.5382,1,Medium,22885.99
15600351,Cust351,807,France,Female,84,6,0.0,2,1,0,15606.56,0,0.5541,1,Medium,0.0
15600352,Cust352,837,Germany,Male,87,8,163504.62,2,0,1,84481.87,1,0.6338,1,High,103629.23
15600353,Cust353,687,Germany,Male,37,5,0.0,1,0,1,180712.3,0,0.1653,0,Low,0.0
15600354,Cust354,687,France,Female,55,6,121416.4,1,1,0,136052.25,0,0.4689,1,Medium,56932.15
15600355,Cust355,752,Germany,Female,21,0,0.0,4,1,0,73693.56,0,0.241,0,Low,0.0
15600356,Cust356,466,Spain,Male,26,8,68809.34,1,0,1,195511.24,0,0.1048,0,Low,7211.22
15600357,Cust357,501,Spain,Male,59,3,0.0,4,1,0,151829.85,1,0.4273,1,Medium,0.0
15600358,Cust358,520,France,Female,33,4,53905.98,2,1,0,195463.81,0,0.2621,0,Low,14128.76
15600359,Cust359,722,Germany,Female,34,4,0.0,1,1,1,116740.31,0,0.1068,0,Low,0.0
15600360,Cust360,525,Spain,Female,39,0,69515.59,3,0,0,1645.38,1,0.5822,1,Medium,40471.98
15600361,Cust361,419,France,Female,51,5,0.0,1,1,0,194388.35,1,0.6251,1,High,0.0
15600362,Cust362,750,France,Male,29,4,106237.16,2,1,0,164815.86,0,0.1435,0,Low,15245.03
15600363,Cust363,725,France,Female,77,2,170617.81,1,0,1,110063.56,0,0.4909,1,Medium,83756.28
15600364,Cust364,647,Germany,Female,67,2,0.0,1,1,1,32186.63,0,0.3938,1,Medium,0.0
15600365,Cust365,791,France,Male,76,0,0.0,1,1,0,176188.78,0,0.4222,1,Medium,0.0
15600366,Cust366,746,Spain,Male,86,9,0.0,4,0,1,127474.46,1,0.6319,1,High,0.0
15600367,Cust367,801,Germany,Male,62,3,186377.06,1,1,0,616.76,1,0.478,1,Medium,89088.23
15600368,Cust368,480,France,Male,44,9,222310.38,1,1,0,98760.9,0,0.431,1,Medium,95815.77
15600369,Cust369,408,Spain,Male,90,9,159974.81,1,1,1,196463.64,0,0.5531,1,Medium,88482.07
15600370,Cust370,521,Spain,Female,59,5,172715.69,1,0,1,117203.99,1,0.5607,1,Medium,96841.69
15600371,Cust371,765,France,Male,52,8,0.0,1,0,1,142148.47,0,0.1685,0,Low,0.0
15600372,Cust372,813,France,Female,48,2,105112.57,1,1,1,131613.43,0,0.273,0,Low,28695.73
15600373,Cust373,405,France,Female,20,1,222239.71,1,0,1,103752.59,0,0.3343,0,Medium,74294.74
15600374,Cust374,778,France,Female,88,9,40180.01,2,1,0,138420.91,1,0.62,1,High,24911.61
15600375,Cust375,589,France,Male,78,7,0.0,2,1,1,39160.88,0,0.3893,1,Medium,0.0
15600376,Cust376,759,Spain,Male,69,7,169490.89,1,1,1,67591.87,1,0.6399,1,High,108457.22
15600377,Cust377,691,France,Male,34,10,225518.49,2,1,1,177885.81,0,0.196,0,Low,44201.62
15600378,Cust378,380,France,Female,86,0,14760.09,2,0,1,53977.04,1,0.7132,1,High,10526.9
15600379,Cust379,592,Germany,Male,31,1,0.0,2,1,0,83355.23,0,0.1875,0,Low,0.0
15600380,Cust380,394,Germany,Male,35,10,55080.68,1,1,1,20685.25,0,0.1378,0,Low,7590.12
15600381,Cust381,520,Spain,Female,23,1,215213.95,4,1,1,186098.59,0,0.3217,0,Medium,69234.33
15600382,Cust382,729,Spain,Female,39,4,0.0,2,1,1,53871.87,0,0.1089,0,Low,0.0
15600383,Cust383,692,France,Male,42,0,193870.61,2,0,0,116197.35,1,0.5818,1,Medium,112793.92
15600384,Cust384,703,France,Female,76,3,0.0,3,1,0,79760.36,0,0.5023,1,Medium,0.0
15600385,Cust385,681,Spain,Male,42,1,0.0,2,1,1,69351.1,0,0.0986,0,Low,0.0
15600386,Cust386,357,Germany,Male,88,2,231296.53,3,1,1,33648.2,1,0.6606,1,High,152794.49
15600387,Cust387,642,Spain,Male,40,8,128282.27,4,0,0,199204.89,1,0.7557,1,High,96942.91
15600388,Cust388,592,France,Female,56,3,0.0,4,1,1,57844.75,0,0.2604,0,Low,0.0
15600389,Cust389,614,Spain,Male,61,8,26301.56,2,1,1,79291.68,0,0.2481,0,Low,6525.42
15600390,Cust390,456,Germany,Male,79,9,54022.74,1,1,0,38553.93,1,0.7543,1,High,40749.35
15600391,Cust391,703,France,Female,73,5,0.0,1,1,1,125518.85,1,0.4595,1,Medium,0.0
15600392,Cust392,654,Germany,Male,82,5,0.0,1,1,0,17243.52,0,0.4977,1,Medium,0.0
15600393,Cust393,551,Germany,Male,87,3,235595.13,3,0,0,132592.29,0,0.7887,1,High,185813.88
15600394,Cust394,378,France,Male,26,7,56761.5,2,1,1,100622.43,0,0.1224,0,Low,6947.61
15600395,Cust395,384,France,Female,24,8,0.0,2,1,0,129500.56,0,0.0975,0,Low,0.0
15600396,Cust396,529,Spain,Female,51,9,58811.33,1,0,1,947.72,0,0.2261,0,Low,13297.24
15600397,Cust397,619,France,Female,29,2,12227.9,3,0,1,134700.25,0,0.1018,0,Low,1244.8
15600398,Cust398,849,France,Male,54,7,41522.41,4,0,0,9145.16,0,0.2282,0,Low,9475.41
15600399,Cust399,712,France,Female,61,1,146921.02,4,1,0,183500.47,1,0.8105,1,Critical,119079.49
15600400,Cust400,593,France,Female,38,5,0.0,2,1,1,158686.8,0,0.1194,0,Low,0.0
15600401,Cust401,499,Spain,Female,25,0,200290.11,3,1,1,24789.36,0,0.2717,0,Low,54418.82
15600402,Cust402,434,Spain,Female,89,6,0.0,3,1,0,111257.12,1,0.729,1,High,0.0
15600403,Cust403,420,France,Female,45,9,178491.15,4,1,1,191372.41,0,0.2592,0,Low,46264.91
15600404,Cust404,386,Spain,Male,80,8,0.0,2,1,1,48531.79,0,0.5423,1,Medium,0.0
15600405,Cust405,806,Spain,Male,64,7,33944.56,2,1,0,14546.88,0,0.3074,0,Medium,10434.56
15600406,Cust406,357,France,Female,67,6,14145.35,2,1,1,84511.33,1,0.7395,1,High,10460.49
15600407,Cust407,782,Spain,Male,75,6,210498.5,1,0,0,27650.21,1,0.831,1,Critical,174924.25
15600408,Cust408,642,France,Female,37,1,175212.75,4,1,0,155511.34,0,0.5005,1,Medium,87693.98
15600409,Cust409,659,Spain,Female,34,8,43745.23,2,0,0,182430.7,0,0.2218,0,Low,9702.69
15600410,Cust410,830,Germany,Male,91,7,0.0,4,1,0,89926.84,1,0.8245,1,Critical,0.0
15600411,Cust411,744,Germany,Female,67,1,0.0,2,1,1,199581.7,0,0.2652,0,Low,0.0
15600412,Cust412,423,France,Male,39,6,14188.52,3,0,0,38025.16,0,0.2795,0,Low,3965.69
15600413,Cust413,835,Spain,Female,65,4,57190.68,3,0,0,183555.44,0,0.5775,1,Medium,33027.62
15600414,Cust414,438,France,Male,47,5,0.0,4,1,1,64702.86,0,0.2511,0,Low,0.0
15600415,Cust415,635,France,Male,81,8,97681.81,3,1,1,180378.43,0,0.2662,0,Low,26002.9
15600416,Cust416,670,France,Female,55,3,0.0,3,1,1,180896.38,0,0.2297,0,Low,0.0
15600417,Cust417,472,Spain,Male,41,10,34135.54,2,1,0,69780.88,0,0.2401,0,Low,8195.94
15600418,Cust418,665,France,Male,69,4,23165.11,1,1,1,4066.35,1,0.5356,1,Medium,12407.23
15600419,Cust419,670,Spain,Male,73,5,0.0,4,1,0,60531.92,0,0.4349,1,Medium,0.0
15600420,Cust420,840,Germany,Female,45,0,0.0,4,1,1,87272.35,0,0.1797,0,Low,0.0
15600421,Cust421,808,France,Male,73,1,211747.79,2,1,1,196761.79,0,0.401,1,Medium,84910.86
15600422,Cust422,550,France,Male,35,3,0.0,1,0,0,137946.47,0,0.3166,0,Medium,0.0
15600423,Cust423,695,France,Male,35,10,0.0,4,1,1,126973.29,0,0.0804,0,Low,0.0
15600424,Cust424,761,Germany,Female,79,2,17867.9,1,1,1,129039.62,0,0.5267,1,Medium,9411.02
15600425,Cust425,363,Spain,Male,63,4,56376.94,1,1,0,79258.75,1,0.7902,1,High,44549.06
15600426,Cust426,693,France,Male,20,9,213082.12,4,1,0,137928.67,1,0.7375,1,High,157148.06
15600427,Cust427,809,Spain,Female,67,3,128961.87,3,0,0,55941.41,0,0.4987,1,Medium,64313.28
15600428,Cust428,410,France,Male,40,8,201725.65,3,0,1,150462.03,0,0.2309,0,Low,46578.45
15600429,Cust429,727,Spain,Female,38,1,92395.55,3,1,1,130370.95,0,0.1195,0,Low,11041.27
15600430,Cust430,380,Spain,Male,49,1,147610.77,3,1,0,149266.88,1,0.5014,1,Medium,74012.04
15600431,Cust431,551,Spain,Female,51,0,148683.21,3,1,0,30280.11,0,0.4251,1,Medium,63205.23
15600432,Cust432,760,Germany,Male,83,1,0.0,3,1,0,110461.7,1,0.6098,1,High,0.0
15600433,Cust433,844,Spain,Female,50,6,0.0,4,1,1,38352.08,0,0.1552,0,Low,0.0
15600434,Cust434,714,France,Female,39,0,59809.9,1,0,0,62378.92,0,0.3176,0,Medium,18995.62
15600435,Cust435,711,France,Male,75,6,107121.21,3,1,1,158380.92,1,0.423,1,Medium,45312.27
15600436,Cust436,479,France,Male,58,6,243689.61,2,0,0,83481.68,0,0.598,1,Medium,145726.39
15600437,Cust437,763,Germany,Male,18,2,68028.06,3,1,1,9977.43,0,0.1482,0,Low,10081.76
15600438,Cust438,680,Germany,Male,64,0,0.0,1,0,0,178407.13,0,0.3465,0,Medium,0.0
15600439,Cust439,822,Germany,Female,55,1,0.0,4,1,0,21475.19,1,0.7726,1,High,0.0
15600440,Cust440,652,Spain,Male,60,1,141563.92,2,1,0,99463.66,0,0.5942,1,Medium,84117.28
15600441,Cust441,369,France,Female,31,5,0.0,1,1,0,95075.15,1,0.1403,0,Low,0.0
15600442,Cust442,605,Germany,Male,53,10,30209.45,1,0,1,79829.08,1,0.4682,1,Medium,14144.06
15600443,Cust443,737,France,Female,65,4,0.0,3,1,1,1046.98,0,0.2722,0,Low,0.0
15600444,Cust444,744,France,Female,68,6,227872.75,2,0,1,50838.22,1,0.5664,1,Medium,129067.13
15600445,Cust445,543,Germany,Female,68,3,0.0,3,1,0,31123.03,0,0.5247,1,Medium,0.0
15600446,Cust446,435,Spain,Female,91,1,50414.38,2,0,0,32725.38,0,0.6473,1,High,32633.23
15600447,Cust447,785,Germany,Female,55,2,0.0,2,1,1,25290.2,1,0.6067,1,High,0.0
15600448,Cust448,762,France,Female,49,5,0.0,2,0,0,164811.43,0,0.3489,0,Medium,0.0
15600449,Cust449,790,Germany,Female,58,9,154788.13,1,1,1,20199.28,0,0.3957,1,Medium,61249.66
15600450,Cust450,685,France,Male,42,2,55912.66,3,1,1,66611.3,0,0.1984,0,Low,11093.07
15600451,Cust451,765,Spain,Female,41,10,0.0,1,1,1,115970.45,0,0.0795,0,Low,0.0
15600452,Cust452,551,Germany,Female,69,7,154739.54,4,1,0,8187.73,1,0.8229,1,Critical,127335.17
15600453,Cust453,740,France,Female,41,3,0.0,2,1,0,105010.58,0,0.3007,0,Medium,0.0
15600454,Cust454,594,France,Female,73,6,0.0,1,1,0,92766.5,0,0.6093,1,High,0.0
15600455,Cust455,747,France,Male,73,7,0.0,3,1,0,171618.88,0,0.3461,0,Medium,0.0
15600456,Cust456,423,Spain,Male,88,7,219509.17,3,1,1,23223.67,0,0.5465,1,Medium,119961.76
15600457,Cust457,498,France,Male,27,9,0.0,3,1,1,11701.62,0,0.1107,0,Low,0.0
15600458,Cust458,457,Spain,Male,44,7,33638.52,2,1,1,29436.31,0,0.2903,0,Low,9765.26
15600459,Cust459,553,Germany,Male,75,0,59781.68,1,0,0,95261.89,1,0.8461,1,Critical,50581.28
15600460,Cust460,758,Germany,Male,49,4,0.0,4,1,0,21004.84,1,0.6547,1,High,0.0
15600461,Cust461,407,France,Female,66,9,206658.44,2,1,0,123148.31,1,0.6758,1,High,139659.77
15600462,Cust462,715,Spain,Female,72,2,9890.83,2,1,1,158685.78,1,0.329,0,Medium,3254.08
15600463,Cust463,766,France,Female,83,5,102507.41,1,0,0,111104.48,1,0.8288,1,Critical,84958.14
15600464,Cust464,686,Germany,Male,34,5,123543.16,4,0,1,71693.79,0,0.2138,0,Low,26413.53
15600465,Cust465,673,Germany,Male,37,6,153758.34,4,1,1,89341.33,0,0.2907,0,Low,44697.55
15600466,Cust466,419,Germany,Female,52,9,0.0,3,1,1,48496.75,0,0.2313,0,Low,0.0
15600467,Cust467,656,Spain,Male,55,5,207639.68,3,1,0,170417.43,0,0.4905,1,Medium,101847.26
15600468,Cust468,463,France,Female,84,0,0.0,3,1,1,64710.3,0,0.4525,1,Medium,0.0
15600469,Cust469,473,Germany,Female,20,2,27982.03,1,0,0,171727.36,0,0.2986,0,Low,8355.43
15600470,Cust470,781,France,Female,36,6,46621.69,2,1,1,193181.76,0,0.0632,0,Low,2946.49
15600471,Cust471,658,France,Male,85,8,234211.56,2,1,0,51142.38,1,0.8371,1,Critical,196058.5
15600472,Cust472,847,France,Female,63,7,136670.53,2,1,0,171582.46,0,0.4009,1,Medium,54791.22
15600473,Cust473,577,France,Female,67,8,0.0,4,1,1,167292.09,0,0.4381,1,Medium,0.0
15600474,Cust474,529,France,Male,36,2,0.0,4,1,1,122271.25,0,0.2745,0,Low,0.0
15600475,Cust475,848,France,Male,64,1,0.0,3,0,1,166768.81,0,0.2544,0,Low,0.0
15600476,Cust476,661,France,Female,45,10,91831.95,1,0,0,85108.99,0,0.3913,1,Medium,35933.84
15600477,Cust477,782,Germany,Male,72,6,4575.63,2,0,0,120579.57,0,0.3822,0,Medium,1748.81
15600478,Cust478,372,Germany,Female,24,8,0.0,3,1,1,81149.11,0,0.0975,0,Low,0.0
15600479,Cust479,613,France,Male,39,10,179360.39,3,1,1,199776.62,0,0.1569,0,Low,28141.65
15600480,Cust480,759,France,Female,65,2,65526.66,3,1,0,106375.95,0,0.4577,1,Medium,29991.55
15600481,Cust481,755,France,Male,62,9,66404.99,2,1,1,47456.42,0,0.3051,0,Medium,20260.16
15600482,Cust482,708,Germany,Male,80,4,0.0,4,1,0,134030.68,0,0.5863,1,Medium,0.0
15600483,Cust483,432,France,Male,77,6,167604.94,4,1,0,151610.57,1,0.9125,1,Critical,152939.51
15600484,Cust484,623,France,Male,19,4,73544.32,3,1,0,172269.42,0,0.1874,0,Low,13782.21
15600485,Cust485,400,France,Male,24,2,77590.69,4,1,0,2547.75,0,0.3577,0,Medium,27754.19
15600486,Cust486,751,France,Female,44,9,94154.75,1,1,0,149460.77,0,0.2712,0,Low,25534.77
15600487,Cust487,665,France,Male,88,3,245050.33,1,0,1,106118.13,1,0.7353,1,High,180185.51
15600488,Cust488,447,Germany,Male,53,0,115024.6,3,1,0,145297.23,1,0.5323,1,Medium,61227.59
15600489,Cust489,714,Germany,Male,83,1,0.0,3,0,0,105478.61,1,0.6969,1,High,0.0
15600490,Cust490,710,Germany,Female,22,10,0.0,1,0,1,65942.31,0,0.113,0,Low,0.0
15600491,Cust491,376,Germany,Female,89,9,0.0,4,1,1,7034.39,0,0.5001,1,Medium,0.0
15600492,Cust492,394,Germany,Female,22,7,220922.68,3,0,1,64077.19,0,0.2122,0,Low,46879.79
15600493,Cust493,450,France,Male,77,8,247700.45,1,1,1,131201.06,1,0.6723,1,High,166529.01
15600494,Cust494,385,Spain,Female,82,7,0.0,3,0,1,1952.55,0,0.4574,1,Medium,0.0
15600495,Cust495,619,Germany,Male,39,10,0.0,4,1,0,184295.16,1,0.7027,1,High,0.0
15600496,Cust496,790,France,Female,40,1,82577.9,4,0,1,79869.38,0,0.1833,0,Low,15136.53
15600497,Cust497,381,Germany,Male,61,0,194773.15,2,1,1,12589.74,1,0.7095,1,High,138191.55
15600498,Cust498,657,France,Female,71,7,163896.54,4,1,0,176397.26,1,0.8665,1,Critical,142016.35
15600499,Cust499,562,Germany,Female,26,10,90841.13,2,1,1,36150.32,0,0.1553,0,Low,14107.63
15600500,Cust500,768,Germany,Male,35,6,0.0,4,1,1,11667.74,0,0.0839,0,Low,0.0
15600501,Cust501,591,Spain,Female,73,10,51455.19,4,1,0,15700.26,1,0.7739,1,High,39821.17
15600502,Cust502,685,Spain,Male,77,4,173498.41,2,1,1,105605.99,0,0.5,1,Medium,86749.2
15600503,Cust503,811,Germany,Female,29,7,63030.89,3,1,1,57188.89,0,0.0896,0,Low,5647.57
15600504,Cust504,418,Germany,Female,83,5,87386.52,4,1,0,168364.15,1,0.9089,1,Critical,79425.61
15600505,Cust505,508,Spain,Female,82,9,17029.65,2,1,1,109118.74,0,0.4277,1,Medium,7283.58
15600506,Cust506,485,France,Female,82,7,0.0,3,1,1,55624.98,0,0.4738,1,Medium,0.0
15600507,Cust507,434,Spain,Male,35,4,0.0,3,1,1,116855.5,0,0.1966,0,Low,0.0
15600508,Cust508,674,France,Male,67,2,0.0,2,0,1,188806.13,0,0.2436,0,Low,0.0
15600509,Cust509,353,France,Female,29,3,173616.95,3,1,0,172477.79,0,0.324,0,Medium,56251.89
15600510,Cust510,543,France,Male,32,0,134535.95,2,0,1,27307.88,0,0.1639,0,Low,22050.44
15600511,Cust511,410,Spain,Male,23,1,0.0,3,1,1,174389.89,0,0.1181,0,Low,0.0
15600512,Cust512,658,France,Male,54,5,0.0,4,1,0,73254.77,0,0.3558,0,Medium,0.0
15600513,Cust513,726,France,Female,70,0,0.0,1,1,0,76897.73,0,0.4071,1,Medium,0.0
15600514,Cust514,583,France,Male,32,5,150708.79,1,0,1,100818.6,0,0.2198,0,Low,33125.79
15600515,Cust515,572,France,Male,31,0,164487.01,3,1,0,153644.68,0,0.2959,0,Low,48671.71
15600516,Cust516,575,France,Male,38,1,199112.68,4,0,0,84510.1,0,0.5035,1,Medium,100253.23
15600517,Cust517,449,Germany,Male,32,7,180693.74,4,1,0,132215.61,0,0.4242,1,Medium,76650.28
15600518,Cust518,538,France,Female,79,0,56225.37,2,0,0,34034.23,0,0.738,1,High,41494.32
15600519,Cust519,817,Spain,Female,30,3,125840.18,4,1,0,59025.88,1,0.6059,1,High,76246.57
15600520,Cust520,370,Spain,Female,38,2,37971.48,4,1,1,189567.81,0,0.2128,0,Low,8080.33
15600521,Cust521,744,France,Female,40,0,202345.21,2,1,1,84018.33,0,0.1825,0,Low,36928.0
15600522,Cust522,432,France,Male,33,2,163394.22,1,1,0,145279.24,0,0.4802,1,Medium,78461.9
15600523,Cust523,407,Germany,Female,87,1,244772.8,4,1,1,15914.38,1,0.8635,1,Critical,211361.31
15600524,Cust524,493,France,Male,33,0,34127.42,1,0,0,6071.45,0,0.292,0,Low,9965.21
15600525,Cust525,484,France,Male,54,7,127536.92,1,1,1,10542.08,1,0.5197,1,Medium,66280.94
15600526,Cust526,508,Spain,Male,59,1,181002.58,2,1,1,140289.33,0,0.5045,1,Medium,91315.8
15600527,Cust527,775,Spain,Male,37,10,216835.58,4,1,1,11354.63,0,0.1753,0,Low,38011.28
15600528,Cust528,803,Spain,Female,52,5,213349.43,3,0,0,120408.38,0,0.3522,0,Medium,75141.67
15600529,Cust529,696,France,Male,30,4,0.0,2,1,1,50145.63,0,0.0823,0,Low,0.0
15600530,Cust530,423,Germany,Female,53,9,245580.23,3,1,1,28081.62,1,0.5712,1,Medium,140275.43
15600531,Cust531,823,Germany,Male,19,8,0.0,4,1,1,138549.74,0,0.1024,0,Low,0.0
15600532,Cust532,774,France,Male,50,4,242264.66,1,1,1,108789.08,1,0.6665,1,High,161469.4
15600533,Cust533,388,Germany,Male,45,10,153403.2,4,1,0,178249.03,1,0.6663,1,High,102212.55
15600534,Cust534,544,France,Male,43,5,207983.81,3,1,1,145447.6,0,0.326,0,Medium,67802.72
15600535,Cust535,738,France,Male,26,7,19008.4,4,1,0,64551.48,1,0.4578,1,Medium,8702.05
15600536,Cust536,394,Germany,Female,91,10,63865.1,1,1,0,25321.44,1,0.8097,1,Critical,51711.57
15600537,Cust537,388,France,Female,19,7,22998.98,2,1,1,127453.08,0,0.1017,0,Low,2339.0
15600538,Cust538,653,France,Female,28,6,0.0,2,1,1,69492.97,0,0.0668,0,Low,0.0
15600539,Cust539,518,Spain,Male,25,6,241182.54,4,0,1,33113.1,0,0.1309,0,Low,31570.79
15600540,Cust540,571,Spain,Female,90,7,162292.69,3,0,0,114611.63,1,0.8363,1,Critical,135725.38
15600541,Cust541,726,Germany,Female,41,10,0.0,2,1,1,132345.63,0,0.0891,0,Low,0.0
15600542,Cust542,622,Spain,Male,49,7,198208.93,1,1,1,57118.2,0,0.2615,0,Low,51831.64
15600543,Cust543,706,Spain,Female,73,3,0.0,2,0,0,144340.52,0,0.4951,1,Medium,0.0
15600544,Cust544,413,France,Female,21,0,114411.92,1,1,0,13625.3,1,0.3183,0,Medium,36417.31
15600545,Cust545,351,France,Female,22,8,157332.05,4,0,0,145941.58,0,0.2593,0,Low,40796.2
15600546,Cust546,476,France,Male,31,5,127950.17,4,1,1,21145.21,0,0.3079,0,Medium,39395.86
15600547,Cust547,451,France,Male,68,4,0.0,3,1,0,138142.92,0,0.5436,1,Medium,0.0
15600548,Cust548,512,Spain,Male,90,10,200659.26,2,1,0,87045.8,0,0.756,1,High,151698.4
15600549,Cust549,740,France,Male,63,1,115604.63,3,1,0,30378.83,1,0.695,1,High,80345.22
15600550,Cust550,426,France,Male,82,0,103755.31,2,0,0,4227.98,1,0.6289,1,High,65251.71
15600551,Cust551,413,France,Male,83,8,139666.38,1,1,1,169071.01,0,0.615,1,High,85894.82
15600552,Cust552,450,France,Male,38,10,226188.41,1,1,1,175947.17,1,0.2538,0,Low,57406.62
15600553,Cust553,513,Spain,Female,31,9,105745.57,3,1,1,74008.1,0,0.1475,0,Low,15597.47
15600554,Cust554,448,France,Male,29,9,0.0,4,0,1,131868.88,1,0.4409,1,Medium,0.0
15600555,Cust555,442,France,Male,76,9,0.0,1,1,1,173942.14,0,0.4256,1,Medium,0.0
15600556,Cust556,640,France,Male,67,7,3099.29,2,1,1,17924.84,0,0.2637,0,Low,817.28
15600557,Cust557,405,France,Male,82,10,119050.64,1,1,0,101202.28,0,0.7694,1,High,91597.56
15600558,Cust558,427,Germany,Female,55,3,0.0,2,1,0,84982.71,1,0.482,1,Medium,0.0
15600559,Cust559,769,France,Female,90,8,37591.59,4,1,1,43118.18,0,0.4569,1,Medium,17175.6
15600560,Cust560,359,France,Female,84,1,58609.47,1,1,1,50163.83,1,0.7732,1,High,45316.84
15600561,Cust561,380,France,Female,77,5,178104.84,3,1,0,183590.3,1,0.8377,1,Critical,149198.42
15600562,Cust562,384,Spain,Male,77,3,0.0,1,1,0,138984.94,0,0.6591,1,High,0.0
15600563,Cust563,618,Germany,Female,27,10,134213.28,1,1,0,124904.23,0,0.2887,0,Low,38747.37
15600564,Cust564,698,Germany,Female,73,4,123817.14,3,1,0,129453.65,0,0.6563,1,High,81261.19
15600565,Cust565,697,Germany,Male,88,2,0.0,2,1,1,82648.79,0,0.395,1,Medium,0.0
15600566,Cust566,695,Spain,Female,39,6,221641.97,4,1,0,157519.16,0,0.5905,1,Medium,130879.58
15600567,Cust567,378,France,Female,78,0,233113.56,2,1,1,149167.35,0,0.663,1,High,154554.29
15600568,Cust568,522,France,Female,43,1,0.0,3,1,0,87261.38,0,0.2188,0,Low,0.0
15600569,Cust569,667,Germany,Male,33,4,0.0,1,1,1,29355.98,0,0.1327,0,Low,0.0
15600570,Cust570,691,France,Male,72,6,228466.02,3,1,1,19499.15,0,0.3678,0,Medium,84029.8
15600571,Cust571,517,Spain,Male,30,6,204783.84,4,1,0,158985.49,1,0.7363,1,High,150782.34
15600572,Cust572,774,France,Male,53,0,31006.61,2,1,0,140560.26,0,0.1731,0,Low,5367.24
15600573,Cust573,767,Spain,Female,87,7,85419.39,1,1,0,89970.67,1,0.804,1,Critical,68677.19
15600574,Cust574,733,Spain,Male,29,0,81901.48,3,0,1,27228.71,0,0.0897,0,Low,7346.56
15600575,Cust575,749,Germany,Female,29,8,182511.7,1,1,0,154680.3,1,0.2179,0,Low,39769.3
15600576,Cust576,838,Spain,Male,87,0,130974.64,3,1,1,71835.54,0,0.4999,1,Medium,65474.22
15600577,Cust577,747,Germany,Male,75,0,0.0,1,1,0,155345.58,0,0.4317,1,Medium,0.0
15600578,Cust578,643,Spain,Female,52,5,57698.65,3,1,1,139849.52,0,0.2701,0,Low,15584.41
15600579,Cust579,549,France,Male,47,8,114376.26,3,1,1,186013.01,0,0.213,0,Low,24362.14
15600580,Cust580,531,France,Male,89,8,166489.26,4,0,1,13579.25,1,0.6714,1,High,111780.89
15600581,Cust581,762,Germany,Male,71,6,127181.48,1,1,0,128680.39,1,0.789,1,High,100346.19
15600582,Cust582,498,France,Male,85,1,65258.38,4,1,0,158511.75,1,0.8543,1,Critical,55750.23
15600583,Cust583,665,France,Female,24,10,0.0,2,1,0,58302.07,0,0.1114,0,Low,0.0
15600584,Cust584,601,Spain,Female,57,0,0.0,1,1,0,147388.02,1,0.3905,1,Medium,0.0
15600585,Cust585,539,Germany,Female,71,3,44167.19,4,1,0,59560.71,0,0.6194,1,High,27357.16
15600586,Cust586,575,France,Female,20,8,132099.89,3,0,1,126994.38,0,0.1203,0,Low,15891.62
15600587,Cust587,390,France,Male,55,6,0.0,3,1,1,136109.3,0,0.2248,0,Low,0.0
15600588,Cust588,705,France,Female,22,8,54603.97,2,1,0,179018.82,1,0.4566,1,Medium,24932.17
15600589,Cust589,383,France,Male,84,8,218873.06,1,1,1,190180.95,1,0.7124,1,High,155925.17
15600590,Cust590,386,Spain,Male,68,10,239442.63,1,1,0,199365.38,1,0.667,1,High,159708.23
15600591,Cust591,475,France,Female,31,5,87548.95,4,1,0,138774.19,0,0.3919,1,Medium,34310.43
15600592,Cust592,616,France,Male,56,9,86822.65,1,1,0,115790.08,0,0.395,1,Medium,34294.95
15600593,Cust593,500,Germany,Female,26,1,22940.52,3,1,0,136569.81,0,0.1497,0,Low,3434.2
15600594,Cust594,791,France,Female,77,1,0.0,2,0,1,149459.24,0,0.3955,1,Medium,0.0
15600595,Cust595,814,France,Male,32,0,6636.34,4,1,0,163151.18,0,0.2531,0,Low,1679.66
15600596,Cust596,547,Germany,Male,62,2,124052.6,3,0,1,58192.92,1,0.6392,1,High,79294.42
15600597,Cust597,850,Germany,Female,23,1,38203.63,1,1,1,141777.05,0,0.137,0,Low,5233.9
15600598,Cust598,394,Spain,Female,29,9,0.0,1,0,0,38417.54,0,0.142,0,Low,0.0
15600599,Cust599,421,Germany,Female,90,5,232227.52,1,0,0,20620.38,1,0.7696,1,High,178722.3
15600600,Cust600,524,France,Female,46,4,22195.67,3,0,1,158642.84,0,0.219,0,Low,4860.85
15600601,Cust601,822,Spain,Male,27,7,0.0,1,1,0,116044.33,0,0.1254,0,Low,0.0
15600602,Cust602,602,Spain,Male,69,3,207642.03,1,0,1,95201.12,1,0.6335,1,High,131541.23
15600603,Cust603,703,Germany,Female,32,6,0.0,2,1,1,79652.88,0,0.0702,0,Low,0.0
15600604,Cust604,676,Spain,Male,61,0,230660.58,1,1,1,51137.02,0,0.3956,1,Medium,91249.33
15600605,Cust605,599,Spain,Female,77,7,155229.46,2,1,0,117243.17,1,0.8227,1,Critical,127707.28
15600606,Cust606,816,Spain,Female,68,9,133734.24,2,1,1,17045.58,1,0.4716,1,Medium,63069.07
15600607,Cust607,828,France,Female,36,0,167853.13,2,1,0,139343.53,0,0.274,0,Low,45991.76
15600608,Cust608,574,Germany,Male,35,0,72027.28,1,1,1,97523.53,0,0.182,0,Low,13108.96
15600609,Cust609,707,France,Female,34,1,6352.72,2,1,1,126116.1,0,0.072,0,Low,457.4
15600610,Cust610,662,Germany,Male,64,6,110512.81,3,1,1,6327.79,0,0.329,0,Medium,36358.71
15600611,Cust611,647,Germany,Female,67,8,185836.6,2,1,1,74871.79,0,0.5762,1,Medium,107079.05
15600612,Cust612,400,Spain,Male,56,9,229662.6,4,1,1,79934.99,0,0.4237,1,Medium,97308.04
15600613,Cust613,454,Spain,Female,47,8,0.0,2,1,1,115564.52,0,0.1551,0,Low,0.0
15600614,Cust614,846,France,Male,22,6,65911.92,2,1,0,180376.17,0,0.1825,0,Low,12028.93
15600615,Cust615,472,Germany,Male,79,7,32823.88,1,1,1,143347.81,1,0.6547,1,High,21489.79
15600616,Cust616,676,Germany,Male,66,3,233873.58,3,1,1,161222.69,1,0.4842,1,Medium,113241.59
15600617,Cust617,806,France,Female,65,8,0.0,3,0,0,151748.24,0,0.4129,1,Medium,0.0
15600618,Cust618,651,France,Male,25,2,227767.81,1,1,0,39129.74,0,0.3335,0,Medium,75960.56
15600619,Cust619,457,France,Male,39,10,0.0,4,0,1,102701.97,0,0.1979,0,Low,0.0
15600620,Cust620,780,Spain,Male,40,0,4533.18,4,1,0,147004.53,0,0.2117,0,Low,959.67
15600621,Cust621,366,France,Male,62,10,56055.08,4,1,1,107170.56,1,0.5991,1,Medium,33582.6
15600622,Cust622,712,Spain,Male,76,5,123197.38,4,1,1,189888.09,0,0.3249,0,Medium,40026.83
15600623,Cust623,483,France,Male,82,7,0.0,1,1,1,103623.17,0,0.4769,1,Medium,0.0
15600624,Cust624,670,Spain,Female,56,1,226930.18,4,1,0,109573.62,1,0.7259,1,High,164728.62
15600625,Cust625,590,France,Female,44,3,0.0,2,0,1,23977.71,0,0.1624,0,Low,0.0
15600626,Cust626,635,Spain,Female,48,9,29442.37,4,0,1,15833.06,0,0.193,0,Low,5682.38
15600627,Cust627,541,France,Female,72,0,0.0,1,1,1,11781.21,0,0.4107,1,Medium,0.0
15600628,Cust628,614,Germany,Male,41,2,97236.71,3,1,0,29937.62,0,0.3342,0,Medium,32496.51
15600629,Cust629,818,Spain,Female,48,6,169735.34,3,1,1,134383.74,0,0.2707,0,Low,45947.36
15600630,Cust630,764,Spain,Male,76,8,196544.17,2,1,0,35627.05,1,0.7791,1,High,153127.56
15600631,Cust631,559,Spain,Female,58,4,246387.86,2,0,0,21618.45,0,0.5914,1,Medium,145713.78
15600632,Cust632,821,France,Male,52,0,144161.51,1,1,0,122562.87,0,0.4311,1,Medium,62148.03
15600633,Cust633,795,France,Male,72,1,91687.67,4,1,0,171670.68,0,0.4181,1,Medium,38334.61
15600634,Cust634,664,France,Male,39,9,108400.09,3,0,1,6612.58,0,0.1151,0,Low,12476.85
15600635,Cust635,647,France,Female,22,2,100655.44,4,1,1,101234.15,0,0.1853,0,Low,18651.45
15600636,Cust636,367,Germany,Male,76,6,112634.33,3,0,1,38346.91,1,0.6906,1,High,77785.27
15600637,Cust637,612,Germany,Female,51,10,0.0,2,1,1,182880.91,0,0.1529,0,Low,0.0
15600638,Cust638,456,Spain,Male,42,4,61832.06,3,0,0,83708.02,0,0.2857,0,Low,17665.42
15600639,Cust639,430,Spain,Male,25,0,246940.2,2,1,1,129452.82,0,0.2995,0,Low,73958.59
15600640,Cust640,780,Germany,Female,86,8,232003.63,4,1,1,86952.78,1,0.6949,1,High,161219.32
15600641,Cust641,485,Spain,Female,71,8,0.0,3,1,0,163565.92,0,0.5473,1,Medium,0.0
15600642,Cust642,658,France,Female,38,7,0.0,3,1,1,98543.44,0,0.0909,0,Low,0.0
15600643,Cust643,784,France,Female,62,9,197988.54,3,0,1,189179.08,0,0.2676,0,Low,52981.73
15600644,Cust644,649,Germany,Female,52,8,686.78,2,0,1,71793.35,0,0.2168,0,Low,148.89
15600645,Cust645,740,Spain,Male,42,7,228365.89,4,1,0,144296.25,1,0.6745,1,High,154032.79
15600646,Cust646,738,France,Female,41,3,0.0,2,0,1,17733.35,0,0.1568,0,Low,0.0
15600647,Cust647,574,Germany,Female,23,0,157189.5,1,1,0,32423.73,0,0.3351,0,Medium,52674.2
15600648,Cust648,811,Germany,Male,90,7,197082.25,2,1,1,105927.49,1,0.6536,1,High,128812.96
15600649,Cust649,805,France,Male,86,9,83132.91,1,1,1,51870.54,0,0.4542,1,Medium,37758.97
15600650,Cust650,519,France,Female,82,7,0.0,3,1,1,11801.05,0,0.4418,1,Medium,0.0
15600651,Cust651,760,Spain,Male,41,7,0.0,3,1,1,49545.34,0,0.0823,0,Low,0.0
15600652,Cust652,441,Germany,Female,91,7,140315.22,4,1,1,54184.5,0,0.7419,1,High,104099.86
15600653,Cust653,406,France,Male,38,3,0.0,2,0,0,124634.25,0,0.3571,0,Medium,0.0
15600654,Cust654,615,Spain,Male,79,1,162300.07,4,1,1,33244.06,1,0.7107,1,High,115346.66
15600655,Cust655,653,France,Male,25,6,0.0,3,1,1,185671.76,0,0.0766,0,Low,0.0
15600656,Cust656,642,Spain,Male,40,10,209002.05,2,1,1,57404.21,0,0.1515,0,Low,31663.81
15600657,Cust657,750,France,Male,60,1,33042.74,2,1,1,192720.32,1,0.3209,0,Medium,10603.42
15600658,Cust658,545,Germany,Male,89,0,111355.2,4,1,1,84713.16,0,0.5279,1,Medium,58784.41
15600659,Cust659,754,France,Female,37,7,0.0,1,1,1,146449.74,0,0.0666,0,Low,0.0
15600660,Cust660,801,France,Female,49,4,158191.66,1,1,1,135659.07,0,0.2669,0,Low,42221.35
15600661,Cust661,395,Spain,Male,80,9,0.0,1,1,1,56217.9,0,0.5406,1,Medium,0.0
15600662,Cust662,575,France,Male,52,5,232588.71,3,0,1,88721.94,0,0.4268,1,Medium,99268.86
15600663,Cust663,462,France,Female,68,5,0.0,4,0,1,45865.21,0,0.4526,1,Medium,0.0
15600664,Cust664,678,France,Female,48,0,100154.4,3,1,1,176914.82,0,0.2334,0,Low,23376.04
15600665,Cust665,556,Germany,Female,18,10,0.0,2,1,1,177266.67,0,0.0743,0,Low,0.0
15600666,Cust666,491,Spain,Female,38,3,51847.92,1,1,1,71963.35,0,0.2382,0,Low,12350.17
15600667,Cust667,476,Spain,Male,59,4,22857.95,1,1,1,81741.15,0,0.284,0,Low,6491.66
15600668,Cust668,527,France,Male,19,6,21845.38,3,0,1,60556.46,0,0.1071,0,Low,2339.64
15600669,Cust669,404,France,Male,35,9,145701.29,1,0,0,59809.97,1,0.5461,1,Medium,79567.47
15600670,Cust670,402,France,Female,88,8,222217.14,4,0,0,17507.74,1,0.9153,1,Critical,203395.35
15600671,Cust671,665,Germany,Female,19,8,55689.53,4,1,0,127977.96,0,0.1873,0,Low,10430.65
15600672,Cust672,822,Spain,Female,36,1,190012.1,4,1,1,153622.36,0,0.3552,0,Medium,67492.3
15600673,Cust673,604,Germany,Female,63,0,0.0,2,0,1,68157.11,1,0.5503,1,Medium,0.0
15600674,Cust674,814,Germany,Female,59,9,0.0,2,0,0,100359.78,0,0.2935,0,Low,0.0
15600675,Cust675,427,France,Female,33,10,163429.13,4,0,1,4407.52,0,0.1423,0,Low,23255.97
15600676,Cust676,837,Spain,Male,22,6,0.0,1,1,1,125998.16,0,0.0773,0,Low,0.0
15600677,Cust677,643,France,Male,84,10,235797.95,4,1,0,65001.51,1,0.9148,1,Critical,215707.96
15600678,Cust678,722,France,Male,58,3,0.0,4,1,0,29563.08,0,0.3415,0,Medium,0.0
15600679,Cust679,381,France,Female,60,3,115668.56,1,1,0,2235.24,0,0.4695,1,Medium,54306.39
15600680,Cust680,652,France,Male,22,1,15159.1,1,1,1,85392.35,0,0.0937,0,Low,1420.41
15600681,Cust681,541,France,Female,33,8,68911.91,4,1,1,133960.83,1,0.6198,1,High,42711.6
15600682,Cust682,800,France,Male,23,7,230777.95,3,1,0,48005.43,0,0.1355,0,Low,31270.41
15600683,Cust683,747,France,Female,90,2,0.0,2,1,1,33592.82,1,0.4957,1,Medium,0.0
15600684,Cust684,782,Germany,Female,74,10,85669.32,4,0,0,122603.16,1,0.6246,1,High,53509.06
15600685,Cust685,795,France,Male,58,0,0.0,3,1,0,118709.23,0,0.2656,0,Low,0.0
15600686,Cust686,711,France,Female,68,8,0.0,4,1,1,61000.0,1,0.5338,1,Medium,0.0
15600687,Cust687,472,Spain,Female,30,2,0.0,2,1,0,170139.79,1,0.3321,0,Medium,0.0
15600688,Cust688,491,Spain,Male,91,8,103094.03,3,1,1,119412.81,0,0.4544,1,Medium,46845.93
15600689,Cust689,780,Germany,Male,56,5,234137.34,3,1,0,163056.31,0,0.3783,0,Medium,88574.16
15600690,Cust690,651,France,Female,56,2,0.0,1,1,0,184765.9,0,0.4669,1,Medium,0.0
15600691,Cust691,796,Spain,Female,88,0,204594.14,3,1,0,135029.52,1,0.8517,1,Critical,174252.83
15600692,Cust692,748,France,Male,25,6,32559.41,3,0,1,58464.69,0,0.1022,0,Low,3327.57
15600693,Cust693,654,France,Female,49,1,37726.91,1,1,0,135473.49,0,0.3191,0,Medium,12038.66
15600694,Cust694,426,Spain,Male,24,4,0.0,4,0,1,84209.81,0,0.2272,0,Low,0.0
15600695,Cust695,842,Germany,Female,49,10,47808.66,2,1,1,36290.79,0,0.1372,0,Low,6559.35
15600696,Cust696,471,Germany,Female,37,9,0.0,2,0,1,34873.02,0,0.1642,0,Low,0.0
15600697,Cust697,473,Germany,Male,52,5,202035.44,1,1,1,30737.88,0,0.4966,1,Medium,100330.8
15600698,Cust698,423,Germany,Male,69,8,87103.06,4,1,1,93010.3,1,0.71,1,High,61843.17
15600699,Cust699,384,France,Female,38,9,129955.79,1,1,0,118889.46,0,0.3586,0,Medium,46602.15
15600700,Cust700,537,France,Male,21,6,133312.03,4,1,0,194909.84,1,0.6382,1,High,85079.74
15600701,Cust701,772,France,Male,29,2,151802.26,3,1,1,134653.27,0,0.1536,0,Low,23316.83
15600702,Cust702,783,France,Male,70,8,25904.19,1,1,0,46412.77,0,0.38,0,Medium,9843.59
15600703,Cust703,595,Spain,Male,60,0,0.0,3,1,1,167056.06,0,0.3333,0,Medium,0.0
15600704,Cust704,507,France,Male,90,5,21482.45,3,0,1,196782.85,0,0.4138,1,Medium,8889.44
15600705,Cust705,523,Germany,Female,84,8,229766.3,2,1,1,82590.65,1,0.7933,1,High,182273.61
15600706,Cust706,810,Spain,Female,29,6,0.0,4,0,1,176027.19,0,0.097,0,Low,0.0
15600707,Cust707,377,Spain,Female,72,3,181754.26,1,1,0,148844.45,1,0.7928,1,High,144094.78
15600708,Cust708,378,France,Male,24,4,230206.6,1,0,1,63228.39,1,0.4726,1,Medium,108795.64
15600709,Cust709,382,France,Male,25,5,77359.33,4,1,1,1363.14,1,0.6491,1,High,50213.94
15600710,Cust710,794,Spain,Female,76,8,21962.3,4,1,0,139655.87,0,0.5856,1,Medium,12861.12
15600711,Cust711,395,Germany,Female,47,10,0.0,2,0,1,193068.1,0,0.1956,0,Low,0.0
15600712,Cust712,821,Spain,Female,91,8,0.0,2,0,1,27125.02,0,0.3741,0,Medium,0.0
15600713,Cust713,442,Spain,Male,18,3,124949.37,3,1,1,183028.36,0,0.1717,0,Low,21453.81
15600714,Cust714,624,Spain,Male,55,1,18738.39,3,0,1,41404.33,0,0.2407,0,Low,4510.33
15600715,Cust715,836,France,Female,40,5,0.0,1,1,1,108308.1,0,0.1012,0,Low,0.0
15600716,Cust716,408,Germany,Male,90,9,174890.4,2,1,0,110522.56,1,0.8346,1,Critical,145963.53
15600717,Cust717,490,France,Female,67,6,184136.33,3,1,1,44165.68,1,0.5838,1,Medium,107498.79
15600718,Cust718,714,Germany,Female,75,3,0.0,3,0,1,4800.19,0,0.3751,0,Medium,0.0
15600719,Cust719,759,Spain,Female,39,0,198679.47,4,1,1,34752.77,0,0.1793,0,Low,35623.23
15600720,Cust720,804,Germany,Male,84,2,86389.78,4,1,1,78108.12,1,0.5383,1,Medium,46503.62
15600721,Cust721,359,France,Female,80,7,17052.28,1,1,0,37846.33,0,0.5978,1,Medium,10193.85
15600722,Cust722,739,France,Female,76,7,83465.26,3,1,0,134197.84,0,0.4321,1,Medium,36065.34
15600723,Cust723,511,Spain,Female,53,4,182618.78,3,1,1,97614.55,1,0.4389,1,Medium,80151.38
15600724,Cust724,629,France,Female,86,3,163944.56,1,1,1,70819.23,0,0.6502,1,High,106596.75
15600725,Cust725,804,France,Male,67,1,120367.72,1,1,0,46579.12,0,0.5726,1,Medium,68922.56
15600726,Cust726,802,France,Female,22,10,69913.17,4,1,1,132459.6,0,0.186,0,Low,13003.85
15600727,Cust727,442,France,Female,83,4,104482.8,1,0,1,178376.38,0,0.4225,1,Medium,44143.98
15600728,Cust728,585,France,Female,19,8,0.0,2,1,1,130158.28,0,0.0844,0,Low,0.0
15600729,Cust729,492,Germany,Male,68,5,97505.68,3,1,1,81798.44,0,0.4362,1,Medium,42531.98
15600730,Cust730,658,France,Female,36,6,0.0,2,1,1,5594.9,0,0.0597,0,Low,0.0
15600731,Cust731,764,France,Male,84,7,0.0,3,0,1,158052.56,0,0.3606,0,Medium,0.0
15600732,Cust732,509,France,Female,72,3,0.0,1,1,0,104942.93,0,0.58,1,Medium,0.0
15600733,Cust733,410,France,Female,77,10,72542.39,3,1,0,13097.3,0,0.6495,1,High,47116.28
15600734,Cust734,382,France,Male,69,5,32277.32,4,0,0,145460.83,0,0.6334,1,High,20444.45
15600735,Cust735,376,Germany,Male,59,8,150524.05,3,1,1,46019.69,1,0.6307,1,High,94935.52
15600736,Cust736,533,France,Male,81,10,105703.75,4,0,0,59783.08,1,0.8489,1,Critical,89731.91
15600737,Cust737,833,France,Male,39,4,167981.43,2,1,1,130226.35,0,0.1862,0,Low,31278.14
15600738,Cust738,476,France,Male,57,2,21900.8,2,0,1,37753.29,0,0.2696,0,Low,5904.46
15600739,Cust739,552,France,Female,40,10,86227.27,2,1,1,64380.58,0,0.1674,0,Low,14434.44
15600740,Cust740,688,France,Female,26,8,0.0,2,1,1,139536.51,0,0.0647,0,Low,0.0
15600741,Cust741,679,France,Male,82,8,23021.93,2,1,0,63055.92,0,0.4685,1,Medium,10785.77
15600742,Cust742,485,Spain,Female,54,10,193361.69,2,1,1,18350.74,0,0.3306,0,Medium,63925.37
15600743,Cust743,413,France,Male,21,0,0.0,2,1,0,20018.2,0,0.2006,0,Low,0.0
15600744,Cust744,428,Germany,Female,79,10,0.0,1,1,0,108253.68,0,0.4735,1,Medium,0.0
15600745,Cust745,460,France,Male,87,1,0.0,2,1,1,199679.55,0,0.3309,0,Medium,0.0
15600746,Cust746,393,France,Male,66,1,0.0,1,1,1,104641.12,1,0.6749,1,High,0.0
15600747,Cust747,580,France,Male,42,2,229954.67,4,0,0,195482.31,0,0.5067,1,Medium,116518.03
15600748,Cust748,673,Spain,Male,81,1,247161.61,4,1,1,181312.05,0,0.3814,0,Medium,94267.44
15600749,Cust749,688,Spain,Female,72,0,105600.18,2,0,1,175480.73,0,0.2309,0,Low,24383.08
15600750,Cust750,805,France,Female,39,1,50283.71,4,0,1,89441.62,0,0.2265,0,Low,11389.26
15600751,Cust751,496,France,Female,42,5,124527.92,2,1,1,113051.52,0,0.2345,0,Low,29201.8
15600752,Cust752,678,France,Female,91,4,123917.15,2,1,0,127005.08,1,0.8019,1,Critical,99369.16
15600753,Cust753,793,France,Female,88,3,116509.66,3,0,1,1717.04,0,0.3721,0,Medium,43353.24
15600754,Cust754,364,Germany,Male,68,1,0.0,4,1,1,8751.33,1,0.4633,1,Medium,0.0
15600755,Cust755,741,France,Male,20,10,32094.24,3,0,0,191903.79,0,0.2713,0,Low,8707.17
15600756,Cust756,394,France,Female,34,3,0.0,3,0,1,87956.86,1,0.1954,0,Low,0.0
15600757,Cust757,626,Spain,Female,44,5,87940.28,4,1,0,167132.58,1,0.5487,1,Medium,48252.83
15600758,Cust758,766,France,Female,57,1,0.0,4,1,0,24519.11,1,0.3921,1,Medium,0.0
15600759,Cust759,580,France,Male,82,2,219460.88,3,1,1,51547.41,0,0.5672,1,Medium,124478.21
15600760,Cust760,630,Germany,Male,80,2,55839.05,2,1,1,10484.93,0,0.5191,1,Medium,28986.05
15600761,Cust761,660,France,Female,38,10,192800.01,2,1,1,152489.95,0,0.2046,0,Low,39446.88
15600762,Cust762,639,France,Male,26,1,0.0,2,1,1,51737.87,0,0.0764,0,Low,0.0
15600763,Cust763,716,France,Female,38,5,8154.18,1,1,1,158188.73,0,0.1239,0,Low,1010.3
15600764,Cust764,780,Spain,Female,35,5,162464.58,3,1,1,155799.41,0,0.1528,0,Low,24824.59
15600765,Cust765,417,France,Male,84,0,53658.23,4,0,0,20581.56,0,0.66,1,High,35414.43
15600766,Cust766,558,France,Female,19,3,229913.75,1,1,0,57162.03,1,0.5991,1,Medium,137741.33
15600767,Cust767,777,France,Female,79,0,0.0,4,1,0,107142.95,1,0.6462,1,High,0.0
15600768,Cust768,541,France,Male,66,1,26257.95,3,1,1,161338.3,0,0.3767,0,Medium,9891.37
15600769,Cust769,595,Germany,Female,25,7,0.0,4,1,1,159579.06,0,0.0966,0,Low,0.0
15600770,Cust770,721,France,Male,68,6,0.0,3,1,0,107824.9,0,0.4559,1,Medium,0.0
15600771,Cust771,818,Germany,Male,60,5,0.0,4,1,1,139052.52,0,0.3145,0,Medium,0.0
15600772,Cust772,476,Germany,Male,18,2,0.0,4,0,1,187836.78,0,0.1544,0,Low,0.0
15600773,Cust773,828,Spain,Female,34,6,187792.01,2,0,0,82157.1,0,0.1805,0,Low,33896.46
15600774,Cust774,705,France,Female,43,9,0.0,3,1,0,26243.4,0,0.3565,0,Medium,0.0
15600775,Cust775,365,Spain,Female,33,9,0.0,1,0,1,27213.77,1,0.5197,1,Medium,0.0
15600776,Cust776,781,Germany,Female,60,1,0.0,4,0,1,74969.81,0,0.3692,0,Medium,0.0
15600777,Cust777,542,France,Male,63,7,201632.41,3,0,0,23251.45,0,0.6618,1,High,133440.33
15600778,Cust778,491,Spain,Female,30,2,167692.99,3,1,1,176214.14,0,0.2145,0,Low,35970.15
15600779,Cust779,613,Spain,Male,27,9,5286.68,3,1,0,108159.39,0,0.2861,0,Low,1512.52
15600780,Cust780,638,France,Female,66,5,59283.14,3,1,1,153819.53,0,0.3054,0,Medium,18105.07
15600781,Cust781,620,Spain,Female,52,8,116587.57,1,1,1,198712.97,0,0.2691,0,Low,31373.72
15600782,Cust782,377,France,Female,37,5,0.0,3,1,1,80804.73,0,0.1756,0,Low,0.0
15600783,Cust783,762,Germany,Female,36,7,206817.87,3,1,0,160436.51,0,0.2479,0,Low,51270.15
15600784,Cust784,521,Spain,Female,20,10,96741.14,3,1,0,146884.74,0,0.1818,0,Low,17587.54
15600785,Cust785,420,France,Female,81,1,231711.1,4,0,1,50876.61,1,0.7591,1,High,175891.9
15600786,Cust786,633,Spain,Male,80,9,48471.35,2,1,0,23157.31,1,0.8262,1,Critical,40047.03
15600787,Cust787,661,France,Female,59,5,0.0,1,1,0,1991.62,0,0.3353,0,Medium,0.0
15600788,Cust788,401,Spain,Female,43,1,0.0,4,1,1,165367.15,0,0.1945,0,Low,0.0
15600789,Cust789,822,Germany,Female,33,4,156671.74,2,0,1,195967.54,1,0.2353,0,Low,36864.86
15600790,Cust790,650,France,Female,40,0,241880.95,2,1,0,77411.6,0,0.3527,0,Medium,85311.41
15600791,Cust791,849,France,Male,86,5,102646.82,2,0,0,106736.78,0,0.6004,1,High,61629.15
15600792,Cust792,685,France,Male,24,5,174820.79,4,1,0,39204.39,0,0.3265,0,Medium,57078.99
15600793,Cust793,355,France,Male,78,4,2524.42,1,1,0,155424.71,1,0.7347,1,High,1854.69
15600794,Cust794,454,France,Male,40,4,68670.11,1,1,1,4195.6,0,0.2087,0,Low,14331.45
15600795,Cust795,837,France,Male,37,6,0.0,4,1,1,26986.01,0,0.0991,0,Low,0.0
15600796,Cust796,630,France,Female,77,9,218983.44,3,0,1,187874.16,0,0.5453,1,Medium,119411.67
15600797,Cust797,411,France,Female,89,4,238231.42,3,1,0,61007.5,1,0.8631,1,Critical,205617.54
15600798,Cust798,387,Germany,Female,91,0,144858.34,2,0,1,108093.31,1,0.8128,1,Critical,117740.86
15600799,Cust799,619,Germany,Female,37,6,0.0,1,1,1,89068.86,0,0.1704,0,Low,0.0
15600800,Cust800,647,Germany,Female,61,10,199808.1,2,0,0,35506.18,0,0.457,1,Medium,91312.3
15600801,Cust801,473,France,Female,39,4,0.0,4,0,1,141277.39,0,0.2613,0,Low,0.0
15600802,Cust802,447,Spain,Female,32,1,27864.67,3,0,0,180718.87,0,0.182,0,Low,5071.37
15600803,Cust803,653,Germany,Male,46,9,119659.75,2,0,1,113376.58,0,0.2026,0,Low,24243.07
15600804,Cust804,568,France,Female,22,4,121564.87,1,0,1,53072.03,0,0.1477,0,Low,17955.13
15600805,Cust805,368,France,Female,30,4,0.0,3,0,0,169887.61,0,0.2392,0,Low,0.0
15600806,Cust806,378,Germany,Female,62,3,146526.88,1,1,0,58955.15,0,0.7084,1,High,103799.64
15600807,Cust807,469,France,Female,68,8,204963.17,3,0,0,163273.95,0,0.6561,1,High,134476.34
15600808,Cust808,632,Germany,Male,38,1,239112.64,2,1,0,171474.98,1,0.6333,1,High,151430.03
15600809,Cust809,500,Spain,Male,59,6,138665.96,4,1,0,170159.7,1,0.8104,1,Critical,112374.89
15600810,Cust810,357,France,Male,74,3,0.0,4,1,1,144248.8,0,0.4134,1,Medium,0.0
15600811,Cust811,808,France,Male,84,4,140140.0,1,1,1,191835.81,0,0.4254,1,Medium,59615.56
15600812,Cust812,697,Spain,Male,60,2,0.0,1,0,1,178939.04,0,0.2162,0,Low,0.0
15600813,Cust813,642,Germany,Female,35,8,119001.58,3,0,0,186730.57,1,0.5415,1,Medium,64439.36
15600814,Cust814,472,France,Male,70,4,239898.84,1,0,0,85791.98,1,0.8182,1,Critical,196285.23
15600815,Cust815,704,Spain,Female,30,10,0.0,3,1,1,48507.84,0,0.0589,0,Low,0.0
15600816,Cust816,824,Spain,Female,28,9,0.0,4,1,0,199487.73,1,0.2913,0,Low,0.0
15600817,Cust817,688,Germany,Female,44,8,82395.83,4,1,1,27923.45,0,0.2022,0,Low,16660.44
15600818,Cust818,498,Germany,Male,42,4,121353.75,4,1,1,116542.76,0,0.4857,1,Medium,58941.52
15600819,Cust819,546,France,Male,28,10,0.0,4,1,0,138274.76,0,0.2771,0,Low,0.0
15600820,Cust820,815,France,Female,21,6,234095.81,2,0,0,71341.99,0,0.1485,0,Low,34763.23
15600821,Cust821,357,Germany,Female,88,4,249387.5,4,1,0,55885.77,0,0.6542,1,High,163149.3
15600822,Cust822,460,France,Female,68,3,0.0,4,0,0,29649.43,1,0.6902,1,High,0.0
15600823,Cust823,403,Germany,Male,71,10,0.0,1,1,1,8137.22,0,0.4027,1,Medium,0.0
15600824,Cust824,671,Spain,Male,22,2,0.0,3,1,0,195433.92,0,0.1898,0,Low,0.0
15600825,Cust825,579,France,Male,76,9,187885.21,2,1,1,87639.97,0,0.7492,1,High,140763.6
15600826,Cust826,416,Germany,Female,44,2,0.0,1,1,1,58028.06,0,0.2149,0,Low,0.0
15600827,Cust827,821,France,Female,73,8,216155.88,2,1,0,36995.09,1,0.7135,1,High,154227.22
15600828,Cust828,626,Spain,Male,54,3,2812.69,4,1,0,46383.65,1,0.3528,0,Medium,992.32
15600829,Cust829,474,France,Male,35,9,233596.41,2,1,1,105180.02,0,0.1633,0,Low,38146.29
15600830,Cust830,823,Germany,Female,37,9,120970.21,1,1,0,48932.65,1,0.6495,1,High,78570.15
15600831,Cust831,699,Germany,Female,28,8,0.0,4,1,0,54391.44,0,0.2262,0,Low,0.0
15600832,Cust832,415,France,Female,79,10,150249.65,1,1,1,197424.14,1,0.7934,1,High,119208.07
15600833,Cust833,764,Germany,Male,49,5,0.0,2,0,0,118545.56,0,0.3504,0,Medium,0.0
15600834,Cust834,379,Germany,Female,75,9,0.0,1,1,1,20483.14,0,0.427,1,Medium,0.0
15600835,Cust835,804,Germany,Male,79,6,175461.88,1,0,0,150835.21,1,0.7701,1,High,135123.19
15600836,Cust836,547,Spain,Female,30,0,0.0,4,1,0,15748.74,0,0.3909,1,Medium,0.0
15600837,Cust837,497,Spain,Male,42,4,20486.01,3,0,1,63729.94,0,0.1938,0,Low,3970.19
15600838,Cust838,376,France,Male,27,0,215724.59,3,1,0,67859.39,0,0.4018,1,Medium,86678.14
15600839,Cust839,816,Germany,Female,18,7,245851.12,1,1,0,138671.08,0,0.2741,0,Low,67387.79
15600840,Cust840,630,France,Female,91,1,194501.75,3,0,1,15103.35,1,0.5572,1,Medium,108376.38
15600841,Cust841,654,Spain,Male,66,3,8685.54,1,1,0,115716.42,0,0.4296,1,Medium,3731.31
15600842,Cust842,776,Germany,Female,51,9,0.0,1,1,1,105624.64,0,0.1531,0,Low,0.0
15600843,Cust843,604,France,Male,32,8,67410.26,3,0,1,67136.97,0,0.1269,0,Low,8554.36
15600844,Cust844,495,France,Male,61,3,0.0,3,1,1,96297.89,0,0.2974,0,Low,0.0
15600845,Cust845,739,Spain,Male,58,5,0.0,4,1,1,93195.17,0,0.162,0,Low,0.0
15600846,Cust846,615,France,Female,34,6,0.0,2,0,1,194865.48,0,0.0839,0,Low,0.0
15600847,Cust847,469,Germany,Male,19,3,0.0,2,1,0,134227.54,0,0.2539,0,Low,0.0
15600848,Cust848,773,France,Female,52,8,0.0,4,1,1,59179.29,0,0.1428,0,Low,0.0
15600849,Cust849,757,Spain,Female,55,1,162851.24,3,1,0,159209.24,0,0.3653,0,Medium,59489.56
15600850,Cust850,473,France,Male,77,4,181809.18,4,1,1,89973.15,1,0.781,1,High,141992.97
15600851,Cust851,675,France,Male,47,2,88471.06,3,1,1,19269.68,0,0.2178,0,Low,19269.0
15600852,Cust852,811,Spain,Male,25,7,219893.94,1,0,1,28207.64,0,0.1274,0,Low,28014.49
15600853,Cust853,750,Spain,Male,83,7,111564.02,1,1,1,113328.32,0,0.512,1,Medium,57120.78
15600854,Cust854,449,France,Female,48,8,33528.61,1,0,1,32703.44,0,0.2574,0,Low,8630.26
15600855,Cust855,778,France,Female,71,4,191868.51,3,1,1,166634.94,0,0.4183,1,Medium,80258.6
15600856,Cust856,378,Germany,Male,21,2,0.0,3,1,1,32406.99,0,0.1283,0,Low,0.0
15600857,Cust857,659,Spain,Male,20,0,0.0,1,1,1,74110.19,0,0.0605,0,Low,0.0
15600858,Cust858,606,France,Female,19,9,96280.2,2,0,0,111258.01,0,0.1638,0,Low,15770.7
15600859,Cust859,368,Germany,Female,76,3,0.0,4,1,1,199443.61,0,0.3213,0,Medium,0.0
15600860,Cust860,713,Germany,Male,35,8,8891.99,2,1,1,9429.64,0,0.1159,0,Low,1030.58
15600861,Cust861,499,Germany,Male,76,4,122793.94,3,0,0,126531.25,1,0.819,1,Critical,100568.24
15600862,Cust862,776,Spain,Female,87,3,106789.64,2,1,0,99545.11,0,0.7405,1,High,79077.73
15600863,Cust863,789,Germany,Female,67,2,186619.51,2,0,1,90459.08,0,0.3724,0,Medium,69497.11
15600864,Cust864,645,France,Female,90,8,66467.3,3,0,0,47617.44,0,0.7137,1,High,47437.71
15600865,Cust865,664,Spain,Male,86,3,0.0,2,0,1,1604.23,0,0.3286,0,Medium,0.0
15600866,Cust866,376,Spain,Male,71,3,79958.07,3,1,1,161555.76,0,0.3423,0,Medium,27369.65
15600867,Cust867,795,Spain,Male,77,7,120135.9,1,1,1,150720.06,1,0.7279,1,High,87446.92
15600868,Cust868,691,France,Female,62,5,52469.35,4,1,0,22270.14,0,0.4083,1,Medium,21423.24
15600869,Cust869,542,France,Male,34,8,171051.75,4,1,1,109334.9,0,0.2545,0,Low,43532.67
15600870,Cust870,392,Germany,Female,25,1,82902.82,4,1,1,67235.18,0,0.2901,0,Low,24050.11
15600871,Cust871,602,France,Female,46,10,105381.8,4,1,1,21589.25,0,0.1716,0,Low,18083.52
15600872,Cust872,801,Spain,Male,53,2,139398.36,1,1,1,91897.35,0,0.3563,0,Medium,49667.64
15600873,Cust873,782,France,Male,43,1,94218.83,4,1,1,894.52,0,0.1976,0,Low,18617.64
15600874,Cust874,399,Germany,Male,25,1,175306.77,3,1,1,93943.13,1,0.6077,1,High,106533.92
15600875,Cust875,731,Spain,Female,55,3,164048.8,2,0,0,28408.77,0,0.4401,1,Medium,72197.88
15600876,Cust876,390,France,Female,54,4,189208.72,4,1,0,70599.78,0,0.5762,1,Medium,109022.06
15600877,Cust877,539,France,Female,88,0,130751.14,4,1,0,75297.07,1,0.8833,1,Critical,115492.48
15600878,Cust878,574,Germany,Female,88,6,91855.46,4,1,1,14507.02,1,0.6368,1,High,58493.56
15600879,Cust879,361,Germany,Male,63,6,0.0,3,1,0,123581.81,1,0.7439,1,High,0.0
15600880,Cust880,418,France,Male,80,8,109221.53,3,1,1,102255.08,1,0.6527,1,High,71288.89
15600881,Cust881,791,Germany,Male,41,0,218253.67,2,1,1,132015.22,0,0.2001,0,Low,43672.56
15600882,Cust882,665,Spain,Female,89,1,0.0,3,1,1,164836.89,0,0.3535,0,Medium,0.0
15600883,Cust883,743,France,Male,87,2,53850.44,2,1,1,64803.94,0,0.4343,1,Medium,23387.25
15600884,Cust884,636,France,Male,27,4,166311.45,3,1,0,101225.81,0,0.3041,0,Medium,50575.31
15600885,Cust885,575,France,Female,69,6,143737.92,2,1,1,155230.87,0,0.4918,1,Medium,70690.31
15600886,Cust886,359,France,Male,51,2,229046.38,1,1,0,70804.24,0,0.5888,1,Medium,134862.51
15600887,Cust887,623,France,Female,37,3,7258.32,2,1,0,111079.59,1,0.4869,1,Medium,3534.08
15600888,Cust888,736,France,Female,48,5,219629.07,2,1,0,112202.02,0,0.4122,1,Medium,90531.1
15600889,Cust889,452,Germany,Female,85,5,181372.48,1,0,1,51684.68,1,0.8524,1,Critical,154601.9
15600890,Cust890,595,France,Female,86,5,193879.17,1,1,0,106610.13,1,0.8658,1,Critical,167860.59
15600891,Cust891,556,Spain,Male,43,7,94666.77,2,1,0,48552.32,0,0.3697,0,Medium,34998.3
15600892,Cust892,786,France,Female,52,8,0.0,3,0,0,29728.71,1,0.6658,1,High,0.0
15600893,Cust893,431,France,Female,56,9,3594.46,3,1,0,159552.05,1,0.6386,1,High,2295.42
15600894,Cust894,402,Spain,Female,72,10,196851.29,3,0,0,172404.96,0,0.5872,1,Medium,115591.08
15600895,Cust895,455,Spain,Male,53,4,0.0,1,1,1,160533.63,0,0.2435,0,Low,0.0
15600896,Cust896,428,France,Male,47,3,56532.29,1,0,1,123615.15,0,0.2488,0,Low,14065.23
15600897,Cust897,774,France,Male,86,3,0.0,1,1,1,14936.08,0,0.393,1,Medium,0.0
15600898,Cust898,480,France,Female,45,3,0.0,3,1,1,106165.79,0,0.2446,0,Low,0.0
15600899,Cust899,531,Germany,Male,37,5,0.0,3,1,0,190338.28,0,0.3756,0,Medium,0.0
15600900,Cust900,478,France,Female,42,6,106420.81,3,1,1,181229.85,0,0.1932,0,Low,20560.5
15600901,Cust901,758,France,Male,42,0,0.0,3,1,1,161345.18,0,0.099,0,Low,0.0
15600902,Cust902,682,France,Female,59,10,223067.75,3,1,1,138876.64,0,0.3045,0,Medium,67924.13
15600903,Cust903,587,France,Female,66,0,197795.63,2,1,0,101098.76,0,0.6727,1,High,133057.12
15600904,Cust904,750,Spain,Male,27,4,133853.47,3,0,0,87773.45,0,0.1876,0,Low,25110.91
15600905,Cust905,385,Germany,Female,83,4,544.8,4,1,0,118262.03,1,0.8695,1,Critical,473.7
15600906,Cust906,689,France,Male,36,3,39460.57,1,1,0,94668.74,0,0.2916,0,Low,11506.7
15600907,Cust907,531,France,Male,26,2,63400.69,2,1,1,82554.52,0,0.17,0,Low,10778.12
15600908,Cust908,540,France,Male,67,5,103441.39,2,0,0,119636.56,1,0.7138,1,High,73836.46
15600909,Cust909,429,France,Male,33,0,90547.4,2,1,1,183424.97,0,0.1889,0,Low,17104.4
15600910,Cust910,398,Spain,Female,73,8,0.0,2,0,1,43730.49,0,0.4998,1,Medium,0.0
15600911,Cust911,697,Spain,Female,88,7,0.0,1,0,0,27124.54,1,0.7661,1,High,0.0
15600912,Cust912,775,Spain,Female,69,8,181516.68,2,1,1,31500.44,0,0.482,1,Medium,87491.04
15600913,Cust913,806,Spain,Female,75,8,0.0,2,0,1,139839.96,0,0.389,1,Medium,0.0
15600914,Cust914,472,Spain,Male,54,9,248682.04,4,1,0,174009.39,1,0.5356,1,Medium,133194.1
15600915,Cust915,732,Spain,Male,43,1,0.0,2,1,1,153341.72,0,0.1187,0,Low,0.0
15600916,Cust916,405,France,Female,63,9,0.0,1,1,0,80798.14,0,0.4801,1,Medium,0.0
15600917,Cust917,739,France,Male,44,6,99200.53,4,1,0,113050.18,0,0.4404,1,Medium,43687.91
15600918,Cust918,633,France,Female,82,1,0.0,4,1,0,9286.69,0,0.5343,1,Medium,0.0
15600919,Cust919,781,Germany,Female,52,10,233951.07,4,1,1,92940.33,1,0.6912,1,High,161706.98
15600920,Cust920,383,France,Female,54,8,0.0,1,1,0,149115.57,0,0.4613,1,Medium,0.0
15600921,Cust921,739,Spain,Female,67,2,14903.96,2,1,1,158404.87,0,0.2734,0,Low,4074.74
15600922,Cust922,584,Germany,Female,32,9,246991.59,2,1,1,122360.3,0,0.1667,0,Low,41173.5
15600923,Cust923,634,Germany,Female,59,8,163438.35,2,1,1,166413.45,0,0.3553,0,Medium,58069.65
15600924,Cust924,620,France,Male,73,4,173250.45,4,0,1,69058.26,0,0.5606,1,Medium,97124.2
15600925,Cust925,707,France,Male,75,1,68648.87,1,1,0,17573.52,1,0.6974,1,High,47875.72
15600926,Cust926,650,France,Female,34,8,0.0,3,0,1,103226.45,0,0.0854,0,Low,0.0
15600927,Cust927,558,Spain,Female,22,10,139370.47,3,1,1,198537.8,0,0.1638,0,Low,22828.88
15600928,Cust928,568,Germany,Female,32,2,117560.58,1,0,0,178103.27,1,0.7107,1,High,83550.3
15600929,Cust929,385,Germany,Male,78,0,185300.5,4,1,1,175245.79,1,0.8584,1,Critical,159061.95
15600930,Cust930,712,France,Female,37,2,0.0,1,0,1,121177.61,0,0.1055,0,Low,0.0
15600931,Cust931,703,France,Female,22,3,107351.2,2,0,1,190803.44,0,0.1315,0,Low,14116.68
15600932,Cust932,634,France,Male,62,4,163081.71,3,0,0,111870.08,0,0.6133,1,High,100018.01
15600933,Cust933,711,Spain,Male,83,10,159896.61,4,1,0,87181.8,1,0.7394,1,High,118227.55
15600934,Cust934,484,Spain,Female,34,10,242796.49,4,0,1,131729.72,0,0.1419,0,Low,34452.82
15600935,Cust935,462,France,Male,21,7,140712.83,1,1,0,110792.12,0,0.2405,0,Low,33841.44
15600936,Cust936,813,Spain,Male,28,2,0.0,2,0,1,139610.15,0,0.0613,0,Low,0.0
15600937,Cust937,827,France,Male,27,2,71859.72,3,0,0,75537.73,0,0.2052,0,Low,14745.61
15600938,Cust938,777,Spain,Female,33,0,133504.75,2,1,0,194675.32,0,0.2234,0,Low,29824.96
15600939,Cust939,376,France,Male,31,8,29889.74,1,1,1,188481.35,0,0.1138,0,Low,3401.45
15600940,Cust940,624,France,Female,65,2,147024.73,4,1,1,160598.82,0,0.434,1,Medium,63808.73
15600941,Cust941,718,Spain,Male,34,9,97563.74,3,1,1,6908.21,0,0.0693,0,Low,6761.17
15600942,Cust942,368,France,Male,58,6,0.0,1,1,1,52680.38,0,0.2835,0,Low,0.0
15600943,Cust943,835,France,Female,47,5,48119.34,3,1,0,187063.9,0,0.1975,0,Low,9503.57
15600944,Cust944,744,France,Male,66,10,123853.34,4,0,0,162267.2,0,0.3933,1,Medium,48711.52
15600945,Cust945,504,France,Female,66,1,9408.24,3,0,1,50607.52,0,0.3432,0,Medium,3228.91
15600946,Cust946,603,Germany,Female,61,5,0.0,2,1,1,114441.87,0,0.3462,0,Medium,0.0
15600947,Cust947,807,Spain,Female,84,2,71387.27,4,1,1,5390.01,1,0.6362,1,High,45416.58
15600948,Cust948,777,Spain,Male,32,1,0.0,2,1,0,165762.81,0,0.0705,0,Low,0.0
15600949,Cust949,764,France,Male,56,10,131590.47,1,1,0,98845.68,0,0.3521,0,Medium,46333.0
15600950,Cust950,842,Germany,Female,47,6,0.0,2,1,1,98093.93,0,0.1607,0,Low,0.0
15600951,Cust951,722,France,Male,57,1,212797.22,2,1,1,27958.25,0,0.3642,0,Medium,77500.75
15600952,Cust952,818,France,Male,28,1,219745.8,2,0,1,6817.39,0,0.1642,0,Low,36082.26
15600953,Cust953,827,France,Male,41,3,217657.75,3,0,0,188814.09,0,0.3137,0,Medium,68279.24
15600954,Cust954,359,Spain,Male,87,9,56367.18,4,1,1,146191.2,0,0.53,1,Medium,29874.61
15600955,Cust955,677,Spain,Male,77,1,0.0,3,1,0,52403.19,0,0.4414,1,Medium,0.0
15600956,Cust956,517,Spain,Female,49,8,0.0,3,1,1,4927.19,0,0.1514,0,Low,0.0
15600957,Cust957,597,Germany,Male,26,1,134404.6,4,1,0,127189.86,0,0.4163,1,Medium,55952.63
15600958,Cust958,434,France,Female,65,3,152333.07,4,1,0,173780.45,1,0.8445,1,Critical,128645.28
15600959,Cust959,688,Germany,Female,40,5,169432.33,4,1,0,94064.24,0,0.4885,1,Medium,82767.69
15600960,Cust960,768,Germany,Male,42,1,0.0,4,1,0,133215.63,0,0.293,0,Low,0.0
15600961,Cust961,556,France,Female,25,4,42076.61,2,1,0,190691.42,0,0.2223,0,Low,9353.63
15600962,Cust962,699,France,Male,39,2,159459.06,4,1,0,96732.35,0,0.4626,1,Medium,73765.76
15600963,Cust963,512,France,Male,33,0,156342.83,3,1,1,162483.28,0,0.2029,0,Low,31721.96
15600964,Cust964,725,Spain,Male,20,0,204357.9,3,0,1,69423.61,0,0.184,0,Low,37601.85
15600965,Cust965,391,France,Female,61,1,173445.46,3,0,0,2478.29,0,0.466,1,Medium,80825.58
15600966,Cust966,790,Spain,Female,89,8,51919.16,1,1,0,170575.57,1,0.779,1,High,40445.03
15600967,Cust967,539,France,Female,27,0,0.0,1,1,1,189850.79,0,0.0983,0,Low,0.0
15600968,Cust968,602,Germany,Female,21,5,97756.19,4,1,0,11580.9,0,0.2116,0,Low,20685.21
15600969,Cust969,752,France,Male,25,0,92818.09,2,1,0,129870.56,0,0.1727,0,Low,16029.68
15600970,Cust970,364,France,Female,58,2,191854.01,1,1,0,141563.53,1,0.7727,1,High,148245.59
15600971,Cust971,823,France,Female,79,1,167870.84,1,0,0,173234.92,1,0.766,1,High,128589.06
15600972,Cust972,657,France,Male,40,3,218050.61,1,1,1,134890.85,0,0.1994,0,Low,43479.29
15600973,Cust973,838,Spain,Male,26,8,126065.44,1,0,1,164326.06,0,0.1444,0,Low,18203.85
15600974,Cust974,626,France,Male,25,4,72174.77,3,0,0,146780.6,0,0.2344,0,Low,16917.77
15600975,Cust975,453,Germany,Male,62,0,126062.59,4,0,0,76430.56,1,0.8155,1,Critical,102804.04
15600976,Cust976,641,France,Male,44,1,0.0,1,0,0,26744.02,1,0.4948,1,Medium,0.0
15600977,Cust977,636,France,Female,44,3,15132.65,3,0,1,178906.55,0,0.184,0,Low,2784.41
15600978,Cust978,811,Germany,Male,35,3,124920.76,3,1,0,190335.36,0,0.2873,0,Low,35889.73
15600979,Cust979,638,France,Female,84,6,103401.28,4,0,0,4764.27,0,0.6239,1,High,64512.06
15600980,Cust980,553,Spain,Female,45,3,0.0,4,1,1,140890.17,0,0.1926,0,Low,0.0
15600981,Cust981,438,Spain,Male,70,8,180318.44,4,1,0,19593.1,0,0.7139,1,High,128729.33
15600982,Cust982,513,Germany,Female,72,2,161087.78,3,1,0,141650.15,0,0.7897,1,High,127211.02
15600983,Cust983,641,France,Male,22,7,18450.54,4,1,1,42804.55,0,0.148,0,Low,2730.68
15600984,Cust984,534,France,Male,36,1,0.0,3,0,1,195505.92,0,0.1171,0,Low,0.0
15600985,Cust985,531,Spain,Female,84,10,20705.57,4,1,0,148679.9,1,0.7959,1,High,16479.56
15600986,Cust986,357,France,Female,83,10,129414.16,4,0,0,140450.9,1,0.7559,1,High,97824.16
15600987,Cust987,822,France,Male,48,3,155561.71,1,1,1,43744.74,0,0.2866,0,Low,44583.99
15600988,Cust988,769,France,Female,29,2,124746.39,1,1,0,47675.44,0,0.2352,0,Low,29340.35
15600989,Cust989,477,Spain,Female,40,0,186851.47,2,0,1,111122.7,0,0.3184,0,Medium,59493.51
15600990,Cust990,418,Germany,Female,88,10,96391.66,4,1,0,32130.55,1,0.923,1,Critical,88969.5
15600991,Cust991,768,Spain,Female,67,0,53238.89,3,0,0,63511.71,0,0.5672,1,Medium,30197.1
15600992,Cust992,769,Spain,Male,23,0,121602.0,2,1,0,183101.14,0,0.1817,0,Low,22095.08
15600993,Cust993,799,France,Male,71,1,0.0,2,1,0,90959.07,0,0.3268,0,Medium,0.0
15600994,Cust994,624,Spain,Male,28,3,0.0,1,1,1,68284.57,0,0.109,0,Low,0.0
15600995,Cust995,718,France,Female,40,10,117770.86,2,1,1,171501.59,0,0.1984,0,Low,23365.74
15600996,Cust996,715,Germany,Female,53,1,0.0,4,1,0,133663.54,0,0.3935,1,Medium,0.0
15600997,Cust997,457,France,Female,44,6,0.0,4,1,0,90217.4,0,0.3482,0,Medium,0.0
15600998,Cust998,612,Spain,Female,69,7,148132.01,4,1,1,154052.77,1,0.7054,1,High,104492.32
15600999,Cust999,480,France,Female,29,8,195549.4,3,1,0,42460.22,0,0.2194,0,Low,42903.54
15601000,Cust1000,727,France,Male,82,7,213291.5,3,0,1,21195.43,0,0.4505,1,Medium,96087.82
15601001,Cust1001,836,France,Male,61,10,0.0,1,1,0,57873.54,0,0.2461,0,Low,0.0
15601002,Cust1002,388,France,Female,40,7,223385.55,3,1,1,63229.27,1,0.457,1,Medium,102087.2
15601003,Cust1003,387,France,Male,88,9,0.0,3,1,0,180054.45,1,0.7723,1,High,0.0
15601004,Cust1004,482,Germany,Female,53,3,0.0,2,0,0,193772.59,1,0.5489,1,Medium,0.0
15601005,Cust1005,408,France,Male,48,4,0.0,4,0,1,10874.19,0,0.2098,0,Low,0.0
15601006,Cust1006,354,Spain,Female,19,8,206211.49,3,1,0,178295.22,1,0.6691,1,High,137976.11
15601007,Cust1007,840,France,Female,91,9,187962.86,4,1,0,165408.19,1,0.8891,1,Critical,167117.78
15601008,Cust1008,641,Germany,Female,80,0,0.0,1,1,0,37838.93,0,0.5284,1,Medium,0.0
15601009,Cust1009,739,France,Female,31,4,118213.71,3,0,0,94766.36,0,0.2606,0,Low,30806.49
15601010,Cust1010,633,Germany,Female,88,8,238370.53,2,1,1,96953.11,1,0.8006,1,Critical,190839.45
15601011,Cust1011,723,Germany,Female,76,1,0.0,1,1,0,41273.98,1,0.5481,1,Medium,0.0
15601012,Cust1012,693,France,Male,49,3,17547.61,2,0,0,76413.6,0,0.3272,0,Medium,5741.58
15601013,Cust1013,430,Spain,Female,86,6,45528.87,4,1,0,32247.38,1,0.9128,1,Critical,41558.75
15601014,Cust1014,425,France,Female,59,0,139566.47,1,0,1,112048.98,0,0.4094,1,Medium,57138.51
15601015,Cust1015,594,France,Male,68,10,3646.98,3,1,1,67892.51,0,0.2703,0,Low,985.78
15601016,Cust1016,535,Germany,Male,31,4,39348.54,1,1,1,92394.01,0,0.1424,0,Low,5603.23
15601017,Cust1017,771,Spain,Male,26,8,0.0,2,0,1,99085.86,0,0.0462,0,Low,0.0
15601018,Cust1018,503,France,Female,57,4,156074.28,1,1,1,105065.93,1,0.593,1,Medium,92552.05
15601019,Cust1019,514,France,Female,42,4,0.0,4,0,1,36809.13,1,0.3728,0,Medium,0.0
15601020,Cust1020,615,Spain,Male,90,10,0.0,4,1,0,2609.31,1,0.763,1,High,0.0
15601021,Cust1021,446,Germany,Female,24,9,165786.41,3,0,1,114625.59,0,0.1375,0,Low,22795.63
15601022,Cust1022,780,Spain,Male,74,5,0.0,2,0,0,60763.22,0,0.3864,1,Medium,0.0
15601023,Cust1023,355,Germany,Female,62,5,165119.69,4,0,1,12925.66,1,0.7277,1,High,120157.6
15601024,Cust1024,774,Germany,Male,83,8,62520.69,4,1,0,75127.55,1,0.7785,1,High,48672.36
15601025,Cust1025,661,France,Male,91,7,0.0,4,0,1,197725.53,0,0.4005,1,Medium,0.0
15601026,Cust1026,794,Spain,Male,82,10,222062.17,4,1,0,123610.62,1,0.8895,1,Critical,197524.3
15601027,Cust1027,497,France,Male,45,3,0.0,1,1,1,144613.52,0,0.2161,0,Low,0.0
15601028,Cust1028,801,Germany,Male,69,1,7297.42,1,0,1,168746.52,1,0.4844,1,Medium,3534.87
15601029,Cust1029,782,France,Female,30,2,0.0,2,0,1,135349.02,0,0.0707,0,Low,0.0
15601030,Cust1030,578,Germany,Male,53,5,0.0,3,0,1,88080.49,0,0.2317,0,Low,0.0
15601031,Cust1031,492,Germany,Male,37,3,205485.82,1,1,0,173596.86,1,0.6562,1,High,134839.8
15601032,Cust1032,448,Germany,Female,36,8,224389.26,1,1,1,61039.46,1,0.2011,0,Low,45124.68
15601033,Cust1033,425,Spain,Male,60,9,242379.06,2,1,1,50892.41,0,0.4207,1,Medium,101968.87
15601034,Cust1034,642,France,Male,27,2,0.0,2,1,1,51972.14,0,0.1044,0,Low,0.0
15601035,Cust1035,831,Germany,Female,60,10,40599.39,1,1,1,69828.67,0,0.2025,0,Low,8221.38
15601036,Cust1036,633,France,Male,47,6,0.0,2,0,0,155470.47,0,0.3702,0,Medium,0.0
15601037,Cust1037,833,France,Female,35,2,37851.82,3,1,1,21592.37,0,0.1131,0,Low,4281.04
15601038,Cust1038,728,France,Male,59,2,0.0,1,0,0,104681.51,0,0.3601,0,Medium,0.0
15601039,Cust1039,693,France,Female,73,1,0.0,1,1,0,120075.79,0,0.4632,1,Medium,0.0
15601040,Cust1040,713,France,Male,63,5,0.0,1,1,0,186066.22,0,0.4305,1,Medium,0.0
15601041,Cust1041,815,Germany,Female,24,0,0.0,4,0,0,76814.22,1,0.5493,1,Medium,0.0
15601042,Cust1042,779,Germany,Female,59,1,1062.95,4,1,0,95502.22,0,0.4631,1,Medium,492.25
15601043,Cust1043,431,Germany,Female,64,8,200906.58,1,0,1,137641.21,1,0.6258,1,High,125727.34
15601044,Cust1044,643,France,Male,68,5,0.0,4,1,1,33112.7,0,0.4011,1,Medium,0.0
15601045,Cust1045,580,France,Male,49,5,0.0,2,1,1,81507.49,0,0.2386,0,Low,0.0
15601046,Cust1046,790,France,Female,25,3,0.0,4,1,1,6356.87,0,0.0965,0,Low,0.0
15601047,Cust1047,452,Spain,Male,27,6,119841.24,1,1,1,372.98,0,0.2019,0,Low,24195.95
15601048,Cust1048,760,Spain,Male,42,3,217132.55,4,1,0,84905.2,1,0.4581,1,Medium,99468.42
15601049,Cust1049,589,France,Female,64,0,0.0,2,1,1,163231.67,1,0.4938,1,Medium,0.0
15601050,Cust1050,817,Germany,Male,72,6,8674.77,4,1,0,76796.77,1,0.7545,1,High,6545.11
15601051,Cust1051,746,France,Male,67,0,168316.1,1,1,0,110627.82,1,0.7416,1,High,124823.22
15601052,Cust1052,522,France,Female,41,7,204436.23,3,0,0,94254.93,0,0.4469,1,Medium,91362.55
15601053,Cust1053,773,France,Female,50,10,67762.41,4,0,1,85977.28,1,0.2286,0,Low,15490.49
15601054,Cust1054,443,France,Female,21,7,0.0,1,1,1,122443.09,0,0.0892,0,Low,0.0
15601055,Cust1055,352,Germany,Female,77,6,0.0,2,0,0,189921.99,0,0.578,1,Medium,0.0
15601056,Cust1056,603,Spain,Male,44,10,51407.27,4,1,1,110179.58,0,0.2246,0,Low,11546.07
15601057,Cust1057,545,France,Male,55,2,0.0,4,1,1,169741.75,0,0.2684,0,Low,0.0
15601058,Cust1058,412,Germany,Female,51,8,0.0,3,1,1,67012.27,0,0.2004,0,Low,0.0
15601059,Cust1059,848,Germany,Female,39,2,210118.86,1,0,1,55753.98,0,0.1857,0,Low,39019.07
15601060,Cust1060,369,Spain,Male,30,0,175413.8,4,1,1,15867.77,1,0.7289,1,High,127859.12
15601061,Cust1061,645,Germany,Female,88,2,55227.25,1,1,0,116754.83,1,0.8222,1,Critical,45407.84
15601062,Cust1062,480,France,Female,26,5,177830.81,2,0,1,147352.48,0,0.1597,0,Low,28399.58
15601063,Cust1063,498,Germany,Male,87,0,0.0,4,1,0,125740.89,1,0.7361,1,High,0.0
15601064,Cust1064,455,France,Female,26,3,59067.89,1,0,1,170072.68,0,0.1553,0,Low,9173.24
15601065,Cust1065,544,Spain,Male,25,0,71351.25,2,0,1,42187.42,0,0.1343,0,Low,9582.47
15601066,Cust1066,684,France,Male,84,2,0.0,3,0,0,133010.1,1,0.5962,1,Medium,0.0
15601067,Cust1067,511,Germany,Female,88,7,0.0,1,1,0,99160.05,1,0.7782,1,High,0.0
15601068,Cust1068,711,France,Male,84,1,67748.02,2,1,0,63209.5,0,0.7069,1,High,47891.08
15601069,Cust1069,574,France,Male,75,2,0.0,1,1,0,97472.1,0,0.5502,1,Medium,0.0
15601070,Cust1070,743,Spain,Female,54,1,245405.86,3,1,1,144304.94,1,0.6561,1,High,161010.78
15601071,Cust1071,572,Germany,Male,25,4,0.0,4,1,1,178149.54,0,0.101,0,Low,0.0
15601072,Cust1072,533,France,Male,61,8,17428.1,1,1,1,120100.46,0,0.3323,0,Medium,5791.36
15601073,Cust1073,603,Spain,Female,56,5,97858.0,2,0,1,132597.28,0,0.1999,0,Low,19561.81
15601074,Cust1074,693,Spain,Male,72,2,105359.57,1,0,1,186839.85,0,0.2289,0,Low,24116.81
15601075,Cust1075,582,France,Female,20,3,76599.17,2,1,0,148066.61,0,0.2311,0,Low,17702.07
15601076,Cust1076,803,Germany,Male,23,7,0.0,1,0,1,44219.37,0,0.071,0,Low,0.0
15601077,Cust1077,608,France,Female,61,5,184005.18,4,1,1,153355.3,1,0.7246,1,High,133330.15
15601078,Cust1078,498,Germany,Male,81,5,172875.17,1,0,1,25679.2,1,0.802,1,Critical,138645.89
15601079,Cust1079,364,France,Female,87,9,87887.04,3,1,0,26837.5,1,0.6938,1,High,60976.03
15601080,Cust1080,546,France,Female,60,9,184159.93,2,1,0,190181.48,1,0.6497,1,High,119648.71
15601081,Cust1081,377,Spain,Female,45,2,133518.49,4,1,0,22424.05,0,0.4698,1,Medium,62726.99
15601082,Cust1082,367,Spain,Male,52,7,0.0,1,1,1,165699.63,1,0.5842,1,Medium,0.0
15601083,Cust1083,535,Spain,Male,55,8,0.0,2,1,0,135172.81,0,0.3999,1,Medium,0.0
15601084,Cust1084,495,Spain,Female,63,9,101190.0,1,1,0,151018.7,0,0.5079,1,Medium,51394.4
15601085,Cust1085,793,Germany,Male,34,2,98662.43,3,1,1,112206.18,0,0.1088,0,Low,10734.47
15601086,Cust1086,715,Spain,Female,46,8,0.0,1,0,1,151633.77,0,0.1217,0,Low,0.0
15601087,Cust1087,746,Spain,Female,58,2,174508.47,3,1,1,190930.78,0,0.3063,0,Medium,53451.94
15601088,Cust1088,623,France,Female,80,4,139282.13,2,1,0,148411.86,0,0.7577,1,High,105534.07
15601089,Cust1089,405,France,Male,77,0,96473.01,1,1,1,63982.18,0,0.5802,1,Medium,55973.64
15601090,Cust1090,776,France,Female,73,6,134075.58,1,0,0,178829.31,0,0.5838,1,Medium,78273.32
15601091,Cust1091,597,Germany,Female,33,7,176098.23,3,0,0,95727.42,0,0.27,0,Low,47546.52
15601092,Cust1092,564,France,Male,48,4,168781.86,1,1,1,31832.4,1,0.4746,1,Medium,80103.87
15601093,Cust1093,652,France,Female,58,4,0.0,4,1,1,181039.49,0,0.2331,0,Low,0.0
15601094,Cust1094,432,Germany,Male,89,2,212868.77,4,1,0,82706.53,1,0.8466,1,Critical,180214.7
15601095,Cust1095,591,France,Male,44,8,184847.97,2,1,1,49757.67,0,0.218,0,Low,40296.86
15601096,Cust1096,653,France,Male,85,10,45034.78,2,1,0,127967.49,0,0.4954,1,Medium,22310.23
15601097,Cust1097,699,Spain,Female,73,1,211644.72,2,1,0,199095.72,0,0.5198,1,Medium,110012.93
15601098,Cust1098,600,Spain,Female,64,3,0.0,4,1,0,168726.71,0,0.5794,1,Medium,0.0
15601099,Cust1099,849,France,Female,69,6,166493.88,2,1,0,50198.78,1,0.7405,1,High,123288.72
15601100,Cust1100,846,France,Female,76,4,0.0,2,1,0,142549.94,0,0.4253,1,Medium,0.0
15601101,Cust1101,398,France,Female,69,0,73660.51,3,0,0,50904.5,1,0.7022,1,High,51724.41
15601102,Cust1102,391,Spain,Male,67,0,67552.73,2,1,0,102468.89,0,0.5503,1,Medium,37174.27
15601103,Cust1103,608,Spain,Male,45,2,45540.86,3,1,0,28115.3,1,0.4655,1,Medium,21199.27
15601104,Cust1104,764,France,Male,49,10,246019.49,2,1,0,57745.51,0,0.4054,1,Medium,99736.3
15601105,Cust1105,606,Spain,Female,62,6,0.0,2,1,0,198095.45,1,0.6949,1,High,0.0
15601106,Cust1106,458,France,Male,80,2,195966.37,4,0,1,91027.97,0,0.6974,1,High,136666.95
15601107,Cust1107,631,France,Male,66,0,0.0,1,0,1,148395.59,1,0.5279,1,Medium,0.0
15601108,Cust1108,822,Spain,Male,91,8,45106.0,3,0,0,87673.96,1,0.5803,1,Medium,26175.01
15601109,Cust1109,433,France,Female,68,4,0.0,2,1,1,362.49,0,0.3379,0,Medium,0.0
15601110,Cust1110,573,France,Female,48,4,203908.76,1,0,0,130856.24,0,0.4724,1,Medium,96326.5
15601111,Cust1111,669,France,Female,60,6,0.0,2,1,1,83833.56,0,0.3035,0,Medium,0.0
15601112,Cust1112,547,Germany,Male,64,2,0.0,4,1,0,52293.54,0,0.4734,1,Medium,0.0
15601113,Cust1113,372,Spain,Male,82,8,165939.37,3,1,0,39143.7,1,0.8088,1,Critical,134211.76
15601114,Cust1114,685,Spain,Female,36,3,227384.48,2,1,0,97217.14,0,0.3192,0,Medium,72581.13
15601115,Cust1115,721,France,Male,36,7,0.0,2,1,0,179519.18,0,0.2118,0,Low,0.0
15601116,Cust1116,678,France,Female,32,5,131414.46,4,0,1,68224.69,0,0.1811,0,Low,23799.16
15601117,Cust1117,682,Spain,Female,22,1,6893.07,2,1,0,113086.16,0,0.1687,0,Low,1162.86
15601118,Cust1118,679,France,Male,67,6,116476.48,2,1,1,10276.87,0,0.3108,0,Medium,36200.89
15601119,Cust1119,515,Spain,Female,89,0,147679.23,2,1,0,144466.39,1,0.8301,1,Critical,122588.53
15601120,Cust1120,358,Germany,Male,63,7,0.0,4,1,1,156568.22,0,0.3906,1,Medium,0.0
15601121,Cust1121,845,France,Male,22,4,0.0,2,1,0,75496.97,0,0.155,0,Low,0.0
15601122,Cust1122,452,Spain,Female,44,7,0.0,3,1,1,87892.79,0,0.1645,0,Low,0.0
15601123,Cust1123,765,France,Female,84,2,66862.65,3,1,0,13874.63,1,0.7512,1,High,50227.22
15601124,Cust1124,620,France,Male,21,4,0.0,4,1,0,184110.09,0,0.3236,0,Medium,0.0
15601125,Cust1125,620,Germany,Female,63,3,0.0,3,1,1,110195.71,0,0.4225,1,Medium,0.0
15601126,Cust1126,360,Germany,Female,50,2,0.0,2,1,0,27945.89,1,0.6499,1,High,0.0
15601127,Cust1127,846,Germany,Male,85,3,246688.42,4,0,1,148807.5,1,0.7262,1,High,179145.13
15601128,Cust1128,614,Germany,Female,55,0,47219.35,4,1,0,155717.18,0,0.3146,0,Medium,14855.21
15601129,Cust1129,765,Spain,Female,59,4,142087.97,1,1,1,40272.42,0,0.3759,0,Medium,53410.87
15601130,Cust1130,739,Spain,Male,71,1,28971.02,3,1,1,90700.39,0,0.2241,0,Low,6492.41
15601131,Cust1131,419,Germany,Male,78,5,14034.94,3,1,0,88675.56,1,0.7522,1,High,10557.08
15601132,Cust1132,824,France,Female,56,0,121967.94,2,0,1,74542.32,0,0.2461,0,Low,30016.31
15601133,Cust1133,646,Germany,Male,71,0,201175.02,2,1,0,172959.52,1,0.7332,1,High,147501.52
15601134,Cust1134,442,Spain,Female,77,4,132828.76,3,0,1,141422.37,0,0.5324,1,Medium,70718.03
15601135,Cust1135,641,France,Female,56,3,73407.61,1,0,0,176729.33,1,0.5153,1,Medium,37826.94
15601136,Cust1136,658,France,Female,70,9,0.0,2,0,0,105991.3,1,0.4583,1,Medium,0.0
15601137,Cust1137,677,France,Male,44,2,235133.02,3,1,1,161877.18,1,0.6084,1,High,143054.93
15601138,Cust1138,511,France,Male,44,4,52971.15,2,1,0,47370.55,0,0.4104,1,Medium,21739.36
15601139,Cust1139,821,Germany,Female,18,2,143642.96,1,1,1,55920.43,0,0.2255,0,Low,32391.49
15601140,Cust1140,468,France,Male,67,9,3881.56,1,0,1,98731.2,0,0.4002,1,Medium,1553.4
15601141,Cust1141,596,Spain,Female,36,8,24301.14,1,1,1,98237.1,1,0.1739,0,Low,4225.97
15601142,Cust1142,770,Spain,Female,78,1,0.0,3,0,0,8705.57,0,0.424,1,Medium,0.0
15601143,Cust1143,388,Spain,Female,88,2,28078.47,1,0,1,117137.42,1,0.7215,1,High,20258.62
15601144,Cust1144,552,France,Female,82,2,0.0,4,1,1,3128.34,0,0.4615,1,Medium,0.0
15601145,Cust1145,590,France,Male,38,1,99263.35,3,0,0,38608.64,0,0.2272,0,Low,22552.63
15601146,Cust1146,737,Germany,Male,66,2,0.0,3,0,0,62828.0,1,0.5218,1,Medium,0.0
15601147,Cust1147,744,Spain,Male,73,9,29051.04,1,0,1,167555.22,0,0.3163,0,Medium,9188.84
15601148,Cust1148,749,France,Female,55,5,107767.0,1,1,0,39197.07,0,0.4262,1,Medium,45930.3
15601149,Cust1149,529,Spain,Female,55,4,0.0,4,1,1,78153.19,0,0.2465,0,Low,0.0
15601150,Cust1150,596,France,Female,50,2,57702.95,3,1,0,129278.38,1,0.4615,1,Medium,26629.91
15601151,Cust1151,363,Spain,Female,40,2,23990.37,2,0,1,29935.02,0,0.2679,0,Low,6427.02
15601152,Cust1152,762,France,Male,60,6,0.0,1,1,1,14805.18,0,0.2582,0,Low,0.0
15601153,Cust1153,501,France,Female,91,8,4706.97,2,1,0,1414.02,0,0.6033,1,High,2839.72
15601154,Cust1154,584,Germany,Male,34,6,0.0,2,0,1,192529.23,0,0.0793,0,Low,0.0
15601155,Cust1155,691,France,Male,21,7,0.0,3,0,1,7917.47,0,0.0499,0,Low,0.0
15601156,Cust1156,739,France,Male,22,2,98639.39,2,1,1,130512.36,0,0.1216,0,Low,11994.55
15601157,Cust1157,393,France,Male,61,10,0.0,4,1,0,855.11,1,0.8077,1,Critical,0.0
15601158,Cust1158,734,France,Female,37,9,111346.49,1,1,0,165330.83,0,0.2486,0,Low,27680.74
15601159,Cust1159,538,Spain,Male,52,9,0.0,3,1,0,133938.32,0,0.4746,1,Medium,0.0
15601160,Cust1160,559,France,Male,88,7,0.0,1,1,1,195960.5,0,0.3648,0,Medium,0.0
15601161,Cust1161,416,Germany,Female,23,7,98079.32,1,1,1,187228.66,0,0.1169,0,Low,11465.47
15601162,Cust1162,709,Spain,Female,30,0,247381.74,4,1,0,193044.0,1,0.9124,1,Critical,225711.1
15601163,Cust1163,588,France,Male,33,1,11342.25,4,0,0,15353.76,0,0.2384,0,Low,2703.99
15601164,Cust1164,402,France,Male,51,1,0.0,4,1,1,117080.07,0,0.2971,0,Low,0.0
15601165,Cust1165,420,Spain,Female,69,5,206132.47,3,0,0,149319.7,1,0.8164,1,Critical,168286.55
15601166,Cust1166,711,Spain,Female,31,6,66504.75,1,0,1,24742.86,0,0.105,0,Low,6983.0
15601167,Cust1167,404,Germany,Male,26,1,45946.62,4,1,0,41885.38,1,0.3894,1,Medium,17891.61
15601168,Cust1168,611,Spain,Male,24,8,218621.32,4,1,0,81639.49,0,0.2639,0,Low,57694.17
15601169,Cust1169,699,France,Male,77,6,0.0,3,1,0,169876.4,0,0.5111,1,Medium,0.0
15601170,Cust1170,806,France,Male,20,6,153947.42,4,0,0,163224.04,0,0.2111,0,Low,32498.3
15601171,Cust1171,429,Germany,Female,64,10,1990.17,2,0,0,163266.41,1,0.5401,1,Medium,1074.89
15601172,Cust1172,498,France,Male,60,6,65187.75,4,0,0,55025.59,1,0.8749,1,Critical,57032.76
15601173,Cust1173,427,Spain,Female,25,0,0.0,4,1,0,153126.87,0,0.3781,0,Medium,0.0
15601174,Cust1174,790,Germany,Male,58,8,0.0,1,0,1,18936.01,0,0.3261,0,Medium,0.0
15601175,Cust1175,646,Spain,Female,39,9,96388.06,1,0,1,189684.52,0,0.1599,0,Low,15412.45
15601176,Cust1176,842,France,Female,56,0,144358.82,4,1,0,99247.68,0,0.4816,1,Medium,69523.21
15601177,Cust1177,371,France,Male,28,5,0.0,3,1,0,143393.02,0,0.2643,0,Low,0.0
15601178,Cust1178,703,France,Female,67,5,0.0,2,1,0,194742.24,0,0.4461,1,Medium,0.0
15601179,Cust1179,366,France,Female,77,1,0.0,3,1,0,82979.23,0,0.6043,1,High,0.0
15601180,Cust1180,404,Spain,Female,18,3,0.0,1,1,1,60716.34,0,0.1031,0,Low,0.0
15601181,Cust1181,566,France,Male,57,9,0.0,1,1,1,63094.75,0,0.3712,0,Medium,0.0
15601182,Cust1182,533,France,Male,65,4,195513.2,1,0,1,18537.34,0,0.4772,1,Medium,93298.9
15601183,Cust1183,532,France,Female,18,5,230027.05,1,0,0,135326.61,0,0.2556,0,Low,58794.91
15601184,Cust1184,384,France,Male,71,8,182084.31,1,1,0,199213.13,0,0.55,1,Medium,100146.37
15601185,Cust1185,622,Spain,Female,58,4,0.0,1,1,0,174605.35,0,0.3889,1,Medium,0.0
15601186,Cust1186,520,France,Female,40,9,0.0,4,1,0,193377.4,0,0.4633,1,Medium,0.0
15601187,Cust1187,847,Spain,Male,53,5,136204.79,1,1,0,42177.07,0,0.3976,1,Medium,54155.02
15601188,Cust1188,745,France,Male,68,10,149691.36,1,1,0,13900.08,0,0.5252,1,Medium,78617.9
15601189,Cust1189,567,Germany,Female,65,1,0.0,2,1,0,55202.82,0,0.426,1,Medium,0.0
15601190,Cust1190,733,France,Male,75,9,0.0,3,1,0,121862.18,0,0.491,1,Medium,0.0
15601191,Cust1191,638,France,Male,20,1,0.0,3,0,1,146442.25,0,0.0741,0,Low,0.0
15601192,Cust1192,598,Spain,Female,76,8,121864.37,1,1,0,156502.48,1,0.8481,1,Critical,103353.17
15601193,Cust1193,810,Spain,Male,20,7,0.0,1,1,1,9330.96,0,0.0743,0,Low,0.0
15601194,Cust1194,644,Spain,Male,66,6,82275.96,1,0,1,121405.61,0,0.3123,0,Medium,25694.78
15601195,Cust1195,592,France,Male,43,9,0.0,1,0,1,53019.79,0,0.1664,0,Low,0.0
15601196,Cust1196,633,France,Male,22,7,0.0,1,1,1,52525.71,1,0.2321,0,Low,0.0
15601197,Cust1197,741,Germany,Male,68,7,110957.73,4,1,1,156738.68,0,0.3723,0,Medium,41309.56
15601198,Cust1198,721,France,Male,58,8,103579.63,3,1,0,178854.86,0,0.3543,0,Medium,36698.26
15601199,Cust1199,624,Germany,Female,67,9,0.0,1,1,0,119583.07,0,0.5138,1,Medium,0.0
15601200,Cust1200,438,Germany,Male,45,2,199948.13,1,0,0,3773.91,0,0.5091,1,Medium,101793.59
15601201,Cust1201,669,Germany,Female,38,9,0.0,4,1,1,65529.11,0,0.1778,0,Low,0.0
15601202,Cust1202,565,Spain,Male,64,6,0.0,3,1,0,188007.05,0,0.5197,1,Medium,0.0
15601203,Cust1203,817,Germany,Female,33,0,0.0,1,1,0,124247.06,0,0.1493,0,Low,0.0
15601204,Cust1204,805,France,Male,78,10,0.0,3,1,0,166848.29,1,0.617,1,High,0.0
15601205,Cust1205,350,France,Female,68,8,0.0,4,0,0,95555.19,0,0.6228,1,High,0.0
15601206,Cust1206,850,Germany,Male,91,9,26306.43,2,1,1,89354.57,1,0.6101,1,High,16049.55
15601207,Cust1207,801,France,Female,20,8,36098.84,3,1,1,110798.14,0,0.1018,0,Low,3674.86
15601208,Cust1208,804,France,Female,61,3,0.0,2,1,0,168699.2,0,0.3042,0,Medium,0.0
15601209,Cust1209,599,France,Male,59,3,0.0,1,1,1,189458.91,0,0.3133,0,Medium,0.0
15601210,Cust1210,485,Spain,Female,81,3,0.0,2,1,1,106882.56,1,0.523,1,Medium,0.0
15601211,Cust1211,653,Spain,Male,49,4,164615.0,2,0,1,191483.04,0,0.2297,0,Low,37812.07
15601212,Cust1212,792,Germany,Male,87,0,205159.68,1,0,1,156740.69,1,0.5584,1,Medium,114561.17
15601213,Cust1213,575,France,Male,35,8,0.0,2,1,1,155246.85,0,0.1026,0,Low,0.0
15601214,Cust1214,843,France,Female,81,8,154871.17,4,1,1,188931.52,0,0.3666,0,Medium,56775.77
15601215,Cust1215,480,Germany,Female,56,10,220249.58,1,0,0,28088.67,0,0.4265,1,Medium,93936.45
15601216,Cust1216,777,France,Female,87,6,65492.3,1,1,1,9773.58,1,0.645,1,High,42242.53
15601217,Cust1217,383,Germany,Female,34,10,0.0,2,1,0,23902.25,0,0.1087,0,Low,0.0
15601218,Cust1218,770,Germany,Female,37,2,0.0,4,0,1,113282.16,0,0.1116,0,Low,0.0
15601219,Cust1219,823,France,Female,59,5,0.0,3,0,1,171800.76,0,0.1726,0,Low,0.0
15601220,Cust1220,701,France,Female,58,8,111012.06,3,1,0,10384.67,0,0.429,1,Medium,47624.17
15601221,Cust1221,662,France,Male,29,8,214178.05,3,1,1,101828.64,0,0.1206,0,Low,25829.87
15601222,Cust1222,556,Spain,Female,66,8,125964.89,1,1,0,125295.39,0,0.6221,1,High,78362.76
15601223,Cust1223,787,Germany,Male,48,5,0.0,1,1,1,121861.44,0,0.2044,0,Low,0.0
15601224,Cust1224,413,France,Male,29,0,0.0,4,1,1,58171.04,0,0.3461,0,Medium,0.0
15601225,Cust1225,495,Spain,Female,55,9,112941.63,3,0,0,48344.43,0,0.5005,1,Medium,56527.29
15601226,Cust1226,415,France,Male,69,4,0.0,2,1,1,4532.89,0,0.3418,0,Medium,0.0
15601227,Cust1227,489,France,Male,20,7,7494.66,2,1,1,31885.96,0,0.0998,0,Low,747.97
15601228,Cust1228,612,Spain,Female,86,1,26386.75,1,1,1,2597.4,0,0.5277,1,Medium,13924.29
15601229,Cust1229,518,France,Female,63,10,0.0,1,1,1,97621.42,0,0.3323,0,Medium,0.0
15601230,Cust1230,560,France,Male,37,2,220627.19,4,1,0,132585.81,1,0.71,1,High,156645.3
15601231,Cust1231,465,Germany,Male,73,10,0.0,1,1,0,122186.42,0,0.4308,1,Medium,0.0
15601232,Cust1232,526,France,Male,80,7,138428.09,4,1,0,143620.93,1,0.9026,1,Critical,124945.19
15601233,Cust1233,599,Germany,Male,88,3,233804.34,2,1,0,16517.95,1,0.8051,1,Critical,188235.87
15601234,Cust1234,457,France,Male,76,4,0.0,4,1,0,113262.46,1,0.6587,1,High,0.0
15601235,Cust1235,819,France,Female,33,10,115636.18,1,1,1,40755.15,0,0.158,0,Low,18270.52
15601236,Cust1236,799,France,Male,30,6,0.0,3,1,1,129101.05,0,0.0474,0,Low,0.0
15601237,Cust1237,788,France,Female,33,7,0.0,1,1,1,161550.55,0,0.0753,0,Low,0.0
15601238,Cust1238,350,France,Male,82,6,0.0,1,1,1,127556.21,0,0.5838,1,Medium,0.0
15601239,Cust1239,598,France,Female,40,2,0.0,2,0,0,79050.43,0,0.2937,0,Low,0.0
15601240,Cust1240,748,Spain,Female,42,1,0.0,3,0,0,77297.84,0,0.1364,0,Low,0.0
15601241,Cust1241,524,France,Male,83,0,42995.35,4,1,0,111738.57,1,0.7406,1,High,31842.36
15601242,Cust1242,466,France,Female,33,4,19176.06,1,0,0,178461.86,0,0.2391,0,Low,4585.0
15601243,Cust1243,656,France,Male,48,7,87784.95,3,1,1,131290.19,0,0.2053,0,Low,18022.25
15601244,Cust1244,351,France,Female,39,3,0.0,4,0,1,19641.02,0,0.2042,0,Low,0.0
15601245,Cust1245,656,France,Female,40,2,247976.15,4,1,1,156964.38,0,0.2724,0,Low,67548.7
15601246,Cust1246,576,Germany,Female,62,4,139644.56,2,1,1,10611.37,0,0.4205,1,Medium,58720.54
15601247,Cust1247,692,France,Female,72,2,89929.41,1,1,0,74664.36,1,0.7491,1,High,67366.12
15601248,Cust1248,692,Spain,Female,37,4,160685.28,4,0,0,75522.41,0,0.4543,1,Medium,72999.32
15601249,Cust1249,618,Spain,Male,20,6,113277.88,4,1,0,124794.26,0,0.2114,0,Low,23946.94
15601250,Cust1250,642,France,Male,65,2,52206.28,2,0,0,167219.74,1,0.6776,1,High,35374.98
15601251,Cust1251,363,France,Female,58,0,98629.83,1,0,0,55260.73,1,0.8091,1,Critical,79801.4
15601252,Cust1252,841,France,Female,66,1,0.0,3,0,1,126944.16,0,0.2783,0,Low,0.0
15601253,Cust1253,388,Germany,Male,51,4,0.0,1,1,1,115687.85,0,0.2386,0,Low,0.0
15601254,Cust1254,839,France,Female,75,1,204142.15,3,0,1,122000.14,1,0.6916,1,High,141184.71
15601255,Cust1255,837,Spain,Male,64,8,65644.27,1,0,0,3793.56,0,0.274,0,Low,17986.53
15601256,Cust1256,709,Spain,Male,74,1,155331.67,4,0,1,102383.41,0,0.3972,1,Medium,61697.74
15601257,Cust1257,723,Spain,Female,72,0,177119.97,2,1,1,187215.75,0,0.4158,1,Medium,73646.48
15601258,Cust1258,365,Germany,Female,54,6,92502.7,1,1,1,49317.72,0,0.2783,0,Low,25743.5
15601259,Cust1259,825,Spain,Female,42,6,121883.91,1,0,1,157081.03,0,0.1841,0,Low,22438.83
15601260,Cust1260,614,France,Female,61,7,0.0,3,1,0,144233.17,1,0.4377,1,Medium,0.0
15601261,Cust1261,520,France,Male,65,1,93226.24,3,1,0,197188.82,1,0.7671,1,High,71513.85
15601262,Cust1262,685,France,Female,60,7,111554.14,1,1,0,63568.5,0,0.5851,1,Medium,65270.33
15601263,Cust1263,618,Spain,Male,56,9,0.0,4,1,0,170441.57,1,0.6184,1,High,0.0
15601264,Cust1264,531,Germany,Female,43,6,122082.49,4,1,0,55229.66,0,0.5761,1,Medium,70331.72
15601265,Cust1265,511,Spain,Female,27,4,188061.31,2,1,1,91669.88,0,0.1973,0,Low,37104.5
15601266,Cust1266,409,France,Male,49,5,98574.43,3,1,1,96432.18,0,0.234,0,Low,23066.42
15601267,Cust1267,805,Spain,Female,83,8,236359.45,4,0,0,140445.7,1,0.9318,1,Critical,220239.74
15601268,Cust1268,683,France,Male,71,1,0.0,4,1,0,49542.0,0,0.3727,0,Medium,0.0
15601269,Cust1269,494,France,Female,73,7,112376.19,1,1,0,67333.33,0,0.7854,1,High,88260.26
15601270,Cust1270,712,Spain,Male,72,2,150421.25,4,1,0,195128.62,1,0.8258,1,Critical,124217.87
15601271,Cust1271,697,France,Male,86,9,135816.11,1,0,0,130645.12,1,0.7776,1,High,105610.61
15601272,Cust1272,420,France,Female,34,1,0.0,3,1,1,110039.94,0,0.1492,0,Low,0.0
15601273,Cust1273,437,Germany,Female,71,5,81082.01,1,1,0,11093.31,1,0.8193,1,Critical,66430.49
15601274,Cust1274,465,France,Male,23,4,0.0,1,1,0,199554.51,0,0.1802,0,Low,0.0
15601275,Cust1275,402,France,Female,36,5,148920.39,1,0,1,153114.45,0,0.2371,0,Low,35309.02
15601276,Cust1276,762,France,Female,20,4,149091.72,1,0,1,195428.17,0,0.2005,0,Low,29892.89
15601277,Cust1277,427,France,Female,49,0,196860.24,1,1,0,67250.16,1,0.6133,1,High,120734.39
15601278,Cust1278,756,Spain,Female,28,9,0.0,2,1,0,25312.88,0,0.0954,0,Low,0.0
15601279,Cust1279,615,Germany,Male,46,5,0.0,1,1,1,149198.19,0,0.2838,0,Low,0.0
15601280,Cust1280,408,France,Female,27,6,191049.85,2,1,1,147443.24,1,0.3623,0,Medium,69217.36
15601281,Cust1281,773,France,Female,20,5,179467.17,2,1,1,174073.87,0,0.1147,0,Low,20584.88
15601282,Cust1282,436,France,Female,53,5,0.0,3,0,0,1450.28,0,0.3198,0,Medium,0.0
15601283,Cust1283,850,Germany,Female,48,6,79246.69,4,0,1,117426.8,0,0.1965,0,Low,15571.97
15601284,Cust1284,357,Spain,Female,48,4,226764.02,1,1,1,28496.88,1,0.7113,1,High,161297.25
15601285,Cust1285,661,Spain,Female,43,1,0.0,4,1,0,95789.94,0,0.2528,0,Low,0.0
15601286,Cust1286,507,France,Female,48,0,64321.85,3,1,0,199855.34,0,0.2565,0,Low,16498.55
15601287,Cust1287,617,France,Female,18,5,0.0,4,0,0,149070.96,0,0.3008,0,Medium,0.0
15601288,Cust1288,770,France,Female,53,2,177613.93,2,1,0,52870.65,0,0.3753,0,Medium,66658.51
15601289,Cust1289,744,Germany,Female,80,4,0.0,1,1,1,124985.39,1,0.6685,1,High,0.0
15601290,Cust1290,490,France,Male,28,6,122635.29,1,0,1,96286.56,0,0.1732,0,Low,21240.43
15601291,Cust1291,381,Germany,Male,28,6,219799.92,1,1,1,90659.44,0,0.2169,0,Low,47674.6
15601292,Cust1292,492,Germany,Female,75,1,0.0,4,0,1,13077.06,1,0.4951,1,Medium,0.0
15601293,Cust1293,755,France,Male,55,7,98790.94,3,0,1,128995.52,0,0.2051,0,Low,20262.02
15601294,Cust1294,608,France,Female,37,10,0.0,4,1,0,122519.62,1,0.4755,1,Medium,0.0
15601295,Cust1295,729,France,Female,76,3,0.0,3,1,1,18124.41,0,0.3143,0,Medium,0.0
15601296,Cust1296,597,France,Male,42,1,34730.46,4,1,0,25818.62,0,0.37,0,Medium,12850.27
15601297,Cust1297,615,France,Male,62,5,182106.25,1,1,1,92142.03,0,0.5389,1,Medium,98137.06
15601298,Cust1298,382,Germany,Male,59,6,60521.37,2,1,0,107664.93,0,0.4489,1,Medium,27168.04
15601299,Cust1299,361,France,Male,30,4,43769.76,4,1,1,38264.37,1,0.5722,1,Medium,25045.06
15601300,Cust1300,702,France,Female,73,6,0.0,4,1,0,166356.67,1,0.6459,1,High,0.0
15601301,Cust1301,451,Germany,Female,63,8,56213.62,4,1,1,141752.29,0,0.4973,1,Medium,27955.03
15601302,Cust1302,530,Spain,Male,33,6,62617.73,4,0,1,45069.89,0,0.2115,0,Low,13243.65
15601303,Cust1303,535,France,Male,74,8,85290.33,2,0,0,160821.82,0,0.547,1,Medium,46653.81
15601304,Cust1304,667,Spain,Male,63,1,234582.39,3,1,1,117139.93,0,0.4237,1,Medium,99392.56
15601305,Cust1305,821,Spain,Female,81,3,0.0,4,1,0,63427.02,1,0.638,1,High,0.0
15601306,Cust1306,729,Germany,Female,78,6,173328.4,2,1,0,165687.66,0,0.661,1,High,114570.07
15601307,Cust1307,669,Germany,Male,41,2,0.0,1,0,1,102437.9,0,0.134,0,Low,0.0
15601308,Cust1308,768,France,Female,87,10,48166.67,3,1,0,87455.48,1,0.6538,1,High,31491.37
15601309,Cust1309,605,Spain,Male,20,7,0.0,2,0,1,3192.25,0,0.082,0,Low,0.0
15601310,Cust1310,422,France,Female,42,4,158577.28,3,0,1,164252.93,0,0.2289,0,Low,36298.34
15601311,Cust1311,594,Spain,Male,62,8,0.0,1,1,0,55246.36,1,0.681,1,High,0.0
15601312,Cust1312,839,Germany,Female,57,10,89365.66,2,1,1,58092.81,0,0.2409,0,Low,21528.19
15601313,Cust1313,740,France,Female,34,0,144301.72,3,0,1,167100.7,0,0.1574,0,Low,22713.09
15601314,Cust1314,525,France,Male,32,6,125551.9,3,1,0,17265.52,0,0.301,0,Medium,37791.12
15601315,Cust1315,512,Germany,Female,75,4,51353.0,1,1,0,190905.32,0,0.6457,1,High,33158.63
15601316,Cust1316,809,Germany,Female,82,8,206192.38,1,1,1,66250.63,0,0.5656,1,Medium,116622.41
15601317,Cust1317,397,France,Male,68,3,0.0,3,1,1,66708.64,0,0.447,1,Medium,0.0
15601318,Cust1318,817,Germany,Male,57,3,116721.86,2,1,1,139827.02,0,0.2587,0,Low,30195.95
15601319,Cust1319,689,Spain,Male,75,8,0.0,1,1,0,72194.22,0,0.5487,1,Medium,0.0
15601320,Cust1320,754,France,Female,35,9,0.0,4,0,1,54181.25,0,0.0812,0,Low,0.0
15601321,Cust1321,514,France,Male,89,1,197783.86,2,1,0,31878.18,0,0.6595,1,High,130438.46
15601322,Cust1322,674,France,Male,27,6,0.0,3,0,1,66393.43,0,0.058,0,Low,0.0
15601323,Cust1323,513,Spain,Female,61,8,244533.0,3,0,0,194501.27,0,0.5477,1,Medium,133930.72
15601324,Cust1324,358,France,Female,43,1,64395.99,3,1,0,26233.45,1,0.5284,1,Medium,34026.84
15601325,Cust1325,577,Spain,Female,84,7,0.0,2,1,1,187224.82,0,0.3934,1,Medium,0.0
15601326,Cust1326,840,France,Male,36,10,180303.87,1,1,0,114867.1,0,0.2431,0,Low,43831.87
15601327,Cust1327,471,Germany,Female,65,9,0.0,3,1,0,134952.3,0,0.4918,1,Medium,0.0
15601328,Cust1328,431,France,Male,29,2,185162.05,1,1,1,159137.11,0,0.3846,1,Medium,71213.32
15601329,Cust1329,811,France,Male,31,10,0.0,4,0,1,8848.33,0,0.0526,0,Low,0.0
15601330,Cust1330,806,Spain,Female,48,3,103367.62,4,0,0,194874.31,0,0.3774,0,Medium,39010.94
15601331,Cust1331,774,France,Female,77,5,0.0,4,0,1,151941.45,0,0.5177,1,Medium,0.0
15601332,Cust1332,839,Germany,Female,38,3,0.0,4,1,1,160406.31,0,0.084,0,Low,0.0
15601333,Cust1333,846,Spain,Male,69,7,147225.98,4,1,1,85141.54,1,0.6034,1,High,88836.16
15601334,Cust1334,810,Spain,Female,60,1,175531.08,4,1,0,119435.2,0,0.5985,1,Medium,105055.35
15601335,Cust1335,833,Spain,Male,90,7,115714.38,1,1,1,112278.37,0,0.4201,1,Medium,48611.61
15601336,Cust1336,723,France,Male,40,0,54592.83,3,1,0,19628.62,0,0.2493,0,Low,13609.99
15601337,Cust1337,507,Germany,Male,36,9,0.0,2,1,0,38734.24,1,0.3668,0,Medium,0.0
15601338,Cust1338,579,Spain,Female,84,3,163426.35,1,0,0,153739.72,1,0.8327,1,Critical,136085.12
15601339,Cust1339,540,France,Male,42,5,167303.26,4,0,0,98849.53,0,0.4169,1,Medium,69748.73
15601340,Cust1340,605,France,Female,33,2,0.0,1,0,0,37131.35,0,0.3851,1,Medium,0.0
15601341,Cust1341,699,Spain,Male,78,1,140601.87,4,0,0,171482.69,1,0.8741,1,Critical,122900.09
15601342,Cust1342,471,France,Female,78,0,0.0,3,0,0,34110.88,1,0.6537,1,High,0.0
15601343,Cust1343,357,Germany,Female,22,10,60509.16,1,0,1,184667.95,1,0.5042,1,Medium,30508.72
15601344,Cust1344,651,Spain,Female,81,1,0.0,1,1,0,150965.08,1,0.6068,1,High,0.0
15601345,Cust1345,847,Germany,Male,64,0,0.0,4,1,1,163113.67,0,0.2088,0,Low,0.0
15601346,Cust1346,781,France,Male,38,5,157074.55,4,0,0,101088.5,0,0.2784,0,Low,43729.55
15601347,Cust1347,355,France,Female,57,10,192017.84,2,0,1,100437.11,0,0.3111,0,Medium,59736.75
15601348,Cust1348,649,France,Male,35,0,0.0,4,0,1,24001.39,0,0.1827,0,Low,0.0
15601349,Cust1349,616,France,Female,30,2,20979.19,4,1,0,186785.11,1,0.5355,1,Medium,11234.36
15601350,Cust1350,562,Spain,Male,27,6,0.0,3,1,1,77908.39,0,0.091,0,Low,0.0
15601351,Cust1351,685,Spain,Female,30,5,149354.94,3,1,1,114105.05,1,0.127,0,Low,18968.08
15601352,Cust1352,563,France,Male,61,1,75329.1,1,1,1,14525.97,0,0.3447,0,Medium,25965.94
15601353,Cust1353,807,France,Male,77,10,181448.19,2,0,0,39685.97,0,0.576,1,Medium,104514.16
15601354,Cust1354,804,Spain,Male,53,3,247338.51,2,1,1,173983.11,0,0.3917,1,Medium,96882.49
15601355,Cust1355,672,France,Female,19,7,94854.41,1,0,0,87283.82,0,0.2661,0,Low,25240.76
15601356,Cust1356,579,Germany,Female,49,5,156859.48,3,1,0,76840.72,1,0.6021,1,High,94445.09
15601357,Cust1357,649,France,Male,73,6,0.0,1,1,0,52585.98,0,0.5096,1,Medium,0.0
15601358,Cust1358,800,Germany,Male,79,9,51257.02,2,1,1,191900.55,0,0.3173,0,Medium,16263.85
15601359,Cust1359,500,France,Male,72,3,37282.82,3,1,1,135085.75,1,0.4089,1,Medium,15244.95
15601360,Cust1360,785,Germany,Female,45,8,8038.4,3,1,0,98755.47,0,0.3409,0,Medium,2740.29
15601361,Cust1361,646,France,Male,66,3,180952.62,3,1,1,190987.35,0,0.4168,1,Medium,75421.05
15601362,Cust1362,381,Germany,Male,23,3,36489.74,4,1,1,115047.72,0,0.2579,0,Low,9410.7
15601363,Cust1363,725,France,Female,48,0,0.0,2,0,0,186100.75,0,0.2409,0,Low,0.0
15601364,Cust1364,451,France,Female,57,3,217402.22,3,1,1,31924.33,1,0.4951,1,Medium,107635.84
15601365,Cust1365,608,Germany,Female,20,6,211649.91,3,0,0,82118.99,0,0.2511,0,Low,53145.29
15601366,Cust1366,826,France,Female,19,7,74741.26,1,1,0,109408.92,0,0.1896,0,Low,14170.94
15601367,Cust1367,740,France,Female,77,4,0.0,3,1,0,35750.56,1,0.5962,1,Medium,0.0
15601368,Cust1368,700,France,Female,34,3,110766.12,3,1,1,126964.12,0,0.1038,0,Low,11497.52
15601369,Cust1369,384,France,Female,27,2,45322.3,1,1,1,147420.66,0,0.1847,0,Low,8371.03
15601370,Cust1370,780,France,Female,61,9,93376.97,1,1,0,47828.26,0,0.4943,1,Medium,46156.24
15601371,Cust1371,518,Spain,Female,38,4,142205.34,2,1,0,78591.33,0,0.357,0,Medium,50767.31
15601372,Cust1372,375,France,Male,90,3,161086.74,2,1,0,185612.44,1,0.8607,1,Critical,138647.36
15601373,Cust1373,830,Spain,Female,88,10,54580.94,2,1,1,117821.6,0,0.2765,0,Low,15091.63
15601374,Cust1374,445,Spain,Female,78,7,56824.03,1,0,0,139173.01,0,0.6664,1,High,37867.53
15601375,Cust1375,512,France,Female,40,9,0.0,2,1,0,159120.32,0,0.2155,0,Low,0.0
15601376,Cust1376,421,Germany,Female,82,4,0.0,2,1,0,44069.85,0,0.6413,1,High,0.0
15601377,Cust1377,661,Spain,Male,36,4,0.0,4,0,1,143729.15,0,0.1041,0,Low,0.0
15601378,Cust1378,784,Germany,Male,35,8,0.0,3,1,0,177241.12,0,0.1791,0,Low,0.0
15601379,Cust1379,610,France,Female,90,10,164518.31,4,0,1,190608.16,0,0.4668,1,Medium,76797.15
15601380,Cust1380,785,France,Female,67,8,32155.12,3,1,1,19786.32,0,0.2303,0,Low,7405.32
15601381,Cust1381,819,France,Female,24,5,0.0,3,1,1,41737.4,0,0.0371,0,Low,0.0
15601382,Cust1382,787,Germany,Female,83,6,52148.92,2,1,1,1247.37,0,0.3856,1,Medium,20108.62
15601383,Cust1383,431,Spain,Female,29,3,167420.15,2,1,0,79242.99,0,0.3029,0,Medium,50711.56
15601384,Cust1384,453,Spain,Male,68,5,55492.67,1,1,0,60200.22,0,0.686,1,High,38067.97
15601385,Cust1385,499,France,Male,50,4,176447.88,4,1,0,117514.79,0,0.5897,1,Medium,104051.31
15601386,Cust1386,669,Germany,Female,19,1,188358.45,2,1,1,48854.31,0,0.1459,0,Low,27481.5
15601387,Cust1387,782,France,Male,76,9,0.0,1,1,0,140023.67,0,0.3137,0,Medium,0.0
15601388,Cust1388,506,Spain,Male,68,1,107174.63,2,0,1,191956.05,0,0.3389,0,Medium,36321.48
15601389,Cust1389,683,France,Female,83,2,0.0,2,0,1,20241.42,0,0.3391,0,Medium,0.0
15601390,Cust1390,443,Spain,Female,63,2,0.0,3,1,1,42935.97,1,0.3978,1,Medium,0.0
15601391,Cust1391,622,Spain,Male,73,2,180078.21,4,0,1,38867.51,0,0.5277,1,Medium,95027.27
15601392,Cust1392,740,France,Male,85,5,124750.22,4,1,1,195792.14,1,0.5676,1,Medium,70808.22
15601393,Cust1393,547,France,Male,90,10,126823.43,4,1,0,116202.36,1,0.8674,1,Critical,110006.64
15601394,Cust1394,431,Spain,Male,59,3,0.0,4,1,1,62417.2,0,0.2584,0,Low,0.0
15601395,Cust1395,556,France,Female,19,8,42537.73,4,0,0,76144.7,0,0.3327,0,Medium,14152.3
15601396,Cust1396,731,Germany,Male,43,8,0.0,3,1,0,162625.02,1,0.6968,1,High,0.0
15601397,Cust1397,818,Spain,Female,63,8,37057.74,1,1,1,150500.0,0,0.3259,0,Medium,12077.12
15601398,Cust1398,658,Germany,Male,26,6,0.0,1,1,1,83736.57,0,0.0814,0,Low,0.0
15601399,Cust1399,686,France,Female,26,8,97228.28,2,0,0,56969.62,0,0.1861,0,Low,18094.18
15601400,Cust1400,560,France,Male,47,8,209895.68,4,0,1,191500.52,0,0.2837,0,Low,59547.4
15601401,Cust1401,815,France,Female,85,7,0.0,4,0,0,167267.68,0,0.7441,1,High,0.0
15601402,Cust1402,785,Spain,Female,41,6,115130.86,4,1,1,1304.23,0,0.1681,0,Low,19353.5
15601403,Cust1403,837,France,Male,87,1,0.0,1,1,1,101868.33,0,0.3772,0,Medium,0.0
15601404,Cust1404,782,France,Male,77,5,217215.8,3,1,1,8550.32,1,0.6902,1,High,149922.35
15601405,Cust1405,624,France,Male,40,8,0.0,4,0,1,109572.49,1,0.3294,0,Medium,0.0
15601406,Cust1406,831,Spain,Male,35,3,0.0,2,0,0,188638.56,0,0.1367,0,Low,0.0
15601407,Cust1407,655,France,Female,79,2,0.0,2,1,1,4001.2,0,0.3308,0,Medium,0.0
15601408,Cust1408,651,Spain,Female,73,6,199428.11,3,0,1,61230.29,0,0.4968,1,Medium,99075.89
15601409,Cust1409,678,Germany,Male,64,1,70509.89,4,0,1,100512.25,0,0.2789,0,Low,19665.21
15601410,Cust1410,443,Spain,Male,90,7,148514.8,2,1,1,51204.79,1,0.7816,1,High,116079.17
15601411,Cust1411,770,Spain,Female,25,10,0.0,2,0,0,24217.18,0,0.1224,0,Low,0.0
15601412,Cust1412,531,Spain,Female,46,5,87901.47,1,1,0,54191.63,0,0.4559,1,Medium,40074.28
15601413,Cust1413,680,Spain,Female,62,0,28424.29,2,1,1,77400.86,0,0.2224,0,Low,6321.56
15601414,Cust1414,772,France,Female,23,2,137707.76,1,1,0,62273.94,0,0.2706,0,Low,37263.72
15601415,Cust1415,407,Spain,Female,90,0,863.28,4,0,0,198796.39,0,0.4188,1,Medium,361.54
15601416,Cust1416,500,Germany,Female,60,5,248267.87,4,1,1,192331.96,0,0.4767,1,Medium,118349.29
15601417,Cust1417,822,Germany,Female,40,3,104069.72,3,0,0,126669.14,1,0.5499,1,Medium,57227.94
15601418,Cust1418,530,Spain,Male,35,8,157361.8,1,1,1,10916.81,0,0.1866,0,Low,29363.71
15601419,Cust1419,681,Spain,Female,18,9,0.0,2,1,0,15704.11,0,0.0959,0,Low,0.0
15601420,Cust1420,631,Germany,Male,61,4,63312.04,1,1,0,139911.79,0,0.4843,1,Medium,30662.02
15601421,Cust1421,785,France,Female,90,10,211533.73,4,0,1,133657.79,1,0.7894,1,High,166984.73
15601422,Cust1422,605,France,Female,20,4,189545.72,1,0,0,35976.51,0,0.2149,0,Low,40733.38
15601423,Cust1423,562,France,Male,48,1,160823.01,3,1,1,176826.05,0,0.2905,0,Low,46719.08
15601424,Cust1424,358,France,Male,66,9,188076.23,2,1,0,143942.84,0,0.5541,1,Medium,104213.04
15601425,Cust1425,587,France,Male,49,4,43828.29,3,0,1,40440.74,0,0.242,0,Low,10606.45
15601426,Cust1426,643,France,Female,66,9,233523.06,1,0,0,181019.29,1,0.7782,1,High,181727.65
15601427,Cust1427,695,France,Male,70,8,113686.37,2,1,1,147318.26,0,0.3648,0,Medium,41472.79
15601428,Cust1428,740,Spain,Male,89,10,217177.92,4,1,0,181576.0,1,0.7229,1,High,156997.92
15601429,Cust1429,738,France,Female,62,7,184014.23,4,1,1,178196.75,0,0.4486,1,Medium,82548.78
15601430,Cust1430,580,Spain,Female,70,6,71480.31,2,0,0,696.74,1,0.7036,1,High,50293.55
15601431,Cust1431,389,Germany,Male,40,2,142329.22,3,1,0,107661.41,0,0.4323,1,Medium,61528.92
15601432,Cust1432,477,France,Male,29,3,241661.45,4,1,0,20290.0,1,0.6155,1,High,148742.62
15601433,Cust1433,554,France,Female,25,3,9272.03,3,0,0,68073.01,0,0.2238,0,Low,2075.08
15601434,Cust1434,840,France,Female,26,3,106620.43,2,0,0,59651.74,0,0.2349,0,Low,25045.14
15601435,Cust1435,735,Spain,Female,79,6,155134.9,4,1,0,102532.42,0,0.6218,1,High,96462.88
15601436,Cust1436,798,France,Male,21,9,84974.02,4,0,1,169299.84,0,0.1167,0,Low,9916.47
15601437,Cust1437,847,Germany,Male,53,0,79479.02,2,0,1,29065.85,0,0.2103,0,Low,16714.44
15601438,Cust1438,416,Spain,Male,63,6,0.0,1,0,0,93362.42,0,0.579,1,Medium,0.0
15601439,Cust1439,355,Spain,Female,67,8,229081.72,4,1,0,170765.51,0,0.5841,1,Medium,133806.63
15601440,Cust1440,637,France,Male,22,4,0.0,1,1,0,93499.97,0,0.2423,0,Low,0.0
15601441,Cust1441,482,France,Male,81,3,237052.43,4,1,1,53801.34,0,0.6628,1,High,157118.35
15601442,Cust1442,785,France,Male,50,4,25319.67,4,1,0,112228.24,0,0.2379,0,Low,6023.55
15601443,Cust1443,582,France,Male,19,9,56867.59,1,0,0,3291.11,0,0.207,0,Low,11771.59
15601444,Cust1444,354,France,Female,27,10,21927.99,3,1,0,90835.63,0,0.2278,0,Low,4995.2
15601445,Cust1445,461,Germany,Male,81,7,108883.57,3,1,1,105050.9,1,0.7342,1,High,79942.32
15601446,Cust1446,521,Spain,Female,87,5,0.0,1,0,0,44154.25,1,0.7468,1,High,0.0
15601447,Cust1447,363,Germany,Male,73,7,50117.98,4,1,1,50260.37,1,0.7606,1,High,38119.74
15601448,Cust1448,509,Germany,Male,42,7,112134.67,1,0,1,20730.68,0,0.2329,0,Low,26116.16
15601449,Cust1449,620,France,Female,88,8,171098.65,3,1,1,178686.55,1,0.6528,1,High,111693.2
15601450,Cust1450,797,Spain,Female,38,1,0.0,1,0,0,9821.53,0,0.1544,0,Low,0.0
15601451,Cust1451,675,Germany,Female,35,0,157320.49,1,0,0,178360.04,1,0.6872,1,High,108110.64
15601452,Cust1452,396,Spain,Male,74,3,151508.07,3,0,1,191996.25,0,0.5044,1,Medium,76420.67
15601453,Cust1453,558,Spain,Female,41,2,246652.58,1,0,1,115006.48,1,0.4728,1,Medium,116617.34
15601454,Cust1454,735,France,Male,56,6,178480.38,4,0,0,178375.41,1,0.8295,1,Critical,148049.48
15601455,Cust1455,535,France,Female,66,5,226918.25,1,1,1,104137.96,0,0.5653,1,Medium,128276.89
15601456,Cust1456,632,France,Male,30,10,237932.55,3,1,1,6847.16,0,0.2699,0,Low,64218.0
15601457,Cust1457,843,France,Female,86,8,214919.71,2,1,1,49601.05,1,0.7935,1,High,170538.79
15601458,Cust1458,419,Spain,Male,30,1,23792.02,3,1,1,194232.99,0,0.114,0,Low,2712.29
15601459,Cust1459,589,France,Female,91,9,132311.13,3,1,1,162684.16,0,0.5129,1,Medium,67862.38
15601460,Cust1460,655,Spain,Male,38,8,95378.12,3,1,0,196606.59,0,0.3228,0,Medium,30788.06
15601461,Cust1461,749,Germany,Female,48,4,24267.11,3,1,1,85607.74,0,0.2106,0,Low,5110.65
15601462,Cust1462,769,France,Female,36,0,141052.24,4,1,0,45397.19,0,0.3553,0,Medium,50115.86
15601463,Cust1463,493,France,Male,57,8,53206.13,3,1,1,53224.88,1,0.4423,1,Medium,23533.07
15601464,Cust1464,583,Germany,Male,18,2,145434.3,4,1,1,165230.68,0,0.3576,0,Medium,52007.31
15601465,Cust1465,765,Germany,Female,30,2,0.0,2,1,1,40395.41,0,0.0936,0,Low,0.0
15601466,Cust1466,770,France,Female,56,5,98459.52,3,1,1,121581.02,0,0.248,0,Low,24417.96
15601467,Cust1467,762,France,Female,69,0,237457.14,3,0,0,179918.65,0,0.6881,1,High,163394.26
15601468,Cust1468,684,Germany,Female,89,4,0.0,2,0,0,162932.29,0,0.5848,1,Medium,0.0
15601469,Cust1469,484,France,Male,79,2,201070.52,4,1,1,84560.13,1,0.739,1,High,148591.11
15601470,Cust1470,534,Spain,Male,86,0,0.0,2,1,1,77968.76,0,0.4807,1,Medium,0.0
15601471,Cust1471,678,France,Male,77,9,235468.27,4,1,1,118899.41,0,0.5975,1,Medium,140692.29
15601472,Cust1472,477,France,Male,75,2,8632.29,1,0,1,87512.97,0,0.4683,1,Medium,4042.5
15601473,Cust1473,691,France,Male,43,5,210973.8,3,1,0,54937.28,0,0.3664,0,Medium,77300.8
15601474,Cust1474,608,Germany,Female,84,8,0.0,4,0,1,22634.64,0,0.6129,1,High,0.0
15601475,Cust1475,571,Germany,Male,89,5,40614.36,2,1,1,62318.18,0,0.5596,1,Medium,22727.8
15601476,Cust1476,528,France,Male,56,3,0.0,2,1,1,28160.75,0,0.263,0,Low,0.0
15601477,Cust1477,737,Spain,Female,26,8,0.0,4,1,1,12532.22,0,0.1025,0,Low,0.0
15601478,Cust1478,583,France,Female,21,7,224855.1,3,0,1,179156.04,0,0.1737,0,Low,39057.33
15601479,Cust1479,503,France,Male,54,0,0.0,4,1,1,131966.41,0,0.2797,0,Low,0.0
15601480,Cust1480,542,France,Female,64,9,0.0,4,1,0,192892.35,0,0.5186,1,Medium,0.0
15601481,Cust1481,592,France,Female,59,1,0.0,4,1,1,149361.19,0,0.3448,0,Medium,0.0
15601482,Cust1482,659,Germany,Female,84,8,243844.13,4,1,0,146075.38,1,0.9341,1,Critical,227774.8
15601483,Cust1483,846,France,Female,57,1,0.0,3,1,1,95502.2,0,0.1611,0,Low,0.0
15601484,Cust1484,520,Germany,Female,66,0,228228.45,4,1,0,123860.62,1,0.8554,1,Critical,195226.62
15601485,Cust1485,439,France,Male,74,1,194813.57,2,1,1,19183.49,0,0.5248,1,Medium,102238.16
15601486,Cust1486,839,Spain,Female,84,8,0.0,3,1,1,132838.09,0,0.3237,0,Medium,0.0
15601487,Cust1487,424,France,Female,63,4,0.0,2,1,0,128515.98,0,0.5589,1,Medium,0.0
15601488,Cust1488,802,Spain,Female,59,6,169870.25,2,0,0,97837.7,0,0.4578,1,Medium,77766.6
15601489,Cust1489,421,France,Female,23,3,235117.83,2,1,1,131278.68,0,0.255,0,Low,59955.05
15601490,Cust1490,532,France,Female,65,1,0.0,4,0,0,161339.71,0,0.5211,1,Medium,0.0
15601491,Cust1491,850,Spain,Female,31,8,214356.76,2,0,0,83225.13,0,0.1936,0,Low,41499.47
15601492,Cust1492,433,Germany,Male,45,9,241570.7,1,0,1,65364.5,0,0.2142,0,Low,51744.44
15601493,Cust1493,430,Spain,Male,57,9,0.0,2,1,1,58742.22,0,0.2013,0,Low,0.0
15601494,Cust1494,655,France,Male,24,0,0.0,2,0,0,175076.22,0,0.1848,0,Low,0.0
15601495,Cust1495,445,Germany,Female,69,10,152277.03,4,1,1,193377.24,1,0.8074,1,Critical,122948.47
15601496,Cust1496,362,Spain,Female,38,5,54294.16,4,1,1,161028.49,0,0.2282,0,Low,12389.93
15601497,Cust1497,698,Germany,Male,56,2,0.0,2,0,0,138534.42,0,0.3122,0,Medium,0.0
15601498,Cust1498,830,France,Male,43,2,65439.53,4,1,0,168203.72,0,0.2992,0,Low,19579.51
15601499,Cust1499,730,Germany,Male,44,5,176718.66,2,0,1,153091.24,1,0.2901,0,Low,51266.08
15601500,Cust1500,833,Germany,Male,47,6,130956.05,1,0,0,60036.47,1,0.4427,1,Medium,57974.24
15601501,Cust1501,614,Spain,Male,21,0,209167.76,3,0,1,52797.39,0,0.1518,0,Low,31751.67
15601502,Cust1502,657,France,Male,32,5,127888.77,3,1,0,174284.55,0,0.3032,0,Medium,38775.88
15601503,Cust1503,842,France,Male,76,2,146666.83,2,1,1,171594.18,0,0.3731,0,Medium,54721.39
15601504,Cust1504,602,Spain,Female,27,10,45268.08,1,0,1,57133.54,1,0.5362,1,Medium,24272.74
15601505,Cust1505,369,Germany,Female,54,6,202046.69,1,1,1,54535.88,0,0.4638,1,Medium,93709.25
15601506,Cust1506,469,Germany,Female,28,4,100531.09,2,0,1,192935.05,0,0.1338,0,Low,13451.06
15601507,Cust1507,661,France,Male,57,4,0.0,3,1,1,115107.25,0,0.2028,0,Low,0.0
15601508,Cust1508,779,France,Female,65,9,211514.69,4,1,1,151213.2,0,0.3417,0,Medium,72274.57
15601509,Cust1509,653,Germany,Female,52,7,0.0,2,0,1,8173.91,0,0.1781,0,Low,0.0
15601510,Cust1510,553,France,Female,75,4,68616.16,3,0,1,101817.31,1,0.5525,1,Medium,37910.43
15601511,Cust1511,510,France,Male,37,9,66351.86,1,1,0,80594.26,0,0.2736,0,Low,18153.87
15601512,Cust1512,692,Germany,Female,59,6,141581.5,1,1,1,52998.82,1,0.5623,1,Medium,79611.28
15601513,Cust1513,800,Germany,Female,38,0,72801.01,3,1,1,63857.98,0,0.1119,0,Low,8146.43
15601514,Cust1514,489,Spain,Female,55,6,84637.48,2,1,1,170590.15,0,0.2341,0,Low,19813.63
15601515,Cust1515,626,France,Male,22,10,58701.29,1,0,0,3889.64,0,0.1806,0,Low,10601.45
15601516,Cust1516,564,France,Female,37,9,0.0,1,1,1,139566.92,0,0.1228,0,Low,0.0
15601517,Cust1517,473,Spain,Female,70,0,116520.55,2,0,1,102011.06,1,0.4278,1,Medium,49847.49
15601518,Cust1518,553,France,Male,75,9,0.0,2,0,1,75179.25,0,0.464,1,Medium,0.0
15601519,Cust1519,394,France,Female,38,10,0.0,3,1,1,178884.69,0,0.1185,0,Low,0.0
15601520,Cust1520,615,France,Female,37,1,146976.25,4,1,1,151903.9,0,0.313,0,Medium,46003.57
15601521,Cust1521,403,Germany,Male,40,7,91812.97,4,1,0,120990.39,0,0.4104,1,Medium,37680.04
15601522,Cust1522,587,Spain,Female,38,8,225169.76,3,0,1,83537.62,0,0.1339,0,Low,30150.23
15601523,Cust1523,799,Spain,Female,91,0,0.0,1,0,1,182872.94,0,0.3642,0,Medium,0.0
15601524,Cust1524,423,Germany,Male,66,9,0.0,1,1,1,187722.71,1,0.6964,1,High,0.0
15601525,Cust1525,475,France,Male,46,4,0.0,2,1,0,146719.39,0,0.4021,1,Medium,0.0
15601526,Cust1526,711,France,Female,52,3,92653.3,3,1,1,84898.0,0,0.2526,0,Low,23404.22
15601527,Cust1527,804,France,Female,55,2,184662.01,3,1,1,196640.81,0,0.3596,0,Medium,66404.46
15601528,Cust1528,828,France,Male,58,5,44240.02,1,1,1,8949.86,0,0.2164,0,Low,9573.54
15601529,Cust1529,410,France,Female,46,8,242420.08,3,0,0,169892.29,0,0.5474,1,Medium,132700.75
15601530,Cust1530,469,France,Male,90,9,143075.64,2,1,0,59355.15,1,0.8374,1,Critical,119811.54
15601531,Cust1531,842,France,Male,39,2,26041.42,3,0,0,97502.06,0,0.1356,0,Low,3531.22
15601532,Cust1532,603,Germany,Female,49,9,0.0,4,0,0,17172.98,0,0.5567,1,Medium,0.0
15601533,Cust1533,767,Germany,Male,18,9,178134.56,3,0,0,93300.8,0,0.1244,0,Low,22159.94
15601534,Cust1534,357,France,Female,54,0,17027.43,3,1,1,45902.79,0,0.2352,0,Low,4004.85
15601535,Cust1535,408,France,Male,81,3,0.0,4,0,0,63160.61,0,0.6807,1,High,0.0
15601536,Cust1536,452,Spain,Female,91,0,0.0,1,1,0,113233.54,0,0.629,1,High,0.0
15601537,Cust1537,393,Germany,Female,53,10,89050.75,2,1,1,194428.72,0,0.1814,0,Low,16153.81
15601538,Cust1538,796,Spain,Male,28,5,39790.66,2,1,1,45065.23,0,0.0904,0,Low,3597.08
15601539,Cust1539,752,France,Female,71,2,24595.67,4,0,1,68575.77,1,0.4696,1,Medium,11550.13
15601540,Cust1540,545,Spain,Male,65,9,0.0,4,1,0,47964.99,1,0.5897,1,Medium,0.0
15601541,Cust1541,389,France,Male,88,7,139533.28,2,1,1,101011.2,0,0.6943,1,High,96877.96
15601542,Cust1542,403,France,Male,55,10,161935.41,1,1,1,53522.79,0,0.2728,0,Low,44175.98
15601543,Cust1543,481,France,Male,18,8,239509.19,4,0,1,38452.32,0,0.0907,0,Low,21723.48
15601544,Cust1544,714,France,Male,84,10,0.0,2,1,0,130421.24,1,0.5784,1,Medium,0.0
15601545,Cust1545,751,France,Male,67,2,49417.75,3,1,1,35154.32,0,0.3068,0,Medium,15161.37
15601546,Cust1546,620,France,Female,77,2,58456.08,1,1,0,112645.89,0,0.6577,1,High,38446.56
15601547,Cust1547,804,Spain,Female,26,0,106772.22,3,0,1,10830.14,0,0.1214,0,Low,12962.15
15601548,Cust1548,815,France,Female,51,3,0.0,3,1,1,143632.87,0,0.1487,0,Low,0.0
15601549,Cust1549,734,France,Male,51,6,0.0,2,1,0,106.5,0,0.2983,0,Low,0.0
15601550,Cust1550,389,France,Male,37,6,0.0,4,1,0,135813.77,0,0.3467,0,Medium,0.0
15601551,Cust1551,795,France,Male,80,7,40914.46,3,0,1,28990.34,1,0.3758,0,Medium,15375.65
15601552,Cust1552,805,France,Female,31,8,229145.12,3,0,0,140567.14,0,0.2065,0,Low,47318.47
15601553,Cust1553,630,France,Female,23,8,227813.35,1,1,1,16243.65,0,0.1962,0,Low,44696.98
15601554,Cust1554,650,France,Male,35,5,128246.81,3,0,0,63819.37,0,0.297,0,Low,38089.3
15601555,Cust1555,740,Spain,Male,91,3,215039.39,2,1,1,142092.65,1,0.6442,1,High,138528.38
15601556,Cust1556,646,Spain,Male,26,4,177875.2,3,1,0,123845.05,1,0.3753,0,Medium,66756.56
15601557,Cust1557,522,France,Female,60,9,0.0,3,0,1,57955.28,0,0.3214,0,Medium,0.0
15601558,Cust1558,699,Germany,Male,31,8,0.0,2,0,1,91498.33,1,0.22,0,Low,0.0
15601559,Cust1559,743,Spain,Male,47,10,29154.14,2,0,0,66659.37,0,0.234,0,Low,6822.07
15601560,Cust1560,420,Spain,Female,58,5,123940.59,2,1,0,2431.09,0,0.4936,1,Medium,61177.08
15601561,Cust1561,690,Germany,Male,19,8,0.0,2,1,0,112315.45,0,0.1432,0,Low,0.0
15601562,Cust1562,436,Spain,Female,35,4,146310.0,4,0,1,197958.28,0,0.4182,1,Medium,61186.84
15601563,Cust1563,637,Spain,Female,61,0,0.0,2,1,1,102685.43,0,0.3292,0,Medium,0.0
15601564,Cust1564,404,Spain,Female,19,8,165889.91,1,1,1,74458.7,1,0.3032,0,Medium,50297.82
15601565,Cust1565,847,France,Male,54,0,244213.86,4,1,1,98983.04,0,0.524,1,Medium,127968.06
15601566,Cust1566,684,France,Female,62,6,0.0,1,0,1,143054.06,0,0.3706,0,Medium,0.0
15601567,Cust1567,585,France,Male,33,10,0.0,2,1,1,19781.78,0,0.0879,0,Low,0.0
15601568,Cust1568,602,France,Female,30,0,38984.82,1,1,1,89414.21,0,0.1776,0,Low,6923.7
15601569,Cust1569,660,France,Female,54,8,239236.88,3,0,1,34694.96,0,0.2915,0,Low,69737.55
15601570,Cust1570,412,France,Female,71,9,0.0,2,1,0,129483.54,1,0.6139,1,High,0.0
15601571,Cust1571,605,Germany,Female,18,6,32417.28,4,1,0,190398.97,0,0.2409,0,Low,7809.32
15601572,Cust1572,708,Germany,Female,42,7,153042.51,2,0,0,46590.1,0,0.4127,1,Medium,63160.64
15601573,Cust1573,480,Spain,Female,91,9,125105.05,1,1,1,78152.14,0,0.6677,1,High,83532.64
15601574,Cust1574,590,France,Male,42,8,14830.12,3,0,1,54211.37,0,0.1551,0,Low,2300.15
15601575,Cust1575,515,France,Male,42,0,0.0,1,1,1,77373.55,0,0.1738,0,Low,0.0
15601576,Cust1576,430,Spain,Male,72,8,0.0,2,1,0,91844.71,1,0.699,1,High,0.0
15601577,Cust1577,840,Spain,Male,53,8,0.0,4,1,0,155746.17,0,0.2998,0,Low,0.0
15601578,Cust1578,646,Spain,Female,46,2,0.0,1,1,0,112382.04,0,0.4107,1,Medium,0.0
15601579,Cust1579,546,Spain,Male,76,7,0.0,3,1,0,100230.09,0,0.5364,1,Medium,0.0
15601580,Cust1580,519,Spain,Male,20,9,65.5,3,1,1,6075.64,0,0.0893,0,Low,5.85
15601581,Cust1581,690,France,Female,70,9,106817.89,2,1,0,8457.32,0,0.5134,1,Medium,54840.3
15601582,Cust1582,404,France,Male,46,9,0.0,2,0,1,172172.05,1,0.2467,0,Low,0.0
15601583,Cust1583,634,France,Female,83,8,142536.98,1,0,0,165779.89,1,0.8843,1,Critical,126045.45
15601584,Cust1584,465,Germany,Female,71,1,77857.4,2,1,0,27829.0,1,0.7247,1,High,56423.26
15601585,Cust1585,795,Spain,Female,87,5,46294.52,3,1,0,175946.9,1,0.7184,1,High,33257.98
15601586,Cust1586,742,France,Female,27,2,246336.24,3,1,0,195826.7,0,0.2526,0,Low,62224.53
15601587,Cust1587,729,Germany,Female,31,0,0.0,4,1,1,143097.4,0,0.1239,0,Low,0.0
15601588,Cust1588,423,France,Male,84,2,103683.32,4,1,1,92827.48,0,0.6417,1,High,66533.59
15601589,Cust1589,390,France,Male,46,10,0.0,2,1,1,44267.41,0,0.1442,0,Low,0.0
15601590,Cust1590,579,France,Male,78,6,209246.75,4,1,0,177653.17,1,0.9068,1,Critical,189744.95
15601591,Cust1591,528,France,Female,68,8,0.0,4,1,1,70875.75,0,0.4479,1,Medium,0.0
15601592,Cust1592,712,Spain,Female,54,5,31914.38,2,1,0,48094.08,1,0.6721,1,High,21449.65
15601593,Cust1593,706,France,Male,21,3,0.0,2,1,0,115191.87,0,0.2455,0,Low,0.0
15601594,Cust1594,548,Spain,Male,23,5,45839.94,3,0,1,181209.54,0,0.0749,0,Low,3433.41
15601595,Cust1595,430,Germany,Male,71,10,214484.5,2,1,0,174112.7,1,0.8008,1,Critical,171759.19
15601596,Cust1596,512,France,Male,25,3,144544.44,2,1,0,161920.79,0,0.2943,0,Low,42539.43
15601597,Cust1597,602,France,Female,18,3,0.0,1,1,1,61878.54,0,0.0662,0,Low,0.0
15601598,Cust1598,477,Spain,Male,34,9,0.0,4,1,1,152850.73,0,0.257,0,Low,0.0
15601599,Cust1599,509,France,Female,85,4,0.0,3,1,1,179621.88,0,0.3733,0,Medium,0.0
15601600,Cust1600,470,Spain,Male,64,9,0.0,1,1,1,167599.08,0,0.3773,0,Medium,0.0
15601601,Cust1601,382,France,Male,71,10,0.0,4,0,0,122362.27,1,0.7784,1,High,0.0
15601602,Cust1602,651,Germany,Female,66,0,191221.45,4,0,0,113200.36,1,0.7409,1,High,141675.97
15601603,Cust1603,849,Spain,Male,59,7,44613.43,1,1,0,168758.83,0,0.2209,0,Low,9855.11
15601604,Cust1604,826,France,Male,36,1,87777.97,3,1,1,104707.0,0,0.1167,0,Low,10243.69
15601605,Cust1605,815,France,Female,49,9,148664.07,3,1,1,49186.52,0,0.2009,0,Low,29866.61
15601606,Cust1606,680,Spain,Male,58,1,0.0,1,1,1,90300.63,0,0.2038,0,Low,0.0
15601607,Cust1607,724,France,Male,91,9,50483.39,2,1,1,169843.71,0,0.2783,0,Low,14049.53
15601608,Cust1608,382,France,Male,84,8,0.0,2,1,1,3772.96,0,0.5249,1,Medium,0.0
15601609,Cust1609,450,France,Female,72,5,105475.74,2,1,0,82891.24,1,0.7574,1,High,79887.33
15601610,Cust1610,703,France,Female,78,2,139393.35,3,0,1,171621.01,0,0.3979,1,Medium,55464.61
15601611,Cust1611,845,Spain,Female,77,2,0.0,1,1,0,108580.49,0,0.4368,1,Medium,0.0
15601612,Cust1612,805,Spain,Male,67,4,88248.07,3,0,0,78773.31,0,0.4337,1,Medium,38273.19
15601613,Cust1613,666,France,Male,79,9,101101.42,3,1,1,142610.64,0,0.3433,0,Medium,34708.12
15601614,Cust1614,404,Spain,Male,23,9,68095.34,4,1,0,122827.18,0,0.3738,0,Medium,25454.04
15601615,Cust1615,834,France,Male,19,5,84924.25,4,1,1,112575.61,0,0.0884,0,Low,7507.3
15601616,Cust1616,509,France,Female,50,2,12757.29,2,0,1,46286.5,0,0.2425,0,Low,3093.64
15601617,Cust1617,371,Germany,Male,22,6,145031.03,1,1,0,184202.15,0,0.1981,0,Low,28730.65
15601618,Cust1618,734,Spain,Female,43,9,43194.68,2,1,1,16861.69,0,0.1744,0,Low,7533.15
15601619,Cust1619,436,France,Female,32,5,179071.68,1,0,0,138350.26,1,0.5819,1,Medium,104201.81
15601620,Cust1620,501,France,Female,88,9,0.0,3,0,0,133877.22,0,0.5994,1,Medium,0.0
15601621,Cust1621,689,Germany,Male,66,0,14968.98,1,1,0,26037.35,0,0.3384,0,Medium,5065.5
15601622,Cust1622,833,Spain,Male,21,5,0.0,1,1,1,19990.88,0,0.0526,0,Low,0.0
15601623,Cust1623,804,France,Female,64,0,109601.06,3,1,1,68437.71,0,0.2527,0,Low,27696.19
15601624,Cust1624,431,France,Female,72,6,0.0,2,0,0,16195.72,0,0.6131,1,High,0.0
15601625,Cust1625,438,Germany,Male,42,6,0.0,1,1,1,190712.32,0,0.1405,0,Low,0.0
15601626,Cust1626,755,France,Male,83,3,243344.77,1,0,1,171864.02,0,0.5309,1,Medium,129191.74
15601627,Cust1627,508,France,Female,90,8,87911.12,4,0,1,189649.02,0,0.3799,0,Medium,33397.43
15601628,Cust1628,389,France,Female,90,10,14837.74,4,1,1,198315.21,1,0.6437,1,High,9551.05
15601629,Cust1629,644,France,Male,24,5,0.0,3,0,1,44033.67,0,0.0803,0,Low,0.0
15601630,Cust1630,679,France,Female,51,4,182659.42,2,1,0,154044.15,0,0.4989,1,Medium,91128.78
15601631,Cust1631,850,Spain,Male,75,2,0.0,3,1,1,91303.22,0,0.3264,0,Medium,0.0
15601632,Cust1632,593,Germany,Female,50,0,20834.61,3,0,1,8644.94,0,0.1884,0,Low,3925.24
15601633,Cust1633,750,Germany,Female,53,4,119158.99,1,1,0,102945.01,0,0.5015,1,Medium,59758.23
15601634,Cust1634,617,Spain,Male,42,4,0.0,4,0,0,16445.48,0,0.3154,0,Medium,0.0
15601635,Cust1635,812,France,Female,48,8,149093.01,2,1,1,197283.31,0,0.2622,0,Low,39092.19
15601636,Cust1636,594,France,Male,69,9,0.0,2,1,1,166476.7,0,0.3533,0,Medium,0.0
15601637,Cust1637,688,Spain,Male,19,1,0.0,4,1,0,165253.17,1,0.3348,0,Medium,0.0
15601638,Cust1638,832,France,Female,77,1,128033.76,3,0,1,15592.41,0,0.4499,1,Medium,57602.39
15601639,Cust1639,789,Germany,Male,71,6,187679.71,3,0,1,1551.22,0,0.3333,0,Medium,62553.65
15601640,Cust1640,550,Spain,Female,28,4,31446.12,4,1,0,53526.2,0,0.2675,0,Low,8411.84
15601641,Cust1641,604,France,Female,75,7,0.0,3,1,0,166296.32,1,0.6506,1,High,0.0
15601642,Cust1642,646,France,Female,56,3,0.0,3,1,0,115989.18,1,0.4246,1,Medium,0.0
15601643,Cust1643,412,France,Male,41,4,0.0,3,1,1,130478.61,0,0.226,0,Low,0.0
15601644,Cust1644,466,France,Male,51,4,134996.55,1,0,1,25742.74,0,0.4041,1,Medium,54552.11
15601645,Cust1645,705,France,Male,56,6,61690.41,4,1,0,92153.29,1,0.69,1,High,42566.38
15601646,Cust1646,385,France,Female,33,0,119597.2,4,1,1,93006.98,0,0.3514,0,Medium,42026.46
15601647,Cust1647,651,Spain,Male,62,9,203998.78,2,0,0,195887.71,0,0.49,1,Medium,99959.4
15601648,Cust1648,592,Spain,Female,64,3,0.0,1,0,1,154840.63,0,0.3833,1,Medium,0.0
15601649,Cust1649,593,Spain,Male,45,2,188624.78,4,1,1,26835.2,0,0.3106,0,Medium,58586.86
15601650,Cust1650,773,France,Male,52,7,0.0,3,1,1,91814.7,0,0.1923,0,Low,0.0
15601651,Cust1651,487,France,Female,63,1,208129.98,2,1,1,154289.01,0,0.5723,1,Medium,119112.79
15601652,Cust1652,746,France,Female,55,6,153498.03,4,1,0,156951.61,0,0.468,1,Medium,71837.08
15601653,Cust1653,742,France,Female,50,0,0.0,3,0,0,90999.44,0,0.272,0,Low,0.0
15601654,Cust1654,847,Spain,Male,88,2,215677.34,1,1,0,164746.6,1,0.7221,1,High,155740.61
15601655,Cust1655,761,France,Female,82,7,13938.81,3,1,0,95088.65,0,0.5256,1,Medium,7326.24
15601656,Cust1656,604,France,Female,46,4,7192.65,4,0,0,6696.75,0,0.3723,0,Medium,2677.82
15601657,Cust1657,532,Spain,Female,71,9,0.0,2,1,0,162399.12,0,0.5478,1,Medium,0.0
15601658,Cust1658,741,France,Female,77,3,0.0,3,1,1,198855.15,0,0.3511,0,Medium,0.0
15601659,Cust1659,814,France,Male,26,7,0.0,1,0,0,55607.52,0,0.1505,0,Low,0.0
15601660,Cust1660,490,France,Male,61,0,4238.25,2,1,0,133202.61,0,0.4132,1,Medium,1751.24
15601661,Cust1661,535,Germany,Female,77,10,0.0,2,1,0,81103.41,0,0.5375,1,Medium,0.0
15601662,Cust1662,599,Spain,Male,22,6,11173.87,1,0,0,81222.0,0,0.218,0,Low,2435.9
15601663,Cust1663,403,France,Male,42,7,93169.95,1,1,0,183481.63,1,0.3196,0,Medium,29777.12
15601664,Cust1664,507,Spain,Male,77,3,54248.09,3,1,0,191997.78,1,0.7703,1,High,41787.3
15601665,Cust1665,433,Spain,Male,87,3,85415.25,2,1,1,21765.25,0,0.5845,1,Medium,49925.21
15601666,Cust1666,736,Spain,Male,91,4,72648.15,2,1,0,145412.94,0,0.5219,1,Medium,37915.07
15601667,Cust1667,597,France,Female,62,2,221967.93,1,1,1,36006.86,1,0.5795,1,Medium,128630.42
15601668,Cust1668,652,France,Female,21,0,192176.39,2,1,1,106206.69,0,0.1423,0,Low,27346.7
15601669,Cust1669,390,Spain,Male,20,7,221254.22,2,1,1,160173.65,1,0.7567,1,High,167423.07
15601670,Cust1670,637,France,Male,78,7,180010.65,4,0,0,44696.73,1,0.8702,1,Critical,156645.27
15601671,Cust1671,709,Germany,Male,72,7,82587.02,2,1,0,65032.3,0,0.5852,1,Medium,48329.92
15601672,Cust1672,695,Spain,Female,32,6,46461.28,3,0,0,188885.27,1,0.3873,1,Medium,17994.45
15601673,Cust1673,748,France,Male,27,5,132444.87,1,0,1,83545.85,0,0.1285,0,Low,17019.17
15601674,Cust1674,407,Spain,Male,28,10,89167.09,1,1,0,15350.0,0,0.2293,0,Low,20446.01
15601675,Cust1675,625,Spain,Female,82,5,0.0,3,1,0,83299.92,0,0.521,1,Medium,0.0
15601676,Cust1676,591,Germany,Female,74,7,9733.15,2,0,1,90315.52,0,0.498,1,Medium,4847.11
15601677,Cust1677,797,France,Male,88,4,178245.51,2,1,0,155744.57,0,0.7829,1,High,139548.41
15601678,Cust1678,695,Spain,Female,26,0,74889.79,2,1,0,69681.41,0,0.2017,0,Low,15105.27
15601679,Cust1679,828,Germany,Female,69,3,0.0,3,1,1,25344.97,1,0.5364,1,Medium,0.0
15601680,Cust1680,362,Germany,Male,86,7,244653.49,2,1,1,155628.72,1,0.8467,1,Critical,207148.11
15601681,Cust1681,574,Spain,Female,57,6,53893.86,4,0,1,75070.94,1,0.3257,0,Medium,17553.23
15601682,Cust1682,702,Germany,Male,75,7,29413.9,1,1,0,6249.87,0,0.4423,1,Medium,13009.77
15601683,Cust1683,394,France,Female,62,8,0.0,4,1,0,166471.65,1,0.6832,1,High,0.0
15601684,Cust1684,676,France,Male,18,2,87875.88,4,1,0,193307.81,0,0.4233,1,Medium,37197.86
15601685,Cust1685,465,France,Male,49,8,0.0,3,0,1,192552.01,0,0.1648,0,Low,0.0
15601686,Cust1686,387,Germany,Female,37,7,245056.56,1,1,1,124120.3,0,0.241,0,Low,59058.63
15601687,Cust1687,679,Germany,Female,24,3,0.0,2,1,1,52760.98,0,0.0979,0,Low,0.0
15601688,Cust1688,563,Germany,Male,62,5,0.0,4,1,1,173433.28,0,0.3217,0,Medium,0.0
15601689,Cust1689,553,France,Male,86,9,0.0,3,1,1,35592.56,1,0.5177,1,Medium,0.0
15601690,Cust1690,513,Spain,Female,21,1,70945.85,3,1,0,149864.28,0,0.1604,0,Low,11379.71
15601691,Cust1691,693,Spain,Female,42,3,231992.29,2,1,0,174454.97,0,0.4376,1,Medium,101519.83
15601692,Cust1692,659,France,Female,67,2,0.0,3,1,0,185509.24,0,0.4113,1,Medium,0.0
15601693,Cust1693,684,Germany,Female,41,3,40630.15,2,1,1,113854.78,0,0.1564,0,Low,6354.56
15601694,Cust1694,744,Germany,Male,26,2,237575.63,2,0,1,191422.36,0,0.193,0,Low,45852.1
15601695,Cust1695,653,Germany,Male,32,8,126631.48,1,1,1,7188.1,0,0.1927,0,Low,24401.89
15601696,Cust1696,387,France,Female,19,10,38878.04,3,1,0,7627.72,0,0.3753,0,Medium,14590.93
15601697,Cust1697,429,Spain,Female,91,10,183808.04,4,0,0,152314.82,1,0.8962,1,Critical,164728.77
15601698,Cust1698,846,Spain,Male,54,3,58447.53,2,1,1,199555.22,0,0.1732,0,Low,10123.11
15601699,Cust1699,493,Germany,Female,87,10,46916.73,1,0,0,29556.02,1,0.8189,1,Critical,38420.11
15601700,Cust1700,564,Spain,Male,68,0,0.0,2,1,1,74901.44,0,0.4139,1,Medium,0.0
15601701,Cust1701,539,Spain,Male,43,1,144569.11,2,1,1,197213.93,1,0.6288,1,High,90905.06
15601702,Cust1702,846,France,Male,87,3,73147.36,3,0,0,174357.8,1,0.8283,1,Critical,60587.96
15601703,Cust1703,763,Germany,Male,37,3,0.0,1,1,0,82182.0,1,0.2681,0,Low,0.0
15601704,Cust1704,592,France,Male,31,10,0.0,4,0,0,178122.12,0,0.2362,0,Low,0.0
15601705,Cust1705,691,Spain,Female,77,8,58596.9,1,1,0,90218.74,0,0.6185,1,High,36242.18
15601706,Cust1706,626,France,Male,58,8,0.0,2,1,0,67867.87,0,0.3797,0,Medium,0.0
15601707,Cust1707,673,France,Female,49,8,114890.4,1,1,0,117520.93,0,0.4805,1,Medium,55204.84
15601708,Cust1708,827,Spain,Female,61,7,0.0,4,1,0,55723.51,1,0.6928,1,High,0.0
15601709,Cust1709,686,France,Female,89,5,0.0,2,1,0,131395.64,0,0.6027,1,High,0.0
15601710,Cust1710,406,Spain,Male,38,0,0.0,4,1,0,58146.14,0,0.5133,1,Medium,0.0
15601711,Cust1711,602,France,Male,84,0,121184.16,3,1,0,101525.18,0,0.7104,1,High,86089.23
15601712,Cust1712,760,Spain,Male,85,10,205554.71,4,1,0,154593.84,1,0.8781,1,Critical,180497.59
15601713,Cust1713,369,Spain,Female,74,5,54650.67,4,1,1,172515.32,0,0.4873,1,Medium,26631.27
15601714,Cust1714,528,France,Male,29,10,0.0,4,1,1,8050.32,0,0.1373,0,Low,0.0
15601715,Cust1715,450,Spain,Female,24,0,255.39,3,1,0,145120.52,0,0.1568,0,Low,40.05
15601716,Cust1716,711,France,Female,26,6,151625.8,4,1,1,177696.18,1,0.2289,0,Low,34707.15
15601717,Cust1717,420,Germany,Female,69,3,0.0,4,1,1,147300.58,0,0.3912,1,Medium,0.0
15601718,Cust1718,662,Germany,Male,47,4,0.0,3,0,1,46084.54,0,0.2178,0,Low,0.0
15601719,Cust1719,382,Spain,Male,91,7,172535.6,3,1,1,149340.24,1,0.7655,1,High,132076.0
15601720,Cust1720,812,France,Female,18,5,11175.88,3,1,1,160938.37,0,0.0479,0,Low,535.32
15601721,Cust1721,510,France,Male,45,1,104602.92,1,0,1,35940.14,0,0.3059,0,Medium,31998.03
15601722,Cust1722,554,Germany,Male,37,10,0.0,3,1,1,182341.92,0,0.0941,0,Low,0.0
15601723,Cust1723,744,Germany,Female,83,7,68785.95,4,0,1,54493.5,1,0.6559,1,High,45116.7
15601724,Cust1724,540,France,Female,26,3,0.0,4,0,1,189292.46,0,0.1486,0,Low,0.0
15601725,Cust1725,407,France,Male,48,6,0.0,2,1,1,99914.82,0,0.2048,0,Low,0.0
15601726,Cust1726,803,France,Male,82,1,65137.81,2,0,1,25886.1,0,0.4728,1,Medium,30797.16
15601727,Cust1727,405,Spain,Male,89,4,194814.09,4,1,0,141491.15,1,0.9176,1,Critical,178761.41
15601728,Cust1728,599,France,Male,85,4,920.72,4,1,1,113456.87,1,0.6069,1,High,558.78
15601729,Cust1729,412,France,Female,66,4,56697.63,1,1,1,152566.62,0,0.3494,0,Medium,19810.15
15601730,Cust1730,699,Spain,Female,30,5,0.0,3,1,0,59760.7,0,0.2179,0,Low,0.0
15601731,Cust1731,485,France,Male,25,10,229323.42,2,1,0,11414.09,0,0.3477,0,Medium,79735.75
15601732,Cust1732,817,Germany,Male,48,0,2382.79,1,0,1,34469.51,0,0.1619,0,Low,385.77
15601733,Cust1733,451,France,Male,53,6,150216.97,2,1,0,95473.98,0,0.501,1,Medium,75258.7
15601734,Cust1734,685,Spain,Male,56,10,0.0,4,1,1,9161.32,0,0.1501,0,Low,0.0
15601735,Cust1735,356,Germany,Male,21,9,0.0,2,0,1,131833.5,0,0.1511,0,Low,0.0
15601736,Cust1736,406,Spain,Male,67,9,102898.85,3,1,1,100961.29,1,0.6313,1,High,64960.04
15601737,Cust1737,488,France,Female,47,4,108613.57,3,1,1,41939.55,0,0.2831,0,Low,30748.5
15601738,Cust1738,792,Germany,Female,26,6,241877.41,2,0,1,159779.32,0,0.1054,0,Low,25493.88
15601739,Cust1739,849,Spain,Female,85,6,170561.59,4,0,1,130797.25,1,0.605,1,High,103189.76
15601740,Cust1740,657,France,Female,44,9,49103.66,1,1,0,109856.41,0,0.2518,0,Low,12364.3
15601741,Cust1741,518,France,Male,35,10,249334.3,4,1,0,144590.45,0,0.3782,0,Medium,94298.23
15601742,Cust1742,506,France,Female,54,2,0.0,3,1,0,118573.85,1,0.4139,1,Medium,0.0
15601743,Cust1743,455,Spain,Male,88,1,171476.71,4,1,1,1918.18,1,0.8326,1,Critical,142771.51
15601744,Cust1744,520,Germany,Female,79,2,170073.75,1,0,0,109422.3,1,0.8383,1,Critical,142572.82
15601745,Cust1745,598,Germany,Female,25,2,212431.25,4,0,0,50322.29,1,0.6892,1,High,146407.62
15601746,Cust1746,693,Germany,Female,68,3,99716.72,2,1,0,153779.32,1,0.7738,1,High,77160.8
15601747,Cust1747,464,Germany,Male,67,10,0.0,4,0,0,133152.15,0,0.5046,1,Medium,0.0
15601748,Cust1748,367,France,Female,83,2,156485.27,2,1,1,118714.41,0,0.6546,1,High,102435.26
15601749,Cust1749,630,France,Female,89,4,109104.99,3,0,1,106864.69,0,0.534,1,Medium,58262.06
15601750,Cust1750,471,Germany,Male,73,3,228989.36,4,1,0,51470.96,1,0.8814,1,Critical,201831.22
15601751,Cust1751,550,France,Female,66,2,0.0,4,0,0,130928.47,1,0.7221,1,High,0.0
15601752,Cust1752,706,Spain,Male,44,2,56068.39,1,1,0,158845.97,0,0.2784,0,Low,15609.44
15601753,Cust1753,799,Spain,Male,84,10,157597.06,1,0,0,78520.02,1,0.8943,1,Critical,140939.05
15601754,Cust1754,617,France,Female,87,6,47566.66,1,0,1,70205.59,1,0.5119,1,Medium,24349.37
15601755,Cust1755,814,Germany,Male,91,1,207498.7,4,1,1,187627.22,1,0.6954,1,High,144294.6
15601756,Cust1756,484,France,Male,88,7,84918.81,2,0,1,160265.67,1,0.4262,1,Medium,36192.4
15601757,Cust1757,707,Spain,Male,65,6,105274.87,3,1,1,12678.18,0,0.2453,0,Low,25823.93
15601758,Cust1758,840,Spain,Male,88,3,170578.96,3,1,0,55364.93,1,0.7111,1,High,121298.7
15601759,Cust1759,458,Spain,Female,75,8,221275.42,2,1,1,170460.4,1,0.7617,1,High,168545.49
15601760,Cust1760,719,France,Female,35,8,0.0,2,1,1,150853.47,0,0.0696,0,Low,0.0
15601761,Cust1761,587,France,Male,20,8,0.0,2,1,1,38814.71,0,0.079,0,Low,0.0
15601762,Cust1762,791,France,Male,90,7,84515.25,1,1,1,97832.92,1,0.5845,1,Medium,49399.16
15601763,Cust1763,503,France,Female,49,4,0.0,4,1,1,37455.81,0,0.3126,0,Medium,0.0
15601764,Cust1764,831,France,Female,82,2,226937.66,4,0,1,118004.41,1,0.694,1,High,157494.74
15601765,Cust1765,749,France,Female,39,0,158456.78,3,0,1,17671.64,0,0.1368,0,Low,21676.89
15601766,Cust1766,703,Spain,Female,44,10,149038.76,2,1,1,52722.28,0,0.1703,0,Low,25381.3
15601767,Cust1767,364,France,Female,78,9,0.0,1,1,1,16738.39,0,0.451,1,Medium,0.0
15601768,Cust1768,391,France,Male,56,2,119512.91,2,1,0,184853.79,0,0.4829,1,Medium,57712.78
15601769,Cust1769,681,Spain,Female,68,8,108056.89,2,1,1,35996.7,0,0.2791,0,Low,30158.68
15601770,Cust1770,589,Germany,Female,41,0,13794.12,1,1,0,104351.3,0,0.219,0,Low,3020.91
15601771,Cust1771,511,Spain,Male,63,2,0.0,4,1,1,35983.24,1,0.3871,1,Medium,0.0
15601772,Cust1772,771,Germany,Male,54,1,154350.96,2,1,0,25602.67,0,0.3977,1,Medium,61385.38
15601773,Cust1773,590,Spain,Female,86,3,127459.7,3,1,0,766.64,0,0.5864,1,Medium,74742.37
15601774,Cust1774,579,Germany,Female,54,3,61222.7,3,1,1,16424.74,0,0.2708,0,Low,16579.11
15601775,Cust1775,511,Germany,Female,24,5,223187.74,1,1,1,105884.67,0,0.1656,0,Low,36959.89
15601776,Cust1776,841,Germany,Male,72,5,51648.73,3,0,1,105239.01,0,0.3319,0,Medium,17142.21
15601777,Cust1777,532,France,Male,88,1,175124.71,3,0,1,50952.0,1,0.5852,1,Medium,102482.98
15601778,Cust1778,480,France,Female,83,1,197090.73,2,1,1,186650.68,1,0.7193,1,High,141767.36
15601779,Cust1779,687,France,Male,25,9,210056.74,3,1,1,88026.91,0,0.1361,0,Low,28588.72
15601780,Cust1780,367,France,Female,91,6,0.0,4,0,0,161399.92,0,0.7518,1,High,0.0
15601781,Cust1781,648,Spain,Male,43,10,0.0,1,1,1,101928.32,0,0.1199,0,Low,0.0
15601782,Cust1782,632,France,Male,79,1,114450.04,4,1,0,48748.63,0,0.7332,1,High,83914.77
15601783,Cust1783,472,France,Male,64,3,155977.89,2,1,0,31842.73,0,0.7117,1,High,111009.46
15601784,Cust1784,735,France,Female,90,1,214427.84,1,1,1,35048.4,1,0.7106,1,High,152372.42
15601785,Cust1785,371,Spain,Female,43,10,105072.35,2,1,0,134990.72,0,0.3168,0,Medium,33286.92
15601786,Cust1786,841,France,Male,62,1,167713.74,4,1,1,149764.39,0,0.3567,0,Medium,59823.49
15601787,Cust1787,778,Germany,Male,68,8,39884.08,3,1,1,33438.77,1,0.4261,1,Medium,16994.61
15601788,Cust1788,437,Spain,Male,29,2,0.0,2,0,0,197615.54,0,0.3679,0,Medium,0.0
15601789,Cust1789,596,France,Female,75,8,0.0,4,0,0,182858.21,0,0.5824,1,Medium,0.0
15601790,Cust1790,448,Spain,Female,28,5,165072.75,4,1,1,48584.13,0,0.2425,0,Low,40030.14
15601791,Cust1791,659,France,Female,79,10,94207.74,4,0,1,62798.17,0,0.4252,1,Medium,40057.13
15601792,Cust1792,526,France,Male,27,0,56960.73,3,1,1,194329.81,0,0.1579,0,Low,8994.1
15601793,Cust1793,594,Germany,Male,31,3,90185.81,3,0,1,199520.0,0,0.2215,0,Low,19976.16
15601794,Cust1794,829,Spain,Male,54,7,175354.28,3,0,1,82200.11,1,0.6237,1,High,109368.46
15601795,Cust1795,660,France,Female,31,10,227008.36,2,1,1,167565.98,1,0.5041,1,Medium,114434.91
15601796,Cust1796,784,Germany,Male,23,5,2820.24,3,1,0,184153.0,0,0.2253,0,Low,635.4
15601797,Cust1797,664,France,Male,21,1,0.0,1,1,1,176022.57,0,0.0837,0,Low,0.0
15601798,Cust1798,587,Germany,Female,39,6,0.0,1,1,1,133943.54,0,0.1903,0,Low,0.0
15601799,Cust1799,357,Germany,Male,54,5,142183.72,3,1,1,83672.43,0,0.3501,0,Medium,49778.52
15601800,Cust1800,394,Germany,Female,21,8,0.0,2,1,0,100934.38,0,0.0977,0,Low,0.0
15601801,Cust1801,617,Germany,Male,28,6,162940.81,2,1,1,142672.06,0,0.1312,0,Low,21377.83
15601802,Cust1802,602,France,Female,63,9,0.0,4,1,0,51797.48,1,0.6365,1,High,0.0
15601803,Cust1803,601,Germany,Male,41,1,64494.67,3,1,1,141964.79,0,0.1928,0,Low,12434.57
15601804,Cust1804,773,Germany,Female,74,6,121418.04,1,1,0,105170.33,1,0.7713,1,High,93649.73
15601805,Cust1805,398,Germany,Male,80,8,5191.84,4,1,1,116341.38,1,0.6993,1,High,3630.65
15601806,Cust1806,680,France,Male,20,4,0.0,4,0,1,167190.56,0,0.0774,0,Low,0.0
15601807,Cust1807,723,France,Male,88,5,200410.93,1,1,0,188608.71,1,0.8377,1,Critical,167884.24
15601808,Cust1808,673,France,Female,68,7,126272.63,4,1,0,61106.02,0,0.6179,1,High,78023.86
15601809,Cust1809,468,France,Male,78,5,0.0,2,1,0,152536.1,1,0.667,1,High,0.0
15601810,Cust1810,553,France,Male,53,4,0.0,2,1,0,119878.49,0,0.4146,1,Medium,0.0
15601811,Cust1811,377,France,Male,18,6,185992.64,3,1,0,58143.96,0,0.2183,0,Low,40602.19
15601812,Cust1812,438,Germany,Female,83,8,192376.64,4,1,1,129410.43,0,0.7178,1,High,138087.95
15601813,Cust1813,752,France,Female,60,1,207713.95,2,0,1,130975.3,0,0.3652,0,Medium,75857.13
15601814,Cust1814,659,Spain,Female,20,9,0.0,3,1,1,164039.25,0,0.0599,0,Low,0.0
15601815,Cust1815,783,Germany,Male,30,2,47647.65,1,1,0,81143.33,0,0.2551,0,Low,12154.92
15601816,Cust1816,696,Spain,Female,33,1,0.0,1,1,1,162268.81,0,0.0755,0,Low,0.0
15601817,Cust1817,470,France,Female,45,1,0.0,3,0,1,48890.73,0,0.1786,0,Low,0.0
15601818,Cust1818,757,France,Female,50,0,214579.63,1,0,1,92253.93,0,0.4219,1,Medium,90531.15
15601819,Cust1819,694,Germany,Female,49,10,100498.78,1,1,1,123843.35,0,0.2166,0,Low,21768.04
15601820,Cust1820,445,Spain,Male,82,3,136541.52,1,1,1,119686.39,1,0.7071,1,High,96548.51
15601821,Cust1821,352,France,Female,87,8,0.0,2,0,1,9765.44,1,0.6655,1,High,0.0
15601822,Cust1822,732,Germany,Male,68,2,122857.13,1,1,1,70553.34,0,0.4518,1,Medium,55506.85
15601823,Cust1823,711,Germany,Female,64,5,102317.32,4,1,0,63739.71,0,0.5826,1,Medium,59610.07
15601824,Cust1824,394,Germany,Male,81,4,133640.06,2,1,0,193625.19,0,0.5274,1,Medium,70481.77
15601825,Cust1825,582,France,Female,37,7,0.0,2,1,1,193738.73,0,0.1228,0,Low,0.0
15601826,Cust1826,807,Germany,Female,59,10,18860.55,1,0,1,72531.61,1,0.2618,0,Low,4937.69
15601827,Cust1827,747,France,Female,65,7,10990.08,1,1,1,157236.62,0,0.3827,1,Medium,4205.9
15601828,Cust1828,759,Spain,Female,39,7,0.0,2,0,1,110447.01,0,0.0691,0,Low,0.0
15601829,Cust1829,546,France,Female,88,2,150954.66,4,1,1,79157.39,1,0.6833,1,High,103147.32
15601830,Cust1830,410,France,Male,35,1,0.0,3,0,0,156397.96,0,0.213,0,Low,0.0
15601831,Cust1831,525,Spain,Female,22,0,228854.7,1,1,1,190421.48,1,0.6104,1,High,139692.91
15601832,Cust1832,694,France,Female,41,3,137715.38,1,0,1,71929.75,0,0.1907,0,Low,26262.32
15601833,Cust1833,771,France,Male,78,6,153888.21,2,1,0,33726.26,1,0.8135,1,Critical,125188.06
15601834,Cust1834,672,France,Female,45,0,0.0,2,1,1,190012.04,0,0.1278,0,Low,0.0
15601835,Cust1835,369,France,Female,34,2,43993.62,4,0,1,141636.42,1,0.518,1,Medium,22788.7
15601836,Cust1836,645,France,Female,82,6,77877.73,1,0,1,43118.15,0,0.5147,1,Medium,40083.67
15601837,Cust1837,443,France,Female,29,9,221084.98,4,0,1,1715.38,0,0.1805,0,Low,39905.84
15601838,Cust1838,655,Spain,Male,29,10,0.0,2,1,1,132632.79,0,0.0767,0,Low,0.0
15601839,Cust1839,556,Germany,Male,84,2,0.0,2,1,1,124578.84,0,0.5067,1,Medium,0.0
15601840,Cust1840,617,France,Male,41,1,207010.1,1,1,1,44770.6,0,0.1709,0,Low,35378.03
15601841,Cust1841,648,Germany,Female,18,6,21826.22,3,1,0,128488.92,1,0.5591,1,Medium,12203.04
15601842,Cust1842,669,France,Female,50,10,159882.57,3,1,1,30893.08,0,0.2204,0,Low,35238.12
15601843,Cust1843,352,Spain,Female,72,4,175031.12,2,1,1,80806.55,1,0.6709,1,High,117428.38
15601844,Cust1844,834,France,Male,74,9,0.0,4,1,0,62283.98,1,0.7372,1,High,0.0
15601845,Cust1845,638,Germany,Female,24,8,41721.2,4,1,1,172794.98,0,0.0764,0,Low,3187.5
15601846,Cust1846,604,France,Male,38,9,112073.19,4,1,1,58421.38,0,0.1679,0,Low,18817.09
15601847,Cust1847,539,Germany,Male,63,10,188758.08,3,1,0,56342.52,0,0.702,1,High,132508.17
15601848,Cust1848,402,France,Female,66,1,221672.89,3,0,1,150843.21,1,0.6563,1,High,145483.92
15601849,Cust1849,665,Spain,Male,63,4,203834.22,3,1,1,3473.77,0,0.3429,0,Medium,69894.75
15601850,Cust1850,532,France,Female,43,0,0.0,3,0,0,143784.13,0,0.2032,0,Low,0.0
15601851,Cust1851,804,Spain,Male,81,0,0.0,1,1,1,9420.38,1,0.5148,1,Medium,0.0
15601852,Cust1852,679,Germany,Male,23,5,154246.43,3,1,0,11197.25,0,0.1983,0,Low,30587.07
15601853,Cust1853,570,Spain,Female,78,7,177477.53,1,1,0,98123.1,1,0.8503,1,Critical,150909.14
15601854,Cust1854,365,Spain,Female,87,9,2184.56,3,0,0,191556.69,0,0.5294,1,Medium,1156.51
15601855,Cust1855,627,Spain,Female,68,1,35643.43,1,1,1,32538.66,0,0.3845,1,Medium,13704.9
15601856,Cust1856,773,France,Male,49,0,0.0,1,0,1,60827.19,1,0.1633,0,Low,0.0
15601857,Cust1857,581,France,Female,46,1,85277.31,3,0,1,136211.52,0,0.2682,0,Low,22871.37
15601858,Cust1858,675,France,Female,50,10,170200.58,4,1,0,178539.76,0,0.4991,1,Medium,84947.11
15601859,Cust1859,409,France,Male,30,7,235798.54,3,0,0,99039.12,0,0.273,0,Low,64373.0
15601860,Cust1860,553,Germany,Male,34,5,22380.83,1,1,0,99473.37,0,0.1912,0,Low,4279.21
15601861,Cust1861,747,Spain,Male,65,1,0.0,2,1,0,62276.04,0,0.2936,0,Low,0.0
15601862,Cust1862,562,Spain,Female,58,4,93116.65,2,1,1,75481.77,0,0.3254,0,Medium,30300.16
15601863,Cust1863,793,Germany,Female,54,1,0.0,1,1,1,28218.13,1,0.3538,0,Medium,0.0
15601864,Cust1864,555,Germany,Female,53,0,0.0,4,0,1,24289.8,0,0.2354,0,Low,0.0
15601865,Cust1865,756,Spain,Female,23,4,0.0,2,1,0,147042.79,0,0.1131,0,Low,0.0
15601866,Cust1866,672,Spain,Male,82,5,63114.0,4,1,0,96907.79,1,0.7766,1,High,49014.33
15601867,Cust1867,824,France,Female,88,4,0.0,1,0,1,155477.7,0,0.3916,1,Medium,0.0
15601868,Cust1868,617,Germany,Female,36,9,0.0,2,1,1,129699.31,0,0.1498,0,Low,0.0
15601869,Cust1869,584,Spain,Male,41,10,159077.61,4,1,0,699.93,1,0.7723,1,High,122855.64
15601870,Cust1870,527,France,Female,64,1,129814.56,2,1,1,100757.11,0,0.4584,1,Medium,59506.99
15601871,Cust1871,676,France,Male,18,3,85521.3,4,1,1,109912.34,0,0.1902,0,Low,16266.15
15601872,Cust1872,841,Spain,Female,25,5,60948.01,4,1,1,27409.64,0,0.106,0,Low,6460.49
15601873,Cust1873,434,Spain,Female,84,4,2820.95,3,1,1,191233.2,0,0.3797,0,Medium,1071.11
15601874,Cust1874,819,Spain,Female,30,4,0.0,1,1,0,159636.34,0,0.1108,0,Low,0.0
15601875,Cust1875,839,Spain,Female,60,7,0.0,4,1,1,179968.03,0,0.352,0,Medium,0.0
15601876,Cust1876,735,France,Female,83,1,0.0,2,1,1,119464.65,0,0.3809,0,Medium,0.0
15601877,Cust1877,640,France,Male,72,9,242612.91,3,0,1,166514.85,0,0.4792,1,Medium,116260.11
15601878,Cust1878,782,Germany,Male,38,2,0.0,3,1,0,36076.18,0,0.1575,0,Low,0.0
15601879,Cust1879,481,Germany,Female,29,3,152581.51,2,1,0,170864.81,0,0.3216,0,Medium,49070.21
15601880,Cust1880,667,Germany,Male,71,2,167202.1,1,1,1,184080.8,0,0.4089,1,Medium,68368.94
15601881,Cust1881,753,Germany,Female,47,6,150137.26,3,0,0,3816.66,0,0.4707,1,Medium,70669.61
15601882,Cust1882,753,France,Male,89,7,161707.54,3,1,1,128182.52,0,0.4641,1,Medium,75048.47
15601883,Cust1883,643,Germany,Female,65,6,54809.23,1,0,1,18995.8,1,0.5124,1,Medium,28084.25
15601884,Cust1884,543,France,Female,18,5,0.0,1,1,0,129387.83,0,0.1353,0,Low,0.0
15601885,Cust1885,825,France,Male,36,3,189159.63,1,1,0,179192.61,0,0.2391,0,Low,45228.07
15601886,Cust1886,687,France,Female,73,7,58560.93,2,0,1,36084.93,0,0.3372,0,Medium,19746.75
15601887,Cust1887,735,France,Male,69,1,128411.98,3,0,1,98783.5,0,0.379,0,Medium,48668.14
15601888,Cust1888,662,Spain,Male,72,3,0.0,3,0,1,19176.02,0,0.3023,0,Medium,0.0
15601889,Cust1889,789,France,Female,35,7,227790.03,1,0,1,130097.42,0,0.1526,0,Low,34760.76
15601890,Cust1890,589,France,Male,36,7,0.0,4,0,1,23703.79,0,0.1581,0,Low,0.0
15601891,Cust1891,623,Spain,Female,33,2,0.0,4,1,0,194363.41,0,0.3147,0,Medium,0.0
15601892,Cust1892,752,Germany,Female,69,3,77470.67,1,0,0,64127.5,1,0.8215,1,Critical,63642.16
15601893,Cust1893,609,France,Female,18,3,0.0,1,1,1,36962.53,0,0.0812,0,Low,0.0
15601894,Cust1894,472,France,Female,78,9,0.0,4,0,0,190574.77,1,0.578,1,Medium,0.0
15601895,Cust1895,729,France,Female,38,6,7477.93,2,1,0,128846.52,0,0.2421,0,Low,1810.41
15601896,Cust1896,538,Germany,Male,54,1,0.0,2,1,0,97486.77,0,0.3009,0,Medium,0.0
15601897,Cust1897,402,France,Male,36,1,117644.65,2,1,1,150724.4,0,0.257,0,Low,30234.68
15601898,Cust1898,536,France,Male,49,0,0.0,4,1,1,173152.48,1,0.3342,0,Medium,0.0
15601899,Cust1899,377,France,Male,74,2,130655.39,1,1,1,161824.19,1,0.7618,1,High,99533.28
15601900,Cust1900,789,Germany,Male,32,2,81599.31,4,0,1,71146.99,0,0.2136,0,Low,17429.61
15601901,Cust1901,842,France,Male,60,4,115810.71,1,1,0,79239.17,0,0.3986,1,Medium,46162.15
15601902,Cust1902,483,Spain,Female,22,8,199033.2,4,1,1,105345.2,0,0.1191,0,Low,23704.85
15601903,Cust1903,809,France,Female,31,9,120237.74,2,1,0,117259.19,1,0.358,0,Medium,43045.11
15601904,Cust1904,706,Germany,Female,68,6,138795.75,4,0,1,60224.98,0,0.448,1,Medium,62180.5
15601905,Cust1905,828,France,Male,60,8,0.0,1,0,1,27239.72,0,0.2557,0,Low,0.0
15601906,Cust1906,431,France,Female,63,7,1908.82,2,1,0,87775.87,1,0.707,1,High,1349.54
15601907,Cust1907,381,France,Female,34,3,232419.16,1,1,0,163043.47,0,0.4313,1,Medium,100242.38
15601908,Cust1908,811,Spain,Male,33,6,0.0,3,0,1,55271.54,0,0.0439,0,Low,0.0
15601909,Cust1909,484,Spain,Female,49,3,0.0,1,1,0,74953.91,0,0.4404,1,Medium,0.0
15601910,Cust1910,648,France,Female,27,3,28711.64,2,0,1,54808.5,0,0.1216,0,Low,3491.34
15601911,Cust1911,801,France,Female,83,10,0.0,3,1,1,121956.24,0,0.3266,0,Medium,0.0
15601912,Cust1912,521,Spain,Male,37,10,0.0,2,1,1,190365.04,0,0.0935,0,Low,0.0
15601913,Cust1913,394,Germany,Female,71,7,171516.77,4,1,0,36041.31,1,0.8706,1,Critical,149322.5
15601914,Cust1914,746,France,Female,29,6,213900.53,3,0,1,155905.55,0,0.172,0,Low,36790.89
15601915,Cust1915,576,France,Female,66,7,71642.52,4,1,1,132928.03,0,0.3587,0,Medium,25698.17
15601916,Cust1916,361,Germany,Male,33,8,0.0,3,1,1,197472.48,0,0.1518,0,Low,0.0
15601917,Cust1917,520,Germany,Male,38,0,241393.39,2,1,1,19926.65,0,0.2441,0,Low,58924.13
15601918,Cust1918,615,Germany,Male,48,3,114149.95,2,0,0,181706.14,0,0.4435,1,Medium,50625.5
15601919,Cust1919,790,Spain,Female,27,1,208628.43,3,0,1,161504.86,0,0.1708,0,Low,35633.74
15601920,Cust1920,463,France,Male,27,5,152875.51,4,0,1,181136.79,0,0.2214,0,Low,33846.64
15601921,Cust1921,609,France,Male,73,3,45216.2,4,1,0,150188.54,1,0.8589,1,Critical,38836.19
15601922,Cust1922,440,France,Female,43,3,239359.54,1,1,1,56261.86,0,0.4181,1,Medium,100076.22
15601923,Cust1923,495,France,Male,60,9,0.0,2,0,0,83421.87,0,0.3416,0,Medium,0.0
15601924,Cust1924,482,France,Female,65,2,160447.88,3,1,1,21744.16,0,0.4852,1,Medium,77849.31
15601925,Cust1925,612,France,Female,64,10,63628.91,4,1,1,427.9,0,0.258,0,Low,16416.26
15601926,Cust1926,682,France,Male,64,4,143917.03,2,1,1,189407.57,0,0.356,0,Medium,51234.46
15601927,Cust1927,406,Germany,Female,90,2,135278.64,4,1,1,165402.75,1,0.8816,1,Critical,119261.65
15601928,Cust1928,387,France,Female,64,1,0.0,4,1,1,16291.04,1,0.4166,1,Medium,0.0
15601929,Cust1929,716,France,Female,43,7,0.0,1,1,1,90946.97,0,0.1056,0,Low,0.0
15601930,Cust1930,497,Germany,Female,39,9,35170.88,2,0,0,57720.9,0,0.2683,0,Low,9436.35
15601931,Cust1931,659,Germany,Male,77,9,110753.14,2,1,1,59471.6,0,0.5043,1,Medium,55852.81
15601932,Cust1932,388,Spain,Female,49,1,0.0,4,1,1,178934.48,0,0.2449,0,Low,0.0
15601933,Cust1933,650,Spain,Female,59,9,170680.64,4,1,0,198445.32,1,0.7924,1,High,135247.34
15601934,Cust1934,805,Germany,Female,78,2,0.0,1,1,0,84418.56,1,0.6092,1,High,0.0
15601935,Cust1935,569,France,Female,35,5,140023.14,1,1,1,162904.88,1,0.4154,1,Medium,58165.61
15601936,Cust1936,639,France,Female,34,0,174626.8,2,1,0,33168.05,0,0.2504,0,Low,43726.55
15601937,Cust1937,497,Germany,Female,21,2,191002.19,1,0,0,153946.55,0,0.3989,1,Medium,76190.77
15601938,Cust1938,493,France,Male,23,3,241456.92,3,1,0,10170.65,0,0.3431,0,Medium,82843.87
15601939,Cust1939,382,France,Male,63,10,0.0,2,1,1,68425.49,1,0.6412,1,High,0.0
15601940,Cust1940,589,France,Male,55,3,80951.17,2,1,0,113742.13,0,0.4389,1,Medium,35529.47
15601941,Cust1941,824,France,Female,40,3,181816.18,1,1,0,12597.65,0,0.2746,0,Low,49926.72
15601942,Cust1942,408,France,Male,33,3,18991.11,1,0,0,23599.48,1,0.5298,1,Medium,10061.49
15601943,Cust1943,558,France,Female,69,2,34051.71,1,1,1,63802.52,0,0.3335,0,Medium,11356.25
15601944,Cust1944,769,Spain,Female,24,5,0.0,1,1,0,95000.04,0,0.076,0,Low,0.0
15601945,Cust1945,598,Spain,Female,69,2,114906.14,2,1,0,42924.65,0,0.6315,1,High,72563.23
15601946,Cust1946,730,France,Female,84,3,0.0,1,1,1,63533.18,1,0.4537,1,Medium,0.0
15601947,Cust1947,538,Spain,Male,51,5,118799.25,4,1,1,33858.95,1,0.4499,1,Medium,53447.78
15601948,Cust1948,651,France,Male,54,8,0.0,2,1,0,20268.51,0,0.3144,0,Medium,0.0
15601949,Cust1949,844,Spain,Female,57,1,0.0,1,1,1,83988.37,0,0.1436,0,Low,0.0
15601950,Cust1950,649,Spain,Male,25,3,43172.28,3,0,1,44207.58,0,0.1144,0,Low,4938.91
15601951,Cust1951,748,France,Male,64,6,89365.62,4,1,1,130375.21,0,0.3027,0,Medium,27050.97
15601952,Cust1952,697,Spain,Female,45,10,18566.37,2,1,0,45505.68,0,0.2212,0,Low,4106.88
15601953,Cust1953,397,Spain,Male,52,10,49995.8,4,1,0,38058.57,0,0.4309,1,Medium,21543.19
15601954,Cust1954,430,Spain,Female,19,9,246826.27,2,0,1,73558.15,0,0.1576,0,Low,38899.82
15601955,Cust1955,654,Spain,Male,82,5,9889.18,2,1,0,20717.48,0,0.4269,1,Medium,4221.69
15601956,Cust1956,524,Germany,Male,42,1,0.0,2,1,1,8287.68,0,0.1571,0,Low,0.0
15601957,Cust1957,592,France,Female,23,10,0.0,4,1,0,153018.46,0,0.1643,0,Low,0.0
15601958,Cust1958,592,Spain,Female,75,6,73167.34,3,1,1,34551.46,0,0.4734,1,Medium,34637.42
15601959,Cust1959,747,Germany,Female,90,9,0.0,3,1,0,122327.9,1,0.5034,1,Medium,0.0
15601960,Cust1960,846,Germany,Male,56,10,247611.65,2,1,1,60945.84,0,0.2789,0,Low,69058.89
15601961,Cust1961,849,France,Male,20,8,175983.32,1,1,0,65276.12,0,0.2144,0,Low,37730.82
15601962,Cust1962,389,Germany,Female,91,4,101465.09,4,1,1,31623.07,1,0.8193,1,Critical,83130.35
15601963,Cust1963,722,France,Male,33,6,0.0,1,0,0,45975.62,1,0.4287,1,Medium,0.0
15601964,Cust1964,713,Germany,Male,35,7,218064.15,3,1,0,114439.34,0,0.3127,0,Medium,68188.66
15601965,Cust1965,783,France,Male,70,9,57250.7,3,1,0,117542.34,0,0.3933,1,Medium,22516.7
15601966,Cust1966,563,Germany,Female,42,2,179232.36,3,1,1,57355.67,0,0.2729,0,Low,48912.51
15601967,Cust1967,601,Spain,Male,24,6,153487.58,4,1,1,42063.96,0,0.0912,0,Low,13998.07
15601968,Cust1968,576,France,Male,68,6,183455.07,1,1,0,68678.68,0,0.6813,1,High,124987.94
15601969,Cust1969,537,Germany,Female,37,2,0.0,1,1,0,17583.31,1,0.5687,1,Medium,0.0
15601970,Cust1970,473,France,Female,81,4,0.0,2,1,1,105875.64,1,0.4884,1,Medium,0.0
15601971,Cust1971,672,Spain,Male,29,10,197006.44,3,1,0,164659.97,0,0.2849,0,Low,56127.13
15601972,Cust1972,358,Germany,Male,85,0,0.0,1,1,0,125963.35,1,0.7993,1,High,0.0
15601973,Cust1973,725,France,Male,71,5,0.0,4,1,0,4386.22,0,0.407,1,Medium,0.0
15601974,Cust1974,771,France,Male,35,6,0.0,3,1,0,54565.88,0,0.1515,0,Low,0.0
15601975,Cust1975,463,France,Female,60,9,184594.16,4,1,1,94295.96,0,0.6545,1,High,120816.88
15601976,Cust1976,457,France,Male,87,3,161927.1,2,1,1,182033.97,0,0.6176,1,High,100006.18
15601977,Cust1977,602,Spain,Male,22,4,245908.87,4,1,0,34087.19,0,0.2715,0,Low,66764.26
15601978,Cust1978,774,Germany,Male,78,0,0.0,2,0,1,14835.84,0,0.3751,0,Medium,0.0
15601979,Cust1979,407,France,Female,52,3,0.0,1,0,1,105916.03,0,0.237,0,Low,0.0
15601980,Cust1980,566,Spain,Female,88,10,0.0,4,0,0,111889.21,0,0.6131,1,High,0.0
15601981,Cust1981,458,France,Female,33,8,187131.32,1,1,0,196409.07,0,0.3124,0,Medium,58459.82
15601982,Cust1982,776,Spain,Female,71,4,130675.78,3,1,0,108223.43,1,0.785,1,High,102580.49
15601983,Cust1983,791,France,Female,89,6,0.0,1,0,0,3383.74,1,0.6981,1,High,0.0
15601984,Cust1984,392,Germany,Female,43,10,0.0,3,0,0,133853.8,0,0.3188,0,Medium,0.0
15601985,Cust1985,422,Spain,Female,25,4,0.0,2,0,0,41121.53,0,0.2305,0,Low,0.0
15601986,Cust1986,428,France,Female,47,3,31523.84,1,1,0,162795.89,1,0.4617,1,Medium,14554.56
15601987,Cust1987,756,Germany,Male,62,9,72619.48,4,1,1,88288.44,0,0.2834,0,Low,20580.36
15601988,Cust1988,801,Spain,Male,64,9,163641.63,2,1,0,172584.7,0,0.3863,1,Medium,63214.76
15601989,Cust1989,536,France,Female,53,5,64607.54,3,0,1,35119.19,0,0.2744,0,Low,17728.31
15601990,Cust1990,428,France,Male,87,0,0.0,1,1,1,119333.15,0,0.5073,1,Medium,0.0
15601991,Cust1991,682,Germany,Female,60,0,62440.78,4,1,1,140442.28,0,0.181,0,Low,11301.78
15601992,Cust1992,796,France,Female,65,1,171111.94,3,1,1,8661.42,0,0.249,0,Low,42606.87
15601993,Cust1993,806,France,Male,88,7,0.0,2,1,0,94872.43,0,0.5342,1,Medium,0.0
15601994,Cust1994,572,France,Male,87,1,52886.78,4,1,0,135998.94,1,0.8381,1,Critical,44324.41
15601995,Cust1995,741,Spain,Female,43,0,139049.26,2,0,0,124625.87,0,0.3929,1,Medium,54632.45
15601996,Cust1996,828,France,Male,39,7,238683.28,2,1,0,21279.25,0,0.2493,0,Low,59503.74
15601997,Cust1997,763,France,Female,73,5,236044.38,2,1,0,6676.02,0,0.6074,1,High,143373.36
15601998,Cust1998,587,Spain,Male,56,5,72898.51,3,1,1,43438.88,0,0.2406,0,Low,17539.38
15601999,Cust1999,480,Germany,Female,51,2,0.0,2,1,1,48023.78,0,0.266,0,Low,0.0
15602000,Cust2000,536,Spain,Male,69,2,0.0,3,1,1,119620.61,0,0.3696,0,Medium,0.0
15602001,Cust2001,531,France,Female,66,2,117258.91,4,1,1,4773.04,0,0.384,1,Medium,45027.42
15602002,Cust2002,844,Spain,Female,85,7,0.0,3,0,0,54514.71,0,0.4936,1,Medium,0.0
15602003,Cust2003,717,Germany,Male,45,10,232370.79,3,1,1,46633.81,0,0.1986,0,Low,46148.84
15602004,Cust2004,780,France,Female,73,10,158170.41,3,1,1,167230.1,0,0.3741,0,Medium,59171.55
15602005,Cust2005,739,Spain,Female,34,1,0.0,4,0,0,70994.42,0,0.1738,0,Low,0.0
15602006,Cust2006,588,France,Male,87,7,248084.76,3,1,1,144163.4,0,0.564,1,Medium,139919.8
15602007,Cust2007,745,France,Female,24,8,173543.87,4,1,1,165022.48,0,0.1428,0,Low,24782.06
15602008,Cust2008,670,France,Female,73,0,0.0,3,0,0,141595.13,0,0.4701,1,Medium,0.0
15602009,Cust2009,720,Germany,Female,25,7,199887.92,1,0,0,22499.79,0,0.2386,0,Low,47693.26
15602010,Cust2010,500,France,Male,83,4,0.0,4,0,0,147793.36,1,0.7465,1,High,0.0
15602011,Cust2011,466,France,Male,88,2,100065.32,1,1,1,169806.28,0,0.4128,1,Medium,41306.96
15602012,Cust2012,440,France,Male,78,8,49079.3,3,1,0,75010.93,0,0.6093,1,High,29904.02
15602013,Cust2013,494,France,Female,76,10,69481.92,3,0,1,177543.1,0,0.4078,1,Medium,28334.73
15602014,Cust2014,840,France,Female,53,6,41814.43,3,1,0,137895.22,1,0.1868,0,Low,7810.94
15602015,Cust2015,821,Germany,Female,36,2,200838.75,2,0,0,142075.14,0,0.286,0,Low,57439.88
15602016,Cust2016,423,France,Female,90,4,68243.75,2,0,0,109291.45,0,0.595,1,Medium,40605.03
15602017,Cust2017,627,France,Male,57,5,0.0,1,1,0,76695.22,1,0.5005,1,Medium,0.0
15602018,Cust2018,821,Germany,Male,78,9,0.0,1,0,1,64216.86,0,0.419,1,Medium,0.0
15602019,Cust2019,727,France,Female,70,8,248639.3,1,1,0,159707.72,1,0.7959,1,High,197892.02
15602020,Cust2020,656,Germany,Female,69,7,197817.03,4,1,1,167889.13,0,0.5726,1,Medium,113270.03
15602021,Cust2021,650,France,Female,44,8,0.0,4,1,0,66383.33,1,0.5319,1,Medium,0.0
15602022,Cust2022,513,France,Female,49,7,236211.73,1,1,0,126302.17,1,0.599,1,Medium,141490.83
15602023,Cust2023,813,France,Female,50,3,199205.73,4,1,0,144613.94,0,0.4919,1,Medium,97989.3
15602024,Cust2024,391,France,Female,62,1,0.0,3,1,1,42897.67,1,0.6376,1,High,0.0
15602025,Cust2025,785,France,Female,71,9,15077.73,2,1,0,126052.03,0,0.4608,1,Medium,6947.82
15602026,Cust2026,786,Spain,Female,32,6,0.0,1,0,0,67876.31,0,0.133,0,Low,0.0
15602027,Cust2027,480,France,Male,34,10,0.0,3,1,1,54631.76,0,0.1035,0,Low,0.0
15602028,Cust2028,606,Germany,Female,21,7,0.0,1,1,0,63196.72,0,0.1265,0,Low,0.0
15602029,Cust2029,793,Germany,Female,56,5,82295.66,1,1,1,65212.58,0,0.2695,0,Low,22178.68
15602030,Cust2030,587,France,Male,67,7,0.0,1,0,0,99021.9,1,0.7124,1,High,0.0
15602031,Cust2031,500,Germany,Female,33,7,138032.2,1,0,0,70926.12,1,0.574,1,Medium,79230.48
15602032,Cust2032,385,France,Female,70,10,87894.99,1,1,1,143847.05,1,0.6565,1,High,57703.06
15602033,Cust2033,570,France,Female,18,4,64710.08,2,1,1,179898.93,0,0.0886,0,Low,5733.31
15602034,Cust2034,489,France,Female,82,4,152593.28,4,1,0,154560.7,0,0.8449,1,Critical,128926.06
15602035,Cust2035,776,Spain,Male,69,3,69194.3,2,1,1,110131.32,0,0.2754,0,Low,19056.11
15602036,Cust2036,781,Spain,Male,68,1,119065.81,1,1,1,136420.41,0,0.3031,0,Medium,36088.85
15602037,Cust2037,512,France,Male,70,5,61600.54,4,0,1,179513.79,0,0.4286,1,Medium,26401.99
15602038,Cust2038,455,Germany,Female,44,4,0.0,2,1,1,118411.3,0,0.2444,0,Low,0.0
15602039,Cust2039,495,Spain,Female,91,2,213538.23,1,1,0,10713.83,0,0.6828,1,High,145803.9
15602040,Cust2040,551,France,Female,73,8,20427.65,3,1,0,59549.14,0,0.5269,1,Medium,10763.33
15602041,Cust2041,684,Spain,Male,31,7,204962.58,3,1,0,66139.33,0,0.2656,0,Low,54438.06
15602042,Cust2042,426,Germany,Male,86,2,212924.54,2,1,1,196763.06,1,0.812,1,Critical,172894.73
15602043,Cust2043,850,Spain,Female,72,1,241231.95,4,1,0,147623.22,1,0.6389,1,High,154123.09
15602044,Cust2044,700,Spain,Female,41,6,206959.48,3,1,1,85615.49,0,0.1467,0,Low,30360.96
15602045,Cust2045,415,France,Female,88,0,138097.71,1,1,0,70429.39,0,0.7435,1,High,102675.65
15602046,Cust2046,507,France,Female,36,1,0.0,2,0,1,192340.95,0,0.1149,0,Low,0.0
15602047,Cust2047,701,Germany,Female,65,4,18612.19,3,0,1,153110.38,0,0.3348,0,Medium,6231.36
15602048,Cust2048,602,France,Female,67,10,49175.19,3,1,0,41029.81,1,0.7926,1,High,38976.26
15602049,Cust2049,614,France,Male,89,0,111774.93,2,0,0,94899.24,0,0.7051,1,High,78812.5
15602050,Cust2050,370,Spain,Female,60,5,238859.91,2,1,0,45179.73,0,0.6509,1,High,155473.92
15602051,Cust2051,555,France,Female,91,6,43838.41,1,0,1,197979.54,0,0.3756,0,Medium,16465.71
15602052,Cust2052,657,France,Female,39,2,134699.33,3,0,0,114416.38,0,0.3621,0,Medium,48774.63
15602053,Cust2053,725,Spain,Male,77,5,249517.72,1,1,0,16291.18,1,0.7934,1,High,197967.36
15602054,Cust2054,573,France,Female,36,6,3444.48,2,1,0,62249.85,1,0.2472,0,Low,851.48
15602055,Cust2055,627,France,Female,91,1,0.0,4,1,1,106265.75,1,0.6401,1,High,0.0
15602056,Cust2056,461,Spain,Male,74,10,67478.1,4,1,1,102595.21,1,0.6691,1,High,45149.6
15602057,Cust2057,749,France,Male,64,2,56287.06,2,1,1,44087.78,1,0.3347,0,Medium,18839.28
15602058,Cust2058,699,France,Male,22,4,0.0,1,1,0,137061.38,1,0.3875,1,Medium,0.0
15602059,Cust2059,722,France,Female,54,0,0.0,1,0,0,46667.96,0,0.3258,0,Medium,0.0
15602060,Cust2060,684,Spain,Male,28,6,145910.85,4,1,0,196593.64,0,0.3505,0,Medium,51141.75
15602061,Cust2061,843,France,Male,85,6,0.0,2,1,0,164908.55,1,0.6486,1,High,0.0
15602062,Cust2062,790,Germany,Male,46,1,171460.67,1,1,0,89471.77,0,0.4251,1,Medium,72887.93
15602063,Cust2063,756,France,Male,79,3,53673.43,4,1,0,73297.65,0,0.6597,1,High,35408.36
15602064,Cust2064,517,France,Female,85,8,0.0,2,1,1,35337.84,1,0.5207,1,Medium,0.0
15602065,Cust2065,383,Spain,Female,26,7,8337.53,3,1,0,16852.97,0,0.2358,0,Low,1965.99
15602066,Cust2066,350,Germany,Female,74,3,199465.14,1,1,1,150941.25,0,0.6712,1,High,133881.0
15602067,Cust2067,740,Spain,Female,40,6,0.0,4,1,1,177399.97,1,0.4318,1,Medium,0.0
15602068,Cust2068,800,France,Male,26,8,0.0,2,0,1,99860.96,0,0.0569,0,Low,0.0
15602069,Cust2069,675,Germany,Female,37,4,150437.89,4,1,0,179056.83,1,0.8207,1,Critical,123464.38
15602070,Cust2070,711,Spain,Male,58,1,0.0,2,1,1,189850.65,0,0.1876,0,Low,0.0
15602071,Cust2071,394,France,Female,81,0,0.0,1,1,0,118077.02,1,0.8031,1,Critical,0.0
15602072,Cust2072,633,France,Male,69,10,245930.11,2,0,1,50870.01,0,0.3946,1,Medium,97044.02
15602073,Cust2073,653,Spain,Female,35,3,0.0,1,1,0,163412.48,0,0.2272,0,Low,0.0
15602074,Cust2074,428,France,Male,39,8,122526.65,3,0,1,43787.03,0,0.1981,0,Low,24272.53
15602075,Cust2075,726,Germany,Male,40,3,0.0,2,1,1,185860.25,1,0.3735,0,Medium,0.0
15602076,Cust2076,517,Spain,Male,72,7,0.0,1,1,1,38160.02,0,0.4239,1,Medium,0.0
15602077,Cust2077,448,France,Female,56,3,8615.83,2,0,1,70990.24,0,0.2491,0,Low,2146.2
15602078,Cust2078,698,France,Male,19,6,0.0,3,1,1,24174.87,0,0.0428,0,Low,0.0
15602079,Cust2079,567,France,Female,23,10,214273.81,3,1,0,56632.09,0,0.3071,0,Medium,65803.49
15602080,Cust2080,618,France,Male,23,8,97321.58,1,0,1,100831.11,0,0.1658,0,Low,16135.92
15602081,Cust2081,621,France,Female,89,1,209474.23,3,0,1,77664.26,0,0.5816,1,Medium,121830.21
15602082,Cust2082,661,Germany,Male,55,5,36722.6,2,0,0,125751.46,0,0.4248,1,Medium,15599.76
15602083,Cust2083,556,France,Male,54,2,0.0,2,1,0,73199.92,0,0.3444,0,Medium,0.0
15602084,Cust2084,758,Germany,Male,74,2,197863.11,4,0,1,113903.29,0,0.5217,1,Medium,103225.18
15602085,Cust2085,788,France,Female,32,9,97774.62,4,1,1,125889.27,0,0.1171,0,Low,11449.41
15602086,Cust2086,592,France,Male,20,10,32656.94,1,1,0,185119.8,0,0.2182,0,Low,7125.74
15602087,Cust2087,434,France,Male,38,10,130105.67,2,0,0,176424.04,0,0.3589,0,Medium,46694.92
15602088,Cust2088,489,Germany,Female,33,9,167606.57,2,1,0,52961.57,0,0.2624,0,Low,43979.96
15602089,Cust2089,736,France,Female,77,5,32231.64,3,0,1,94205.33,0,0.3097,0,Medium,9982.14
15602090,Cust2090,478,France,Female,78,5,0.0,3,1,1,19893.7,0,0.4772,1,Medium,0.0
15602091,Cust2091,739,Spain,Female,64,5,0.0,2,1,0,44473.37,0,0.4417,1,Medium,0.0
15602092,Cust2092,681,Germany,Female,85,8,237907.84,3,1,1,58817.27,0,0.4892,1,Medium,116384.52
15602093,Cust2093,574,France,Female,52,0,74810.84,3,0,0,190867.99,0,0.3012,0,Medium,22533.03
15602094,Cust2094,413,Spain,Female,35,9,0.0,4,1,0,151176.89,1,0.6654,1,High,0.0
15602095,Cust2095,620,France,Male,42,8,0.0,4,1,0,179327.1,0,0.4215,1,Medium,0.0
15602096,Cust2096,697,France,Male,28,10,68445.87,2,1,1,59733.45,0,0.1024,0,Low,7008.86
15602097,Cust2097,426,France,Male,84,6,36321.67,1,1,0,171768.25,1,0.7106,1,High,25810.18
15602098,Cust2098,763,France,Female,62,5,31309.0,4,1,1,154400.52,1,0.5406,1,Medium,16925.65
15602099,Cust2099,447,France,Male,75,5,0.0,2,1,1,29096.44,1,0.5478,1,Medium,0.0
15602100,Cust2100,556,Germany,Female,38,6,39235.83,4,1,1,64323.38,0,0.2615,0,Low,10260.17
15602101,Cust2101,616,France,Male,71,3,33358.78,3,1,1,142265.13,0,0.3437,0,Medium,11465.41
15602102,Cust2102,720,Spain,Male,42,8,133646.43,3,0,1,65238.06,0,0.1765,0,Low,23588.59
15602103,Cust2103,462,Spain,Male,51,4,0.0,4,1,0,50347.42,0,0.3627,0,Medium,0.0
15602104,Cust2104,518,Germany,Male,66,3,194509.62,4,1,0,198280.09,1,0.8705,1,Critical,169320.62
15602105,Cust2105,754,Germany,Female,90,8,145059.76,3,0,1,96830.86,0,0.4979,1,Medium,72225.25
15602106,Cust2106,515,Germany,Male,59,3,50390.35,3,1,0,69650.83,0,0.5249,1,Medium,26449.89
15602107,Cust2107,658,Spain,Male,70,0,143307.53,1,0,1,71374.07,0,0.3894,1,Medium,55803.95
15602108,Cust2108,549,France,Male,62,5,156449.33,1,1,0,123647.91,0,0.6605,1,High,103334.78
15602109,Cust2109,378,France,Male,49,5,64524.36,3,1,1,129002.03,1,0.2553,0,Low,16473.07
15602110,Cust2110,607,Germany,Female,87,3,0.0,2,1,0,173084.6,0,0.5978,1,Medium,0.0
15602111,Cust2111,529,Germany,Female,89,0,231412.68,3,0,0,131454.75,1,0.8958,1,Critical,207299.48
15602112,Cust2112,482,France,Male,40,5,23986.79,3,1,0,187464.66,1,0.4673,1,Medium,11209.03
15602113,Cust2113,780,Germany,Male,84,8,0.0,1,0,0,114881.06,0,0.3961,1,Medium,0.0
15602114,Cust2114,737,France,Male,51,8,57862.07,1,0,1,98687.0,0,0.2538,0,Low,14685.39
15602115,Cust2115,488,Spain,Male,72,2,0.0,3,1,0,157096.96,0,0.4622,1,Medium,0.0
15602116,Cust2116,612,France,Female,56,4,125489.83,4,1,1,42665.65,0,0.401,1,Medium,50321.42
15602117,Cust2117,710,France,Female,74,9,239144.87,3,1,1,126901.36,0,0.4934,1,Medium,117994.08
15602118,Cust2118,376,France,Male,82,3,0.0,3,1,0,80085.51,0,0.612,1,High,0.0
15602119,Cust2119,396,France,Male,49,5,188717.79,2,0,1,26811.46,0,0.417,1,Medium,78695.32
15602120,Cust2120,620,France,Male,69,7,44194.87,1,1,0,63602.92,0,0.5585,1,Medium,24682.83
15602121,Cust2121,816,France,Male,55,5,86088.44,1,1,0,126487.35,0,0.2783,0,Low,23958.41
15602122,Cust2122,814,France,Male,77,9,205067.6,4,1,1,188362.47,0,0.5179,1,Medium,106204.51
15602123,Cust2123,575,France,Female,32,3,245882.7,4,0,1,110403.69,1,0.6642,1,High,163315.29
15602124,Cust2124,702,France,Male,71,5,219480.2,2,1,1,82596.83,0,0.4871,1,Medium,106908.81
15602125,Cust2125,596,France,Male,62,5,237103.04,1,1,1,178992.28,1,0.6537,1,High,154994.26
15602126,Cust2126,803,France,Female,51,8,160462.44,4,1,0,39849.78,0,0.3781,0,Medium,60670.85
15602127,Cust2127,635,France,Male,45,3,120704.32,2,0,1,16237.31,0,0.23,0,Low,27761.99
15602128,Cust2128,796,France,Male,69,3,0.0,1,1,0,64637.14,1,0.5219,1,Medium,0.0
15602129,Cust2129,532,France,Male,43,3,114622.95,3,1,0,17463.5,0,0.3401,0,Medium,38983.27
15602130,Cust2130,816,France,Male,20,2,0.0,1,1,1,83911.91,0,0.0913,0,Low,0.0
15602131,Cust2131,713,Spain,Male,88,2,76440.52,1,1,1,48230.79,0,0.4395,1,Medium,33595.61
15602132,Cust2132,734,Spain,Male,51,9,22593.52,3,1,1,37519.02,1,0.4224,1,Medium,9543.5
15602133,Cust2133,357,Spain,Female,30,3,0.0,1,0,1,38515.58,0,0.1864,0,Low,0.0
15602134,Cust2134,753,Germany,Female,34,2,77958.62,4,0,0,49783.05,0,0.2874,0,Low,22405.31
15602135,Cust2135,431,Germany,Male,79,8,166531.46,4,0,1,108014.06,1,0.8284,1,Critical,137954.66
15602136,Cust2136,819,France,Male,42,8,0.0,4,0,1,351.39,0,0.1511,0,Low,0.0
15602137,Cust2137,444,Spain,Male,38,2,0.0,3,1,1,123410.18,0,0.1403,0,Low,0.0
15602138,Cust2138,763,Spain,Female,54,3,187233.07,3,1,1,140797.71,0,0.3835,1,Medium,71803.88
15602139,Cust2139,668,Spain,Male,20,9,0.0,2,0,1,142970.23,0,0.0793,0,Low,0.0
15602140,Cust2140,546,Spain,Female,59,3,110525.47,1,1,1,101553.73,0,0.4394,1,Medium,48564.89
15602141,Cust2141,796,France,Female,20,9,129504.6,1,0,0,92851.18,0,0.1541,0,Low,19956.66
15602142,Cust2142,544,Spain,Male,79,6,0.0,1,1,0,120363.71,0,0.6244,1,High,0.0
15602143,Cust2143,381,Spain,Male,49,7,145423.03,1,0,0,59800.85,1,0.5981,1,Medium,86977.51
15602144,Cust2144,387,France,Male,34,5,187559.84,3,1,1,22911.46,0,0.3264,0,Medium,61219.53
15602145,Cust2145,777,Spain,Female,51,0,65910.59,3,1,0,101656.34,0,0.288,0,Low,18982.25
15602146,Cust2146,542,France,Male,30,9,0.0,3,1,0,173430.75,0,0.3001,0,Medium,0.0
15602147,Cust2147,760,Spain,Male,41,6,0.0,2,1,1,97235.24,0,0.0951,0,Low,0.0
15602148,Cust2148,360,Spain,Female,27,1,128303.38,1,0,0,55923.61,0,0.4755,1,Medium,61008.26
15602149,Cust2149,388,France,Female,67,9,0.0,1,1,1,42269.35,0,0.4603,1,Medium,0.0
15602150,Cust2150,845,Germany,Male,90,3,184532.14,4,1,0,13238.83,1,0.6982,1,High,128840.34
15602151,Cust2151,421,France,Male,53,4,0.0,4,1,1,184946.94,0,0.2279,0,Low,0.0
15602152,Cust2152,694,Spain,Female,25,7,155682.85,1,1,1,65550.42,0,0.1415,0,Low,22029.12
15602153,Cust2153,525,Spain,Male,23,3,27221.64,3,1,1,179633.48,0,0.1468,0,Low,3996.14
15602154,Cust2154,600,Germany,Female,79,0,174830.33,4,1,1,189008.58,1,0.6101,1,High,106663.98
15602155,Cust2155,407,Spain,Female,43,3,152981.44,4,1,1,88921.78,0,0.5047,1,Medium,77209.73
15602156,Cust2156,483,France,Male,39,7,0.0,1,1,0,84415.72,0,0.1997,0,Low,0.0
15602157,Cust2157,729,France,Male,25,4,31077.21,3,0,1,63166.67,0,0.0878,0,Low,2728.58
15602158,Cust2158,618,France,Female,67,7,242751.37,4,0,1,127610.96,1,0.6159,1,High,149510.57
15602159,Cust2159,602,France,Female,22,0,44527.87,4,1,0,42782.56,0,0.2636,0,Low,11737.55
15602160,Cust2160,823,France,Male,84,2,0.0,3,1,1,67592.21,0,0.3784,0,Medium,0.0
15602161,Cust2161,555,France,Female,33,2,68958.47,2,0,1,58900.02,0,0.1527,0,Low,10529.96
15602162,Cust2162,752,France,Female,23,0,0.0,3,0,0,74886.82,0,0.1165,0,Low,0.0
15602163,Cust2163,713,France,Female,69,7,138872.32,1,1,1,14900.26,0,0.4019,1,Medium,55812.79
15602164,Cust2164,580,Spain,Female,44,2,0.0,1,1,1,105801.29,0,0.2152,0,Low,0.0
15602165,Cust2165,496,France,Male,69,5,124444.77,1,1,0,18323.91,1,0.8051,1,Critical,100190.48
15602166,Cust2166,527,Spain,Female,20,10,0.0,3,1,0,156724.69,0,0.1911,0,Low,0.0
15602167,Cust2167,786,France,Female,81,2,0.0,1,1,0,84056.32,1,0.5801,1,Medium,0.0
15602168,Cust2168,503,France,Male,40,2,175171.84,1,0,0,147214.4,0,0.5201,1,Medium,91106.87
15602169,Cust2169,677,Germany,Male,73,10,0.0,4,1,0,26075.12,1,0.8347,1,Critical,0.0
15602170,Cust2170,412,France,Female,87,3,136311.48,2,1,0,115746.35,1,0.8196,1,Critical,111720.89
15602171,Cust2171,523,France,Female,57,3,94793.31,3,1,0,38262.06,0,0.5445,1,Medium,51614.96
15602172,Cust2172,818,Germany,Male,42,7,82481.69,2,1,0,115940.42,0,0.2795,0,Low,23053.63
15602173,Cust2173,620,France,Female,41,1,0.0,1,1,0,84530.31,1,0.3152,0,Medium,0.0
15602174,Cust2174,762,France,Female,68,4,55988.5,3,0,1,129308.92,0,0.2634,0,Low,14747.37
15602175,Cust2175,479,Germany,Female,18,2,0.0,1,1,1,18155.08,0,0.1307,0,Low,0.0
15602176,Cust2176,731,France,Female,28,9,245974.12,3,1,1,180360.44,0,0.1954,0,Low,48063.34
15602177,Cust2177,843,Spain,Female,65,3,0.0,3,1,1,96469.29,0,0.2766,0,Low,0.0
15602178,Cust2178,813,France,Male,19,6,49015.7,3,1,0,134594.49,0,0.1901,0,Low,9317.88
15602179,Cust2179,568,Spain,Female,39,5,241062.45,2,1,1,51341.96,0,0.2238,0,Low,53949.78
15602180,Cust2180,691,Spain,Female,65,5,0.0,2,1,1,144635.42,1,0.4349,1,Medium,0.0
15602181,Cust2181,799,Spain,Female,36,0,0.0,4,1,1,187996.95,0,0.1214,0,Low,0.0
15602182,Cust2182,757,Spain,Female,86,2,165741.95,2,1,0,191325.48,1,0.8638,1,Critical,143167.9
15602183,Cust2183,839,France,Male,90,9,0.0,4,0,0,159469.48,1,0.8399,1,Critical,0.0
15602184,Cust2184,365,Germany,Female,20,6,123175.11,3,1,0,80045.12,0,0.2021,0,Low,24893.69
15602185,Cust2185,618,France,Female,30,9,0.0,4,1,0,36717.24,0,0.2657,0,Low,0.0
15602186,Cust2186,746,Spain,Female,85,6,0.0,3,1,1,53188.02,0,0.4216,1,Medium,0.0
15602187,Cust2187,715,Germany,Male,20,3,166720.1,1,0,1,150470.3,0,0.1849,0,Low,30826.55
15602188,Cust2188,426,France,Male,54,3,54270.94,2,1,0,56628.15,0,0.4995,1,Medium,27108.33
15602189,Cust2189,636,Spain,Male,88,8,0.0,3,1,0,56210.95,0,0.5399,1,Medium,0.0
15602190,Cust2190,432,France,Female,61,2,222889.39,3,0,1,54784.87,0,0.4781,1,Medium,106563.42
15602191,Cust2191,395,Germany,Female,40,6,229395.59,3,1,0,64196.94,1,0.6777,1,High,155461.39
15602192,Cust2192,405,Germany,Male,18,10,201744.79,4,0,1,108979.47,0,0.1747,0,Low,35244.81
15602193,Cust2193,827,France,Male,47,9,30516.32,4,1,0,139194.56,1,0.3451,0,Medium,10531.18
15602194,Cust2194,486,Germany,Female,58,4,204633.12,1,1,0,77868.68,0,0.6315,1,High,129225.82
15602195,Cust2195,578,Spain,Female,23,3,0.0,1,1,1,77228.4,0,0.1487,0,Low,0.0
15602196,Cust2196,478,France,Female,57,6,0.0,1,1,1,166158.63,0,0.3081,0,Medium,0.0
15602197,Cust2197,797,Germany,Male,47,6,0.0,3,1,1,39674.03,1,0.4358,1,Medium,0.0
15602198,Cust2198,795,France,Female,42,7,0.0,2,1,1,122153.73,0,0.0959,0,Low,0.0
15602199,Cust2199,678,Germany,Male,89,0,119803.37,3,0,0,111111.74,1,0.7333,1,High,87851.81
15602200,Cust2200,765,France,Female,84,5,0.0,4,1,1,91977.15,1,0.6501,1,High,0.0
15602201,Cust2201,402,Spain,Female,69,0,223719.16,2,1,1,180429.8,0,0.5292,1,Medium,118392.18
15602202,Cust2202,850,Spain,Female,61,10,0.0,3,1,1,2343.01,0,0.2112,0,Low,0.0
15602203,Cust2203,558,France,Male,53,9,34621.17,2,1,0,160528.85,1,0.5016,1,Medium,17365.98
15602204,Cust2204,550,France,Female,23,8,157498.02,4,1,1,81569.49,0,0.1364,0,Low,21482.73
15602205,Cust2205,448,Germany,Female,40,3,57689.9,1,1,1,164856.98,0,0.2056,0,Low,11861.04
15602206,Cust2206,789,Germany,Female,18,8,48556.18,3,1,0,90444.1,0,0.1609,0,Low,7812.69
15602207,Cust2207,435,France,Female,45,4,50872.83,4,1,1,36351.34,1,0.5625,1,Medium,28615.97
15602208,Cust2208,779,France,Female,53,7,49209.64,3,1,0,112981.82,0,0.3018,0,Medium,14851.47
15602209,Cust2209,708,France,Female,63,2,119279.53,1,1,0,194658.38,0,0.3593,0,Medium,42857.14
15602210,Cust2210,736,Spain,Male,44,5,241097.49,4,1,0,21597.9,1,0.7729,1,High,186344.25
15602211,Cust2211,365,France,Male,36,9,0.0,2,1,0,176960.42,0,0.1895,0,Low,0.0
15602212,Cust2212,719,Spain,Male,70,2,135833.9,3,1,1,124589.97,0,0.3176,0,Medium,43140.85
15602213,Cust2213,834,France,Female,29,4,20291.31,2,1,1,164414.44,0,0.0787,0,Low,1596.93
15602214,Cust2214,547,Spain,Male,27,3,0.0,2,1,0,164959.29,0,0.2571,0,Low,0.0
15602215,Cust2215,575,France,Male,69,1,0.0,2,1,0,24563.25,0,0.4066,1,Medium,0.0
15602216,Cust2216,406,France,Female,61,4,0.0,4,1,0,79493.15,0,0.4988,1,Medium,0.0
15602217,Cust2217,595,Spain,Male,82,6,123489.34,3,1,1,114578.78,0,0.5481,1,Medium,67684.51
15602218,Cust2218,687,Spain,Male,72,0,167068.43,4,1,1,163547.37,0,0.3545,0,Medium,59225.76
15602219,Cust2219,500,France,Male,84,2,50012.38,2,1,1,60029.91,0,0.4561,1,Medium,22810.65
15602220,Cust2220,721,France,Male,67,8,208303.86,2,1,1,192773.97,0,0.4918,1,Medium,102443.84
15602221,Cust2221,392,France,Male,80,2,0.0,3,1,1,8544.1,1,0.5114,1,Medium,0.0
15602222,Cust2222,687,France,Female,30,3,93503.64,3,0,1,114377.26,0,0.1051,0,Low,9827.23
15602223,Cust2223,644,France,Female,57,7,0.0,1,1,0,129808.9,1,0.4247,1,Medium,0.0
15602224,Cust2224,465,Spain,Female,87,8,40098.69,2,1,1,115134.86,0,0.4526,1,Medium,18148.67
15602225,Cust2225,522,France,Male,76,10,5003.31,2,1,1,11956.16,0,0.4421,1,Medium,2211.96
15602226,Cust2226,470,Germany,Female,47,1,190784.36,1,1,1,90807.45,1,0.5358,1,Medium,102222.26
15602227,Cust2227,662,France,Male,86,8,150141.8,3,0,0,38505.1,1,0.808,1,Critical,121314.57
15602228,Cust2228,669,France,Male,41,7,27730.41,1,0,0,108813.7,0,0.2523,0,Low,6996.38
15602229,Cust2229,628,Germany,Female,19,1,39876.66,4,1,0,73184.32,0,0.3313,0,Medium,13211.14
15602230,Cust2230,447,France,Male,76,9,0.0,3,0,0,165220.5,1,0.6421,1,High,0.0
15602231,Cust2231,458,Germany,Male,48,3,41713.29,1,0,0,12788.24,0,0.4178,1,Medium,17427.81
15602232,Cust2232,756,France,Male,20,4,115351.83,3,1,0,85381.84,0,0.1291,0,Low,14891.92
15602233,Cust2233,581,Spain,Male,33,8,12740.57,2,0,0,171751.5,0,0.2731,0,Low,3479.45
15602234,Cust2234,568,Germany,Female,23,5,0.0,2,1,0,131092.14,0,0.1703,0,Low,0.0
15602235,Cust2235,504,Spain,Male,91,3,0.0,2,1,0,35226.37,0,0.5205,1,Medium,0.0
15602236,Cust2236,815,France,Male,80,3,181842.04,2,0,1,161603.22,1,0.5698,1,Medium,103613.59
15602237,Cust2237,470,France,Male,86,8,236508.3,1,0,0,67117.8,1,0.8965,1,Critical,212029.69
15602238,Cust2238,735,France,Female,31,2,20619.28,2,0,1,104399.46,0,0.1162,0,Low,2395.96
15602239,Cust2239,735,Germany,Female,77,5,0.0,2,0,1,117317.75,1,0.6433,1,High,0.0
15602240,Cust2240,471,France,Female,59,8,34784.66,4,1,0,23613.91,0,0.3559,0,Medium,12379.86
15602241,Cust2241,355,France,Female,39,9,84328.68,4,1,0,132295.7,1,0.7505,1,High,63288.67
15602242,Cust2242,475,France,Male,67,9,131340.43,4,1,1,136805.04,0,0.4699,1,Medium,61716.87
15602243,Cust2243,484,France,Female,88,3,0.0,2,1,1,126877.56,0,0.4807,1,Medium,0.0
15602244,Cust2244,723,France,Male,52,2,173092.42,2,0,0,135352.35,1,0.6138,1,High,106244.13
15602245,Cust2245,616,France,Female,20,10,239220.61,2,1,1,48073.44,0,0.1642,0,Low,39280.02
15602246,Cust2246,565,France,Female,80,6,0.0,3,1,0,46070.33,0,0.5499,1,Medium,0.0
15602247,Cust2247,588,Germany,Male,31,4,0.0,4,0,1,49753.25,0,0.2918,0,Low,0.0
15602248,Cust2248,827,France,Male,31,9,188311.33,1,1,1,52751.75,1,0.2699,0,Low,50825.23
15602249,Cust2249,821,France,Female,63,7,192512.58,3,1,0,72488.97,0,0.5487,1,Medium,105631.65
15602250,Cust2250,362,Germany,Male,77,5,0.0,2,1,1,50027.37,1,0.6634,1,High,0.0
15602251,Cust2251,772,Spain,Male,76,2,154330.57,2,0,1,193434.47,0,0.3694,0,Medium,57009.71
15602252,Cust2252,530,France,Male,82,0,60709.93,3,0,1,16731.88,0,0.561,1,Medium,34058.27
15602253,Cust2253,726,Germany,Male,83,5,158218.67,3,1,0,169710.5,1,0.7917,1,High,125261.72
15602254,Cust2254,843,Spain,Male,27,1,0.0,4,1,1,71361.93,0,0.1066,0,Low,0.0
15602255,Cust2255,607,Germany,Male,40,3,55685.8,3,0,0,121512.5,0,0.3235,0,Medium,18014.36
15602256,Cust2256,662,Spain,Male,71,7,65189.89,3,0,1,63377.65,0,0.3188,0,Medium,20782.54
15602257,Cust2257,564,Spain,Male,46,0,0.0,4,0,1,180409.51,0,0.2307,0,Low,0.0
15602258,Cust2258,387,France,Female,70,10,0.0,3,0,0,13257.09,0,0.4595,1,Medium,0.0
15602259,Cust2259,368,France,Female,51,4,221541.68,1,0,1,52867.0,0,0.4768,1,Medium,105631.07
15602260,Cust2260,530,Germany,Female,51,9,0.0,1,1,1,192200.43,0,0.1952,0,Low,0.0
15602261,Cust2261,761,Spain,Male,19,1,0.0,3,0,0,71578.0,0,0.0944,0,Low,0.0
15602262,Cust2262,521,France,Male,63,5,183001.77,1,1,1,50307.45,0,0.5915,1,Medium,108245.55
15602263,Cust2263,565,France,Male,81,10,166425.0,3,1,1,59363.65,0,0.5613,1,Medium,93414.35
15602264,Cust2264,616,Germany,Female,78,6,0.0,4,1,1,22994.91,1,0.6655,1,High,0.0
15602265,Cust2265,510,France,Male,43,8,69090.11,4,1,0,67938.5,1,0.6331,1,High,43740.95
15602266,Cust2266,595,Spain,Male,68,7,141692.37,1,1,1,63688.24,0,0.4329,1,Medium,61338.63
15602267,Cust2267,653,Germany,Female,32,8,16485.92,3,0,1,55799.33,0,0.1005,0,Low,1656.83
15602268,Cust2268,776,Germany,Male,64,4,11262.35,4,1,0,16289.78,1,0.7372,1,High,8302.6
15602269,Cust2269,727,Spain,Female,48,4,0.0,1,1,1,118902.85,0,0.2122,0,Low,0.0
15602270,Cust2270,759,Germany,Male,86,0,230326.92,4,1,0,137342.23,1,0.8986,1,Critical,206971.77
15602271,Cust2271,612,Germany,Female,70,2,172219.64,4,1,0,140521.1,1,0.8306,1,Critical,143045.63
15602272,Cust2272,700,Spain,Female,23,0,209190.38,1,1,1,32298.39,0,0.1639,0,Low,34286.3
15602273,Cust2273,424,Spain,Female,82,3,0.0,2,1,0,129448.97,0,0.6802,1,High,0.0
15602274,Cust2274,423,Spain,Female,71,7,175242.28,1,1,0,177840.75,0,0.7526,1,High,131887.34
15602275,Cust2275,811,France,Female,33,2,0.0,2,1,1,195605.92,0,0.0681,0,Low,0.0
15602276,Cust2276,652,Germany,Male,38,5,119754.48,4,1,1,178813.92,1,0.3288,0,Medium,39375.27
15602277,Cust2277,406,France,Male,30,6,0.0,2,1,0,27423.76,0,0.1679,0,Low,0.0
15602278,Cust2278,554,Spain,Male,40,1,216974.31,4,1,1,190759.23,0,0.3686,0,Medium,79976.73
15602279,Cust2279,835,Germany,Male,87,8,0.0,4,0,1,64818.54,1,0.6695,1,High,0.0
15602280,Cust2280,360,France,Female,84,8,123236.33,1,1,0,5964.21,1,0.7749,1,High,95495.83
15602281,Cust2281,571,France,Male,58,2,193377.26,3,1,1,72857.2,0,0.4352,1,Medium,84157.78
15602282,Cust2282,769,France,Male,44,0,119146.61,2,1,0,61461.48,0,0.345,0,Medium,41105.58
15602283,Cust2283,824,Germany,Male,45,0,96096.4,4,1,1,135212.08,0,0.3216,0,Medium,30904.6
15602284,Cust2284,534,France,Male,88,3,74417.89,3,1,1,196774.31,0,0.3543,0,Medium,26366.26
15602285,Cust2285,808,France,Female,32,1,13636.41,3,1,1,145400.95,0,0.095,0,Low,1295.46
15602286,Cust2286,708,Spain,Male,74,0,50290.63,3,0,1,135573.24,0,0.2381,0,Low,11974.2
15602287,Cust2287,553,Spain,Male,91,5,182501.76,1,1,1,33892.18,0,0.6992,1,High,127605.23
15602288,Cust2288,740,France,Female,81,5,42927.7,3,1,0,143922.99,0,0.4644,1,Medium,19935.62
15602289,Cust2289,750,France,Male,71,0,225294.26,4,1,1,54404.06,1,0.4482,1,Medium,100976.89
15602290,Cust2290,487,Spain,Male,84,6,19645.66,4,0,0,55778.03,0,0.6319,1,High,12414.09
15602291,Cust2291,394,Germany,Female,34,4,0.0,1,1,1,86626.3,0,0.1487,0,Low,0.0
15602292,Cust2292,741,Germany,Female,90,2,120270.62,4,1,1,178648.26,1,0.6609,1,High,79486.85
15602293,Cust2293,391,France,Male,24,1,55665.99,2,1,0,43415.29,0,0.242,0,Low,13471.17
15602294,Cust2294,740,France,Female,19,8,0.0,4,1,0,178455.92,0,0.198,0,Low,0.0
15602295,Cust2295,528,France,Male,32,1,14966.99,4,0,1,99272.17,1,0.3629,0,Medium,5431.52
15602296,Cust2296,702,Germany,Male,63,2,0.0,4,1,1,13792.0,0,0.2606,0,Low,0.0
15602297,Cust2297,655,France,Male,36,7,64866.05,4,1,0,134716.83,0,0.2818,0,Low,18279.25
15602298,Cust2298,369,France,Female,64,6,138941.6,3,1,1,134253.98,0,0.5698,1,Medium,79168.92
15602299,Cust2299,354,Germany,Female,26,10,37074.45,4,0,1,193159.82,0,0.126,0,Low,4671.38
15602300,Cust2300,665,Spain,Female,69,0,0.0,4,1,0,63965.09,0,0.459,1,Medium,0.0
15602301,Cust2301,608,Spain,Male,34,2,6814.8,1,1,0,19741.64,0,0.3591,0,Medium,2447.19
15602302,Cust2302,371,France,Male,56,7,28168.21,3,0,1,88772.36,1,0.594,1,Medium,16731.92
15602303,Cust2303,838,France,Male,26,2,199010.6,3,1,0,56319.77,0,0.2316,0,Low,46090.85
15602304,Cust2304,469,France,Male,89,4,112128.5,2,1,1,109430.92,0,0.5922,1,Medium,66402.5
15602305,Cust2305,780,France,Male,45,3,155965.11,3,0,1,113704.56,1,0.5452,1,Medium,85032.18
15602306,Cust2306,408,Germany,Female,62,8,0.0,3,0,1,68557.9,0,0.4003,1,Medium,0.0
15602307,Cust2307,466,France,Female,53,8,53151.22,2,1,1,190646.37,0,0.2039,0,Low,10837.53
15602308,Cust2308,614,Germany,Female,62,8,0.0,3,1,1,34745.01,1,0.5547,1,Medium,0.0
15602309,Cust2309,614,Spain,Male,51,5,0.0,2,1,1,43421.8,0,0.2257,0,Low,0.0
15602310,Cust2310,652,Spain,Male,23,5,0.0,2,1,0,77038.35,0,0.1678,0,Low,0.0
15602311,Cust2311,435,France,Male,79,6,217684.19,2,1,0,107868.32,0,0.7809,1,High,169989.58
15602312,Cust2312,482,France,Female,65,0,31469.42,2,1,0,107199.8,0,0.5215,1,Medium,16411.3
15602313,Cust2313,481,France,Female,36,6,135125.28,2,1,1,141154.83,0,0.2535,0,Low,34254.26
15602314,Cust2314,570,France,Male,24,3,120883.33,1,1,1,17360.63,1,0.3434,0,Medium,41511.34
15602315,Cust2315,812,France,Female,83,10,0.0,3,1,0,188783.51,1,0.7382,1,High,0.0
15602316,Cust2316,581,France,Female,42,2,0.0,2,0,1,11030.02,0,0.1333,0,Low,0.0
15602317,Cust2317,849,Spain,Male,85,0,31831.56,1,0,0,127433.64,1,0.8439,1,Critical,26862.65
15602318,Cust2318,476,France,Male,74,10,243361.01,3,1,0,105100.95,1,0.8542,1,Critical,207878.97
15602319,Cust2319,471,Spain,Male,89,1,116420.38,4,1,1,49612.81,0,0.6868,1,High,79957.52
15602320,Cust2320,400,France,Female,66,5,0.0,2,1,1,75531.31,1,0.6008,1,High,0.0
15602321,Cust2321,456,France,Male,31,4,0.0,4,0,0,98160.03,0,0.3556,0,Medium,0.0
15602322,Cust2322,506,France,Male,20,2,148399.57,3,1,1,10856.67,0,0.1846,0,Low,27394.56
15602323,Cust2323,542,France,Female,36,5,36940.57,2,1,0,72200.26,0,0.2298,0,Low,8488.94
15602324,Cust2324,707,France,Male,50,8,45760.66,4,1,0,83298.62,1,0.5462,1,Medium,24994.47
15602325,Cust2325,573,Spain,Male,64,1,0.0,4,0,1,98425.23,1,0.4611,1,Medium,0.0
15602326,Cust2326,693,France,Female,84,7,0.0,4,0,1,96525.25,0,0.5047,1,Medium,0.0
15602327,Cust2327,394,France,Female,28,9,0.0,4,1,0,194830.8,1,0.5872,1,Medium,0.0
15602328,Cust2328,824,Germany,Female,64,3,167804.75,3,1,0,176516.71,1,0.5067,1,Medium,85026.67
15602329,Cust2329,424,France,Female,24,7,54223.51,4,1,0,140289.12,0,0.2738,0,Low,14846.4
15602330,Cust2330,366,Germany,Female,53,10,45485.0,4,0,0,195334.45,0,0.4632,1,Medium,21068.65
15602331,Cust2331,562,France,Female,23,10,139125.06,4,1,1,65739.44,0,0.1032,0,Low,14357.71
15602332,Cust2332,676,Spain,Female,45,7,0.0,4,1,1,60630.71,0,0.1268,0,Low,0.0
15602333,Cust2333,467,France,Male,62,10,0.0,2,1,0,92880.63,0,0.4085,1,Medium,0.0
15602334,Cust2334,431,France,Male,72,8,0.0,4,1,1,136235.75,1,0.4826,1,Medium,0.0
15602335,Cust2335,773,Germany,Female,77,5,0.0,4,0,1,141242.73,1,0.7049,1,High,0.0
15602336,Cust2336,763,Spain,Male,56,1,155771.07,4,1,0,130495.06,1,0.5865,1,Medium,91359.73
15602337,Cust2337,726,France,Female,37,9,0.0,1,1,0,38503.49,0,0.1414,0,Low,0.0
15602338,Cust2338,460,Germany,Male,85,3,0.0,1,0,0,43596.14,1,0.6898,1,High,0.0
15602339,Cust2339,618,France,Female,87,8,3757.49,4,0,1,62614.62,1,0.7111,1,High,2671.95
15602340,Cust2340,695,France,Female,89,7,127658.71,3,0,0,86910.64,0,0.7217,1,High,92131.29
15602341,Cust2341,566,France,Male,76,3,0.0,3,1,1,72773.25,0,0.4446,1,Medium,0.0
15602342,Cust2342,439,Germany,Male,75,8,0.0,3,1,0,133384.02,0,0.6176,1,High,0.0
15602343,Cust2343,766,France,Female,23,7,0.0,3,0,1,133550.65,0,0.0641,0,Low,0.0
15602344,Cust2344,820,Germany,Female,60,8,0.0,1,1,0,63743.8,1,0.6777,1,High,0.0
15602345,Cust2345,433,France,Female,48,10,76753.5,2,1,1,149044.64,0,0.1739,0,Low,13347.43
15602346,Cust2346,702,Spain,Female,37,3,38590.25,3,1,1,73529.93,0,0.1144,0,Low,4414.72
15602347,Cust2347,794,Spain,Female,23,8,0.0,1,1,1,6927.23,0,0.055,0,Low,0.0
15602348,Cust2348,621,France,Female,33,0,211064.98,4,0,0,130657.83,1,0.746,1,High,157454.48
15602349,Cust2349,374,France,Female,85,7,0.0,1,1,1,157718.54,1,0.6892,1,High,0.0
15602350,Cust2350,695,France,Male,85,1,209296.35,2,1,1,135604.22,1,0.5495,1,Medium,115008.34
15602351,Cust2351,812,Spain,Female,72,2,0.0,1,1,1,37648.94,0,0.3754,0,Medium,0.0
15602352,Cust2352,481,France,Female,25,2,0.0,1,1,1,86122.24,0,0.1751,0,Low,0.0
15602353,Cust2353,419,Germany,Male,68,9,211736.24,2,1,0,159997.01,0,0.7373,1,High,156113.13
15602354,Cust2354,476,France,Female,27,4,0.0,4,0,0,14688.6,0,0.34,0,Medium,0.0
15602355,Cust2355,756,Spain,Female,68,4,0.0,2,1,1,188794.04,0,0.3169,0,Medium,0.0
15602356,Cust2356,629,France,Male,20,3,48141.02,2,1,1,8014.4,0,0.1074,0,Low,5170.35
15602357,Cust2357,359,Germany,Female,39,6,122598.69,4,0,1,37413.83,1,0.5532,1,Medium,67821.6
15602358,Cust2358,644,Spain,Female,27,10,49000.98,2,0,0,122636.1,0,0.15,0,Low,7350.15
15602359,Cust2359,758,France,Female,87,7,0.0,4,0,0,94692.46,0,0.4677,1,Medium,0.0
15602360,Cust2360,442,Spain,Male,60,1,0.0,4,1,1,120095.75,1,0.3972,1,Medium,0.0
15602361,Cust2361,642,France,Male,86,5,191285.05,3,1,1,90618.64,0,0.6397,1,High,122365.05
15602362,Cust2362,464,France,Female,19,1,0.0,3,1,1,166671.61,0,0.1072,0,Low,0.0
15602363,Cust2363,359,Spain,Male,72,1,0.0,4,1,0,193027.17,0,0.5671,1,Medium,0.0
15602364,Cust2364,550,Germany,Male,53,2,89925.88,3,1,1,154149.97,0,0.2769,0,Low,24900.48
15602365,Cust2365,737,Germany,Female,52,7,43301.47,3,1,1,118991.74,0,0.1904,0,Low,8244.6
15602366,Cust2366,685,France,Male,82,9,207238.15,4,1,1,75904.95,1,0.6361,1,High,131824.19
15602367,Cust2367,400,France,Female,21,2,0.0,4,1,0,126506.04,1,0.3681,0,Medium,0.0
15602368,Cust2368,443,France,Female,87,10,201148.85,2,0,0,158773.17,0,0.7639,1,High,153657.61
15602369,Cust2369,620,Germany,Male,20,2,5464.29,3,0,0,157516.76,0,0.2211,0,Low,1208.15
15602370,Cust2370,510,France,Male,44,3,71095.11,2,1,1,1645.84,0,0.2562,0,Low,18214.57
15602371,Cust2371,516,France,Male,28,1,88874.92,3,0,0,139928.01,0,0.177,0,Low,15730.86
15602372,Cust2372,568,France,Male,56,0,79632.28,1,0,0,40529.26,1,0.4762,1,Medium,37920.89
15602373,Cust2373,730,France,Female,62,6,60858.01,2,0,1,106627.95,0,0.2397,0,Low,14587.66
15602374,Cust2374,638,France,Male,65,4,27044.62,4,1,1,149093.76,1,0.6045,1,High,16348.47
15602375,Cust2375,777,France,Female,77,1,795.02,4,1,1,191557.87,1,0.6627,1,High,526.86
15602376,Cust2376,401,Spain,Female,73,6,193677.96,2,1,1,7214.44,0,0.5332,1,Medium,103269.09
15602377,Cust2377,582,Germany,Male,88,3,114228.94,4,1,0,65547.16,1,0.8684,1,Critical,99196.41
15602378,Cust2378,625,France,Female,51,4,0.0,2,1,0,12319.04,0,0.375,0,Medium,0.0
15602379,Cust2379,729,Germany,Male,30,9,20544.26,1,1,0,154194.64,0,0.2075,0,Low,4262.93
15602380,Cust2380,608,Spain,Male,29,4,0.0,4,1,0,34442.61,0,0.224,0,Low,0.0
15602381,Cust2381,809,France,Male,38,4,0.0,1,1,1,24870.36,0,0.0927,0,Low,0.0
15602382,Cust2382,769,France,Female,62,7,115354.61,4,1,1,19310.44,0,0.4249,1,Medium,49014.17
15602383,Cust2383,695,France,Male,22,9,25263.38,4,1,1,142049.84,0,0.0652,0,Low,1647.17
15602384,Cust2384,549,France,Female,88,8,0.0,1,1,0,18036.63,1,0.7489,1,High,0.0
15602385,Cust2385,511,Spain,Female,91,5,0.0,4,1,1,89659.31,1,0.651,1,High,0.0
15602386,Cust2386,617,Spain,Male,30,3,110323.97,3,1,1,32049.44,0,0.1047,0,Low,11550.92
15602387,Cust2387,582,France,Female,75,1,177253.86,3,1,1,126255.98,0,0.547,1,Medium,96957.86
15602388,Cust2388,364,Germany,Male,62,1,77547.57,2,0,1,28857.62,0,0.4278,1,Medium,33174.85
15602389,Cust2389,465,France,Female,53,8,20624.24,1,1,0,46613.88,0,0.3665,0,Medium,7558.78
15602390,Cust2390,768,Germany,Male,72,8,94135.11,1,0,0,171420.0,0,0.4076,1,Medium,38369.47
15602391,Cust2391,579,Spain,Female,60,3,0.0,2,0,0,3356.45,0,0.3151,0,Medium,0.0
15602392,Cust2392,825,France,Male,41,10,0.0,4,0,0,6953.4,0,0.2855,0,Low,0.0
15602393,Cust2393,473,France,Male,59,10,91981.52,1,0,1,146800.41,1,0.6792,1,High,62473.85
15602394,Cust2394,834,Germany,Male,28,6,222380.24,1,0,1,42369.94,0,0.135,0,Low,30021.33
15602395,Cust2395,754,Spain,Male,36,2,0.0,4,1,0,46396.86,0,0.139,0,Low,0.0
15602396,Cust2396,529,France,Male,89,5,179371.66,2,0,1,1562.08,0,0.6026,1,High,108089.36
15602397,Cust2397,655,France,Male,31,9,7541.47,1,0,0,102165.21,0,0.1945,0,Low,1466.82
15602398,Cust2398,845,France,Male,62,5,223931.83,4,1,1,79226.52,1,0.6815,1,High,152609.54
15602399,Cust2399,667,Germany,Male,39,5,53361.77,2,1,1,166674.3,0,0.1349,0,Low,7198.5
15602400,Cust2400,816,Germany,Female,52,5,0.0,1,1,0,20752.63,1,0.3569,0,Medium,0.0
15602401,Cust2401,405,Spain,Female,36,9,130913.82,3,1,0,199647.3,0,0.2832,0,Low,37074.79
15602402,Cust2402,431,Spain,Male,60,4,239957.47,1,1,1,11092.05,0,0.4512,1,Medium,108268.81
15602403,Cust2403,350,Spain,Male,59,2,0.0,3,1,1,44095.23,0,0.2522,0,Low,0.0
15602404,Cust2404,512,Spain,Female,63,5,55125.44,3,1,0,27993.26,0,0.6144,1,High,33869.07
15602405,Cust2405,745,France,Female,40,6,240181.8,4,1,0,155332.49,1,0.775,1,High,186140.9
15602406,Cust2406,832,Germany,Female,60,10,202116.08,2,1,0,56749.36,0,0.335,0,Medium,67708.89
15602407,Cust2407,621,France,Male,71,1,165855.05,2,1,1,4664.49,0,0.3811,0,Medium,63207.36
15602408,Cust2408,561,France,Male,71,10,102409.09,3,0,0,106117.57,0,0.6439,1,High,65941.21
15602409,Cust2409,816,Spain,Male,60,8,0.0,1,1,1,47743.02,0,0.2449,0,Low,0.0
15602410,Cust2410,644,Germany,Male,40,7,237667.61,2,1,0,123906.49,1,0.5039,1,Medium,119760.71
15602411,Cust2411,619,Spain,Male,57,2,17239.62,1,0,1,89350.4,0,0.3243,0,Medium,5590.81
15602412,Cust2412,392,France,Male,57,2,189375.05,3,1,1,17153.03,0,0.4523,1,Medium,85654.34
15602413,Cust2413,457,Germany,Female,88,4,0.0,3,1,1,180038.62,0,0.4655,1,Medium,0.0
15602414,Cust2414,699,France,Female,45,2,242108.81,1,0,1,45350.1,1,0.42,1,Medium,101685.7
15602415,Cust2415,699,France,Female,41,7,139601.33,1,1,1,1592.96,0,0.254,0,Low,35458.74
15602416,Cust2416,598,France,Female,73,8,70135.01,2,1,1,116491.83,0,0.333,0,Medium,23354.96
15602417,Cust2417,701,Germany,Female,65,5,194979.69,3,1,1,165519.36,0,0.5359,1,Medium,104489.62
15602418,Cust2418,696,France,Female,49,7,246407.14,4,0,1,98556.12,0,0.3894,1,Medium,95950.94
15602419,Cust2419,382,Spain,Male,18,8,0.0,2,1,0,169895.42,0,0.1046,0,Low,0.0
15602420,Cust2420,768,France,Male,70,10,73684.8,4,0,1,14738.19,0,0.2501,0,Low,18428.57
15602421,Cust2421,697,France,Female,72,7,86587.57,2,1,1,57058.71,0,0.3344,0,Medium,28954.88
15602422,Cust2422,459,Spain,Female,86,2,188705.05,3,0,0,128356.01,1,0.8643,1,Critical,163097.77
15602423,Cust2423,456,France,Female,55,1,0.0,2,1,0,154631.87,0,0.3412,0,Medium,0.0
15602424,Cust2424,829,Spain,Female,56,10,2903.19,3,0,1,15687.0,0,0.1251,0,Low,363.19
15602425,Cust2425,477,Germany,Male,33,8,0.0,4,1,0,122385.81,0,0.258,0,Low,0.0
15602426,Cust2426,366,France,Male,52,9,0.0,2,1,1,153925.74,0,0.2354,0,Low,0.0
15602427,Cust2427,365,Germany,Male,18,4,0.0,3,1,1,25323.7,0,0.1273,0,Low,0.0
15602428,Cust2428,464,Germany,Male,55,1,0.0,2,1,0,29522.57,0,0.3296,0,Medium,0.0
15602429,Cust2429,664,Spain,Male,70,6,241799.89,3,1,1,101511.59,0,0.4278,1,Medium,103441.99
15602430,Cust2430,578,Spain,Female,76,7,0.0,3,1,1,86524.29,0,0.4549,1,Medium,0.0
15602431,Cust2431,716,Germany,Male,67,2,13690.32,2,1,1,85067.75,0,0.3091,0,Medium,4231.68
15602432,Cust2432,466,Germany,Male,77,5,151841.28,3,1,0,173505.89,1,0.8681,1,Critical,131813.42
15602433,Cust2433,465,France,Female,67,4,109166.07,2,1,1,13120.72,0,0.3994,1,Medium,43600.93
15602434,Cust2434,552,Germany,Female,75,2,188509.91,1,1,0,147148.83,0,0.7426,1,High,139987.46
15602435,Cust2435,747,Spain,Male,50,8,0.0,2,0,1,163601.51,0,0.1242,0,Low,0.0
15602436,Cust2436,601,Germany,Male,62,5,16303.31,2,1,1,76894.0,0,0.3348,0,Medium,5458.35
15602437,Cust2437,731,Germany,Female,65,10,244983.13,4,1,1,138548.95,1,0.7326,1,High,179474.64
15602438,Cust2438,396,France,Female,60,0,14476.31,3,1,1,117383.51,0,0.4477,1,Medium,6481.04
15602439,Cust2439,555,Spain,Female,60,10,183093.34,2,1,0,52986.43,1,0.46,1,Medium,84222.94
15602440,Cust2440,569,Spain,Female,75,7,225783.0,4,1,0,102386.6,1,0.8757,1,Critical,197718.17
15602441,Cust2441,384,France,Male,35,7,0.0,1,0,0,11577.32,0,0.1391,0,Low,0.0
15602442,Cust2442,507,France,Male,41,3,37697.35,3,0,1,161932.9,1,0.369,0,Medium,13910.32
15602443,Cust2443,490,Germany,Female,56,0,51998.18,4,1,1,11193.26,1,0.3817,0,Medium,19847.71
15602444,Cust2444,578,France,Female,65,2,10294.77,3,0,1,58266.03,0,0.3397,0,Medium,3497.13
15602445,Cust2445,432,Germany,Male,56,4,32767.98,3,1,1,81906.94,0,0.3093,0,Medium,10135.14
15602446,Cust2446,485,France,Female,32,3,0.0,3,0,0,99907.0,0,0.2637,0,Low,0.0
15602447,Cust2447,830,France,Male,78,2,13409.69,1,1,1,106602.98,1,0.5513,1,Medium,7392.76
15602448,Cust2448,421,Germany,Male,58,0,0.0,1,0,1,120697.64,0,0.232,0,Low,0.0
15602449,Cust2449,759,Germany,Male,50,7,0.0,1,1,1,183343.23,0,0.1874,0,Low,0.0
15602450,Cust2450,621,Germany,Male,82,7,106265.41,4,1,1,95516.28,0,0.5638,1,Medium,59912.44
15602451,Cust2451,389,Germany,Male,50,1,0.0,2,0,1,130481.96,0,0.1736,0,Low,0.0
15602452,Cust2452,550,Germany,Male,29,8,3783.69,4,1,1,17848.92,0,0.1152,0,Low,435.88
15602453,Cust2453,607,Spain,Male,90,10,0.0,3,1,1,168316.8,0,0.4055,1,Medium,0.0
15602454,Cust2454,488,Germany,Female,46,10,0.0,4,0,1,67588.67,0,0.2393,0,Low,0.0
15602455,Cust2455,483,Germany,Female,84,2,0.0,4,1,0,118195.23,0,0.7262,1,High,0.0
15602456,Cust2456,706,Germany,Male,56,4,118897.94,3,1,1,196162.1,0,0.237,0,Low,28178.81
15602457,Cust2457,366,France,Female,35,0,0.0,1,1,0,151510.54,1,0.3209,0,Medium,0.0
15602458,Cust2458,815,France,Male,45,0,132433.16,4,1,0,81051.17,1,0.7262,1,High,96172.96
15602459,Cust2459,511,Germany,Female,85,9,127320.76,2,1,0,90287.04,0,0.7948,1,High,101194.54
15602460,Cust2460,541,Spain,Male,87,10,0.0,1,1,1,29147.85,0,0.3983,1,Medium,0.0
15602461,Cust2461,413,Germany,Male,28,2,209388.69,2,1,1,126273.67,0,0.3312,0,Medium,69349.53
15602462,Cust2462,791,France,Male,91,5,0.0,4,0,1,110576.91,1,0.7063,1,High,0.0
15602463,Cust2463,461,Germany,Female,81,0,103869.77,2,0,1,118568.44,1,0.5738,1,Medium,59600.47
15602464,Cust2464,752,France,Female,65,8,200190.06,3,1,1,53522.97,0,0.4195,1,Medium,83979.73
15602465,Cust2465,513,Germany,Male,31,6,136217.02,4,1,1,142081.25,1,0.6325,1,High,86157.27
15602466,Cust2466,365,Spain,Female,61,3,171703.36,3,1,0,59711.33,0,0.6315,1,High,108430.67
15602467,Cust2467,554,Germany,Female,49,10,18793.76,1,1,0,89427.85,0,0.2807,0,Low,5275.41
15602468,Cust2468,612,Germany,Female,27,1,0.0,1,1,0,29863.96,1,0.3794,0,Medium,0.0
15602469,Cust2469,584,France,Female,90,2,132950.36,4,1,1,143019.63,1,0.7565,1,High,100576.95
15602470,Cust2470,844,France,Male,62,8,0.0,1,0,0,35162.67,0,0.4808,1,Medium,0.0
15602471,Cust2471,610,Spain,Female,25,4,79135.52,2,1,1,117461.89,0,0.1237,0,Low,9789.06
15602472,Cust2472,740,Germany,Female,43,7,240158.07,1,1,0,165084.18,0,0.4097,1,Medium,98392.76
15602473,Cust2473,535,Germany,Male,80,2,190081.33,4,0,1,117994.78,0,0.6241,1,High,118629.76
15602474,Cust2474,422,France,Male,50,7,195427.91,3,0,0,120991.21,0,0.6019,1,High,117628.06
15602475,Cust2475,599,France,Female,54,6,0.0,3,1,0,175961.34,0,0.4976,1,Medium,0.0
15602476,Cust2476,630,France,Female,28,0,0.0,1,1,0,199461.76,1,0.3642,0,Medium,0.0
15602477,Cust2477,559,France,Female,26,3,82581.4,3,1,1,39015.1,0,0.1474,0,Low,12172.5
15602478,Cust2478,734,France,Female,90,3,29607.95,3,1,0,95275.99,0,0.5184,1,Medium,15348.76
15602479,Cust2479,833,Spain,Male,88,6,0.0,4,1,0,72507.83,1,0.7779,1,High,0.0
15602480,Cust2480,390,Germany,Male,25,4,8958.04,3,1,0,13967.58,0,0.2577,0,Low,2308.49
15602481,Cust2481,383,France,Female,58,5,187871.87,3,1,1,73379.02,0,0.478,1,Medium,89802.75
15602482,Cust2482,487,France,Female,68,1,0.0,3,0,0,139904.15,0,0.4385,1,Medium,0.0
15602483,Cust2483,643,France,Male,83,10,0.0,4,0,1,170287.92,0,0.5098,1,Medium,0.0
15602484,Cust2484,371,Spain,Female,59,8,122474.76,1,1,0,164464.64,0,0.4622,1,Medium,56607.83
15602485,Cust2485,447,France,Female,82,7,0.0,3,0,0,4050.39,1,0.7259,1,High,0.0
15602486,Cust2486,554,Spain,Male,26,3,185635.13,4,1,1,79007.13,0,0.2488,0,Low,46186.02
15602487,Cust2487,538,Spain,Female,19,7,0.0,3,1,1,189723.88,0,0.0974,0,Low,0.0
15602488,Cust2488,774,France,Female,52,2,50163.32,4,1,0,110674.28,0,0.2806,0,Low,14075.83
15602489,Cust2489,623,Germany,Female,37,5,0.0,1,1,0,196040.19,0,0.2935,0,Low,0.0
15602490,Cust2490,787,Spain,Male,73,2,213469.78,4,1,0,68846.23,0,0.7157,1,High,152780.32
15602491,Cust2491,730,France,Male,42,3,0.0,3,0,1,79973.48,0,0.1574,0,Low,0.0
15602492,Cust2492,557,France,Female,48,7,0.0,1,0,1,91130.07,0,0.1547,0,Low,0.0
15602493,Cust2493,839,Spain,Male,57,3,33335.18,4,1,1,170610.29,0,0.2468,0,Low,8227.12
15602494,Cust2494,772,Spain,Female,89,8,116117.68,4,0,0,58018.29,1,0.9026,1,Critical,104807.82
15602495,Cust2495,597,Germany,Male,23,5,148060.79,3,1,1,87468.96,0,0.0983,0,Low,14554.38
15602496,Cust2496,776,Germany,Female,58,10,0.0,4,0,1,157120.54,0,0.191,0,Low,0.0
15602497,Cust2497,478,France,Male,46,2,0.0,4,1,1,66141.62,1,0.3494,0,Medium,0.0
15602498,Cust2498,454,Spain,Female,20,10,0.0,2,1,0,81560.54,0,0.1147,0,Low,0.0
15602499,Cust2499,746,France,Female,78,1,0.0,4,1,0,176117.36,0,0.3979,1,Medium,0.0
15602500,Cust2500,745,France,Female,85,6,0.0,2,1,0,70466.46,1,0.5767,1,Medium,0.0
15602501,Cust2501,461,Germany,Male,30,4,0.0,1,1,1,109444.25,0,0.1677,0,Low,0.0
15602502,Cust2502,727,Spain,Male,74,8,218056.29,1,0,1,13547.37,1,0.7803,1,High,170149.32
15602503,Cust2503,604,Spain,Female,69,1,0.0,3,1,0,190143.06,0,0.4819,1,Medium,0.0
15602504,Cust2504,629,France,Male,70,2,144833.95,1,0,1,132384.43,0,0.5037,1,Medium,72952.86
15602505,Cust2505,774,France,Male,52,2,202156.14,4,1,0,192562.68,0,0.3194,0,Medium,64568.67
15602506,Cust2506,430,Spain,Female,41,10,243833.22,4,1,0,162423.21,0,0.4204,1,Medium,102507.49
15602507,Cust2507,552,Spain,Male,23,5,159329.81,1,1,1,152688.67,0,0.1745,0,Low,27803.05
15602508,Cust2508,495,Germany,Female,20,1,0.0,1,0,0,27032.48,0,0.2715,0,Low,0.0
15602509,Cust2509,629,Germany,Male,31,8,61961.47,1,0,1,97324.81,0,0.2137,0,Low,13241.17
15602510,Cust2510,429,France,Female,57,3,0.0,3,0,0,3076.64,0,0.2509,0,Low,0.0
15602511,Cust2511,409,France,Male,28,2,247362.49,1,1,0,112315.76,1,0.54,1,Medium,133575.74
15602512,Cust2512,698,France,Female,68,5,52577.96,3,1,1,191391.11,0,0.2758,0,Low,14501.0
15602513,Cust2513,378,France,Male,63,8,242521.17,4,1,1,77277.12,1,0.7783,1,High,188754.23
15602514,Cust2514,559,France,Female,43,9,67072.29,3,1,1,69602.45,0,0.1938,0,Low,12998.61
15602515,Cust2515,844,Spain,Male,24,0,0.0,4,1,1,57185.36,0,0.1661,0,Low,0.0
15602516,Cust2516,850,France,Male,56,9,0.0,2,1,0,115076.61,0,0.2151,0,Low,0.0
15602517,Cust2517,439,France,Male,78,10,0.0,4,1,1,180925.46,1,0.5365,1,Medium,0.0
15602518,Cust2518,814,Germany,Male,47,3,0.0,4,1,1,117748.52,0,0.1828,0,Low,0.0
15602519,Cust2519,518,France,Male,77,5,0.0,2,1,0,150803.73,0,0.5769,1,Medium,0.0
15602520,Cust2520,449,France,Female,39,4,210604.77,2,1,1,73644.83,0,0.269,0,Low,56652.68
15602521,Cust2521,602,Germany,Female,23,5,216598.88,3,0,1,74055.98,0,0.1021,0,Low,22114.75
15602522,Cust2522,594,France,Female,66,7,217062.08,4,0,1,47417.26,0,0.4967,1,Medium,107814.74
15602523,Cust2523,537,Germany,Female,83,7,96562.2,1,1,1,19367.73,1,0.6134,1,High,59231.25
15602524,Cust2524,564,Spain,Male,83,5,7666.52,2,0,1,167124.37,1,0.5704,1,Medium,4372.98
15602525,Cust2525,398,France,Female,88,5,41163.07,4,0,1,145385.07,1,0.8283,1,Critical,34095.37
15602526,Cust2526,482,Spain,Male,25,5,0.0,1,1,1,26285.83,0,0.0708,0,Low,0.0
15602527,Cust2527,448,Spain,Male,21,4,60599.55,4,0,0,107576.28,0,0.3023,0,Medium,18319.24
15602528,Cust2528,817,Spain,Female,60,1,13823.48,1,1,0,125029.2,0,0.3261,0,Medium,4507.84
15602529,Cust2529,597,Germany,Male,88,4,69235.18,3,1,0,172987.62,0,0.7114,1,High,49253.91
15602530,Cust2530,623,Germany,Male,91,7,147240.02,2,0,0,28190.65,1,0.7818,1,High,115112.25
15602531,Cust2531,569,Germany,Male,38,10,35264.97,1,0,1,22638.7,0,0.1464,0,Low,5162.79
15602532,Cust2532,793,Germany,Female,45,8,78935.7,1,0,0,51518.3,0,0.3346,0,Medium,26411.89
15602533,Cust2533,749,France,Female,67,9,0.0,4,0,1,47759.85,0,0.3963,1,Medium,0.0
15602534,Cust2534,695,Spain,Female,85,8,0.0,2,0,0,29444.36,1,0.7221,1,High,0.0
15602535,Cust2535,506,Germany,Female,30,5,0.0,4,1,1,175464.82,0,0.1665,0,Low,0.0
15602536,Cust2536,504,Spain,Male,90,7,223256.58,3,1,1,198678.64,0,0.5962,1,Medium,133105.57
15602537,Cust2537,821,France,Male,78,9,0.0,4,0,1,131014.63,0,0.4897,1,Medium,0.0
15602538,Cust2538,815,France,Male,23,2,171053.57,2,1,0,151442.22,0,0.2284,0,Low,39068.64
15602539,Cust2539,491,Germany,Male,80,1,245754.56,3,1,1,104919.44,1,0.7277,1,High,178835.59
15602540,Cust2540,518,Germany,Male,65,2,182818.78,1,1,1,124923.87,1,0.6843,1,High,125102.89
15602541,Cust2541,515,France,Male,90,5,11775.65,2,1,0,170131.15,1,0.676,1,High,7960.34
15602542,Cust2542,742,France,Female,33,8,54561.61,3,0,0,177180.6,0,0.2646,0,Low,14437.0
15602543,Cust2543,825,France,Male,91,4,159365.53,2,1,0,65226.17,1,0.8232,1,Critical,131189.7
15602544,Cust2544,794,Germany,Male,21,10,159761.08,1,1,0,159495.45,0,0.3561,0,Medium,56890.92
15602545,Cust2545,771,France,Female,23,3,0.0,2,1,0,3219.81,0,0.1404,0,Low,0.0
15602546,Cust2546,524,Spain,Male,51,5,39708.7,4,1,1,24357.06,0,0.3316,0,Medium,13167.4
15602547,Cust2547,508,France,Male,66,10,245304.2,4,1,0,58650.92,1,0.7986,1,High,195899.93
15602548,Cust2548,795,France,Male,30,1,129072.74,2,1,1,98642.73,1,0.1333,0,Low,17205.4
15602549,Cust2549,548,France,Male,38,9,230103.11,1,0,1,46503.4,0,0.1627,0,Low,37437.78
15602550,Cust2550,457,Germany,Female,46,1,132335.76,1,1,1,174147.03,1,0.4382,1,Medium,57989.53
15602551,Cust2551,771,France,Male,27,9,46728.7,3,1,1,108371.16,0,0.092,0,Low,4299.04
15602552,Cust2552,590,Germany,Female,31,3,87754.71,3,1,1,82690.14,0,0.1505,0,Low,13207.08
15602553,Cust2553,393,Spain,Male,29,6,55291.58,4,0,0,158795.89,0,0.3994,1,Medium,22083.46
15602554,Cust2554,798,France,Female,88,7,66056.38,3,1,0,141109.44,0,0.5466,1,Medium,36106.42
15602555,Cust2555,497,Germany,Male,87,4,222589.46,2,1,1,150771.09,0,0.7382,1,High,164315.54
15602556,Cust2556,504,France,Male,64,6,0.0,1,0,1,64748.62,0,0.3328,0,Medium,0.0
15602557,Cust2557,616,France,Male,68,8,0.0,3,1,1,62736.96,0,0.3359,0,Medium,0.0
15602558,Cust2558,485,France,Female,28,9,91135.58,2,0,1,60014.51,0,0.1412,0,Low,12868.34
15602559,Cust2559,765,France,Male,21,1,154314.41,4,1,1,158099.32,0,0.1363,0,Low,21033.05
15602560,Cust2560,696,Germany,Female,45,5,50221.53,3,1,1,76379.69,0,0.1801,0,Low,9044.9
15602561,Cust2561,632,Germany,Male,90,9,0.0,3,1,0,24572.86,0,0.5689,1,Medium,0.0
15602562,Cust2562,450,Germany,Male,53,6,218030.01,3,1,1,100324.89,1,0.5932,1,Medium,129335.4
15602563,Cust2563,595,Germany,Female,77,0,59805.08,3,1,0,42143.09,1,0.8441,1,Critical,50481.47
15602564,Cust2564,486,Germany,Male,45,1,234090.72,3,1,0,115400.23,1,0.639,1,High,149583.97
15602565,Cust2565,832,France,Female,40,9,11786.01,4,1,1,104994.97,0,0.0976,0,Low,1150.31
15602566,Cust2566,747,France,Female,78,4,162709.55,1,0,0,54289.52,0,0.7257,1,High,118078.32
15602567,Cust2567,408,France,Male,52,7,166310.63,1,1,0,185158.39,0,0.4777,1,Medium,79446.59
15602568,Cust2568,614,Germany,Female,72,9,0.0,2,1,0,88074.92,1,0.6104,1,High,0.0
15602569,Cust2569,740,Spain,Female,71,0,166308.01,3,1,0,106436.13,0,0.5808,1,Medium,96591.69
15602570,Cust2570,612,France,Female,71,5,0.0,2,0,0,142841.95,1,0.5654,1,Medium,0.0
15602571,Cust2571,413,Germany,Male,68,1,95442.24,4,1,1,127536.7,0,0.4128,1,Medium,39398.56
15602572,Cust2572,420,Spain,Male,77,9,219369.88,4,1,0,8002.45,0,0.5183,1,Medium,113699.41
15602573,Cust2573,717,Spain,Female,52,4,238103.64,1,1,1,98603.43,0,0.491,1,Medium,116908.89
15602574,Cust2574,612,Germany,Female,40,9,42528.48,3,1,0,180456.5,1,0.4556,1,Medium,19375.98
15602575,Cust2575,622,Germany,Female,55,3,171024.75,1,1,1,177799.0,0,0.3093,0,Medium,52897.96
15602576,Cust2576,485,Germany,Female,42,1,38677.54,4,1,1,25829.02,1,0.6359,1,High,24595.05
15602577,Cust2577,482,Spain,Male,21,9,8750.13,1,1,0,59511.51,0,0.2009,0,Low,1757.9
15602578,Cust2578,554,France,Male,44,6,37382.71,1,0,0,55022.87,0,0.3376,0,Medium,12620.4
15602579,Cust2579,622,Spain,Male,55,2,158663.96,3,1,1,183188.11,0,0.2805,0,Low,44505.24
15602580,Cust2580,584,France,Male,56,7,0.0,2,1,0,193655.8,0,0.4122,1,Medium,0.0
15602581,Cust2581,790,Spain,Female,43,4,126759.17,2,1,0,87762.49,0,0.2948,0,Low,37368.6
15602582,Cust2582,444,France,Male,71,0,0.0,2,1,1,139102.31,0,0.4152,1,Medium,0.0
15602583,Cust2583,586,France,Male,39,2,0.0,2,1,0,33402.31,0,0.2621,0,Low,0.0
15602584,Cust2584,467,France,Female,65,8,40404.56,3,0,1,131971.26,0,0.362,0,Medium,14626.45
15602585,Cust2585,353,France,Male,37,1,51984.4,3,1,0,9597.87,0,0.2752,0,Low,14306.11
15602586,Cust2586,557,France,Female,91,3,0.0,4,0,0,15662.54,0,0.5769,1,Medium,0.0
15602587,Cust2587,378,France,Female,66,2,83325.15,3,1,1,78743.46,0,0.4432,1,Medium,36929.71
15602588,Cust2588,536,France,Female,59,8,223.27,4,1,0,171384.52,0,0.414,1,Medium,92.43
15602589,Cust2589,666,France,Male,49,9,0.0,3,0,1,2577.27,1,0.3373,0,Medium,0.0
15602590,Cust2590,538,Spain,Female,73,8,0.0,1,1,0,66107.61,1,0.7046,1,High,0.0
15602591,Cust2591,689,Spain,Female,49,7,0.0,4,0,1,126886.86,0,0.1236,0,Low,0.0
15602592,Cust2592,497,Germany,Female,77,0,163329.69,2,1,1,61326.76,1,0.7336,1,High,119818.66
15602593,Cust2593,551,France,Female,29,10,190784.96,2,1,0,1435.29,0,0.3427,0,Medium,65382.01
15602594,Cust2594,788,France,Female,78,1,242189.72,4,1,1,106184.05,1,0.5763,1,Medium,139573.94
15602595,Cust2595,471,Spain,Female,89,4,0.0,4,1,1,24645.28,0,0.5078,1,Medium,0.0
15602596,Cust2596,600,France,Female,35,9,0.0,4,0,0,63061.18,0,0.404,1,Medium,0.0
15602597,Cust2597,708,France,Female,34,2,0.0,3,1,1,179850.09,0,0.091,0,Low,0.0
15602598,Cust2598,531,Spain,Male,88,2,53980.0,2,1,0,118676.71,0,0.6662,1,High,35961.48
15602599,Cust2599,502,Spain,Female,48,0,242188.28,2,1,0,146387.91,0,0.4731,1,Medium,114579.28
15602600,Cust2600,699,France,Male,69,3,133860.73,2,0,0,31762.62,1,0.6851,1,High,91707.99
15602601,Cust2601,387,Germany,Female,32,5,62417.56,2,1,0,149609.09,0,0.2215,0,Low,13825.49
15602602,Cust2602,483,France,Male,49,5,0.0,2,1,1,33840.07,0,0.2316,0,Low,0.0
15602603,Cust2603,555,Spain,Female,70,0,0.0,3,1,1,175315.83,0,0.3749,0,Medium,0.0
15602604,Cust2604,458,France,Female,84,2,249181.27,2,0,0,137985.24,1,0.8364,1,Critical,208415.21
15602605,Cust2605,620,France,Female,50,0,18677.65,3,1,0,134139.91,0,0.2381,0,Low,4447.15
15602606,Cust2606,660,Germany,Female,23,2,83868.04,1,0,0,44048.25,1,0.5781,1,Medium,48484.11
15602607,Cust2607,833,France,Female,48,6,0.0,4,0,1,86345.88,0,0.1245,0,Low,0.0
15602608,Cust2608,651,Germany,Male,65,0,0.0,2,0,0,7951.17,0,0.3643,0,Medium,0.0
15602609,Cust2609,646,France,Female,82,1,77948.63,3,1,1,69201.4,0,0.5056,1,Medium,39410.83
15602610,Cust2610,713,Spain,Male,79,5,0.0,4,1,0,4563.02,1,0.5705,1,Medium,0.0
15602611,Cust2611,454,Spain,Female,74,6,166123.39,4,1,1,1184.33,0,0.7267,1,High,120721.87
15602612,Cust2612,585,France,Male,30,9,0.0,2,1,0,36177.19,0,0.1684,0,Low,0.0
15602613,Cust2613,766,Spain,Male,56,6,0.0,2,1,0,135393.75,0,0.3165,0,Medium,0.0
15602614,Cust2614,437,France,Female,60,10,0.0,3,0,0,46684.57,0,0.2951,0,Low,0.0
15602615,Cust2615,496,France,Female,52,7,61452.63,3,1,1,180046.5,0,0.2343,0,Low,14398.35
15602616,Cust2616,460,France,Female,86,6,95719.4,4,0,1,110564.04,0,0.5869,1,Medium,56177.72
15602617,Cust2617,830,Spain,Male,89,4,0.0,2,0,0,89786.94,0,0.4477,1,Medium,0.0
15602618,Cust2618,527,Spain,Male,33,1,182855.41,3,1,0,84715.43,0,0.3293,0,Medium,60214.29
15602619,Cust2619,512,Spain,Male,88,7,0.0,1,0,1,89740.39,1,0.5442,1,Medium,0.0
15602620,Cust2620,758,Spain,Female,80,10,0.0,3,0,0,42020.23,1,0.4989,1,Medium,0.0
15602621,Cust2621,805,Spain,Male,70,4,50001.01,3,1,1,83680.25,1,0.2638,0,Low,13190.27
15602622,Cust2622,352,France,Male,46,3,105159.86,3,0,0,2780.12,0,0.3675,0,Medium,38646.25
15602623,Cust2623,790,Spain,Female,74,1,45121.01,1,0,0,83074.94,1,0.6708,1,High,30267.17
15602624,Cust2624,704,Germany,Female,61,6,238036.46,2,1,1,76372.39,1,0.5527,1,Medium,131562.75
15602625,Cust2625,782,France,Female,84,3,43443.41,1,0,0,8552.81,1,0.815,1,Critical,35406.38
15602626,Cust2626,393,Germany,Male,70,0,214669.34,2,1,0,121683.82,0,0.7018,1,High,150654.94
15602627,Cust2627,369,France,Male,89,0,0.0,2,1,1,157196.21,1,0.6722,1,High,0.0
15602628,Cust2628,518,France,Female,49,3,202704.46,2,1,1,38197.29,0,0.3588,0,Medium,72730.36
15602629,Cust2629,775,France,Male,24,5,222140.34,4,0,1,92198.37,0,0.1851,0,Low,41118.18
15602630,Cust2630,599,France,Female,54,5,0.0,3,0,0,182660.77,1,0.5835,1,Medium,0.0
15602631,Cust2631,711,France,Male,91,8,0.0,4,1,1,179919.85,1,0.5102,1,Medium,0.0
15602632,Cust2632,472,Spain,Male,66,5,66748.47,1,0,1,51953.06,0,0.3561,0,Medium,23769.13
15602633,Cust2633,517,Germany,Male,70,8,165001.47,4,0,0,44064.44,1,0.9042,1,Critical,149194.33
15602634,Cust2634,789,Germany,Male,64,3,0.0,3,0,0,43837.28,0,0.3269,0,Medium,0.0
15602635,Cust2635,595,France,Male,61,2,0.0,1,1,0,117815.32,0,0.4087,1,Medium,0.0
15602636,Cust2636,740,France,Male,22,5,214490.92,4,1,1,167922.19,1,0.4146,1,Medium,88927.94
15602637,Cust2637,670,France,Female,48,1,145134.05,1,0,1,48708.14,0,0.2636,0,Low,38257.34
15602638,Cust2638,437,Spain,Female,24,8,65155.92,4,0,1,128534.31,0,0.1663,0,Low,10835.43
15602639,Cust2639,822,France,Male,42,2,223045.21,1,1,1,141997.37,1,0.3843,1,Medium,85716.27
15602640,Cust2640,824,Germany,Female,71,10,3817.26,3,0,0,26855.27,1,0.6206,1,High,2368.99
15602641,Cust2641,740,Spain,Male,77,10,0.0,3,1,0,17864.66,0,0.472,1,Medium,0.0
15602642,Cust2642,585,Germany,Male,34,5,0.0,1,1,0,17724.12,0,0.1804,0,Low,0.0
15602643,Cust2643,564,Spain,Male,66,3,0.0,4,1,1,90110.98,1,0.4928,1,Medium,0.0
15602644,Cust2644,499,France,Female,34,3,15726.08,4,0,1,51355.55,0,0.2689,0,Low,4228.74
15602645,Cust2645,673,Spain,Female,32,4,237808.85,2,1,0,71347.68,0,0.2973,0,Low,70700.57
15602646,Cust2646,505,Germany,Female,89,5,16758.3,1,0,1,195072.94,0,0.4427,1,Medium,7418.9
15602647,Cust2647,443,Spain,Female,63,0,243440.4,3,1,1,64790.72,0,0.3683,0,Medium,89659.1
15602648,Cust2648,380,Germany,Female,32,2,105157.26,4,1,0,65782.62,0,0.4644,1,Medium,48835.03
15602649,Cust2649,562,Spain,Male,28,8,0.0,1,1,1,148044.9,0,0.1067,0,Low,0.0
15602650,Cust2650,758,Spain,Male,21,0,0.0,1,1,1,188286.24,0,0.0733,0,Low,0.0
15602651,Cust2651,746,France,Male,54,4,124011.69,3,1,1,129043.79,1,0.4512,1,Medium,55954.07
15602652,Cust2652,775,Spain,Male,25,9,97511.95,2,0,0,153893.57,0,0.117,0,Low,11408.9
15602653,Cust2653,653,Germany,Female,61,0,160040.43,4,1,1,45621.19,0,0.3851,1,Medium,61631.57
15602654,Cust2654,784,France,Male,50,10,0.0,3,1,0,37481.6,0,0.3163,0,Medium,0.0
15602655,Cust2655,742,Spain,Male,65,5,8588.42,3,1,0,199517.59,0,0.3313,0,Medium,2845.34
15602656,Cust2656,754,France,Male,33,4,206159.85,2,1,1,193107.05,0,0.1614,0,Low,33274.2
15602657,Cust2657,605,Germany,Female,28,7,0.0,3,1,1,68822.53,0,0.101,0,Low,0.0
15602658,Cust2658,392,France,Female,25,8,171671.13,2,0,1,160829.32,0,0.1601,0,Low,27484.55
15602659,Cust2659,540,France,Female,25,5,143793.47,2,1,0,56428.48,0,0.2485,0,Low,35732.68
15602660,Cust2660,774,Spain,Female,23,0,153548.09,1,1,1,10797.09,0,0.1305,0,Low,20038.03
15602661,Cust2661,722,France,Female,37,10,54734.93,2,1,1,138791.38,0,0.0828,0,Low,4532.05
15602662,Cust2662,356,France,Female,77,0,233665.16,4,1,0,107692.08,1,0.8426,1,Critical,196886.26
15602663,Cust2663,396,France,Female,62,9,111930.68,2,1,1,10515.61,1,0.6615,1,High,74042.14
15602664,Cust2664,679,France,Female,36,4,230024.2,1,1,0,84697.71,0,0.2766,0,Low,63624.69
15602665,Cust2665,840,Spain,Male,86,5,201729.51,4,1,0,117181.14,0,0.6997,1,High,141150.14
15602666,Cust2666,716,Spain,Female,74,8,180020.46,2,1,0,78938.57,1,0.7337,1,High,132081.01
15602667,Cust2667,825,France,Male,75,10,115029.47,3,1,1,8715.58,0,0.4846,1,Medium,55743.28
15602668,Cust2668,383,Germany,Male,84,1,5660.91,3,1,0,187340.5,0,0.5501,1,Medium,3114.07
15602669,Cust2669,791,France,Male,73,8,78803.04,2,0,0,185592.43,1,0.597,1,Medium,47045.41
15602670,Cust2670,414,Germany,Female,88,7,166214.4,2,1,1,177357.15,1,0.7942,1,High,132007.48
15602671,Cust2671,793,France,Male,42,4,0.0,3,0,0,139502.43,0,0.1738,0,Low,0.0
15602672,Cust2672,838,France,Male,81,4,24781.84,2,1,1,180986.4,0,0.3145,0,Medium,7793.89
15602673,Cust2673,606,France,Male,26,8,0.0,1,1,0,171107.8,0,0.1465,0,Low,0.0
15602674,Cust2674,616,Germany,Female,40,1,0.0,1,1,0,108903.31,0,0.3888,1,Medium,0.0
15602675,Cust2675,599,Germany,Male,84,5,76555.13,1,1,1,102406.58,0,0.5055,1,Medium,38698.62
15602676,Cust2676,627,France,Female,27,7,125478.26,2,0,1,123551.78,0,0.143,0,Low,17943.39
15602677,Cust2677,760,Spain,Female,55,5,0.0,1,0,0,56718.84,1,0.5171,1,Medium,0.0
15602678,Cust2678,491,Germany,Female,43,4,0.0,4,1,0,23769.68,1,0.4426,1,Medium,0.0
15602679,Cust2679,491,France,Male,25,5,52522.21,4,1,1,185817.58,0,0.1363,0,Low,7158.78
15602680,Cust2680,835,Spain,Male,35,5,147951.42,4,1,0,98309.97,0,0.2786,0,Low,41219.27
15602681,Cust2681,775,Spain,Female,57,8,0.0,2,1,1,17159.95,0,0.1763,0,Low,0.0
15602682,Cust2682,620,France,Male,64,9,0.0,2,1,0,189123.61,0,0.4803,1,Medium,0.0
15602683,Cust2683,450,Germany,Male,67,10,179955.93,4,1,0,161678.24,1,0.7687,1,High,138332.12
15602684,Cust2684,828,France,Male,27,0,0.0,1,0,1,129285.63,0,0.0891,0,Low,0.0
15602685,Cust2685,790,Germany,Male,41,3,0.0,2,1,0,198238.22,0,0.2577,0,Low,0.0
15602686,Cust2686,514,France,Male,25,9,34429.84,2,0,0,164207.26,0,0.187,0,Low,6438.38
15602687,Cust2687,621,Germany,Male,18,7,211345.27,2,1,1,15917.13,0,0.1404,0,Low,29672.88
15602688,Cust2688,560,France,Male,46,4,185627.25,4,0,0,144053.89,0,0.5858,1,Medium,108740.44
15602689,Cust2689,772,Germany,Female,63,6,170181.61,4,1,1,23914.72,1,0.787,1,High,133932.93
15602690,Cust2690,694,Spain,Female,45,5,3665.44,4,1,0,154914.99,0,0.2485,0,Low,910.86
15602691,Cust2691,597,France,Female,20,9,209102.46,1,1,0,53971.15,0,0.2255,0,Low,47152.6
15602692,Cust2692,834,Spain,Male,34,6,37712.63,1,1,1,69760.57,0,0.0985,0,Low,3714.69
15602693,Cust2693,654,Spain,Female,50,4,133372.25,4,1,1,166436.07,1,0.572,1,Medium,76288.93
15602694,Cust2694,592,Spain,Male,44,6,0.0,1,0,0,26303.55,0,0.2763,0,Low,0.0
15602695,Cust2695,814,France,Male,79,2,157917.63,3,1,0,188744.11,1,0.8541,1,Critical,134877.45
15602696,Cust2696,575,Spain,Female,62,8,0.0,4,0,0,25378.23,1,0.7781,1,High,0.0
15602697,Cust2697,559,France,Male,91,2,177213.03,1,1,0,5068.28,1,0.785,1,High,139112.23
15602698,Cust2698,544,France,Male,30,0,189019.03,3,0,0,5129.68,0,0.2941,0,Low,55590.5
15602699,Cust2699,460,Spain,Female,45,0,74692.2,4,1,1,161967.08,0,0.311,0,Medium,23229.27
15602700,Cust2700,489,Germany,Male,24,0,94776.45,4,1,1,95958.85,0,0.2346,0,Low,22234.56
15602701,Cust2701,395,Germany,Male,19,1,125363.23,2,0,1,101607.44,0,0.2741,0,Low,34362.06
15602702,Cust2702,714,France,Female,86,0,146540.19,2,1,0,166906.85,0,0.8018,1,Critical,117495.92
15602703,Cust2703,645,Spain,Male,54,3,0.0,1,1,1,102621.35,0,0.2596,0,Low,0.0
15602704,Cust2704,817,Germany,Female,66,10,138893.68,3,1,0,191386.46,0,0.3416,0,Medium,47446.08
15602705,Cust2705,656,France,Male,38,1,177614.31,4,1,1,806.86,0,0.1857,0,Low,32982.98
15602706,Cust2706,390,Spain,Male,21,7,37687.57,4,1,0,32516.44,1,0.6186,1,High,23313.53
15602707,Cust2707,660,France,Male,84,9,98661.65,2,1,1,157619.61,0,0.305,0,Medium,30091.8
15602708,Cust2708,437,France,Male,66,8,228326.36,3,1,1,183082.52,0,0.5322,1,Medium,121515.29
15602709,Cust2709,368,Germany,Male,70,3,54239.27,3,1,1,141224.98,0,0.4113,1,Medium,22308.61
15602710,Cust2710,681,Spain,Female,57,0,35915.22,3,0,0,59636.51,1,0.3678,0,Medium,13209.62
15602711,Cust2711,363,France,Male,47,4,186201.96,1,1,1,168116.06,1,0.7484,1,High,139353.55
15602712,Cust2712,554,France,Female,49,6,48607.29,4,1,0,44013.52,0,0.5505,1,Medium,26758.31
15602713,Cust2713,798,France,Female,74,8,114402.38,4,0,0,87734.81,1,0.8861,1,Critical,101371.95
15602714,Cust2714,478,Spain,Male,34,1,177957.92,3,0,1,156872.56,0,0.2772,0,Low,49329.94
15602715,Cust2715,698,France,Female,43,3,0.0,2,1,1,80856.6,0,0.1677,0,Low,0.0
15602716,Cust2716,538,Germany,Male,40,6,225377.74,4,0,1,164964.3,0,0.356,0,Medium,80234.48
15602717,Cust2717,406,Spain,Male,56,7,0.0,1,0,0,120681.28,0,0.3405,0,Medium,0.0
15602718,Cust2718,448,France,Female,89,3,125737.64,1,0,1,172325.34,0,0.5657,1,Medium,71129.78
15602719,Cust2719,387,Germany,Male,86,9,0.0,4,1,1,46988.87,1,0.7495,1,High,0.0
15602720,Cust2720,425,Germany,Female,58,8,72943.47,2,0,0,127110.3,0,0.5083,1,Medium,37077.17
15602721,Cust2721,431,Spain,Female,32,3,0.0,3,1,0,132472.67,0,0.2697,0,Low,0.0
15602722,Cust2722,792,France,Female,87,5,0.0,2,1,0,82911.1,1,0.6047,1,High,0.0
15602723,Cust2723,754,France,Male,41,5,143195.52,4,1,1,86562.59,0,0.2424,0,Low,34710.59
15602724,Cust2724,527,France,Female,44,7,62776.73,4,0,0,183461.34,1,0.6128,1,High,38469.58
15602725,Cust2725,712,Germany,Female,83,3,92782.86,3,1,0,44320.65,1,0.8096,1,Critical,75117.0
15602726,Cust2726,452,Spain,Male,37,3,58256.75,2,0,1,19143.3,0,0.1587,0,Low,9245.35
15602727,Cust2727,669,France,Male,52,4,0.0,3,1,1,103197.36,0,0.2054,0,Low,0.0
15602728,Cust2728,451,France,Male,85,2,91892.73,1,0,0,176053.99,0,0.6048,1,High,55576.72
15602729,Cust2729,671,Spain,Female,41,6,231054.92,2,0,1,195314.3,0,0.2057,0,Low,47528.0
15602730,Cust2730,529,France,Female,64,10,208724.47,1,0,1,179580.58,1,0.7139,1,High,149008.4
15602731,Cust2731,780,France,Female,20,3,0.0,3,1,0,154259.76,0,0.1149,0,Low,0.0
15602732,Cust2732,768,Germany,Male,91,9,119442.38,3,0,1,21762.3,1,0.6437,1,High,76885.06
15602733,Cust2733,517,France,Male,49,5,7869.63,2,0,1,124220.28,0,0.2168,0,Low,1706.14
15602734,Cust2734,370,France,Male,67,1,115574.04,3,0,0,130190.22,1,0.7313,1,High,84519.3
15602735,Cust2735,511,France,Female,55,5,155944.21,2,1,0,98988.2,0,0.4828,1,Medium,75289.86
15602736,Cust2736,491,France,Male,50,5,0.0,1,1,1,168434.75,0,0.2354,0,Low,0.0
15602737,Cust2737,563,Germany,Female,48,0,0.0,1,1,0,196503.32,0,0.3093,0,Medium,0.0
15602738,Cust2738,637,Germany,Female,19,5,229847.19,4,1,1,194479.43,0,0.2079,0,Low,47785.23
15602739,Cust2739,845,Germany,Female,38,1,0.0,4,1,0,4087.56,1,0.3278,0,Medium,0.0
15602740,Cust2740,381,France,Male,46,8,20558.36,2,0,0,7187.95,0,0.3366,0,Medium,6919.94
15602741,Cust2741,628,Spain,Male,45,5,0.0,1,1,1,10678.42,0,0.1672,0,Low,0.0
15602742,Cust2742,435,France,Female,38,3,55707.32,3,1,1,62499.72,0,0.2249,0,Low,12528.58
15602743,Cust2743,623,Spain,Male,65,0,230829.51,2,1,1,149113.16,1,0.6119,1,High,141244.58
15602744,Cust2744,669,France,Female,79,6,157669.95,2,1,0,114950.37,0,0.793,1,High,125032.27
15602745,Cust2745,755,Spain,Male,83,7,0.0,3,1,0,97218.59,0,0.4043,1,Medium,0.0
15602746,Cust2746,630,France,Male,89,4,0.0,1,1,1,146954.92,0,0.4589,1,Medium,0.0
15602747,Cust2747,439,France,Female,66,9,140697.16,1,1,0,51347.19,0,0.6364,1,High,89539.67
15602748,Cust2748,807,France,Female,48,2,210968.22,1,1,0,198272.89,1,0.6894,1,High,145441.49
15602749,Cust2749,553,France,Male,65,8,209230.63,2,0,0,49500.02,0,0.6726,1,High,140728.52
15602750,Cust2750,590,France,Female,27,5,103725.76,4,1,1,74441.97,0,0.1569,0,Low,16274.57
15602751,Cust2751,671,Germany,Male,78,3,212256.81,2,0,1,170437.51,0,0.4692,1,Medium,99590.9
15602752,Cust2752,482,Spain,Male,57,3,117988.53,4,1,0,157638.39,0,0.601,1,High,70911.11
15602753,Cust2753,844,France,Female,30,4,104387.73,1,0,1,30536.09,0,0.1186,0,Low,12380.38
15602754,Cust2754,372,Spain,Male,49,0,60813.36,4,1,1,12386.54,1,0.5737,1,Medium,34888.62
15602755,Cust2755,427,Spain,Male,40,7,206982.5,4,1,1,130823.02,0,0.3802,0,Medium,78694.75
15602756,Cust2756,846,Spain,Male,43,4,155015.88,1,1,1,139107.18,0,0.2482,0,Low,38474.94
15602757,Cust2757,576,Germany,Female,21,7,107779.45,3,1,1,178520.37,0,0.1257,0,Low,13547.88
15602758,Cust2758,797,Germany,Male,19,5,165594.16,3,1,1,6006.65,0,0.0984,0,Low,16294.47
15602759,Cust2759,803,Germany,Male,43,10,0.0,2,1,1,173747.3,0,0.0956,0,Low,0.0
15602760,Cust2760,846,Germany,Male,40,0,49455.96,4,1,0,67495.57,1,0.4822,1,Medium,23847.66
15602761,Cust2761,713,Spain,Female,91,5,0.0,1,1,1,72388.61,0,0.3812,0,Medium,0.0
15602762,Cust2762,692,France,Male,37,5,0.0,3,1,0,128938.18,0,0.2215,0,Low,0.0
15602763,Cust2763,657,France,Male,42,2,19005.46,3,1,1,171992.65,0,0.1439,0,Low,2734.89
15602764,Cust2764,692,France,Male,85,7,83517.06,3,1,0,82659.66,0,0.6447,1,High,53843.45
15602765,Cust2765,478,Spain,Male,81,3,190448.25,2,1,0,1351.4,0,0.5456,1,Medium,103908.57
15602766,Cust2766,758,France,Male,22,8,63335.04,2,0,0,129612.21,0,0.1908,0,Low,12084.33
15602767,Cust2767,443,Germany,Female,24,10,202728.76,1,1,0,110716.72,1,0.3671,0,Medium,74421.73
15602768,Cust2768,590,Spain,Male,25,9,238813.39,1,0,1,194293.76,0,0.16,0,Low,38210.14
15602769,Cust2769,537,Spain,Male,52,6,55992.61,3,0,0,105605.99,0,0.3601,0,Medium,20162.94
15602770,Cust2770,731,France,Female,60,7,0.0,3,1,1,126076.74,1,0.3652,0,Medium,0.0
15602771,Cust2771,477,Spain,Male,44,9,0.0,3,0,1,174737.52,0,0.1649,0,Low,0.0
15602772,Cust2772,453,Spain,Male,18,10,0.0,4,1,1,54021.4,0,0.1264,0,Low,0.0
15602773,Cust2773,755,France,Male,32,7,120550.0,1,1,1,2855.16,1,0.6151,1,High,74150.3
15602774,Cust2774,593,Spain,Female,63,10,0.0,2,1,1,149844.86,0,0.2824,0,Low,0.0
15602775,Cust2775,711,France,Female,45,10,194673.33,1,1,1,136590.44,0,0.3021,0,Medium,58810.81
15602776,Cust2776,790,Germany,Female,27,1,0.0,2,1,0,176161.89,0,0.0838,0,Low,0.0
15602777,Cust2777,768,Germany,Male,66,5,0.0,3,1,1,46620.54,1,0.4265,1,Medium,0.0
15602778,Cust2778,550,France,Male,63,3,220580.2,3,1,0,85975.51,1,0.6808,1,High,150171.0
15602779,Cust2779,435,France,Male,54,10,0.0,1,1,0,9721.91,0,0.2743,0,Low,0.0
15602780,Cust2780,830,France,Female,87,8,157678.33,1,0,0,142556.52,1,0.8778,1,Critical,138410.04
15602781,Cust2781,505,France,Male,80,9,9601.6,1,1,1,38170.8,0,0.4567,1,Medium,4385.05
15602782,Cust2782,735,Germany,Male,20,3,193991.43,2,0,0,110806.75,0,0.3159,0,Medium,61281.89
15602783,Cust2783,735,France,Male,84,9,222979.3,4,0,1,100937.84,1,0.7771,1,High,173277.21
15602784,Cust2784,571,France,Female,21,0,139159.66,2,1,1,81739.39,0,0.1536,0,Low,21374.92
15602785,Cust2785,431,Germany,Female,53,10,175089.47,1,1,1,9743.8,0,0.2932,0,Low,51336.23
15602786,Cust2786,586,Germany,Female,84,2,0.0,2,1,1,121215.73,0,0.4817,1,Medium,0.0
15602787,Cust2787,422,Germany,Male,90,5,0.0,3,1,1,102309.36,1,0.6386,1,High,0.0
15602788,Cust2788,526,Spain,Female,19,7,199526.6,2,1,1,48451.22,0,0.1605,0,Low,32024.02
15602789,Cust2789,541,France,Female,23,8,218990.29,4,1,1,132418.8,0,0.1672,0,Low,36615.18
15602790,Cust2790,609,Spain,Female,35,2,28804.07,1,1,0,194363.16,1,0.4034,1,Medium,11619.56
15602791,Cust2791,443,France,Female,38,6,4296.48,2,1,1,186144.88,0,0.0925,0,Low,397.42
15602792,Cust2792,773,Germany,Female,38,5,93397.97,2,1,1,177701.15,0,0.1821,0,Low,17007.77
15602793,Cust2793,389,Spain,Female,48,8,0.0,2,0,0,150335.52,1,0.4976,1,Medium,0.0
15602794,Cust2794,843,Spain,Male,41,3,193332.59,2,0,1,160145.29,0,0.2586,0,Low,49995.81
15602795,Cust2795,506,Germany,Female,61,8,2149.31,3,0,0,142605.13,1,0.6796,1,High,1460.67
15602796,Cust2796,595,Germany,Male,81,6,0.0,2,1,1,81919.19,0,0.5218,1,Medium,0.0
15602797,Cust2797,788,France,Male,58,8,0.0,1,1,1,37660.59,1,0.5029,1,Medium,0.0
15602798,Cust2798,677,Germany,Male,42,9,174456.35,3,1,1,151419.94,0,0.1798,0,Low,31367.25
15602799,Cust2799,378,Spain,Female,60,4,127314.65,2,1,0,123272.2,1,0.7699,1,High,98019.55
15602800,Cust2800,652,Spain,Female,63,4,0.0,4,1,0,161520.26,0,0.5762,1,Medium,0.0
15602801,Cust2801,633,France,Female,84,8,109267.35,4,1,0,190722.66,1,0.8659,1,Critical,94614.6
15602802,Cust2802,817,France,Female,88,8,86460.21,1,0,0,78709.91,1,0.7771,1,High,67188.23
15602803,Cust2803,632,Germany,Female,38,9,0.0,2,1,0,180775.06,0,0.3421,0,Medium,0.0
15602804,Cust2804,847,France,Female,85,6,111111.24,4,1,0,13801.25,1,0.8177,1,Critical,90855.66
15602805,Cust2805,615,France,Male,78,6,75856.61,4,0,0,51111.75,1,0.8812,1,Critical,66844.84
15602806,Cust2806,446,France,Male,27,0,0.0,2,1,0,93468.46,0,0.19,0,Low,0.0
15602807,Cust2807,603,Germany,Male,59,5,180818.4,3,1,0,187872.38,1,0.7583,1,High,137114.59
15602808,Cust2808,809,France,Female,29,2,49219.36,1,0,1,194531.12,0,0.1567,0,Low,7712.67
15602809,Cust2809,358,France,Female,54,9,185026.49,3,0,0,102192.84,0,0.4479,1,Medium,82873.36
15602810,Cust2810,549,France,Female,21,1,0.0,4,1,1,116585.17,0,0.2067,0,Low,0.0
15602811,Cust2811,373,Spain,Male,40,8,107818.33,2,1,1,89898.41,1,0.5572,1,Medium,60076.37
15602812,Cust2812,771,Germany,Male,61,9,54355.51,2,1,0,178564.15,0,0.3382,0,Medium,18383.03
15602813,Cust2813,606,France,Female,40,5,28324.46,3,1,0,170721.86,0,0.3703,0,Medium,10488.55
15602814,Cust2814,708,France,Female,18,7,99765.91,4,1,1,50649.52,0,0.0833,0,Low,8310.5
15602815,Cust2815,835,Germany,Male,46,6,138770.35,3,1,0,13462.49,0,0.3736,0,Medium,51844.6
15602816,Cust2816,766,France,Male,58,7,75530.42,2,1,1,14651.04,1,0.4551,1,Medium,34373.89
15602817,Cust2817,554,Germany,Female,74,7,0.0,2,0,0,180136.25,0,0.6337,1,High,0.0
15602818,Cust2818,818,France,Male,28,2,62409.33,1,0,0,145553.68,0,0.2675,0,Low,16694.5
15602819,Cust2819,586,Spain,Male,53,7,61414.35,4,1,1,34405.16,0,0.2512,0,Low,15427.28
15602820,Cust2820,840,France,Male,32,9,0.0,2,0,1,140515.85,0,0.0805,0,Low,0.0
15602821,Cust2821,842,Germany,Male,29,3,0.0,4,1,1,81872.44,0,0.0821,0,Low,0.0
15602822,Cust2822,461,France,Male,27,3,0.0,2,0,1,116845.22,1,0.2428,0,Low,0.0
15602823,Cust2823,740,Spain,Male,74,3,0.0,2,0,1,119705.35,0,0.3698,0,Medium,0.0
15602824,Cust2824,699,Spain,Male,86,10,0.0,4,1,0,136371.7,1,0.8103,1,Critical,0.0
15602825,Cust2825,735,Germany,Female,67,9,0.0,1,0,0,56592.98,0,0.3809,0,Medium,0.0
15602826,Cust2826,434,France,Male,45,3,166897.81,4,0,0,185012.74,1,0.5767,1,Medium,96249.97
15602827,Cust2827,602,France,Female,88,10,170068.24,4,1,1,175606.43,0,0.5911,1,Medium,100527.34
15602828,Cust2828,425,Spain,Male,54,8,0.0,1,0,0,2455.66,0,0.2872,0,Low,0.0
15602829,Cust2829,799,Germany,Female,57,4,79149.09,1,1,1,137297.69,1,0.6152,1,High,48692.52
15602830,Cust2830,787,France,Male,64,9,0.0,2,1,0,108044.09,1,0.6305,1,High,0.0
15602831,Cust2831,641,France,Female,66,10,239772.58,4,0,0,101461.09,1,0.8336,1,Critical,199874.42
15602832,Cust2832,415,France,Female,54,9,108490.05,2,0,0,22517.55,1,0.6729,1,High,73002.95
15602833,Cust2833,679,Spain,Female,53,5,166320.84,1,0,1,107644.41,0,0.3142,0,Medium,52258.01
15602834,Cust2834,570,Germany,Female,41,2,110587.42,2,1,1,147403.81,0,0.2054,0,Low,22714.66
15602835,Cust2835,744,Germany,Female,68,1,233150.42,1,1,0,2924.41,1,0.7504,1,High,174956.08
15602836,Cust2836,399,Germany,Female,67,9,0.0,3,1,1,84776.54,1,0.5259,1,Medium,0.0
15602837,Cust2837,553,France,Female,50,8,114599.99,1,1,0,124213.34,0,0.4882,1,Medium,55947.72
15602838,Cust2838,531,France,Male,70,7,0.0,2,1,1,29720.02,0,0.3728,0,Medium,0.0
15602839,Cust2839,827,France,Female,28,0,182162.0,1,1,0,197684.12,0,0.3139,0,Medium,57180.65
15602840,Cust2840,499,Spain,Female,48,10,180327.22,1,1,0,137621.25,1,0.7684,1,High,138563.44
15602841,Cust2841,844,France,Female,91,1,184860.47,3,1,0,136863.94,1,0.7702,1,High,142379.53
15602842,Cust2842,811,France,Female,72,6,183235.06,4,1,1,90330.34,1,0.704,1,High,128997.48
15602843,Cust2843,644,France,Male,71,10,117439.57,2,1,1,16952.33,1,0.7848,1,High,92166.57
15602844,Cust2844,437,France,Female,81,2,38891.12,1,0,0,180499.84,0,0.6278,1,High,24415.85
15602845,Cust2845,461,Germany,Female,63,5,217609.53,4,1,1,11284.4,1,0.8214,1,Critical,178744.47
15602846,Cust2846,358,France,Female,67,9,81208.3,2,1,1,155660.97,0,0.3585,0,Medium,29113.18
15602847,Cust2847,738,France,Male,53,2,27579.52,2,1,0,33768.91,0,0.3867,1,Medium,10665.0
15602848,Cust2848,713,Spain,Female,79,1,32195.49,4,1,0,143715.75,0,0.6093,1,High,19616.71
15602849,Cust2849,511,France,Male,70,5,0.0,3,0,0,97785.52,0,0.497,1,Medium,0.0
15602850,Cust2850,716,France,Male,56,8,106483.49,3,1,1,90761.81,0,0.2226,0,Low,23703.22
15602851,Cust2851,639,France,Female,27,6,165881.66,3,1,1,199786.26,0,0.1678,0,Low,27834.94
15602852,Cust2852,759,Spain,Male,77,4,0.0,1,0,0,199483.58,0,0.3436,0,Medium,0.0
15602853,Cust2853,393,France,Female,42,7,26852.99,2,1,0,10919.98,0,0.3624,0,Medium,9731.52
15602854,Cust2854,449,Spain,Female,44,0,74187.19,3,1,1,179302.45,1,0.3503,0,Medium,25987.77
15602855,Cust2855,754,Spain,Male,27,3,224063.7,4,1,0,1137.72,0,0.257,0,Low,57584.37
15602856,Cust2856,535,Germany,Male,34,9,0.0,3,1,0,120181.59,0,0.2924,0,Low,0.0
15602857,Cust2857,830,France,Male,27,4,0.0,2,1,0,164061.42,0,0.0939,0,Low,0.0
15602858,Cust2858,791,Germany,Female,25,10,0.0,4,1,0,64336.14,0,0.1017,0,Low,0.0
15602859,Cust2859,397,France,Female,19,6,0.0,3,1,0,140378.95,0,0.3079,0,Medium,0.0
15602860,Cust2860,552,France,Female,39,10,0.0,1,0,1,121038.9,0,0.1133,0,Low,0.0
15602861,Cust2861,716,Germany,Male,73,6,0.0,2,0,1,91863.12,0,0.4345,1,Medium,0.0
15602862,Cust2862,418,France,Male,81,4,0.0,4,1,1,170215.21,0,0.4472,1,Medium,0.0
15602863,Cust2863,781,France,Male,34,10,0.0,2,1,1,136680.0,0,0.0551,0,Low,0.0
15602864,Cust2864,399,France,Male,49,2,0.0,3,1,1,159083.47,0,0.1753,0,Low,0.0
15602865,Cust2865,404,France,Female,79,4,199692.81,1,1,1,15245.2,1,0.6878,1,High,137348.71
15602866,Cust2866,622,France,Male,70,7,120888.97,3,0,0,41468.55,0,0.7092,1,High,85734.46
15602867,Cust2867,473,Germany,Female,84,9,7068.38,2,0,1,119986.38,0,0.5806,1,Medium,4103.9
15602868,Cust2868,670,Spain,Male,49,2,0.0,1,0,1,164924.59,0,0.1835,0,Low,0.0
15602869,Cust2869,546,France,Female,30,10,0.0,4,1,1,154232.03,0,0.128,0,Low,0.0
15602870,Cust2870,485,Germany,Female,28,4,175939.03,2,1,1,93645.39,0,0.203,0,Low,35715.62
15602871,Cust2871,769,France,Female,70,3,121575.87,4,1,1,164135.02,0,0.2609,0,Low,31719.14
15602872,Cust2872,429,France,Male,19,1,246427.27,3,0,0,177289.73,0,0.3026,0,Medium,74568.89
15602873,Cust2873,597,France,Male,52,0,29261.47,4,1,0,118565.39,0,0.3847,1,Medium,11256.89
15602874,Cust2874,434,France,Male,44,6,39572.05,2,0,0,29931.01,0,0.3662,0,Medium,14491.28
15602875,Cust2875,418,France,Male,86,6,64581.84,3,1,0,121168.43,0,0.6064,1,High,39162.43
15602876,Cust2876,452,France,Male,91,1,200886.23,4,0,1,62758.25,1,0.8403,1,Critical,168804.7
15602877,Cust2877,478,France,Female,53,9,0.0,3,0,1,71572.95,0,0.2006,0,Low,0.0
15602878,Cust2878,556,Germany,Female,60,5,193190.46,3,0,1,178724.18,1,0.6978,1,High,134808.3
15602879,Cust2879,584,France,Female,46,0,219905.71,4,0,1,197065.21,1,0.4325,1,Medium,95109.22
15602880,Cust2880,419,France,Male,75,9,0.0,2,1,1,141953.37,0,0.5147,1,Medium,0.0
15602881,Cust2881,369,France,Male,39,2,79643.24,3,1,0,62704.77,0,0.3283,0,Medium,26146.88
15602882,Cust2882,397,Germany,Male,73,7,150095.53,3,1,0,55987.23,1,0.8451,1,Critical,126845.73
15602883,Cust2883,666,France,Male,84,7,102467.93,4,1,0,8441.49,1,0.8642,1,Critical,88552.79
15602884,Cust2884,837,Germany,Female,30,8,130960.15,4,1,0,11956.86,0,0.2276,0,Low,29806.53
15602885,Cust2885,362,France,Male,34,8,0.0,2,1,1,14946.69,0,0.1092,0,Low,0.0
15602886,Cust2886,367,France,Female,45,10,99095.63,4,1,0,135283.31,0,0.4998,1,Medium,49528.0
15602887,Cust2887,741,Spain,Male,79,0,0.0,3,0,1,38098.12,0,0.435,1,Medium,0.0
15602888,Cust2888,713,France,Male,65,4,21860.11,2,1,0,16367.75,0,0.3403,0,Medium,7439.0
15602889,Cust2889,717,France,Male,32,4,0.0,2,0,1,198103.25,0,0.0906,0,Low,0.0
15602890,Cust2890,436,France,Male,45,4,9446.48,4,1,1,142807.51,1,0.2734,0,Low,2582.67
15602891,Cust2891,783,Spain,Male,65,2,229878.9,1,1,1,120487.77,1,0.5404,1,Medium,124226.56
15602892,Cust2892,662,Germany,Male,89,2,0.0,4,0,1,109467.99,0,0.4704,1,Medium,0.0
15602893,Cust2893,429,Germany,Female,51,10,214824.41,1,0,0,191472.18,1,0.8025,1,Critical,172396.59
15602894,Cust2894,407,Spain,Female,23,9,137060.44,3,1,1,123062.93,0,0.1918,0,Low,26288.19
15602895,Cust2895,651,France,Male,25,7,49083.72,4,1,1,7238.08,0,0.1308,0,Low,6420.15
15602896,Cust2896,740,Spain,Male,20,6,57832.1,1,1,0,117884.8,0,0.1404,0,Low,8119.63
15602897,Cust2897,741,France,Female,27,5,0.0,3,1,1,86138.82,0,0.0471,0,Low,0.0
15602898,Cust2898,644,Germany,Male,48,7,198505.68,3,1,0,199827.83,1,0.6721,1,High,133415.67
15602899,Cust2899,608,France,Female,38,9,0.0,1,1,0,97069.79,0,0.2249,0,Low,0.0
15602900,Cust2900,698,France,Male,40,4,60557.86,3,1,1,156606.08,0,0.1475,0,Low,8932.28
15602901,Cust2901,415,Spain,Female,74,5,173169.48,4,1,0,163679.71,0,0.8103,1,Critical,140319.23
15602902,Cust2902,532,France,Female,53,10,0.0,4,1,0,10379.78,1,0.4584,1,Medium,0.0
15602903,Cust2903,399,Spain,Female,71,10,0.0,4,1,0,192709.78,1,0.7987,1,High,0.0
15602904,Cust2904,770,France,Female,58,2,15134.06,2,1,0,103919.39,0,0.2542,0,Low,3847.08
15602905,Cust2905,653,Germany,Male,33,2,0.0,3,1,0,165910.06,0,0.21,0,Low,0.0
15602906,Cust2906,739,Spain,Male,88,2,57305.32,1,1,0,128194.14,0,0.5703,1,Medium,32681.22
15602907,Cust2907,599,France,Male,53,0,153025.08,2,1,0,90195.11,0,0.4663,1,Medium,71355.59
15602908,Cust2908,815,Spain,Female,79,7,0.0,4,1,1,54786.32,0,0.4011,1,Medium,0.0
15602909,Cust2909,815,Germany,Female,25,4,245082.74,2,1,0,37604.9,0,0.1889,0,Low,46296.13
15602910,Cust2910,658,Germany,Male,80,0,147648.49,3,1,0,142428.4,1,0.8624,1,Critical,127332.06
15602911,Cust2911,767,France,Male,70,2,142826.39,4,0,0,15523.95,1,0.6458,1,High,92237.28
15602912,Cust2912,680,Germany,Female,36,5,0.0,3,1,0,48683.91,0,0.2657,0,Low,0.0
15602913,Cust2913,712,Germany,Male,76,9,248291.2,1,0,0,105089.79,1,0.83,1,Critical,206081.7
15602914,Cust2914,473,France,Female,72,7,0.0,4,0,0,43962.4,1,0.7393,1,High,0.0
15602915,Cust2915,842,France,Male,84,5,148473.87,1,1,0,109963.58,1,0.6722,1,High,99804.14
15602916,Cust2916,442,France,Male,33,2,215881.2,4,0,1,72236.96,1,0.7445,1,High,160723.55
15602917,Cust2917,697,Spain,Female,83,3,0.0,1,0,0,53855.88,1,0.673,1,High,0.0
15602918,Cust2918,654,France,Female,74,8,191057.34,2,1,0,143173.47,1,0.8221,1,Critical,157068.24
15602919,Cust2919,396,Germany,Male,43,8,0.0,3,1,1,48518.59,0,0.2138,0,Low,0.0
15602920,Cust2920,738,Spain,Male,43,9,140812.77,1,1,0,39440.9,0,0.4097,1,Medium,57690.99
15602921,Cust2921,388,France,Male,36,5,216689.04,2,0,0,33942.4,0,0.3762,0,Medium,81518.42
15602922,Cust2922,605,France,Female,53,3,177414.28,4,0,1,40550.69,1,0.4472,1,Medium,79339.67
15602923,Cust2923,758,Germany,Male,84,5,179183.37,4,0,0,2527.04,0,0.515,1,Medium,92279.44
15602924,Cust2924,412,France,Female,79,9,227435.37,3,0,1,143081.0,0,0.5805,1,Medium,132026.23
15602925,Cust2925,530,Germany,Female,28,1,0.0,4,1,1,113092.37,0,0.182,0,Low,0.0
15602926,Cust2926,604,Germany,Female,27,9,63855.98,4,1,1,9557.6,0,0.128,0,Low,8173.57
15602927,Cust2927,813,Germany,Male,22,10,45906.3,4,1,1,96524.76,0,0.1154,0,Low,5297.59
15602928,Cust2928,541,France,Female,63,9,0.0,2,1,0,166999.98,1,0.5318,1,Medium,0.0
15602929,Cust2929,409,Germany,Female,41,7,58728.04,2,1,1,95873.96,0,0.1776,0,Low,10430.1
15602930,Cust2930,415,Germany,Male,74,4,0.0,4,0,0,199972.72,1,0.6027,1,High,0.0
15602931,Cust2931,449,France,Female,74,9,0.0,2,0,1,20482.61,0,0.4171,1,Medium,0.0
15602932,Cust2932,784,Germany,Female,32,1,0.0,3,1,1,122780.36,0,0.0926,0,Low,0.0
15602933,Cust2933,737,Spain,Male,69,8,228368.6,3,0,0,105277.93,0,0.638,1,High,145699.17
15602934,Cust2934,559,Germany,Female,74,4,0.0,4,1,0,117148.35,1,0.6904,1,High,0.0
15602935,Cust2935,774,France,Male,91,5,247035.23,4,1,1,103637.3,1,0.7648,1,High,188932.54
15602936,Cust2936,810,France,Male,71,5,0.0,2,1,0,112482.78,0,0.3645,0,Medium,0.0
15602937,Cust2937,784,France,Female,44,0,0.0,2,1,1,181949.37,0,0.1376,0,Low,0.0
15602938,Cust2938,352,France,Male,91,10,0.0,4,1,1,72879.68,0,0.5277,1,Medium,0.0
15602939,Cust2939,399,France,Female,38,7,190729.39,2,1,0,132000.23,0,0.4321,1,Medium,82414.17
15602940,Cust2940,713,Spain,Male,77,6,0.0,3,1,0,44408.35,0,0.485,1,Medium,0.0
15602941,Cust2941,541,France,Male,45,1,0.0,3,0,0,71056.85,0,0.2134,0,Low,0.0
15602942,Cust2942,429,Spain,Female,87,8,0.0,2,1,0,107522.28,1,0.8026,1,Critical,0.0
15602943,Cust2943,673,France,Male,75,10,105617.78,3,1,0,141749.71,1,0.7101,1,High,74999.19
15602944,Cust2944,528,France,Female,62,8,0.0,3,1,0,182689.0,0,0.5671,1,Medium,0.0
15602945,Cust2945,810,France,Male,33,2,0.0,1,1,1,140753.35,0,0.0769,0,Low,0.0
15602946,Cust2946,638,France,Male,31,1,239841.31,1,1,1,137871.06,0,0.1955,0,Low,46888.98
15602947,Cust2947,469,Spain,Male,88,4,186738.19,2,1,0,85538.64,0,0.8157,1,Critical,152322.34
15602948,Cust2948,818,Spain,Male,77,0,0.0,4,1,1,47374.83,1,0.5933,1,Medium,0.0
15602949,Cust2949,650,Spain,Male,55,6,226861.1,2,1,1,142010.85,0,0.3185,0,Medium,72255.26
15602950,Cust2950,498,France,Male,82,5,44487.97,2,1,1,74753.87,1,0.599,1,Medium,26648.29
15602951,Cust2951,421,Spain,Male,75,5,105532.75,2,1,1,174946.87,0,0.3982,1,Medium,42023.14
15602952,Cust2952,628,France,Female,46,10,162917.45,4,1,0,172343.1,1,0.5237,1,Medium,85319.87
15602953,Cust2953,724,Spain,Male,79,7,205615.28,1,1,1,15698.98,0,0.5443,1,Medium,111916.4
15602954,Cust2954,768,Germany,Female,76,4,0.0,3,0,0,7695.03,1,0.6673,1,High,0.0
15602955,Cust2955,413,France,Female,53,8,30382.77,3,0,0,92149.56,0,0.4172,1,Medium,12675.69
15602956,Cust2956,566,France,Female,19,4,0.0,1,0,0,44872.31,0,0.1704,0,Low,0.0
15602957,Cust2957,850,France,Female,72,8,73513.42,1,1,0,47898.42,1,0.5178,1,Medium,38065.25
15602958,Cust2958,681,France,Female,43,10,0.0,3,1,1,82136.46,0,0.0746,0,Low,0.0
15602959,Cust2959,396,Spain,Female,44,9,248557.47,1,1,1,156295.21,0,0.3829,1,Medium,95172.66
15602960,Cust2960,809,Spain,Female,70,5,39263.95,1,1,0,33066.21,0,0.3539,0,Medium,13895.51
15602961,Cust2961,693,Spain,Female,78,5,26095.13,2,1,1,190413.34,0,0.2926,0,Low,7635.44
15602962,Cust2962,580,France,Male,24,4,0.0,1,1,0,121194.21,0,0.2153,0,Low,0.0
15602963,Cust2963,739,Germany,Female,78,5,216032.01,1,1,0,153086.2,0,0.6888,1,High,148802.85
15602964,Cust2964,674,France,Male,39,10,40552.07,3,1,1,31631.49,1,0.1148,0,Low,4655.38
15602965,Cust2965,479,Germany,Male,59,9,0.0,3,0,0,30011.62,1,0.5586,1,Medium,0.0
15602966,Cust2966,749,France,Female,82,6,0.0,4,1,1,63277.23,0,0.4894,1,Medium,0.0
15602967,Cust2967,477,France,Female,34,3,158074.52,3,0,1,178958.92,0,0.2078,0,Low,32847.89
15602968,Cust2968,464,Germany,Female,34,4,38673.13,1,0,0,167382.47,1,0.2533,0,Low,9795.9
15602969,Cust2969,648,France,Male,89,2,0.0,3,1,0,53207.62,0,0.5468,1,Medium,0.0
15602970,Cust2970,359,France,Female,45,2,0.0,1,0,0,83256.33,1,0.439,1,Medium,0.0
15602971,Cust2971,665,Germany,Female,88,0,130648.98,1,1,0,99962.49,1,0.821,1,Critical,107262.81
15602972,Cust2972,625,France,Male,44,8,7615.96,1,1,1,64932.88,0,0.1982,0,Low,1509.48
15602973,Cust2973,710,Spain,Female,63,8,0.0,1,1,0,190027.49,0,0.4702,1,Medium,0.0
15602974,Cust2974,429,Germany,Female,55,1,53545.56,4,1,1,135878.29,0,0.3613,0,Medium,19346.01
15602975,Cust2975,640,Spain,Female,90,7,111524.25,3,1,0,86257.25,1,0.7825,1,High,87267.73
15602976,Cust2976,571,Germany,Male,58,1,0.0,3,1,0,1573.57,0,0.2536,0,Low,0.0
15602977,Cust2977,437,Germany,Male,55,3,0.0,1,1,0,11581.1,0,0.346,0,Medium,0.0
15602978,Cust2978,576,Germany,Male,52,2,0.0,1,1,0,109602.47,1,0.611,1,High,0.0
15602979,Cust2979,812,Spain,Female,45,1,33362.27,1,1,1,151105.74,0,0.1767,0,Low,5895.11
15602980,Cust2980,762,Germany,Female,50,8,11342.33,3,0,1,123305.57,1,0.4101,1,Medium,4651.49
15602981,Cust2981,433,France,Male,52,0,65105.02,4,0,1,162276.94,0,0.2997,0,Low,19511.97
15602982,Cust2982,774,France,Female,74,4,101067.01,3,1,1,154798.47,1,0.608,1,High,61448.74
15602983,Cust2983,633,Germany,Male,21,5,0.0,1,0,0,160673.79,0,0.1931,0,Low,0.0
15602984,Cust2984,373,France,Female,55,6,7581.81,2,0,0,121832.41,0,0.3763,0,Medium,2853.04
15602985,Cust2985,810,France,Male,58,2,87747.54,2,0,1,172519.66,0,0.3181,0,Medium,27912.49
15602986,Cust2986,613,France,Female,73,5,232361.01,2,0,0,67457.6,0,0.7294,1,High,169484.12
15602987,Cust2987,807,Germany,Male,67,8,144095.04,1,0,1,30791.22,0,0.4068,1,Medium,58617.86
15602988,Cust2988,399,France,Male,49,4,206690.86,2,1,1,160108.29,0,0.4313,1,Medium,89145.77
15602989,Cust2989,434,Germany,Female,26,10,120878.52,1,1,0,59646.44,0,0.2995,0,Low,36203.12
15602990,Cust2990,801,Spain,Female,45,4,0.0,1,1,1,46016.1,0,0.1534,0,Low,0.0
15602991,Cust2991,469,Spain,Male,36,8,46734.78,4,0,1,111321.33,0,0.1819,0,Low,8501.06
15602992,Cust2992,625,France,Female,33,1,189520.58,1,0,0,112331.18,0,0.4097,1,Medium,77646.58
15602993,Cust2993,651,Germany,Male,71,9,216026.88,4,1,1,15066.24,1,0.5616,1,Medium,121320.7
15602994,Cust2994,825,Germany,Male,53,5,116885.45,1,1,0,124870.94,1,0.532,1,Medium,62183.06
15602995,Cust2995,518,France,Female,76,10,123114.16,1,1,0,45571.79,0,0.7238,1,High,89110.03
15602996,Cust2996,727,Germany,Male,28,7,112530.57,4,1,0,26658.56,1,0.3989,1,Medium,44888.44
15602997,Cust2997,716,France,Female,90,8,4590.78,1,0,0,192945.26,1,0.7561,1,High,3471.09
15602998,Cust2998,701,Spain,Male,53,1,23877.46,1,0,1,58335.35,0,0.2799,0,Low,6683.3
15602999,Cust2999,611,France,Male,36,6,247972.02,2,1,1,82317.75,0,0.1614,0,Low,40022.68
15603000,Cust3000,385,Spain,Female,44,8,0.0,1,1,0,28645.43,0,0.2256,0,Low,0.0
15603001,Cust3001,483,Germany,Female,80,8,87242.26,3,1,0,189335.41,0,0.5401,1,Medium,47119.54
15603002,Cust3002,631,France,Female,70,4,172671.56,3,0,1,3128.69,0,0.3564,0,Medium,61540.14
15603003,Cust3003,555,Germany,Female,30,6,106207.74,3,0,1,1886.6,0,0.1281,0,Low,13605.21
15603004,Cust3004,442,France,Female,91,1,0.0,1,1,0,81152.1,1,0.7384,1,High,0.0
15603005,Cust3005,696,Spain,Male,27,4,0.0,2,1,1,24201.67,0,0.0655,0,Low,0.0
15603006,Cust3006,581,Germany,Female,38,5,0.0,1,0,1,38930.26,1,0.3737,0,Medium,0.0
15603007,Cust3007,743,France,Female,71,0,33686.07,4,1,0,57530.24,1,0.4824,1,Medium,16250.16
15603008,Cust3008,624,France,Female,57,10,51205.52,1,1,1,93834.95,0,0.2851,0,Low,14598.69
15603009,Cust3009,535,Spain,Female,50,7,132075.95,4,0,0,177998.56,0,0.4652,1,Medium,61441.73
15603010,Cust3010,404,France,Male,86,2,0.0,4,1,0,84449.27,0,0.6516,1,High,0.0
15603011,Cust3011,402,Spain,Male,76,9,103520.27,3,0,0,157836.35,0,0.533,1,Medium,55176.3
15603012,Cust3012,604,Spain,Male,89,7,73393.47,4,0,0,192133.07,1,0.7818,1,High,57379.01
15603013,Cust3013,526,Germany,Male,38,7,100418.0,4,1,1,168802.3,1,0.5709,1,Medium,57328.64
15603014,Cust3014,709,France,Male,80,10,23585.83,4,1,0,170631.76,0,0.727,1,High,17146.9
15603015,Cust3015,665,Germany,Male,33,4,0.0,2,1,1,159817.04,1,0.0999,0,Low,0.0
15603016,Cust3016,492,Spain,Female,77,3,0.0,4,1,1,22930.7,0,0.4995,1,Medium,0.0
15603017,Cust3017,730,France,Female,58,6,168943.67,2,0,1,34180.83,0,0.321,0,Medium,54230.92
15603018,Cust3018,633,France,Female,62,9,111167.41,1,1,1,54861.52,0,0.3516,0,Medium,39086.46
15603019,Cust3019,790,France,Male,26,8,153537.7,2,0,0,134959.48,0,0.1286,0,Low,19744.95
15603020,Cust3020,827,France,Female,83,8,0.0,4,0,0,83804.45,1,0.7972,1,High,0.0
15603021,Cust3021,831,Germany,Male,38,8,12888.79,1,0,0,100519.2,0,0.1764,0,Low,2273.58
15603022,Cust3022,413,France,Male,62,0,98605.33,3,0,1,162546.47,0,0.2634,0,Low,25972.64
15603023,Cust3023,615,Germany,Female,30,5,164207.17,1,1,1,6601.52,0,0.168,0,Low,27586.8
15603024,Cust3024,364,France,Female,86,3,0.0,2,1,0,173140.82,0,0.7395,1,High,0.0
15603025,Cust3025,790,France,Female,41,3,89743.25,4,0,0,112868.63,0,0.3211,0,Medium,28816.56
15603026,Cust3026,702,France,Male,74,9,204818.03,4,1,1,118301.6,1,0.7623,1,High,156132.78
15603027,Cust3027,481,Spain,Male,74,4,189228.99,4,0,0,56101.89,1,0.8849,1,Critical,167448.73
15603028,Cust3028,654,Germany,Female,58,9,0.0,4,1,0,32981.1,0,0.5751,1,Medium,0.0
15603029,Cust3029,630,France,Male,26,9,0.0,3,1,0,114402.07,0,0.2356,0,Low,0.0
15603030,Cust3030,622,Spain,Female,38,5,0.0,1,0,0,168450.11,1,0.2058,0,Low,0.0
15603031,Cust3031,620,France,Male,63,1,109367.67,3,1,0,151147.1,0,0.6199,1,High,67797.02
15603032,Cust3032,843,France,Male,57,7,193390.05,2,1,1,159941.1,1,0.6896,1,High,133361.78
15603033,Cust3033,735,France,Female,61,9,205791.64,1,1,0,67490.17,0,0.6404,1,High,131788.97
15603034,Cust3034,551,Spain,Female,36,4,20713.56,3,1,1,125758.76,0,0.1382,0,Low,2862.61
15603035,Cust3035,737,Germany,Male,57,2,151647.65,1,0,1,113073.51,1,0.5676,1,Medium,86075.21
15603036,Cust3036,420,Germany,Male,24,5,0.0,1,1,0,17771.06,0,0.1275,0,Low,0.0
15603037,Cust3037,492,France,Male,53,10,56764.77,2,1,1,107805.5,0,0.1947,0,Low,11052.1
15603038,Cust3038,408,France,Female,24,5,86839.77,1,1,1,331.27,0,0.1718,0,Low,14919.07
15603039,Cust3039,793,Germany,Female,67,4,98711.99,3,1,1,147101.11,0,0.3577,0,Medium,35309.28
15603040,Cust3040,361,France,Male,59,4,98634.44,4,1,0,177791.24,1,0.8538,1,Critical,84214.08
15603041,Cust3041,796,Spain,Male,81,8,0.0,3,1,1,177541.97,0,0.3406,0,Medium,0.0
15603042,Cust3042,766,Spain,Female,52,3,15201.61,1,1,0,64782.14,0,0.3483,0,Medium,5294.72
15603043,Cust3043,825,France,Male,29,8,194797.44,3,1,0,122121.64,0,0.203,0,Low,39543.88
15603044,Cust3044,733,Germany,Female,35,10,30719.27,4,1,0,149227.31,1,0.6315,1,High,19399.22
15603045,Cust3045,579,Spain,Female,78,8,0.0,4,0,1,128087.06,0,0.5116,1,Medium,0.0
15603046,Cust3046,756,France,Female,88,10,4273.59,1,1,0,2755.88,0,0.5052,1,Medium,2159.02
15603047,Cust3047,844,Germany,Male,22,8,196756.5,1,0,0,104949.6,1,0.6454,1,High,126986.65
15603048,Cust3048,797,Spain,Female,68,9,0.0,1,1,1,102988.07,0,0.3596,0,Medium,0.0
15603049,Cust3049,743,France,Female,53,0,163964.57,2,0,1,161897.47,0,0.3009,0,Medium,49336.94
15603050,Cust3050,734,Spain,Male,37,3,0.0,4,0,1,160808.72,0,0.084,0,Low,0.0
15603051,Cust3051,677,France,Female,55,3,0.0,1,1,0,131765.89,1,0.5036,1,Medium,0.0
15603052,Cust3052,796,Germany,Female,87,9,0.0,3,1,1,31019.86,0,0.4325,1,Medium,0.0
15603053,Cust3053,566,Spain,Male,32,2,0.0,4,1,1,111912.39,0,0.2361,0,Low,0.0
15603054,Cust3054,600,Germany,Male,79,10,181285.25,4,1,0,177211.04,1,0.8465,1,Critical,153457.96
15603055,Cust3055,772,France,Female,24,7,32793.97,2,1,0,32591.55,0,0.1717,0,Low,5630.72
15603056,Cust3056,481,Germany,Female,71,1,234926.05,3,0,0,171486.43,0,0.6635,1,High,155873.43
15603057,Cust3057,732,France,Female,23,7,0.0,2,1,1,16577.32,0,0.0452,0,Low,0.0
15603058,Cust3058,405,France,Female,22,3,418.58,3,1,0,192651.95,0,0.2275,0,Low,95.23
15603059,Cust3059,643,France,Female,20,3,236230.75,4,1,0,193005.96,1,0.8282,1,Critical,195646.31
15603060,Cust3060,367,Germany,Female,77,10,33195.92,3,1,1,196800.01,0,0.3832,1,Medium,12720.68
15603061,Cust3061,849,France,Female,60,8,208485.3,2,1,1,68140.85,0,0.6291,1,High,131158.1
15603062,Cust3062,771,France,Female,69,8,82319.46,4,1,1,170710.17,1,0.3131,0,Medium,25774.22
15603063,Cust3063,474,Spain,Male,29,3,142015.51,2,0,1,68676.11,0,0.169,0,Low,24000.62
15603064,Cust3064,425,France,Male,86,7,0.0,1,1,1,20196.76,1,0.5418,1,Medium,0.0
15603065,Cust3065,671,France,Male,77,3,0.0,1,1,1,86240.07,1,0.5292,1,Medium,0.0
15603066,Cust3066,801,France,Female,54,6,0.0,3,1,1,160424.12,0,0.1336,0,Low,0.0
15603067,Cust3067,510,France,Female,84,4,37145.59,2,1,1,4897.07,0,0.4686,1,Medium,17406.42
15603068,Cust3068,831,Germany,Male,28,6,0.0,4,1,0,88211.83,0,0.1491,0,Low,0.0
15603069,Cust3069,579,France,Male,39,8,40176.0,3,1,0,120577.07,0,0.2911,0,Low,11695.23
15603070,Cust3070,571,France,Male,21,3,5485.92,3,0,1,163120.33,0,0.098,0,Low,537.62
15603071,Cust3071,519,Spain,Male,30,0,0.0,4,0,1,49887.85,1,0.5555,1,Medium,0.0
15603072,Cust3072,485,Spain,Female,80,1,0.0,3,1,1,21955.42,1,0.5225,1,Medium,0.0
15603073,Cust3073,517,Germany,Male,48,9,0.0,1,1,0,40549.42,0,0.2592,0,Low,0.0
15603074,Cust3074,436,Spain,Male,65,10,0.0,3,0,1,122452.78,0,0.3049,0,Medium,0.0
15603075,Cust3075,538,Spain,Male,83,7,186422.81,3,1,1,123614.16,0,0.6236,1,High,116253.26
15603076,Cust3076,495,France,Female,74,1,0.0,4,1,1,71997.16,1,0.5429,1,Medium,0.0
15603077,Cust3077,378,Germany,Female,47,6,218491.13,1,1,1,103478.14,1,0.6565,1,High,143439.43
15603078,Cust3078,531,Germany,Female,43,4,0.0,1,1,1,74606.47,1,0.3804,0,Medium,0.0
15603079,Cust3079,369,France,Female,26,2,57150.62,4,1,1,18157.04,0,0.2616,0,Low,14950.6
15603080,Cust3080,440,France,Female,79,4,0.0,4,1,1,18005.87,0,0.4152,1,Medium,0.0
15603081,Cust3081,713,France,Female,90,8,0.0,2,1,0,101654.01,1,0.6894,1,High,0.0
15603082,Cust3082,362,Germany,Female,55,10,0.0,4,0,0,185931.7,1,0.7175,1,High,0.0
15603083,Cust3083,505,Spain,Male,54,9,103022.76,1,1,1,87516.08,0,0.2568,0,Low,26456.24
15603084,Cust3084,692,Spain,Male,80,2,66622.94,3,1,1,104365.42,1,0.5815,1,Medium,38741.24
15603085,Cust3085,360,France,Male,43,5,0.0,2,0,1,161727.99,0,0.2189,0,Low,0.0
15603086,Cust3086,719,France,Female,48,5,27798.13,3,1,1,109016.69,0,0.1702,0,Low,4731.24
15603087,Cust3087,390,France,Female,84,3,243706.6,4,1,1,10908.69,0,0.6123,1,High,149221.55
15603088,Cust3088,377,Germany,Female,46,4,237602.95,3,1,1,75224.99,0,0.3999,1,Medium,95017.42
15603089,Cust3089,448,Spain,Male,86,4,152197.02,1,1,1,4462.04,1,0.7001,1,High,106553.13
15603090,Cust3090,781,Spain,Female,29,0,0.0,4,1,1,183926.55,0,0.1065,0,Low,0.0
15603091,Cust3091,374,Spain,Female,54,4,9287.36,2,1,0,195954.88,0,0.3685,0,Medium,3422.39
15603092,Cust3092,399,Spain,Female,54,4,109270.76,3,1,1,44707.14,1,0.3724,0,Medium,40692.43
15603093,Cust3093,824,Spain,Female,40,3,221154.16,1,1,1,108960.78,0,0.2546,0,Low,56305.85
15603094,Cust3094,655,France,Female,89,6,2880.54,4,0,1,15240.04,1,0.7393,1,High,2129.58
15603095,Cust3095,634,France,Male,53,7,0.0,4,1,0,44212.69,0,0.3763,0,Medium,0.0
15603096,Cust3096,370,France,Male,83,0,0.0,2,1,1,17530.73,1,0.6116,1,High,0.0
15603097,Cust3097,547,France,Male,34,3,168769.91,2,1,0,798.93,0,0.3674,0,Medium,62006.06
15603098,Cust3098,638,France,Male,43,0,176209.75,2,1,0,130646.46,1,0.5003,1,Medium,88157.74
15603099,Cust3099,616,France,Female,53,9,0.0,4,0,0,87262.31,1,0.6066,1,High,0.0
15603100,Cust3100,611,Spain,Male,59,10,54378.82,3,1,0,139061.85,0,0.4664,1,Medium,25362.28
15603101,Cust3101,406,France,Male,34,5,0.0,1,0,0,193937.58,0,0.2037,0,Low,0.0
15603102,Cust3102,845,Spain,Male,41,10,0.0,4,1,1,179161.59,0,0.1088,0,Low,0.0
15603103,Cust3103,701,Spain,Female,64,6,71633.46,2,1,1,7223.43,0,0.2177,0,Low,15594.6
15603104,Cust3104,471,Germany,Male,38,9,40561.08,1,1,1,81788.47,0,0.1532,0,Low,6213.96
15603105,Cust3105,835,Germany,Female,74,10,0.0,2,1,1,187102.33,0,0.3323,0,Medium,0.0
15603106,Cust3106,501,France,Female,53,6,0.0,1,1,1,192474.63,0,0.243,0,Low,0.0
15603107,Cust3107,415,Germany,Male,89,4,0.0,2,1,1,144722.25,0,0.5942,1,Medium,0.0
15603108,Cust3108,797,France,Female,35,8,133078.79,3,0,1,50622.11,0,0.1038,0,Low,13813.58
15603109,Cust3109,426,Spain,Female,80,1,1505.11,2,1,1,86144.56,0,0.4802,1,Medium,722.75
15603110,Cust3110,380,France,Female,54,3,0.0,2,1,0,56442.87,0,0.4332,1,Medium,0.0
15603111,Cust3111,664,France,Male,24,6,0.0,2,1,1,50779.5,0,0.0638,0,Low,0.0
15603112,Cust3112,482,Germany,Female,70,2,0.0,4,0,0,51742.96,0,0.5693,1,Medium,0.0
15603113,Cust3113,426,Germany,Male,33,5,0.0,1,1,0,137823.2,0,0.1692,0,Low,0.0
15603114,Cust3114,401,France,Male,28,9,38826.73,4,0,0,140839.18,1,0.7746,1,High,30075.19
15603115,Cust3115,413,Germany,Female,57,8,138409.84,2,0,0,113934.04,1,0.6938,1,High,96028.75
15603116,Cust3116,831,France,Male,76,9,0.0,2,1,1,188116.72,0,0.298,0,Low,0.0
15603117,Cust3117,685,Germany,Female,37,9,159504.34,3,1,1,152196.35,0,0.1114,0,Low,17768.78
15603118,Cust3118,772,France,Female,64,3,0.0,4,1,1,84085.8,0,0.3389,0,Medium,0.0
15603119,Cust3119,659,France,Female,19,7,0.0,2,0,0,164645.53,0,0.1741,0,Low,0.0
15603120,Cust3120,622,France,Male,31,4,80726.29,3,1,0,48473.29,0,0.2481,0,Low,20028.19
15603121,Cust3121,459,France,Female,73,10,125495.43,2,1,1,83102.68,1,0.6851,1,High,85976.92
15603122,Cust3122,834,France,Female,18,1,0.0,4,1,0,10558.64,0,0.2231,0,Low,0.0
15603123,Cust3123,762,France,Female,44,2,0.0,4,0,1,183001.06,0,0.1265,0,Low,0.0
15603124,Cust3124,614,France,Male,55,10,0.0,4,1,0,55202.19,1,0.5125,1,Medium,0.0
15603125,Cust3125,402,France,Male,22,2,0.0,3,1,0,20576.64,0,0.1973,0,Low,0.0
15603126,Cust3126,730,Germany,Male,90,6,249944.45,2,1,1,154553.4,1,0.5922,1,Medium,148017.1
15603127,Cust3127,516,France,Male,55,3,83855.36,3,0,1,188970.95,1,0.5244,1,Medium,43973.75
15603128,Cust3128,454,Germany,Male,43,3,0.0,3,1,0,167802.5,1,0.4886,1,Medium,0.0
15603129,Cust3129,720,Spain,Male,90,7,131054.65,1,1,1,64667.29,0,0.4919,1,Medium,64465.78
15603130,Cust3130,769,France,Female,59,8,80456.43,4,0,0,199549.4,0,0.2741,0,Low,22053.11
15603131,Cust3131,657,Spain,Male,68,2,0.0,4,1,1,55178.37,0,0.384,1,Medium,0.0
15603132,Cust3132,387,France,Female,24,10,52574.54,2,1,1,46074.27,0,0.2386,0,Low,12544.29
15603133,Cust3133,650,France,Male,29,0,213915.77,1,1,0,40146.86,0,0.3069,0,Medium,65650.75
15603134,Cust3134,810,Germany,Female,21,1,165894.32,3,0,1,2995.02,0,0.1497,0,Low,24834.38
15603135,Cust3135,693,Spain,Female,56,10,46997.36,1,1,0,116195.32,0,0.338,0,Medium,15885.11
15603136,Cust3136,483,Spain,Male,79,0,101311.79,3,1,1,147047.14,0,0.4368,1,Medium,44252.99
15603137,Cust3137,673,France,Male,84,3,123108.13,2,1,0,121699.79,0,0.653,1,High,80389.61
15603138,Cust3138,474,Spain,Female,60,1,130449.76,3,1,0,106534.42,0,0.6973,1,High,90962.62
15603139,Cust3139,788,France,Female,22,2,99273.73,4,1,0,128293.74,0,0.2472,0,Low,24540.47
15603140,Cust3140,773,France,Male,64,0,146156.95,1,1,1,174240.36,0,0.3027,0,Medium,44241.71
15603141,Cust3141,634,France,Female,65,3,179185.33,1,1,1,61732.69,0,0.4657,1,Medium,83446.61
15603142,Cust3142,417,Spain,Male,62,3,126545.95,3,0,0,95207.91,1,0.795,1,High,100604.03
15603143,Cust3143,551,France,Female,71,1,0.0,2,1,1,180539.01,0,0.3812,0,Medium,0.0
15603144,Cust3144,410,Spain,Female,59,7,0.0,3,0,1,54284.85,0,0.2398,0,Low,0.0
15603145,Cust3145,733,Germany,Male,70,0,124437.95,1,1,0,9460.26,1,0.7936,1,High,98753.96
15603146,Cust3146,691,Germany,Male,53,5,0.0,4,1,1,66588.2,0,0.1686,0,Low,0.0
15603147,Cust3147,479,Germany,Female,29,3,61937.72,1,1,1,132784.75,0,0.1366,0,Low,8460.69
15603148,Cust3148,778,Spain,Female,23,7,32841.22,1,0,1,12650.07,0,0.0994,0,Low,3264.42
15603149,Cust3149,730,France,Female,85,3,73064.27,2,0,1,39291.43,0,0.4248,1,Medium,31037.7
15603150,Cust3150,819,France,Female,50,5,101540.91,4,0,0,86219.03,0,0.4124,1,Medium,41875.47
15603151,Cust3151,490,Germany,Male,41,8,0.0,1,1,0,75030.0,0,0.2182,0,Low,0.0
15603152,Cust3152,437,France,Female,39,1,54357.2,3,0,0,184481.43,0,0.1886,0,Low,10251.77
15603153,Cust3153,590,France,Male,21,4,175536.52,4,0,1,105949.33,0,0.1644,0,Low,28858.2
15603154,Cust3154,482,France,Female,87,6,0.0,3,1,0,177670.06,1,0.7323,1,High,0.0
15603155,Cust3155,720,France,Male,24,8,39597.81,1,1,1,80035.94,0,0.1119,0,Low,4430.99
15603156,Cust3156,563,France,Male,34,5,81582.14,1,1,0,116579.35,0,0.2353,0,Low,19196.28
15603157,Cust3157,664,France,Female,51,8,0.0,3,1,1,112942.99,0,0.156,0,Low,0.0
15603158,Cust3158,436,Spain,Female,44,8,45232.1,3,1,1,32164.3,1,0.476,1,Medium,21530.48
15603159,Cust3159,392,France,Female,20,8,0.0,1,1,1,2977.68,0,0.0784,0,Low,0.0
15603160,Cust3160,819,Spain,Male,42,6,141456.37,2,1,0,53777.72,0,0.262,0,Low,37061.57
15603161,Cust3161,573,Spain,Male,75,10,0.0,1,0,1,10314.57,0,0.3526,0,Medium,0.0
15603162,Cust3162,419,France,Female,36,0,103973.08,3,1,1,149138.55,0,0.1974,0,Low,20524.29
15603163,Cust3163,756,Germany,Female,82,5,76986.67,2,1,1,169093.03,0,0.4145,1,Medium,31910.97
15603164,Cust3164,416,Germany,Female,44,8,0.0,3,0,1,68151.07,0,0.1973,0,Low,0.0
15603165,Cust3165,849,Germany,Male,18,1,46018.65,2,0,0,35093.87,0,0.1681,0,Low,7735.74
15603166,Cust3166,543,France,Female,26,9,0.0,4,1,0,29909.65,1,0.3839,1,Medium,0.0
15603167,Cust3167,583,France,Male,77,0,0.0,1,0,1,101874.41,1,0.5524,1,Medium,0.0
15603168,Cust3168,479,France,Female,48,8,130572.96,1,1,1,88530.53,0,0.3084,0,Medium,40268.7
15603169,Cust3169,393,Germany,Female,90,2,226481.85,1,0,1,188754.7,1,0.7956,1,High,180188.96
15603170,Cust3170,554,Spain,Male,76,7,208134.98,4,0,0,181511.58,1,0.9203,1,Critical,191546.62
15603171,Cust3171,533,Germany,Female,20,9,0.0,2,1,0,189810.1,0,0.1421,0,Low,0.0
15603172,Cust3172,574,Germany,Female,41,8,57440.98,1,1,1,130572.34,0,0.155,0,Low,8903.35
15603173,Cust3173,595,Spain,Female,71,6,0.0,4,1,1,169758.22,1,0.6156,1,High,0.0
15603174,Cust3174,665,Germany,Female,22,9,0.0,4,1,0,161446.31,0,0.2127,0,Low,0.0
15603175,Cust3175,386,France,Male,91,1,0.0,4,0,1,59612.19,0,0.4871,1,Medium,0.0
15603176,Cust3176,531,Spain,Female,30,2,0.0,1,0,1,123138.55,1,0.1592,0,Low,0.0
15603177,Cust3177,782,France,Male,76,1,135839.29,1,1,1,101268.24,0,0.6002,1,High,81530.74
15603178,Cust3178,826,France,Female,80,7,1216.99,2,0,0,113895.83,0,0.4784,1,Medium,582.21
15603179,Cust3179,619,Germany,Male,55,9,0.0,1,1,1,87883.97,1,0.6485,1,High,0.0
15603180,Cust3180,533,Spain,Female,77,10,25109.92,4,1,1,49888.61,0,0.3965,1,Medium,9956.08
15603181,Cust3181,558,France,Male,83,5,0.0,2,0,0,159099.84,0,0.5979,1,Medium,0.0
15603182,Cust3182,741,France,Male,72,1,0.0,2,1,1,30846.17,0,0.3801,0,Medium,0.0
15603183,Cust3183,548,France,Male,70,1,155694.7,3,1,1,54014.21,0,0.4442,1,Medium,69159.59
15603184,Cust3184,823,France,Male,46,6,0.0,2,0,1,163125.28,0,0.1106,0,Low,0.0
15603185,Cust3185,364,France,Female,39,9,16637.82,2,1,1,179534.2,1,0.3693,0,Medium,6144.35
15603186,Cust3186,653,Germany,Female,82,10,0.0,1,1,1,187073.14,0,0.3097,0,Medium,0.0
15603187,Cust3187,609,Spain,Female,34,7,237589.1,1,1,0,190824.18,1,0.5507,1,Medium,130840.32
15603188,Cust3188,576,France,Female,48,9,38690.49,1,1,0,28978.58,0,0.437,1,Medium,16907.74
15603189,Cust3189,588,France,Male,55,5,63460.03,3,1,1,107910.67,1,0.4205,1,Medium,26684.94
15603190,Cust3190,429,France,Female,46,2,0.0,1,1,0,35841.65,0,0.4263,1,Medium,0.0
15603191,Cust3191,523,France,Male,45,5,0.0,3,1,1,97294.17,0,0.2287,0,Low,0.0
15603192,Cust3192,527,Germany,Female,62,1,49382.35,2,0,1,147691.75,1,0.4053,1,Medium,20014.67
15603193,Cust3193,679,Germany,Male,42,7,18146.91,2,1,0,195048.44,1,0.7261,1,High,13176.47
15603194,Cust3194,649,Germany,Male,91,3,245205.29,4,0,1,193782.75,1,0.7134,1,High,174929.45
15603195,Cust3195,555,France,Male,31,3,151512.63,3,1,1,115536.3,0,0.1947,0,Low,29499.51
15603196,Cust3196,609,Germany,Female,46,0,132435.99,2,1,0,78435.75,1,0.6406,1,High,84838.5
15603197,Cust3197,636,France,Female,80,10,222167.64,1,0,0,71881.59,1,0.8962,1,Critical,199106.64
15603198,Cust3198,373,France,Female,53,4,0.0,3,1,1,109347.73,0,0.2341,0,Low,0.0
15603199,Cust3199,793,Spain,Male,70,8,65770.82,2,0,1,23487.36,0,0.2311,0,Low,15199.64
15603200,Cust3200,797,Spain,Male,65,5,118064.58,1,0,1,75498.48,0,0.3572,0,Medium,42172.67
15603201,Cust3201,532,Spain,Female,42,7,0.0,3,1,0,26726.45,0,0.2965,0,Low,0.0
15603202,Cust3202,731,Spain,Female,73,5,0.0,4,1,0,12357.98,0,0.4253,1,Medium,0.0
15603203,Cust3203,549,Germany,Male,35,7,188407.62,3,1,1,192158.51,0,0.1479,0,Low,27865.49
15603204,Cust3204,383,Spain,Female,73,2,27420.7,4,1,0,63519.06,1,0.8527,1,Critical,23381.63
15603205,Cust3205,783,France,Male,27,10,39803.69,1,1,0,94600.05,0,0.113,0,Low,4497.82
15603206,Cust3206,484,France,Female,69,4,93049.07,4,1,1,139211.62,0,0.4236,1,Medium,39415.59
15603207,Cust3207,529,France,Female,26,0,0.0,2,1,1,101975.35,0,0.1159,0,Low,0.0
15603208,Cust3208,638,France,Female,82,10,0.0,3,1,1,179893.96,0,0.3007,0,Medium,0.0
15603209,Cust3209,570,France,Male,64,0,123948.6,1,1,0,181918.41,0,0.5953,1,Medium,73786.6
15603210,Cust3210,483,France,Female,20,5,12526.54,3,1,0,55588.21,0,0.249,0,Low,3119.11
15603211,Cust3211,751,Germany,Male,26,8,151974.05,4,1,0,85694.52,0,0.158,0,Low,24011.9
15603212,Cust3212,528,Spain,Male,31,4,195276.14,4,1,1,40049.04,0,0.2871,0,Low,56063.78
15603213,Cust3213,646,Germany,Female,89,2,101929.06,2,1,1,186224.23,0,0.3954,1,Medium,40302.75
15603214,Cust3214,683,France,Male,61,2,120133.05,2,1,1,12044.91,1,0.5868,1,Medium,70494.07
15603215,Cust3215,817,Germany,Male,38,7,175150.0,4,1,0,161287.56,0,0.3439,0,Medium,60234.08
15603216,Cust3216,589,France,Female,38,6,58454.45,2,1,0,166210.92,0,0.2532,0,Low,14800.67
15603217,Cust3217,585,France,Male,19,5,149415.97,4,1,1,175734.36,0,0.1709,0,Low,25535.19
15603218,Cust3218,807,France,Male,33,5,157736.33,3,0,0,129999.68,0,0.2824,0,Low,44544.74
15603219,Cust3219,589,France,Male,81,3,201160.92,3,1,1,103168.66,0,0.6092,1,High,122547.23
15603220,Cust3220,499,France,Female,62,10,0.0,4,1,0,120715.52,1,0.5968,1,Medium,0.0
15603221,Cust3221,371,Spain,Male,45,2,235222.04,4,1,1,38268.63,0,0.5125,1,Medium,120551.3
15603222,Cust3222,512,Spain,Male,19,9,31581.6,4,1,1,35108.33,0,0.1163,0,Low,3672.94
15603223,Cust3223,448,Germany,Female,43,8,204066.9,1,1,0,158477.99,1,0.7603,1,High,155152.06
15603224,Cust3224,502,France,Male,46,0,0.0,1,1,1,109012.84,0,0.1694,0,Low,0.0
15603225,Cust3225,620,Spain,Male,26,1,0.0,1,0,1,186430.78,0,0.0971,0,Low,0.0
15603226,Cust3226,612,Germany,Female,62,6,230702.79,3,0,1,53529.41,0,0.5715,1,Medium,131846.64
15603227,Cust3227,443,France,Female,66,1,0.0,2,1,0,56508.59,0,0.4706,1,Medium,0.0
15603228,Cust3228,582,Germany,Male,91,9,0.0,1,0,1,102078.9,0,0.4714,1,Medium,0.0
15603229,Cust3229,577,France,Female,44,4,0.0,3,1,0,15790.49,0,0.2812,0,Low,0.0
15603230,Cust3230,371,France,Male,38,9,0.0,1,1,1,148514.78,0,0.1785,0,Low,0.0
15603231,Cust3231,491,France,Male,78,1,229582.3,4,1,1,33379.46,0,0.5771,1,Medium,132491.95
15603232,Cust3232,712,Germany,Female,43,0,245559.11,2,1,1,112469.42,0,0.3071,0,Medium,75411.2
15603233,Cust3233,360,France,Male,64,7,69326.0,2,1,0,19752.3,0,0.6111,1,High,42365.12
15603234,Cust3234,500,France,Male,72,8,69346.75,1,0,0,81833.39,1,0.7665,1,High,53154.28
15603235,Cust3235,588,France,Male,83,10,152576.22,1,0,1,111740.01,1,0.7945,1,High,121221.81
15603236,Cust3236,433,Spain,Female,41,8,19045.42,1,1,1,106051.71,0,0.1702,0,Low,3241.53
15603237,Cust3237,673,France,Male,64,8,148828.87,1,1,0,195040.93,0,0.4462,1,Medium,66407.44
15603238,Cust3238,708,France,Female,27,0,242172.27,1,0,0,134056.07,1,0.4455,1,Medium,107887.75
15603239,Cust3239,519,France,Male,75,6,74238.22,2,0,0,106633.36,1,0.7469,1,High,55448.53
15603240,Cust3240,465,Spain,Female,21,7,185686.26,3,1,0,130692.2,0,0.2527,0,Low,46922.92
15603241,Cust3241,739,Germany,Female,69,4,0.0,3,1,0,147909.92,1,0.706,1,High,0.0
15603242,Cust3242,457,Spain,Female,33,10,71827.83,4,1,1,190939.76,0,0.2495,0,Low,17921.04
15603243,Cust3243,423,France,Male,52,10,0.0,3,1,1,29469.26,0,0.1688,0,Low,0.0
15603244,Cust3244,366,France,Female,23,9,0.0,1,1,1,142830.77,0,0.2019,0,Low,0.0
15603245,Cust3245,395,Germany,Male,68,9,0.0,4,1,0,2576.08,1,0.861,1,Critical,0.0
15603246,Cust3246,786,France,Female,53,6,135198.75,4,1,0,1278.89,0,0.3243,0,Medium,43844.95
15603247,Cust3247,818,Spain,Female,67,9,0.0,2,1,0,142746.62,1,0.585,1,Medium,0.0
15603248,Cust3248,623,Spain,Male,43,0,29237.18,4,1,0,110856.14,1,0.6696,1,High,19577.22
15603249,Cust3249,811,France,Female,18,2,239424.42,3,0,0,159921.59,0,0.2269,0,Low,54325.4
15603250,Cust3250,704,Spain,Male,60,7,137662.85,2,1,0,75536.43,1,0.739,1,High,101732.85
15603251,Cust3251,553,Germany,Male,69,1,97953.81,1,0,1,30543.4,0,0.416,1,Medium,40748.78
15603252,Cust3252,707,France,Male,67,8,19012.77,4,1,1,128689.79,0,0.4359,1,Medium,8287.67
15603253,Cust3253,560,France,Male,37,1,74062.05,3,1,0,104157.06,0,0.2108,0,Low,15612.28
15603254,Cust3254,831,France,Female,71,3,109483.63,2,0,0,59687.89,0,0.4969,1,Medium,54402.42
15603255,Cust3255,776,Spain,Female,58,2,234266.68,4,1,0,93139.35,0,0.3984,1,Medium,93331.85
15603256,Cust3256,773,France,Male,33,5,189106.33,4,1,0,109680.93,1,0.4862,1,Medium,91943.5
15603257,Cust3257,615,France,Male,26,0,14761.24,3,1,1,41241.76,0,0.1435,0,Low,2118.24
15603258,Cust3258,609,Germany,Male,42,8,0.0,1,1,1,146757.56,0,0.1977,0,Low,0.0
15603259,Cust3259,408,France,Female,19,9,0.0,2,1,0,121491.99,0,0.1254,0,Low,0.0
15603260,Cust3260,677,France,Female,70,8,212521.29,3,0,0,13193.49,1,0.6665,1,High,141645.44
15603261,Cust3261,407,Germany,Female,19,2,194106.87,1,1,0,100108.78,0,0.3462,0,Medium,67199.8
15603262,Cust3262,620,France,Male,21,3,54034.43,1,1,1,53973.33,0,0.1336,0,Low,7219.0
15603263,Cust3263,415,France,Female,29,2,0.0,4,1,0,177751.79,0,0.3543,0,Medium,0.0
15603264,Cust3264,588,France,Male,42,6,33093.85,3,1,1,90124.44,0,0.1283,0,Low,4245.94
15603265,Cust3265,741,France,Male,19,9,125822.42,3,1,1,28736.66,0,0.0749,0,Low,9424.1
15603266,Cust3266,504,France,Female,64,9,22469.4,2,1,0,133172.32,0,0.4886,1,Medium,10978.55
15603267,Cust3267,651,Spain,Male,27,10,62439.44,4,0,1,52848.36,0,0.1334,0,Low,8329.42
15603268,Cust3268,480,Spain,Male,77,7,205336.92,2,1,1,191871.21,0,0.6952,1,High,142750.23
15603269,Cust3269,500,France,Male,59,2,0.0,1,0,0,7060.05,0,0.2883,0,Low,0.0
15603270,Cust3270,441,Spain,Female,24,4,0.0,4,1,0,26258.17,0,0.3566,0,Medium,0.0
15603271,Cust3271,431,Germany,Female,47,3,0.0,2,0,1,198577.31,0,0.1959,0,Low,0.0
15603272,Cust3272,536,Germany,Male,28,0,66229.57,4,1,1,189633.54,0,0.1809,0,Low,11980.93
15603273,Cust3273,411,Germany,Female,90,8,1892.59,2,1,1,12216.69,1,0.7291,1,High,1379.89
15603274,Cust3274,796,Germany,Male,61,6,131801.87,2,1,0,75804.7,1,0.8161,1,Critical,107563.51
15603275,Cust3275,721,Spain,Female,77,10,0.0,3,1,0,188125.23,0,0.5214,1,Medium,0.0
15603276,Cust3276,461,France,Male,45,9,117420.76,2,0,1,54160.16,0,0.2231,0,Low,26196.57
15603277,Cust3277,793,Germany,Female,28,7,0.0,2,1,0,171888.69,0,0.1244,0,Low,0.0
15603278,Cust3278,533,France,Male,35,0,191987.73,2,1,0,104239.52,0,0.349,0,Medium,67003.72
15603279,Cust3279,616,France,Female,48,4,130067.28,2,1,0,161534.61,0,0.4768,1,Medium,62016.08
15603280,Cust3280,700,Germany,Male,75,5,4730.98,2,0,1,132714.39,0,0.4566,1,Medium,2160.17
15603281,Cust3281,737,France,Female,49,7,84561.73,2,1,1,160887.29,1,0.1926,0,Low,16286.59
15603282,Cust3282,353,France,Female,86,6,123602.03,4,1,1,68883.65,1,0.804,1,Critical,99376.03
15603283,Cust3283,491,France,Male,44,8,62558.59,2,1,0,196921.42,0,0.326,0,Medium,20394.1
15603284,Cust3284,518,France,Male,35,0,209412.98,3,0,1,79113.77,1,0.421,1,Medium,88162.86
15603285,Cust3285,643,Germany,Male,54,1,106117.79,1,1,0,7644.55,0,0.4248,1,Medium,45078.84
15603286,Cust3286,787,Germany,Male,26,10,0.0,1,1,1,153603.0,0,0.133,0,Low,0.0
15603287,Cust3287,569,France,Female,67,4,0.0,3,1,1,43538.68,0,0.3758,0,Medium,0.0
15603288,Cust3288,582,France,Male,25,9,0.0,3,0,0,18550.43,0,0.1758,0,Low,0.0
15603289,Cust3289,393,France,Female,65,9,0.0,4,0,1,137023.97,0,0.3492,0,Medium,0.0
15603290,Cust3290,613,France,Male,46,1,133186.51,3,1,1,155944.95,0,0.2647,0,Low,35254.47
15603291,Cust3291,594,Germany,Male,44,7,173630.31,2,1,1,126644.12,0,0.283,0,Low,49137.38
15603292,Cust3292,668,Germany,Male,63,1,0.0,1,1,1,49065.01,0,0.2974,0,Low,0.0
15603293,Cust3293,774,France,Female,70,1,0.0,4,1,1,41954.1,0,0.3262,0,Medium,0.0
15603294,Cust3294,634,France,Male,86,2,0.0,1,0,0,62639.38,0,0.5305,1,Medium,0.0
15603295,Cust3295,375,Spain,Male,39,8,171816.52,4,1,0,137606.53,0,0.5422,1,Medium,93158.92
15603296,Cust3296,759,Spain,Male,78,1,0.0,2,0,0,11863.02,0,0.3964,1,Medium,0.0
15603297,Cust3297,589,France,Male,79,7,0.0,3,1,1,172226.14,0,0.3804,0,Medium,0.0
15603298,Cust3298,593,France,Male,91,4,161579.01,1,0,1,192594.13,1,0.7517,1,High,121458.94
15603299,Cust3299,787,France,Female,89,2,56036.2,4,1,1,176997.12,1,0.5559,1,Medium,31150.52
15603300,Cust3300,645,Spain,Female,76,2,0.0,2,1,1,84699.54,0,0.3779,0,Medium,0.0
15603301,Cust3301,745,France,Male,39,3,40697.73,3,1,0,105435.93,0,0.2351,0,Low,9568.04
15603302,Cust3302,790,France,Female,69,3,187054.02,1,0,1,102820.91,0,0.4156,1,Medium,77739.65
15603303,Cust3303,597,Spain,Female,76,3,249580.66,2,1,0,119433.33,0,0.7638,1,High,190629.71
15603304,Cust3304,842,Germany,Female,39,5,86644.62,2,0,1,170966.48,1,0.4201,1,Medium,36399.4
15603305,Cust3305,435,France,Female,78,10,0.0,1,1,1,173105.4,0,0.3861,1,Medium,0.0
15603306,Cust3306,786,France,Male,69,4,0.0,3,1,1,62187.69,1,0.3553,0,Medium,0.0
15603307,Cust3307,775,France,Female,54,2,155455.87,2,0,1,22202.58,1,0.3909,1,Medium,60767.7
15603308,Cust3308,399,Germany,Female,81,6,0.0,3,1,1,111175.63,1,0.6235,1,High,0.0
15603309,Cust3309,426,France,Male,24,9,0.0,1,0,0,7721.42,0,0.156,0,Low,0.0
15603310,Cust3310,368,Spain,Male,68,6,0.0,1,1,0,135508.27,0,0.6395,1,High,0.0
15603311,Cust3311,488,Spain,Female,76,5,205155.11,4,1,0,142590.64,1,0.8917,1,Critical,182936.81
15603312,Cust3312,846,Germany,Female,20,7,206649.93,1,1,1,134278.26,1,0.635,1,High,131222.71
15603313,Cust3313,412,Germany,Male,48,9,81816.66,4,1,1,51709.05,0,0.3019,0,Medium,24700.45
15603314,Cust3314,366,France,Female,56,0,205686.91,3,1,1,148499.04,0,0.4125,1,Medium,84845.85
15603315,Cust3315,579,France,Female,33,10,40601.15,3,0,0,58562.22,0,0.2418,0,Low,9817.36
15603316,Cust3316,527,Germany,Female,83,9,244719.8,3,1,0,84885.79,1,0.8482,1,Critical,207571.33
15603317,Cust3317,665,France,Male,64,10,0.0,3,1,1,139828.41,0,0.2936,0,Low,0.0
15603318,Cust3318,653,France,Male,38,5,0.0,2,1,1,62074.62,0,0.1043,0,Low,0.0
15603319,Cust3319,764,France,Female,50,9,0.0,4,0,0,177425.72,0,0.3203,0,Medium,0.0
15603320,Cust3320,557,France,Female,26,0,0.0,1,0,1,65214.1,0,0.1123,0,Low,0.0
15603321,Cust3321,581,France,Female,24,4,17781.53,3,1,0,172008.4,1,0.2559,0,Low,4550.29
15603322,Cust3322,361,Germany,Male,73,9,0.0,3,1,0,188042.97,1,0.7039,1,High,0.0
15603323,Cust3323,836,Spain,Male,90,2,0.0,1,1,1,74910.48,0,0.3957,1,Medium,0.0
15603324,Cust3324,456,Germany,Male,38,8,95331.17,3,1,0,10313.91,0,0.2748,0,Low,26197.01
15603325,Cust3325,648,Spain,Male,36,3,0.0,4,1,1,50781.38,0,0.1485,0,Low,0.0
15603326,Cust3326,791,France,Female,68,6,62845.33,2,1,0,154049.44,0,0.4216,1,Medium,26495.59
15603327,Cust3327,652,Spain,Male,55,7,245779.56,3,1,0,19051.26,1,0.7324,1,High,180008.95
15603328,Cust3328,663,Germany,Male,28,9,0.0,2,0,1,175093.58,0,0.0764,0,Low,0.0
15603329,Cust3329,437,France,Female,67,3,0.0,1,1,0,119716.15,1,0.6204,1,High,0.0
15603330,Cust3330,705,Spain,Female,33,8,127382.9,1,1,0,159402.79,0,0.2398,0,Low,30546.42
15603331,Cust3331,445,France,Female,26,4,165456.36,1,1,1,151824.68,0,0.2253,0,Low,37277.32
15603332,Cust3332,696,France,Female,52,4,126251.48,3,1,0,150605.01,0,0.4266,1,Medium,53858.88
15603333,Cust3333,638,France,Female,72,0,0.0,4,1,0,4897.62,1,0.6132,1,High,0.0
15603334,Cust3334,595,France,Female,56,0,215867.11,1,1,1,147788.83,0,0.347,0,Medium,74905.89
15603335,Cust3335,711,France,Female,65,8,0.0,1,1,1,135541.02,0,0.3362,0,Medium,0.0
15603336,Cust3336,710,Germany,Male,35,1,237723.32,4,0,1,120349.15,0,0.2764,0,Low,65706.73
15603337,Cust3337,452,Spain,Male,54,1,0.0,4,1,1,171398.83,1,0.3541,0,Medium,0.0
15603338,Cust3338,538,France,Female,70,2,104822.82,3,1,1,105801.66,0,0.3734,0,Medium,39140.84
15603339,Cust3339,592,Germany,Female,57,3,244203.55,4,1,0,114085.94,1,0.7879,1,High,192407.98
15603340,Cust3340,426,France,Male,35,1,220631.04,1,1,0,103561.18,1,0.6669,1,High,147138.84
15603341,Cust3341,528,Spain,Male,88,6,0.0,1,1,1,148892.12,0,0.5157,1,Medium,0.0
15603342,Cust3342,370,France,Male,22,9,10528.54,4,1,1,186118.9,0,0.1603,0,Low,1687.72
15603343,Cust3343,569,France,Female,85,5,0.0,2,0,0,119838.01,1,0.6626,1,High,0.0
15603344,Cust3344,453,Germany,Male,71,7,195917.99,2,1,0,70696.4,0,0.7467,1,High,146291.96
15603345,Cust3345,461,Germany,Male,26,9,62171.73,3,1,1,102321.59,0,0.1344,0,Low,8355.88
15603346,Cust3346,760,Spain,Male,36,9,0.0,3,1,1,189146.12,0,0.0609,0,Low,0.0
15603347,Cust3347,420,Germany,Female,45,7,134812.1,1,1,1,36692.06,0,0.2839,0,Low,38273.16
15603348,Cust3348,410,Spain,Male,88,0,111398.94,3,1,1,181267.6,0,0.3281,0,Medium,36549.99
15603349,Cust3349,510,France,Male,56,8,0.0,3,0,1,166338.89,0,0.2076,0,Low,0.0
15603350,Cust3350,361,France,Female,37,8,0.0,3,1,1,73710.07,0,0.1588,0,Low,0.0
15603351,Cust3351,785,France,Male,86,3,203627.68,4,1,1,175532.32,1,0.6959,1,High,141704.5
15603352,Cust3352,844,France,Male,26,1,18271.72,3,1,1,149812.62,0,0.1063,0,Low,1942.28
15603353,Cust3353,753,France,Male,78,1,155535.16,3,0,0,189684.22,1,0.883,1,Critical,137337.55
15603354,Cust3354,750,France,Male,79,3,0.0,4,1,1,101710.71,1,0.599,1,Medium,0.0
15603355,Cust3355,400,France,Female,46,8,0.0,2,0,0,143349.42,0,0.3529,0,Medium,0.0
15603356,Cust3356,627,Germany,Male,21,10,0.0,1,0,1,70658.88,0,0.1144,0,Low,0.0
15603357,Cust3357,393,France,Female,83,1,236260.63,4,1,1,76549.31,1,0.7284,1,High,172092.24
15603358,Cust3358,500,Germany,Female,89,4,135330.36,4,1,0,36046.81,0,0.7927,1,High,107276.38
15603359,Cust3359,596,Germany,Male,45,9,10443.93,4,0,0,115093.85,1,0.6532,1,High,6821.98
15603360,Cust3360,691,France,Female,31,0,69325.15,4,0,1,766.9,0,0.1475,0,Low,10225.46
15603361,Cust3361,488,France,Male,38,10,118873.89,4,0,1,183729.33,0,0.1795,0,Low,21337.86
15603362,Cust3362,478,Germany,Female,28,0,0.0,3,1,1,66305.22,0,0.1008,0,Low,0.0
15603363,Cust3363,762,Germany,Male,63,3,9274.33,1,0,1,124476.55,0,0.3258,0,Medium,3021.58
15603364,Cust3364,462,France,Male,56,0,81005.76,3,1,1,194831.49,0,0.3426,0,Medium,27752.57
15603365,Cust3365,593,France,Female,44,8,0.0,1,0,1,83716.74,0,0.1382,0,Low,0.0
15603366,Cust3366,493,Germany,Female,66,4,145211.09,1,1,1,14303.64,0,0.5122,1,Medium,74377.12
15603367,Cust3367,777,Germany,Female,64,4,0.0,3,0,0,75074.08,0,0.3783,0,Medium,0.0
15603368,Cust3368,617,France,Male,18,6,0.0,4,1,0,196089.72,0,0.2398,0,Low,0.0
15603369,Cust3369,404,France,Female,48,3,12022.64,1,1,1,191568.57,0,0.219,0,Low,2632.96
15603370,Cust3370,424,Spain,Male,81,8,0.0,1,1,1,136459.62,1,0.6157,1,High,0.0
15603371,Cust3371,836,France,Female,76,4,89490.61,3,0,0,135963.14,0,0.5293,1,Medium,47367.38
15603372,Cust3372,821,Spain,Female,81,8,0.0,2,0,0,96642.77,1,0.6246,1,High,0.0
15603373,Cust3373,734,France,Male,88,7,107874.52,4,1,1,100972.26,1,0.5489,1,Medium,59212.32
15603374,Cust3374,388,Germany,Male,22,7,80449.36,1,1,1,110624.42,0,0.1571,0,Low,12638.59
15603375,Cust3375,716,France,Male,38,10,180970.06,4,1,0,79294.23,1,0.6752,1,High,122190.98
15603376,Cust3376,681,France,Male,51,5,0.0,2,1,0,163398.67,1,0.5161,1,Medium,0.0
15603377,Cust3377,821,Spain,Female,55,3,138774.77,2,1,1,181672.07,0,0.2718,0,Low,37718.98
15603378,Cust3378,593,France,Male,76,8,38016.85,3,1,0,172540.68,0,0.5151,1,Medium,19582.48
15603379,Cust3379,585,Spain,Female,71,7,0.0,4,1,1,56560.52,1,0.4842,1,Medium,0.0
15603380,Cust3380,666,France,Female,70,5,0.0,2,1,1,40239.67,0,0.306,0,Medium,0.0
15603381,Cust3381,424,Spain,Male,29,3,0.0,3,0,1,195136.7,0,0.176,0,Low,0.0
15603382,Cust3382,723,Spain,Male,68,10,61395.42,3,0,1,31406.32,0,0.2754,0,Low,16908.3
15603383,Cust3383,598,Germany,Female,76,2,0.0,3,1,1,74667.01,1,0.5547,1,Medium,0.0
15603384,Cust3384,444,France,Male,73,0,0.0,4,1,1,10069.4,0,0.3799,0,Medium,0.0
15603385,Cust3385,758,Germany,Male,61,6,144857.41,1,0,1,41997.55,1,0.6556,1,High,94968.52
15603386,Cust3386,482,Germany,Female,24,0,78949.39,4,1,0,85460.86,0,0.3216,0,Medium,25390.12
15603387,Cust3387,780,Spain,Male,29,8,0.0,1,1,0,12249.4,0,0.096,0,Low,0.0
15603388,Cust3388,486,France,Male,72,9,158880.33,1,1,0,114824.1,0,0.7129,1,High,113265.79
15603389,Cust3389,594,France,Male,82,7,0.0,4,0,1,86100.76,1,0.6488,1,High,0.0
15603390,Cust3390,568,France,Female,79,2,75148.92,2,1,1,86179.86,0,0.464,1,Medium,34869.1
15603391,Cust3391,716,Germany,Female,49,10,0.0,3,0,0,152537.1,1,0.6079,1,High,0.0
15603392,Cust3392,443,Spain,Female,61,0,103380.18,1,0,0,79073.19,1,0.8302,1,Critical,85826.23
15603393,Cust3393,473,France,Female,31,1,103320.84,4,1,1,13692.43,0,0.3612,0,Medium,37319.49
15603394,Cust3394,446,Germany,Female,61,3,0.0,2,0,0,136678.94,0,0.4091,1,Medium,0.0
15603395,Cust3395,465,Spain,Female,32,5,54909.1,1,1,1,139437.85,0,0.1108,0,Low,6083.93
15603396,Cust3396,576,France,Male,76,7,217331.36,1,0,0,102769.57,1,0.8566,1,Critical,186166.04
15603397,Cust3397,643,France,Female,76,3,212463.83,1,1,1,1108.31,1,0.7498,1,High,159305.38
15603398,Cust3398,782,Germany,Male,21,10,26274.5,3,1,0,189760.63,1,0.748,1,High,19653.33
15603399,Cust3399,561,Germany,Female,87,8,4537.01,1,1,0,60815.64,0,0.6181,1,High,2804.33
15603400,Cust3400,555,France,Female,76,2,0.0,3,0,0,61221.43,0,0.5588,1,Medium,0.0
15603401,Cust3401,430,Spain,Male,45,0,159700.35,3,0,1,36979.61,0,0.2966,0,Low,47367.12
15603402,Cust3402,399,Germany,Female,51,7,59955.73,2,0,1,127363.65,0,0.2277,0,Low,13651.92
15603403,Cust3403,731,Spain,Female,23,1,190656.05,3,1,1,119065.75,0,0.1673,0,Low,31896.76
15603404,Cust3404,667,Spain,Female,87,3,1457.29,2,0,1,177697.85,0,0.3526,0,Medium,513.84
15603405,Cust3405,616,Spain,Male,25,8,0.0,2,1,1,125079.06,0,0.0987,0,Low,0.0
15603406,Cust3406,572,Germany,Female,86,2,221597.69,1,1,0,54326.91,0,0.7173,1,High,158952.02
15603407,Cust3407,610,France,Female,66,3,0.0,1,1,0,156967.66,1,0.5818,1,Medium,0.0
15603408,Cust3408,773,Germany,Male,85,10,216848.73,1,1,1,57966.92,1,0.85,1,Critical,184321.42
15603409,Cust3409,444,France,Male,45,7,229467.2,1,1,0,179228.27,0,0.5287,1,Medium,121319.31
15603410,Cust3410,599,Germany,Female,84,6,133960.04,2,1,1,21258.74,1,0.7186,1,High,96263.68
15603411,Cust3411,470,France,Male,49,10,71132.18,2,1,0,84875.71,0,0.3735,0,Medium,26567.87
15603412,Cust3412,402,Germany,Male,43,8,140703.54,2,0,0,195976.04,0,0.3799,0,Medium,53453.27
15603413,Cust3413,697,France,Female,42,5,77646.67,1,0,1,151140.46,0,0.2002,0,Low,15544.86
15603414,Cust3414,703,France,Female,88,7,233302.48,4,0,1,68899.48,1,0.7031,1,High,164034.97
15603415,Cust3415,776,France,Male,52,5,135907.94,4,1,1,149052.11,0,0.2641,0,Low,35893.29
15603416,Cust3416,360,Germany,Male,53,3,0.0,3,0,1,3032.83,1,0.3642,0,Medium,0.0
15603417,Cust3417,438,Spain,Male,65,10,0.0,1,1,1,3573.33,0,0.2485,0,Low,0.0
15603418,Cust3418,637,France,Female,59,6,0.0,4,0,1,80990.27,0,0.2496,0,Low,0.0
15603419,Cust3419,756,Spain,Female,58,8,125032.43,2,1,1,191678.03,0,0.2785,0,Low,34821.53
15603420,Cust3420,820,Spain,Male,46,4,219972.83,2,1,1,113397.17,0,0.3612,0,Medium,79454.19
15603421,Cust3421,744,France,Female,30,2,0.0,4,0,1,20193.29,0,0.0724,0,Low,0.0
15603422,Cust3422,803,Germany,Female,91,1,0.0,1,0,1,115527.49,0,0.3913,1,Medium,0.0
15603423,Cust3423,758,France,Male,54,8,0.0,4,1,0,180453.42,0,0.3069,0,Medium,0.0
15603424,Cust3424,508,France,Female,89,5,83515.24,4,1,0,114851.91,0,0.8537,1,Critical,71296.96
15603425,Cust3425,641,Germany,Male,52,5,0.0,3,1,1,56632.81,0,0.2238,0,Low,0.0
15603426,Cust3426,668,France,Female,62,1,44570.18,3,0,1,194633.52,1,0.4334,1,Medium,19316.72
15603427,Cust3427,526,Spain,Male,58,8,197931.24,2,1,0,188225.0,1,0.7906,1,High,156484.44
15603428,Cust3428,793,Spain,Female,89,2,153825.41,3,0,1,94275.95,0,0.4221,1,Medium,64929.71
15603429,Cust3429,736,Spain,Female,26,6,30049.14,2,1,1,167491.27,0,0.0559,0,Low,1679.75
15603430,Cust3430,608,Germany,Female,56,3,0.0,3,1,0,61398.79,1,0.4314,1,Medium,0.0
15603431,Cust3431,590,Germany,Female,29,2,0.0,1,0,0,44130.06,1,0.5618,1,Medium,0.0
15603432,Cust3432,747,Spain,Female,82,1,0.0,2,1,1,90323.59,0,0.4474,1,Medium,0.0
15603433,Cust3433,461,France,Male,57,8,90028.43,1,0,0,177978.99,1,0.5818,1,Medium,52378.54
15603434,Cust3434,459,France,Male,86,1,0.0,2,0,1,153100.5,0,0.4489,1,Medium,0.0
15603435,Cust3435,551,Germany,Female,38,0,0.0,3,1,1,199164.51,0,0.1047,0,Low,0.0
15603436,Cust3436,413,France,Male,30,3,0.0,1,0,0,157610.22,0,0.2862,0,Low,0.0
15603437,Cust3437,579,France,Female,64,9,30463.18,4,1,1,157187.17,0,0.3236,0,Medium,9857.89
15603438,Cust3438,566,France,Female,28,7,0.0,4,1,1,169214.71,0,0.1443,0,Low,0.0
15603439,Cust3439,603,Germany,Female,45,9,228100.54,2,1,1,8829.57,0,0.319,0,Medium,72764.07
15603440,Cust3440,581,France,Male,41,2,0.0,1,0,1,142720.69,0,0.1589,0,Low,0.0
15603441,Cust3441,799,France,Male,34,10,241046.57,3,0,1,15683.79,0,0.1384,0,Low,33360.85
15603442,Cust3442,487,France,Male,27,1,0.0,4,1,0,99765.11,0,0.302,0,Medium,0.0
15603443,Cust3443,555,France,Female,66,0,168150.51,3,1,1,95577.61,0,0.4316,1,Medium,72573.76
15603444,Cust3444,719,Spain,Female,74,5,197820.01,1,1,0,150746.23,1,0.7306,1,High,144527.3
15603445,Cust3445,492,France,Female,47,4,49930.9,3,1,1,188056.32,0,0.2402,0,Low,11993.4
15603446,Cust3446,678,Germany,Male,38,3,0.0,2,1,1,34469.34,0,0.1522,0,Low,0.0
15603447,Cust3447,832,Spain,Male,29,1,153565.86,2,1,1,186494.71,0,0.2331,0,Low,35796.2
15603448,Cust3448,538,France,Male,68,3,30036.92,3,1,1,141955.23,0,0.3787,0,Medium,11374.98
15603449,Cust3449,471,Spain,Male,77,4,113877.95,4,1,0,122464.42,0,0.8448,1,Critical,96204.09
15603450,Cust3450,445,Germany,Female,58,6,0.0,1,1,1,147849.6,0,0.282,0,Low,0.0
15603451,Cust3451,355,Germany,Male,49,3,10176.56,1,0,1,43813.37,0,0.2188,0,Low,2226.63
15603452,Cust3452,492,France,Female,65,2,103373.0,1,1,0,12355.79,0,0.6296,1,High,65083.64
15603453,Cust3453,775,France,Male,85,6,36429.41,1,1,0,42872.93,0,0.574,1,Medium,20910.48
15603454,Cust3454,477,Spain,Female,91,6,0.0,4,1,1,70641.48,0,0.5784,1,Medium,0.0
15603455,Cust3455,828,Spain,Female,32,4,128143.63,1,0,1,85837.77,0,0.1411,0,Low,18081.07
15603456,Cust3456,827,Spain,Male,53,1,0.0,1,0,1,24120.62,0,0.1138,0,Low,0.0
15603457,Cust3457,691,Spain,Female,82,10,106239.18,3,1,1,151216.99,0,0.2882,0,Low,30618.13
15603458,Cust3458,841,France,Male,64,5,0.0,2,1,1,110378.15,0,0.2593,0,Low,0.0
15603459,Cust3459,554,Spain,Male,78,3,0.0,4,1,1,132218.96,0,0.5238,1,Medium,0.0
15603460,Cust3460,829,France,Male,91,7,220738.49,3,1,0,17045.33,0,0.7552,1,High,166701.71
15603461,Cust3461,622,Spain,Female,25,4,52909.56,1,0,1,100080.32,0,0.1069,0,Low,5656.03
15603462,Cust3462,390,France,Female,63,1,0.0,2,0,0,174943.42,1,0.625,1,High,0.0
15603463,Cust3463,766,France,Male,57,7,62658.91,1,1,0,172073.68,0,0.3763,0,Medium,23578.55
15603464,Cust3464,826,Spain,Male,39,1,7097.98,2,1,1,140243.23,0,0.0826,0,Low,586.29
15603465,Cust3465,793,Spain,Female,66,3,183697.2,4,1,1,121190.96,0,0.3225,0,Medium,59242.35
15603466,Cust3466,558,Germany,Female,25,7,143473.61,2,0,1,184906.94,0,0.1235,0,Low,17718.99
15603467,Cust3467,401,France,Male,54,7,135959.89,3,1,1,21428.05,1,0.394,1,Medium,53568.2
15603468,Cust3468,643,France,Male,48,10,212993.05,2,1,1,8127.92,0,0.3928,1,Medium,83663.67
15603469,Cust3469,784,Spain,Female,46,7,202328.11,4,1,0,145421.9,0,0.3723,0,Medium,75326.76
15603470,Cust3470,771,France,Female,63,2,102220.39,3,1,1,70778.3,1,0.4991,1,Medium,51018.2
15603471,Cust3471,659,France,Female,87,7,0.0,3,1,0,26585.18,1,0.6243,1,High,0.0
15603472,Cust3472,743,Germany,Male,88,8,0.0,4,1,0,187307.99,0,0.4397,1,Medium,0.0
15603473,Cust3473,366,France,Female,69,7,156002.42,4,0,1,4035.8,0,0.6062,1,High,94568.67
15603474,Cust3474,662,Germany,Male,42,8,37881.21,4,0,1,157937.29,0,0.1622,0,Low,6144.33
15603475,Cust3475,404,France,Female,89,8,75020.06,2,1,0,80581.3,1,0.7883,1,High,59138.31
15603476,Cust3476,725,Spain,Female,91,6,0.0,1,1,1,76065.13,0,0.3663,0,Medium,0.0
15603477,Cust3477,372,Spain,Male,80,10,41866.75,1,1,1,82528.71,0,0.4289,1,Medium,17956.65
15603478,Cust3478,648,Spain,Male,82,7,103459.52,1,1,0,69927.03,1,0.8354,1,Critical,86430.08
15603479,Cust3479,825,Germany,Female,78,0,0.0,3,0,0,21657.67,1,0.7526,1,High,0.0
15603480,Cust3480,406,France,Male,74,1,99014.17,1,1,0,141915.28,0,0.6645,1,High,65794.92
15603481,Cust3481,563,Germany,Female,71,5,245658.91,2,0,0,103421.39,0,0.657,1,High,161397.9
15603482,Cust3482,370,Spain,Male,65,4,75522.67,3,1,0,79419.35,0,0.6944,1,High,52442.94
15603483,Cust3483,708,Germany,Male,65,8,0.0,2,1,0,106657.34,0,0.4367,1,Medium,0.0
15603484,Cust3484,813,Germany,Female,46,7,48388.42,2,1,1,95864.4,0,0.1389,0,Low,6721.15
15603485,Cust3485,350,Germany,Female,83,0,80193.65,3,1,0,49134.44,1,0.8519,1,Critical,68316.97
15603486,Cust3486,623,Germany,Male,64,5,41020.37,1,1,0,31068.53,1,0.6575,1,High,26970.89
15603487,Cust3487,747,Germany,Male,63,5,0.0,1,1,1,159949.14,0,0.3311,0,Medium,0.0
15603488,Cust3488,362,France,Female,72,10,39277.89,3,1,0,142924.8,0,0.4693,1,Medium,18433.11
15603489,Cust3489,591,France,Male,23,7,156206.83,3,0,0,38479.9,0,0.2179,0,Low,34037.47
15603490,Cust3490,414,Germany,Male,85,1,50153.79,3,1,1,24409.49,0,0.5396,1,Medium,27062.99
15603491,Cust3491,812,France,Female,61,2,0.0,2,1,1,109974.19,1,0.3936,1,Medium,0.0
15603492,Cust3492,605,Spain,Female,87,3,66605.18,1,1,1,130497.34,0,0.4386,1,Medium,29213.03
15603493,Cust3493,610,Germany,Male,25,4,169600.02,4,1,0,117084.55,0,0.4161,1,Medium,70570.57
15603494,Cust3494,849,France,Male,35,1,107157.83,3,1,1,54853.92,0,0.1246,0,Low,13351.87
15603495,Cust3495,745,Spain,Male,88,8,0.0,1,1,1,146378.59,0,0.4404,1,Medium,0.0
15603496,Cust3496,507,Germany,Female,69,0,15862.55,4,1,0,42366.94,0,0.4297,1,Medium,6816.14
15603497,Cust3497,665,Spain,Male,65,0,0.0,3,1,1,102511.09,0,0.2762,0,Low,0.0
15603498,Cust3498,498,France,Female,47,1,176027.42,2,0,1,38041.05,0,0.3389,0,Medium,59655.69
15603499,Cust3499,610,Spain,Female,59,1,115381.18,2,1,0,70052.22,0,0.5389,1,Medium,62178.92
15603500,Cust3500,756,France,Male,58,6,0.0,3,1,0,99771.98,0,0.2902,0,Low,0.0
15603501,Cust3501,825,Germany,Female,32,8,60123.22,1,0,0,114493.79,0,0.1857,0,Low,11164.88
15603502,Cust3502,826,France,Male,59,10,121334.21,1,1,0,21651.14,1,0.837,1,Critical,101556.73
15603503,Cust3503,598,Germany,Male,56,8,182151.65,2,0,0,71353.92,0,0.5007,1,Medium,91203.33
15603504,Cust3504,798,Germany,Female,41,7,192883.15,4,1,0,107545.13,0,0.306,0,Medium,59022.24
15603505,Cust3505,797,Germany,Female,43,6,85123.72,2,0,0,159533.4,0,0.273,0,Low,23238.78
15603506,Cust3506,623,France,Female,74,3,169712.64,4,1,1,51699.72,1,0.6123,1,High,103915.05
15603507,Cust3507,368,Spain,Female,67,4,121621.11,4,1,1,158072.12,0,0.5333,1,Medium,64860.54
15603508,Cust3508,409,Germany,Male,52,9,0.0,4,1,1,192934.71,1,0.5071,1,Medium,0.0
15603509,Cust3509,679,France,Female,62,1,0.0,1,0,0,129435.5,0,0.4297,1,Medium,0.0
15603510,Cust3510,766,Spain,Female,35,9,187589.17,4,1,1,147685.73,0,0.2008,0,Low,37667.91
15603511,Cust3511,806,Germany,Female,54,8,0.0,4,1,0,160369.97,1,0.6572,1,High,0.0
15603512,Cust3512,471,Spain,Male,59,0,80530.52,4,0,0,173264.39,0,0.4256,1,Medium,34273.79
15603513,Cust3513,800,Spain,Female,36,2,66245.94,1,0,1,19549.27,0,0.1181,0,Low,7823.65
15603514,Cust3514,764,Spain,Male,30,3,0.0,2,1,0,63118.34,0,0.1613,0,Low,0.0
15603515,Cust3515,593,Spain,Male,56,10,0.0,3,1,0,101269.92,0,0.3908,1,Medium,0.0
15603516,Cust3516,537,Germany,Male,87,4,0.0,3,0,0,66999.35,0,0.5491,1,Medium,0.0
15603517,Cust3517,586,France,Male,52,8,0.0,3,0,1,44164.24,0,0.1668,0,Low,0.0
15603518,Cust3518,688,Germany,Male,84,6,0.0,4,1,0,182913.31,1,0.8417,1,Critical,0.0
15603519,Cust3519,756,Spain,Female,80,0,0.0,1,1,1,153956.66,1,0.5567,1,Medium,0.0
15603520,Cust3520,435,Germany,Female,73,7,68222.43,2,0,1,44662.74,1,0.6979,1,High,47612.43
15603521,Cust3521,517,Spain,Male,84,6,0.0,1,0,1,48219.0,0,0.5241,1,Medium,0.0
15603522,Cust3522,410,France,Female,48,9,0.0,3,0,1,126493.17,0,0.1646,0,Low,0.0
15603523,Cust3523,819,France,Male,74,10,194862.06,2,1,0,93287.9,0,0.6298,1,High,122724.13
15603524,Cust3524,553,Germany,Male,28,6,24315.43,3,1,0,61554.65,0,0.1983,0,Low,4821.75
15603525,Cust3525,475,France,Male,41,9,0.0,2,1,1,166989.94,0,0.1438,0,Low,0.0
15603526,Cust3526,451,France,Female,59,1,70068.24,2,1,0,186749.15,0,0.4673,1,Medium,32742.89
15603527,Cust3527,387,France,Male,20,6,147981.44,2,1,1,72508.05,0,0.2232,0,Low,33029.46
15603528,Cust3528,586,Spain,Male,74,6,231047.9,3,1,0,129170.2,1,0.8273,1,Critical,191145.93
15603529,Cust3529,736,France,Female,86,1,219648.66,4,1,0,67079.41,1,0.7361,1,High,161683.38
15603530,Cust3530,511,France,Female,25,5,26346.83,1,1,0,190943.32,0,0.1377,0,Low,3627.96
15603531,Cust3531,552,France,Male,91,7,135052.56,1,1,1,80961.3,1,0.6917,1,High,93415.86
15603532,Cust3532,668,France,Male,24,4,9299.35,4,1,0,41499.73,0,0.2315,0,Low,2152.8
15603533,Cust3533,528,France,Female,27,7,198101.54,4,1,1,79757.44,0,0.1438,0,Low,28487.0
15603534,Cust3534,720,Germany,Male,74,8,0.0,4,0,1,63682.34,1,0.6728,1,High,0.0
15603535,Cust3535,510,Spain,Female,68,6,53716.2,4,1,0,101848.7,1,0.8306,1,Critical,44616.68
15603536,Cust3536,573,France,Female,87,4,121025.48,1,0,0,18671.69,1,0.8074,1,Critical,97715.97
15603537,Cust3537,841,Germany,Male,49,2,0.0,1,0,0,123616.77,0,0.2378,0,Low,0.0
15603538,Cust3538,768,France,Female,60,7,0.0,3,1,0,154775.34,0,0.3217,0,Medium,0.0
15603539,Cust3539,636,France,Male,28,9,8296.68,4,1,1,52619.43,0,0.1041,0,Low,863.68
15603540,Cust3540,546,Spain,Female,69,5,237496.04,4,0,0,50132.48,1,0.8101,1,Critical,192395.54
15603541,Cust3541,846,Germany,Male,91,5,58592.81,4,1,0,66848.43,1,0.6928,1,High,40593.1
15603542,Cust3542,581,Spain,Male,62,10,36258.04,4,1,0,102651.06,0,0.3858,1,Medium,13988.35
15603543,Cust3543,522,France,Female,87,3,0.0,1,0,1,20612.03,0,0.5063,1,Medium,0.0
15603544,Cust3544,648,France,Male,47,8,130644.23,2,1,1,110516.18,1,0.3991,1,Medium,52140.11
15603545,Cust3545,557,France,Male,90,2,223911.85,3,0,0,132110.26,1,0.846,1,Critical,189429.43
15603546,Cust3546,795,France,Female,57,2,0.0,2,1,0,195813.22,0,0.2333,0,Low,0.0
15603547,Cust3547,456,Spain,Female,28,3,0.0,4,0,1,193027.86,0,0.1704,0,Low,0.0
15603548,Cust3548,375,France,Male,44,0,51540.47,4,1,1,63573.28,0,0.468,1,Medium,24120.94
15603549,Cust3549,565,Spain,Male,54,5,237443.45,3,1,1,133308.94,1,0.5337,1,Medium,126723.57
15603550,Cust3550,825,Spain,Female,22,3,166122.55,1,1,0,146556.15,0,0.1974,0,Low,32792.59
15603551,Cust3551,381,Germany,Male,84,2,150392.18,4,1,1,166448.0,0,0.7789,1,High,117140.47
15603552,Cust3552,754,France,Female,35,8,197513.94,2,0,0,17159.82,0,0.1859,0,Low,36717.84
15603553,Cust3553,350,Germany,Male,67,5,0.0,2,1,1,25926.31,0,0.4839,1,Medium,0.0
15603554,Cust3554,629,France,Female,86,2,0.0,3,1,0,59675.92,0,0.5622,1,Medium,0.0
15603555,Cust3555,576,Spain,Male,50,2,125120.68,1,1,1,53513.71,1,0.4822,1,Medium,60333.19
15603556,Cust3556,430,France,Female,63,8,200553.26,3,1,0,156474.96,0,0.6599,1,High,132345.1
15603557,Cust3557,723,Spain,Male,56,2,178157.71,3,1,1,163036.25,1,0.3793,0,Medium,67575.22
15603558,Cust3558,437,Germany,Male,74,4,112814.98,2,1,0,93537.52,1,0.7994,1,High,90184.3
15603559,Cust3559,568,Germany,Female,20,1,192427.46,2,1,0,95129.3,0,0.2945,0,Low,56669.89
15603560,Cust3560,629,Germany,Female,44,8,180172.79,2,0,0,103749.59,0,0.4215,1,Medium,75942.83
15603561,Cust3561,609,Germany,Male,63,3,930.47,3,1,1,6396.96,0,0.3409,0,Medium,317.2
15603562,Cust3562,365,Spain,Male,24,7,177311.86,4,1,0,79495.28,0,0.2974,0,Low,52732.55
15603563,Cust3563,573,France,Female,81,4,127197.17,2,1,0,18310.18,0,0.7394,1,High,94049.59
15603564,Cust3564,678,Spain,Female,64,8,0.0,4,1,0,26647.29,1,0.6417,1,High,0.0
15603565,Cust3565,613,Spain,Female,18,4,202411.12,2,0,0,137019.32,0,0.2447,0,Low,49530.0
15603566,Cust3566,715,Spain,Male,18,9,42662.13,1,1,0,108870.45,0,0.161,0,Low,6868.6
15603567,Cust3567,738,France,Female,29,7,5439.67,4,1,0,87072.93,0,0.2431,0,Low,1322.38
15603568,Cust3568,439,Spain,Male,67,5,49081.36,2,1,1,151799.04,1,0.4145,1,Medium,20344.22
15603569,Cust3569,752,France,Female,56,5,0.0,3,0,0,116221.86,0,0.3036,0,Medium,0.0
15603570,Cust3570,798,Spain,Male,53,6,0.0,2,0,1,52539.92,0,0.1513,0,Low,0.0
15603571,Cust3571,769,France,Male,59,7,0.0,3,1,1,132645.08,0,0.2759,0,Low,0.0
15603572,Cust3572,776,France,Male,54,7,205146.92,4,1,1,57453.05,0,0.3354,0,Medium,68806.28
15603573,Cust3573,456,France,Female,43,0,0.0,4,1,0,22197.68,0,0.3406,0,Medium,0.0
15603574,Cust3574,676,France,Female,18,2,126630.17,4,1,1,191073.77,0,0.2474,0,Low,31328.3
15603575,Cust3575,579,France,Male,20,4,0.0,2,1,1,166702.19,0,0.0728,0,Low,0.0
15603576,Cust3576,843,Spain,Male,68,5,20147.54,1,1,1,109479.94,0,0.3017,0,Medium,6078.51
15603577,Cust3577,766,France,Female,73,0,105338.57,3,1,1,19160.48,0,0.4044,1,Medium,42598.92
15603578,Cust3578,430,Germany,Male,35,2,0.0,1,1,0,85089.43,0,0.3732,0,Medium,0.0
15603579,Cust3579,821,France,Male,35,5,30512.74,2,0,0,115162.27,0,0.1482,0,Low,4521.99
15603580,Cust3580,699,Spain,Male,48,4,0.0,4,1,0,66489.01,1,0.3087,0,Medium,0.0
15603581,Cust3581,622,Spain,Female,65,6,0.0,3,1,0,38568.04,0,0.474,1,Medium,0.0
15603582,Cust3582,573,France,Female,61,0,115741.14,3,0,0,101464.17,1,0.7412,1,High,85787.33
15603583,Cust3583,596,Germany,Female,59,8,34147.15,4,1,0,177369.73,0,0.4737,1,Medium,16175.5
15603584,Cust3584,736,Spain,Female,20,3,0.0,3,1,1,63515.87,0,0.0688,0,Low,0.0
15603585,Cust3585,733,Spain,Female,49,6,50063.71,4,1,1,174436.4,0,0.1581,0,Low,7915.07
15603586,Cust3586,626,France,Female,73,10,224234.27,1,1,0,75977.72,1,0.8483,1,Critical,190217.93
15603587,Cust3587,846,France,Male,61,4,130599.04,2,1,0,56252.17,0,0.4876,1,Medium,63680.09
15603588,Cust3588,466,Spain,Male,77,3,199885.9,2,1,0,172888.3,1,0.8578,1,Critical,171462.13
15603589,Cust3589,563,France,Female,69,2,121431.58,4,0,1,18773.28,0,0.3967,1,Medium,48171.91
15603590,Cust3590,649,Spain,Female,84,7,10596.08,4,1,1,152875.55,0,0.5623,1,Medium,5958.18
15603591,Cust3591,432,France,Female,60,10,173638.39,2,0,1,95154.72,0,0.3626,0,Medium,62961.28
15603592,Cust3592,599,Spain,Male,60,6,0.0,4,1,1,15877.94,0,0.3534,0,Medium,0.0
15603593,Cust3593,767,France,Male,59,2,98760.11,3,1,1,134835.69,0,0.3205,0,Medium,31652.62
15603594,Cust3594,688,France,Male,37,10,136734.84,1,1,1,74027.78,0,0.2069,0,Low,28290.44
15603595,Cust3595,705,Spain,Male,50,0,194957.08,4,1,0,151384.94,1,0.8633,1,Critical,168306.45
15603596,Cust3596,431,Spain,Female,30,4,224649.94,1,1,0,102889.21,0,0.3545,0,Medium,79638.4
15603597,Cust3597,422,Spain,Male,49,1,51203.45,3,0,0,161001.95,0,0.2033,0,Low,10409.66
15603598,Cust3598,571,Spain,Male,29,0,0.0,4,1,1,4751.79,0,0.2464,0,Low,0.0
15603599,Cust3599,512,France,Male,54,10,117557.18,3,0,1,97030.26,0,0.2209,0,Low,25968.38
15603600,Cust3600,355,France,Male,88,0,191878.93,3,1,1,100012.39,1,0.7243,1,High,138977.91
15603601,Cust3601,627,France,Female,51,9,0.0,4,1,1,171046.55,0,0.2473,0,Low,0.0
15603602,Cust3602,727,Germany,Female,72,5,0.0,1,0,0,171655.72,0,0.4882,1,Medium,0.0
15603603,Cust3603,716,France,Male,50,3,71692.75,2,1,1,95974.28,0,0.2789,0,Low,19995.11
15603604,Cust3604,401,Spain,Female,85,9,0.0,3,1,0,55160.05,1,0.7012,1,High,0.0
15603605,Cust3605,741,France,Female,33,0,0.0,3,1,1,88052.08,0,0.0818,0,Low,0.0
15603606,Cust3606,540,France,Female,79,7,220569.6,2,1,0,145040.38,0,0.7824,1,High,172573.66
15603607,Cust3607,428,France,Female,71,8,141518.28,3,1,1,15408.12,0,0.4411,1,Medium,62423.71
15603608,Cust3608,586,France,Female,83,4,234280.74,4,1,1,195471.39,1,0.7791,1,High,182528.12
15603609,Cust3609,458,France,Female,27,3,4384.15,3,1,0,127553.96,0,0.2345,0,Low,1028.08
15603610,Cust3610,687,Germany,Male,84,0,184739.71,1,1,1,85329.11,0,0.4919,1,Medium,90873.46
15603611,Cust3611,722,France,Female,85,0,86634.49,4,1,0,118826.18,1,0.8135,1,Critical,70477.16
15603612,Cust3612,713,Germany,Female,39,0,167155.09,2,1,1,178698.43,0,0.2316,0,Low,38713.12
15603613,Cust3613,408,Spain,Female,64,5,235586.69,2,1,0,80470.09,1,0.7807,1,High,183922.53
15603614,Cust3614,524,Germany,Male,61,5,163477.79,3,1,0,45292.67,1,0.7933,1,High,129686.93
15603615,Cust3615,599,Germany,Female,21,4,0.0,1,1,1,133600.52,0,0.1041,0,Low,0.0
15603616,Cust3616,843,France,Female,56,7,0.0,1,0,0,10999.49,0,0.1637,0,Low,0.0
15603617,Cust3617,623,France,Male,66,3,42629.51,4,1,1,75158.33,0,0.413,1,Medium,17605.99
15603618,Cust3618,677,France,Female,33,8,0.0,4,1,0,41691.31,0,0.2245,0,Low,0.0
15603619,Cust3619,520,Spain,Female,44,7,0.0,1,0,0,150396.17,0,0.2388,0,Low,0.0
15603620,Cust3620,497,Germany,Female,61,10,27787.64,3,1,0,171786.6,1,0.652,1,High,18117.54
15603621,Cust3621,748,France,Female,86,7,0.0,3,1,1,161048.19,0,0.3947,1,Medium,0.0
15603622,Cust3622,768,France,Female,22,1,0.0,4,1,0,20491.9,0,0.1372,0,Low,0.0
15603623,Cust3623,377,Spain,Male,87,6,22893.94,4,0,0,28476.87,1,0.8827,1,Critical,20208.48
15603624,Cust3624,619,Germany,Female,78,7,0.0,1,0,0,186018.73,1,0.7441,1,High,0.0
15603625,Cust3625,739,Germany,Female,80,0,94703.33,4,1,0,124145.56,0,0.5941,1,Medium,56263.25
15603626,Cust3626,429,Spain,Male,21,0,158233.55,1,0,0,54825.51,0,0.43,1,Medium,68040.43
15603627,Cust3627,673,Germany,Female,60,0,223391.88,3,0,1,119705.62,0,0.3825,1,Medium,85447.39
15603628,Cust3628,587,Germany,Male,45,1,0.0,3,1,1,145895.01,0,0.1502,0,Low,0.0
15603629,Cust3629,604,France,Male,86,9,0.0,4,1,0,134656.15,0,0.6471,1,High,0.0
15603630,Cust3630,647,France,Female,72,2,210116.51,3,1,0,73438.54,0,0.6862,1,High,144181.95
15603631,Cust3631,787,Spain,Female,66,2,31224.96,2,1,1,123671.7,0,0.3213,0,Medium,10032.58
15603632,Cust3632,393,Germany,Male,20,4,159347.82,3,0,1,17612.94,0,0.2079,0,Low,33128.41
15603633,Cust3633,451,France,Female,82,4,0.0,1,1,1,182845.88,1,0.4548,1,Medium,0.0
15603634,Cust3634,522,Germany,Male,54,10,0.0,1,1,1,160162.24,0,0.1764,0,Low,0.0
15603635,Cust3635,751,France,Male,29,1,0.0,3,0,0,176247.89,0,0.0787,0,Low,0.0
15603636,Cust3636,646,Spain,Female,82,9,35.65,2,0,0,52100.16,0,0.4847,1,Medium,17.28
15603637,Cust3637,444,France,Male,84,2,0.0,3,1,0,47499.74,0,0.5891,1,Medium,0.0
15603638,Cust3638,361,Spain,Female,54,3,0.0,2,1,0,112215.53,0,0.4129,1,Medium,0.0
15603639,Cust3639,846,Germany,Male,66,5,70882.88,4,1,0,75051.61,0,0.4191,1,Medium,29707.02
15603640,Cust3640,418,France,Male,63,10,0.0,2,0,0,39611.64,0,0.4023,1,Medium,0.0
15603641,Cust3641,366,France,Female,40,2,0.0,2,1,0,159491.3,0,0.3512,0,Medium,0.0
15603642,Cust3642,553,Spain,Male,73,3,0.0,2,1,1,17153.92,0,0.4081,1,Medium,0.0
15603643,Cust3643,627,France,Male,91,7,21607.06,1,1,0,5305.55,1,0.7507,1,High,16220.42
15603644,Cust3644,479,France,Male,87,7,110275.84,1,0,0,165746.56,1,0.8116,1,Critical,89499.87
15603645,Cust3645,434,Spain,Female,68,4,212679.55,1,1,0,43625.8,0,0.6873,1,High,146174.65
15603646,Cust3646,393,France,Male,44,1,108045.06,1,1,1,175322.48,0,0.2545,0,Low,27497.47
15603647,Cust3647,554,France,Female,85,8,129823.75,2,0,0,111555.25,0,0.7723,1,High,100262.88
15603648,Cust3648,826,France,Male,86,9,0.0,2,1,1,120636.66,0,0.3491,0,Medium,0.0
15603649,Cust3649,424,Spain,Female,18,6,0.0,4,0,1,4156.13,0,0.1298,0,Low,0.0
15603650,Cust3650,636,France,Female,43,9,127499.43,4,1,1,88313.51,0,0.1969,0,Low,25104.64
15603651,Cust3651,447,France,Male,58,2,241773.27,3,0,0,182787.62,1,0.7143,1,High,172698.65
15603652,Cust3652,687,France,Female,60,9,9053.39,3,1,0,149024.29,0,0.3927,1,Medium,3555.27
15603653,Cust3653,380,France,Male,70,8,13627.56,1,0,1,51485.65,1,0.7097,1,High,9671.48
15603654,Cust3654,451,France,Female,56,9,106840.62,2,1,1,8150.03,0,0.2319,0,Low,24776.34
15603655,Cust3655,354,France,Male,19,10,39462.33,1,1,1,28417.83,1,0.6914,1,High,27284.25
15603656,Cust3656,674,France,Female,30,3,0.0,2,1,1,158849.92,0,0.1098,0,Low,0.0
15603657,Cust3657,710,France,Male,74,1,37520.63,2,0,1,98811.67,0,0.2964,0,Low,11121.11
15603658,Cust3658,435,Spain,Female,69,8,173092.24,1,1,0,97371.93,1,0.7893,1,High,136621.71
15603659,Cust3659,577,France,Male,66,7,0.0,2,1,1,171686.03,0,0.3682,0,Medium,0.0
15603660,Cust3660,496,France,Male,50,7,0.0,1,1,0,91101.02,0,0.3861,1,Medium,0.0
15603661,Cust3661,372,Spain,Male,38,6,62596.07,4,1,0,89216.1,0,0.3499,0,Medium,21902.36
15603662,Cust3662,368,Spain,Female,40,0,0.0,4,1,0,12774.42,1,0.7267,1,High,0.0
15603663,Cust3663,820,Germany,Male,68,7,0.0,4,0,1,157762.83,0,0.4133,1,Medium,0.0
15603664,Cust3664,674,France,Female,55,5,0.0,2,0,1,88988.74,0,0.2362,0,Low,0.0
15603665,Cust3665,683,France,Female,27,0,172229.6,3,1,0,188192.72,0,0.2808,0,Low,48362.07
15603666,Cust3666,497,France,Male,47,9,36379.98,4,1,1,45062.46,0,0.2538,0,Low,9233.24
15603667,Cust3667,482,France,Male,78,0,0.0,2,1,1,37904.84,0,0.4947,1,Medium,0.0
15603668,Cust3668,748,France,Male,62,2,0.0,4,0,1,656.24,0,0.2499,0,Low,0.0
15603669,Cust3669,569,Germany,Male,82,3,167036.0,1,1,0,137933.37,1,0.8184,1,Critical,136702.26
15603670,Cust3670,401,France,Female,55,8,147989.94,1,1,1,107701.21,0,0.305,0,Medium,45136.93
15603671,Cust3671,595,Germany,Female,53,0,0.0,3,1,1,56633.6,0,0.2111,0,Low,0.0
15603672,Cust3672,611,France,Female,88,4,18909.17,2,0,0,66174.67,1,0.6867,1,High,12984.93
15603673,Cust3673,635,France,Female,55,4,0.0,3,1,0,60607.35,1,0.3969,1,Medium,0.0
15603674,Cust3674,618,Spain,Female,28,4,0.0,4,1,1,76699.54,0,0.176,0,Low,0.0
15603675,Cust3675,779,Spain,Female,47,9,0.0,2,1,1,61316.66,0,0.0957,0,Low,0.0
15603676,Cust3676,472,France,Male,65,3,230808.25,3,0,0,87265.72,0,0.7561,1,High,174514.12
15603677,Cust3677,645,Germany,Female,43,3,67232.32,2,0,0,169199.94,1,0.642,1,High,43163.15
15603678,Cust3678,794,France,Female,48,4,209476.14,1,0,1,106179.56,0,0.3641,0,Medium,76270.26
15603679,Cust3679,840,France,Male,82,4,148297.29,4,0,1,155330.69,0,0.4198,1,Medium,62255.2
15603680,Cust3680,833,Germany,Female,50,10,0.0,3,1,1,114492.32,0,0.1031,0,Low,0.0
15603681,Cust3681,714,France,Female,40,2,0.0,3,1,0,55347.17,0,0.2028,0,Low,0.0
15603682,Cust3682,403,France,Male,25,1,0.0,2,0,1,193848.67,0,0.1177,0,Low,0.0
15603683,Cust3683,845,France,Female,47,4,47162.77,2,1,1,36795.8,0,0.1903,0,Low,8975.08
15603684,Cust3684,366,France,Female,74,0,4517.14,4,1,0,189956.6,1,0.6138,1,High,2772.62
15603685,Cust3685,625,France,Female,40,8,172238.59,3,1,0,187222.11,0,0.3999,1,Medium,68878.21
15603686,Cust3686,573,France,Female,52,9,187421.0,1,1,1,36881.68,1,0.6097,1,High,114270.58
15603687,Cust3687,689,Spain,Female,66,9,0.0,3,1,0,32418.77,1,0.4652,1,Medium,0.0
15603688,Cust3688,742,Germany,Male,86,8,0.0,1,1,0,58525.23,1,0.5911,1,Medium,0.0
15603689,Cust3689,719,France,Male,78,4,199985.46,1,0,1,121461.76,0,0.5166,1,Medium,103312.49
15603690,Cust3690,463,France,Female,39,7,117397.44,4,1,1,85941.86,0,0.3305,0,Medium,38799.85
15603691,Cust3691,728,Germany,Male,30,4,0.0,4,1,0,170255.21,0,0.2013,0,Low,0.0
15603692,Cust3692,729,France,Female,67,9,0.0,4,0,0,196105.36,0,0.4218,1,Medium,0.0
15603693,Cust3693,362,Germany,Female,36,2,0.0,1,1,0,88668.6,0,0.4193,1,Medium,0.0
15603694,Cust3694,669,Spain,Male,47,1,50001.59,4,0,1,2882.75,0,0.2039,0,Low,10195.32
15603695,Cust3695,413,France,Female,25,10,0.0,1,1,0,195411.69,0,0.1627,0,Low,0.0
15603696,Cust3696,631,France,Male,75,3,45543.16,1,1,1,84191.1,0,0.434,1,Medium,19765.73
15603697,Cust3697,464,France,Male,29,3,194725.84,3,0,1,100450.08,0,0.2469,0,Low,48077.81
15603698,Cust3698,529,France,Male,46,7,61782.74,2,1,0,125358.35,0,0.3123,0,Medium,19294.75
15603699,Cust3699,486,France,Male,48,3,0.0,2,0,1,152606.89,0,0.2303,0,Low,0.0
15603700,Cust3700,781,Spain,Female,21,8,0.0,4,1,0,96196.14,0,0.1097,0,Low,0.0
15603701,Cust3701,803,France,Male,75,4,0.0,3,1,0,7764.25,0,0.4786,1,Medium,0.0
15603702,Cust3702,749,Germany,Male,63,8,108285.64,2,1,1,124460.97,0,0.3755,0,Medium,40661.26
15603703,Cust3703,712,Germany,Male,58,0,218115.13,4,0,1,89839.6,0,0.3527,0,Medium,76929.21
15603704,Cust3704,532,France,Male,31,8,0.0,3,1,0,108336.77,0,0.2643,0,Low,0.0
15603705,Cust3705,421,France,Male,21,3,2112.1,2,1,1,54901.25,0,0.1085,0,Low,229.16
15603706,Cust3706,634,France,Female,22,4,0.0,1,1,1,924.22,0,0.0669,0,Low,0.0
15603707,Cust3707,563,Germany,Female,64,10,98529.53,1,1,0,26277.19,0,0.4778,1,Medium,47077.41
15603708,Cust3708,491,France,Male,73,5,29906.29,1,1,1,116230.44,0,0.4572,1,Medium,13673.16
15603709,Cust3709,471,Germany,Male,76,0,109272.49,1,1,1,129133.11,0,0.5043,1,Medium,55106.12
15603710,Cust3710,430,Spain,Male,77,5,29114.9,4,0,1,24881.49,1,0.7399,1,High,21542.11
15603711,Cust3711,765,Spain,Male,47,2,0.0,1,0,1,87425.43,0,0.1547,0,Low,0.0
15603712,Cust3712,511,Spain,Female,18,5,90474.3,4,0,1,125777.62,0,0.2091,0,Low,18918.18
15603713,Cust3713,809,Spain,Male,36,2,45780.43,4,0,0,85227.75,1,0.6206,1,High,28411.33
15603714,Cust3714,685,Spain,Male,76,7,150455.73,1,1,0,139736.96,0,0.661,1,High,99451.24
15603715,Cust3715,432,Spain,Female,74,2,214395.53,2,1,0,186830.46,1,0.7839,1,High,168064.66
15603716,Cust3716,381,Germany,Male,55,5,233731.89,1,0,1,65262.65,1,0.6864,1,High,160433.57
15603717,Cust3717,558,Spain,Female,19,10,223571.43,2,0,1,158613.45,1,0.3366,0,Medium,75254.14
15603718,Cust3718,390,Spain,Female,75,7,220513.15,2,0,1,47468.4,1,0.7887,1,High,173918.72
15603719,Cust3719,827,France,Female,78,7,87012.87,3,1,0,115577.01,0,0.5631,1,Medium,48996.95
15603720,Cust3720,804,Germany,Male,34,8,126355.36,1,0,0,174890.24,1,0.4105,1,Medium,51868.88
15603721,Cust3721,679,Germany,Female,77,10,92827.2,4,1,0,175589.96,1,0.8212,1,Critical,76229.7
15603722,Cust3722,496,Spain,Female,65,9,230565.41,3,0,1,83375.56,0,0.5039,1,Medium,116181.91
15603723,Cust3723,784,France,Female,83,9,0.0,4,0,0,165111.46,1,0.499,1,Medium,0.0
15603724,Cust3724,674,Spain,Male,64,3,0.0,3,1,0,94330.42,0,0.3377,0,Medium,0.0
15603725,Cust3725,529,Spain,Female,24,6,0.0,2,1,0,129434.31,0,0.1564,0,Low,0.0
15603726,Cust3726,790,Spain,Female,65,8,212593.56,3,1,1,106371.81,0,0.3497,0,Medium,74343.97
15603727,Cust3727,455,France,Female,25,6,84804.58,3,1,0,112060.49,0,0.1898,0,Low,16095.91
15603728,Cust3728,634,Germany,Female,37,1,215921.06,1,0,1,13544.68,0,0.1318,0,Low,28458.4
15603729,Cust3729,696,Spain,Male,82,5,232010.73,2,1,0,169665.16,1,0.7848,1,High,182082.02
15603730,Cust3730,804,Spain,Female,89,2,0.0,3,1,0,61640.47,0,0.4951,1,Medium,0.0
15603731,Cust3731,418,Spain,Female,53,7,188563.17,4,1,1,21531.43,0,0.429,1,Medium,80893.6
15603732,Cust3732,494,Germany,Female,39,9,0.0,3,1,0,72260.64,1,0.5689,1,Medium,0.0
15603733,Cust3733,770,Germany,Male,47,7,0.0,4,1,0,16169.04,0,0.5036,1,Medium,0.0
15603734,Cust3734,600,France,Female,35,6,68595.32,3,0,1,5422.19,0,0.1181,0,Low,8101.11
15603735,Cust3735,728,Spain,Female,60,6,154166.66,3,0,1,74861.23,0,0.3774,0,Medium,58182.5
15603736,Cust3736,737,France,Female,49,5,0.0,2,1,1,99513.14,1,0.2791,0,Low,0.0
15603737,Cust3737,502,Germany,Male,22,4,185153.96,3,1,0,180198.05,0,0.2744,0,Low,50806.25
15603738,Cust3738,516,Spain,Female,63,2,194623.01,1,1,0,77509.4,1,0.7576,1,High,147446.39
15603739,Cust3739,599,France,Male,65,7,0.0,3,0,0,161586.97,0,0.4734,1,Medium,0.0
15603740,Cust3740,363,France,Female,67,3,1186.01,2,0,1,124680.01,0,0.4624,1,Medium,548.41
15603741,Cust3741,750,France,Male,87,1,0.0,3,1,1,92931.6,0,0.4174,1,Medium,0.0
15603742,Cust3742,407,Spain,Male,70,8,68453.06,4,1,0,9507.63,1,0.7441,1,High,50935.92
15603743,Cust3743,818,Germany,Female,68,6,0.0,2,1,1,170439.6,0,0.4189,1,Medium,0.0
15603744,Cust3744,740,France,Female,33,5,0.0,3,0,1,123501.3,0,0.082,0,Low,0.0
15603745,Cust3745,526,Germany,Female,52,5,0.0,3,1,0,43429.98,1,0.5037,1,Medium,0.0
15603746,Cust3746,386,France,Male,50,0,0.0,1,1,0,55433.86,1,0.351,0,Medium,0.0
15603747,Cust3747,745,Spain,Male,89,5,85419.69,4,0,0,148885.9,1,0.8372,1,Critical,71513.36
15603748,Cust3748,574,France,Female,53,5,140322.49,3,1,1,163509.53,0,0.2977,0,Low,41774.01
15603749,Cust3749,447,France,Female,68,5,0.0,3,0,0,145275.42,1,0.6116,1,High,0.0
15603750,Cust3750,565,France,Female,58,0,153699.47,1,1,0,41612.93,0,0.5288,1,Medium,81276.28
15603751,Cust3751,802,Germany,Male,22,8,0.0,2,1,1,14690.72,0,0.0888,0,Low,0.0
15603752,Cust3752,694,France,Female,87,6,192394.23,4,1,1,87473.96,1,0.7907,1,High,152126.12
15603753,Cust3753,693,Spain,Female,67,8,226023.14,3,1,1,107891.91,1,0.4258,1,Medium,96240.65
15603754,Cust3754,607,France,Male,35,5,192193.95,1,1,1,108068.25,0,0.2458,0,Low,47241.27
15603755,Cust3755,426,France,Male,22,3,188134.69,3,1,0,110233.11,1,0.3976,1,Medium,74802.35
15603756,Cust3756,825,France,Male,87,9,188924.08,4,1,1,141887.31,1,0.5954,1,Medium,112485.4
15603757,Cust3757,720,France,Male,40,3,153134.72,1,1,1,113579.61,0,0.239,0,Low,36599.2
15603758,Cust3758,608,Spain,Female,19,4,61952.48,1,1,1,47384.4,0,0.1391,0,Low,8617.59
15603759,Cust3759,712,France,Female,63,0,0.0,2,1,0,7927.27,0,0.3155,0,Medium,0.0
15603760,Cust3760,531,Spain,Male,19,1,0.0,2,1,0,96005.84,0,0.196,0,Low,0.0
15603761,Cust3761,721,France,Female,33,1,0.0,1,1,1,37889.79,0,0.0897,0,Low,0.0
15603762,Cust3762,834,France,Female,84,4,89843.57,1,1,0,81810.43,0,0.5886,1,Medium,52881.93
15603763,Cust3763,522,France,Female,20,2,168455.02,3,0,0,45738.33,0,0.2821,0,Low,47521.16
15603764,Cust3764,354,France,Male,73,3,201274.28,3,0,1,96625.55,0,0.5602,1,Medium,112753.85
15603765,Cust3765,720,Spain,Female,63,8,199647.26,1,1,1,46744.01,0,0.4642,1,Medium,92676.26
15603766,Cust3766,776,Germany,Female,40,7,40285.65,3,1,0,60177.76,0,0.2107,0,Low,8488.19
15603767,Cust3767,764,France,Female,39,8,152729.52,2,1,0,38062.74,0,0.2613,0,Low,39908.22
15603768,Cust3768,838,Germany,Female,53,8,53640.66,4,1,0,119044.82,0,0.2691,0,Low,14434.7
15603769,Cust3769,523,Germany,Male,57,2,28026.07,4,0,1,136820.9,0,0.3201,0,Medium,8971.15
15603770,Cust3770,809,Spain,Female,83,6,128390.33,3,1,1,107739.98,0,0.3924,1,Medium,50380.37
15603771,Cust3771,454,Spain,Male,37,9,246881.76,1,1,0,199521.69,0,0.3286,0,Medium,81125.35
15603772,Cust3772,644,Germany,Female,61,3,245415.98,1,1,1,85211.1,0,0.487,1,Medium,119517.58
15603773,Cust3773,794,Spain,Female,68,4,143350.3,2,1,0,36804.11,0,0.63,1,High,90310.69
15603774,Cust3774,808,Spain,Female,18,5,193043.54,2,1,1,164992.03,0,0.1836,0,Low,35442.79
15603775,Cust3775,660,France,Male,84,8,0.0,2,1,1,90801.31,0,0.3368,0,Medium,0.0
15603776,Cust3776,623,Germany,Male,91,1,56090.55,4,0,1,76010.07,1,0.7555,1,High,42376.41
15603777,Cust3777,580,France,Female,24,5,176630.79,3,1,1,107657.84,0,0.1408,0,Low,24869.62
15603778,Cust3778,784,Spain,Male,37,2,196499.89,2,0,1,27056.27,0,0.1557,0,Low,30595.03
15603779,Cust3779,790,Spain,Male,76,7,185459.28,4,1,0,182508.19,0,0.8554,1,Critical,158641.87
15603780,Cust3780,470,France,Male,77,2,26126.89,4,0,1,164491.83,1,0.6435,1,High,16812.65
15603781,Cust3781,418,Spain,Male,29,3,0.0,3,0,0,185651.08,1,0.4455,1,Medium,0.0
15603782,Cust3782,757,Spain,Male,85,3,11045.04,1,1,0,95031.17,1,0.6836,1,High,7550.39
15603783,Cust3783,756,France,Male,42,0,196540.57,4,0,1,66327.07,0,0.2313,0,Low,45459.83
15603784,Cust3784,399,Germany,Male,39,7,77936.59,3,1,1,28071.12,0,0.2248,0,Low,17520.15
15603785,Cust3785,595,Spain,Female,44,2,0.0,1,1,0,132989.13,0,0.3855,1,Medium,0.0
15603786,Cust3786,603,Spain,Female,67,5,0.0,1,1,1,47066.45,0,0.372,0,Medium,0.0
15603787,Cust3787,371,France,Female,33,7,138.13,2,1,0,60730.82,0,0.1611,0,Low,22.25
15603788,Cust3788,682,France,Female,58,8,0.0,3,1,1,2932.94,0,0.2208,0,Low,0.0
15603789,Cust3789,837,Germany,Male,23,10,0.0,4,1,1,192379.48,0,0.0892,0,Low,0.0
15603790,Cust3790,455,France,Female,28,1,0.0,1,0,1,168658.47,0,0.129,0,Low,0.0
15603791,Cust3791,739,France,Male,74,6,0.0,1,0,1,143165.26,0,0.3631,0,Medium,0.0
15603792,Cust3792,390,France,Male,46,3,0.0,3,1,0,151358.09,0,0.398,1,Medium,0.0
15603793,Cust3793,457,France,Male,76,8,29539.07,2,1,0,166308.78,0,0.627,1,High,18521.0
15603794,Cust3794,633,Germany,Female,72,4,67060.24,1,0,1,44213.8,1,0.6428,1,High,43106.32
15603795,Cust3795,812,Germany,Male,91,0,170991.63,2,1,0,93521.04,1,0.785,1,High,134228.43
15603796,Cust3796,793,Germany,Female,28,9,149594.38,1,1,1,87624.37,0,0.232,0,Low,34705.9
15603797,Cust3797,818,Spain,Male,87,8,244500.85,4,1,0,8681.69,0,0.4931,1,Medium,120563.37
15603798,Cust3798,844,France,Female,84,3,8650.66,4,0,1,122688.18,0,0.4596,1,Medium,3975.84
15603799,Cust3799,751,France,Female,50,9,0.0,2,0,0,25991.45,1,0.62,1,High,0.0
15603800,Cust3800,532,France,Female,28,4,0.0,4,0,1,114265.93,0,0.1949,0,Low,0.0
15603801,Cust3801,413,France,Male,27,4,0.0,4,1,1,149744.54,0,0.1798,0,Low,0.0
15603802,Cust3802,761,France,Female,55,3,125841.07,1,0,1,20234.48,0,0.3007,0,Medium,37840.41
15603803,Cust3803,443,France,Male,18,5,103049.05,3,0,1,34758.97,0,0.1154,0,Low,11891.86
15603804,Cust3804,610,France,Male,25,10,44833.69,1,1,0,174158.01,0,0.1642,0,Low,7361.69
15603805,Cust3805,727,France,Male,57,0,54848.93,2,0,1,145243.06,0,0.2867,0,Low,15725.19
15603806,Cust3806,367,Germany,Male,59,6,0.0,3,1,0,156642.77,0,0.5847,1,Medium,0.0
15603807,Cust3807,807,Germany,Male,81,1,138049.71,1,0,0,31011.25,0,0.5548,1,Medium,76589.98
15603808,Cust3808,501,Spain,Female,90,1,0.0,4,1,0,137045.92,0,0.6016,1,High,0.0
15603809,Cust3809,457,Spain,Male,37,0,22211.36,2,0,1,27510.87,0,0.1458,0,Low,3238.42
15603810,Cust3810,536,Germany,Male,42,3,0.0,4,1,0,83350.03,1,0.38,0,Medium,0.0
15603811,Cust3811,580,France,Female,32,8,176822.72,1,0,0,8281.07,0,0.3209,0,Medium,56742.41
15603812,Cust3812,577,Germany,Male,34,8,244576.28,4,0,1,65477.5,0,0.1803,0,Low,44097.1
15603813,Cust3813,427,France,Female,50,8,3000.82,2,1,1,193551.29,0,0.249,0,Low,747.2
15603814,Cust3814,444,France,Female,91,1,0.0,3,1,0,139142.74,0,0.6052,1,High,0.0
15603815,Cust3815,589,France,Female,84,1,171510.38,3,1,0,7483.5,1,0.7585,1,High,130090.62
15603816,Cust3816,463,France,Male,85,10,0.0,3,1,0,153463.75,1,0.7214,1,High,0.0
15603817,Cust3817,671,France,Male,51,10,0.0,3,1,1,77799.44,0,0.1291,0,Low,0.0
15603818,Cust3818,800,Germany,Male,66,7,115734.82,2,1,0,58234.19,0,0.6358,1,High,73584.2
15603819,Cust3819,359,Spain,Female,71,9,0.0,2,1,1,38372.45,0,0.5041,1,Medium,0.0
15603820,Cust3820,368,Spain,Male,35,8,137777.72,4,1,1,84212.75,0,0.2605,0,Low,35891.1
15603821,Cust3821,672,Germany,Female,52,6,0.0,4,1,0,51742.74,0,0.3882,1,Medium,0.0
15603822,Cust3822,364,Germany,Male,58,5,223265.8,3,1,0,183862.56,1,0.6674,1,High,149007.59
15603823,Cust3823,670,France,Female,45,10,132613.87,1,1,0,140220.55,1,0.7248,1,High,96118.53
15603824,Cust3824,595,Germany,Male,53,7,0.0,1,0,1,182524.99,1,0.3857,1,Medium,0.0
15603825,Cust3825,577,Germany,Female,50,9,0.0,4,1,1,7017.84,1,0.6325,1,High,0.0
15603826,Cust3826,653,France,Male,22,2,172351.55,1,1,1,8532.11,0,0.1681,0,Low,28972.3
15603827,Cust3827,798,France,Male,74,2,170589.03,3,1,0,125579.44,0,0.716,1,High,122141.75
15603828,Cust3828,413,Spain,Male,84,6,0.0,3,1,0,123131.74,0,0.6379,1,High,0.0
15603829,Cust3829,417,Germany,Female,73,10,0.0,4,1,1,143650.46,0,0.474,1,Medium,0.0
15603830,Cust3830,699,France,Female,87,6,240895.68,2,1,1,113269.45,0,0.6463,1,High,155690.88
15603831,Cust3831,375,Germany,Female,49,4,0.0,3,1,1,7049.9,0,0.2364,0,Low,0.0
15603832,Cust3832,564,France,Female,22,0,0.0,2,0,0,137654.26,0,0.1863,0,Low,0.0
15603833,Cust3833,598,France,Female,37,1,0.0,1,1,0,165881.7,0,0.3,0,Medium,0.0
15603834,Cust3834,546,France,Female,81,2,17320.9,3,0,1,140347.46,0,0.4299,1,Medium,7446.25
15603835,Cust3835,617,France,Female,28,2,114259.84,4,1,0,164166.37,0,0.4319,1,Medium,49348.82
15603836,Cust3836,406,Germany,Female,58,7,0.0,3,1,0,88674.24,1,0.5571,1,Medium,0.0
15603837,Cust3837,483,France,Female,18,7,40226.13,4,1,1,20841.49,0,0.1595,0,Low,6416.07
15603838,Cust3838,352,Spain,Female,41,4,0.0,3,0,1,179531.72,1,0.2958,0,Low,0.0
15603839,Cust3839,831,France,Male,26,10,0.0,4,0,0,152897.39,0,0.1366,0,Low,0.0
15603840,Cust3840,766,Germany,Female,26,4,248811.37,4,1,0,107458.64,0,0.2284,0,Low,56828.52
15603841,Cust3841,477,Germany,Female,30,4,135363.43,4,0,1,28331.12,1,0.6002,1,High,81245.13
15603842,Cust3842,368,Germany,Female,57,5,16787.15,3,1,1,34011.57,0,0.3247,0,Medium,5450.79
15603843,Cust3843,485,Germany,Female,69,6,141036.69,1,1,1,38657.24,0,0.603,1,High,85045.12
15603844,Cust3844,828,Spain,Female,39,2,0.0,4,1,0,30783.57,0,0.1808,0,Low,0.0
15603845,Cust3845,756,Germany,Female,78,3,0.0,4,1,1,164092.38,0,0.5482,1,Medium,0.0
15603846,Cust3846,680,Germany,Female,47,7,0.0,3,1,0,89203.51,0,0.5045,1,Medium,0.0
15603847,Cust3847,812,Germany,Female,72,9,164310.31,4,0,1,58215.82,1,0.7021,1,High,115362.27
15603848,Cust3848,438,France,Female,57,4,35652.3,1,1,0,67144.38,0,0.4484,1,Medium,15986.49
15603849,Cust3849,618,France,Male,71,1,54890.74,4,0,1,53666.51,1,0.4721,1,Medium,25913.92
15603850,Cust3850,747,France,Female,90,9,0.0,1,1,1,106074.39,0,0.4075,1,Medium,0.0
15603851,Cust3851,359,France,Male,91,6,0.0,3,1,1,89354.95,0,0.5117,1,Medium,0.0
15603852,Cust3852,567,France,Female,61,4,36947.96,3,0,0,179819.08,1,0.4548,1,Medium,16803.93
15603853,Cust3853,528,France,Male,89,6,0.0,4,1,1,34757.67,1,0.6279,1,High,0.0
15603854,Cust3854,438,Germany,Male,69,9,181033.03,3,1,1,171311.62,1,0.7102,1,High,128569.66
15603855,Cust3855,462,France,Female,37,0,29062.55,3,1,0,62592.1,0,0.1862,0,Low,5411.45
15603856,Cust3856,835,Spain,Female,87,3,88494.83,2,1,0,195385.26,1,0.7003,1,High,61972.93
15603857,Cust3857,606,France,Female,28,10,82099.13,2,0,1,138117.63,0,0.1286,0,Low,10557.95
15603858,Cust3858,390,Germany,Male,52,3,0.0,2,1,1,185411.67,0,0.2314,0,Low,0.0
15603859,Cust3859,691,France,Female,29,10,119209.49,4,1,0,180317.75,1,0.6548,1,High,78058.37
15603860,Cust3860,646,France,Male,76,3,0.0,3,0,0,97570.37,0,0.4714,1,Medium,0.0
15603861,Cust3861,546,France,Female,84,5,114141.79,1,1,0,85738.69,1,0.8462,1,Critical,96586.78
15603862,Cust3862,548,Germany,Male,78,0,8155.09,1,1,0,34886.88,0,0.497,1,Medium,4053.08
15603863,Cust3863,619,France,Female,25,7,0.0,4,1,0,69285.85,0,0.2115,0,Low,0.0
15603864,Cust3864,815,Spain,Female,38,2,151218.45,3,1,0,60533.44,1,0.4129,1,Medium,62438.1
15603865,Cust3865,730,France,Male,43,9,0.0,2,1,1,69795.37,0,0.1298,0,Low,0.0
15603866,Cust3866,550,Germany,Male,26,1,47681.26,2,1,1,35637.21,0,0.1713,0,Low,8167.8
15603867,Cust3867,473,France,Female,57,1,184112.4,2,1,1,42230.34,1,0.5689,1,Medium,104741.54
15603868,Cust3868,404,Germany,Female,20,5,182917.91,3,1,1,161840.97,0,0.2182,0,Low,39912.69
15603869,Cust3869,448,France,Female,63,0,91245.85,3,1,1,158763.56,0,0.2727,0,Low,24882.74
15603870,Cust3870,418,France,Male,60,3,0.0,3,1,1,172300.82,0,0.3234,0,Medium,0.0
15603871,Cust3871,753,France,Female,62,7,133981.82,3,0,0,35974.1,0,0.596,1,Medium,79853.16
15603872,Cust3872,638,France,Male,85,5,0.0,4,1,0,190475.83,0,0.5461,1,Medium,0.0
15603873,Cust3873,368,France,Female,76,6,24202.14,1,1,1,50014.12,0,0.513,1,Medium,12415.7
15603874,Cust3874,814,Spain,Female,37,0,86499.64,3,1,1,38834.43,0,0.1486,0,Low,12853.85
15603875,Cust3875,425,France,Female,60,7,187753.14,4,0,0,26467.96,0,0.666,1,High,125043.59
15603876,Cust3876,673,France,Male,77,1,88535.01,2,1,0,27293.67,1,0.653,1,High,57813.36
15603877,Cust3877,356,Spain,Male,80,6,0.0,2,0,1,54423.96,0,0.6082,1,High,0.0
15603878,Cust3878,645,France,Female,65,8,0.0,3,1,0,196136.34,0,0.4184,1,Medium,0.0
15603879,Cust3879,628,France,Female,24,7,149086.51,3,1,0,144083.85,1,0.4546,1,Medium,67774.73
15603880,Cust3880,805,Germany,Male,50,3,0.0,2,1,1,106770.95,0,0.1842,0,Low,0.0
15603881,Cust3881,650,Spain,Female,81,1,0.0,1,1,1,69484.08,0,0.4558,1,Medium,0.0
15603882,Cust3882,595,Germany,Female,23,9,142937.58,1,1,0,118094.68,0,0.258,0,Low,36877.9
15603883,Cust3883,616,France,Male,61,2,124307.19,1,1,0,94004.98,0,0.6654,1,High,82714.0
15603884,Cust3884,667,Spain,Male,58,5,118780.04,4,1,0,178852.93,0,0.5036,1,Medium,59817.63
15603885,Cust3885,557,France,Male,34,2,0.0,1,1,0,53967.6,1,0.4699,1,Medium,0.0
15603886,Cust3886,707,Spain,Male,43,0,0.0,3,1,1,37915.21,0,0.127,0,Low,0.0
15603887,Cust3887,615,Spain,Male,90,4,0.0,1,1,1,55097.31,1,0.4763,1,Medium,0.0
15603888,Cust3888,835,Spain,Male,62,6,163367.82,3,1,1,149703.24,0,0.399,1,Medium,65183.76
15603889,Cust3889,447,France,Male,87,8,5108.2,4,1,1,110937.42,1,0.6413,1,High,3275.89
15603890,Cust3890,715,France,Male,52,7,5237.7,1,1,0,144592.3,0,0.384,1,Medium,2011.28
15603891,Cust3891,763,Germany,Female,80,9,79643.05,2,1,0,98436.05,1,0.7083,1,High,56411.17
15603892,Cust3892,709,Germany,Male,63,8,188691.75,2,1,1,81342.43,1,0.7146,1,High,134839.12
15603893,Cust3893,841,Germany,Male,85,4,0.0,4,0,0,50895.87,1,0.7159,1,High,0.0
15603894,Cust3894,567,Spain,Female,42,3,170743.97,3,1,0,161232.75,0,0.4507,1,Medium,76954.31
15603895,Cust3895,620,Germany,Male,46,6,0.0,3,1,0,70823.8,1,0.5622,1,Medium,0.0
15603896,Cust3896,427,France,Female,20,5,8029.59,3,1,1,8254.63,0,0.1071,0,Low,859.97
15603897,Cust3897,537,France,Female,34,3,0.0,1,1,0,59676.79,0,0.2641,0,Low,0.0
15603898,Cust3898,429,France,Female,28,0,0.0,3,1,0,31321.56,0,0.2041,0,Low,0.0
15603899,Cust3899,746,France,Male,31,5,236727.04,4,1,1,111703.44,1,0.5872,1,Medium,139006.12
15603900,Cust3900,741,France,Female,40,5,35426.57,2,1,1,99945.74,0,0.1496,0,Low,5299.81
15603901,Cust3901,446,Spain,Female,82,10,0.0,4,0,0,95906.15,0,0.6356,1,High,0.0
15603902,Cust3902,752,Germany,Female,46,8,140902.49,3,0,1,50269.11,0,0.1971,0,Low,27771.88
15603903,Cust3903,510,Germany,Male,79,2,0.0,1,0,1,20422.42,1,0.5662,1,Medium,0.0
15603904,Cust3904,715,France,Male,78,1,0.0,1,0,0,24104.1,0,0.5229,1,Medium,0.0
15603905,Cust3905,820,Germany,Male,90,8,166956.86,3,1,1,71084.87,0,0.5149,1,Medium,85966.09
15603906,Cust3906,765,Spain,Male,55,5,184564.41,1,1,0,125496.32,1,0.3604,0,Medium,66517.01
15603907,Cust3907,443,Spain,Female,80,0,73235.43,2,1,1,3433.51,1,0.641,1,High,46943.91
15603908,Cust3908,440,Germany,Male,49,8,133377.06,2,0,0,1492.07,0,0.4365,1,Medium,58219.09
15603909,Cust3909,406,Spain,Female,64,3,146511.29,2,1,0,26171.0,1,0.7536,1,High,110410.91
15603910,Cust3910,771,Germany,Female,78,1,40211.87,3,1,1,101415.26,0,0.3946,1,Medium,15867.6
15603911,Cust3911,623,France,Female,28,7,110015.82,2,1,1,66597.01,0,0.1061,0,Low,11672.68
15603912,Cust3912,428,Spain,Female,22,8,0.0,1,0,0,88671.3,0,0.1583,0,Low,0.0
15603913,Cust3913,644,France,Female,30,8,0.0,2,1,1,61268.81,0,0.0717,0,Low,0.0
15603914,Cust3914,615,France,Male,71,3,104715.49,4,0,0,137331.59,1,0.8664,1,Critical,90725.5
15603915,Cust3915,649,France,Male,53,6,174833.37,2,1,0,60687.21,0,0.4527,1,Medium,79147.07
15603916,Cust3916,667,Germany,Male,38,5,125420.19,4,1,0,41150.88,1,0.5891,1,Medium,73885.03
15603917,Cust3917,432,Germany,Female,74,9,0.0,2,0,0,152697.86,1,0.6803,1,High,0.0
15603918,Cust3918,544,Germany,Male,19,2,197246.29,1,0,1,193022.22,0,0.324,0,Medium,63907.8
15603919,Cust3919,711,France,Male,30,9,0.0,3,1,0,112324.72,1,0.3499,0,Medium,0.0
15603920,Cust3920,805,France,Male,52,3,15275.74,2,0,1,11511.03,0,0.2469,0,Low,3771.58
15603921,Cust3921,471,Spain,Male,85,6,218851.01,3,1,1,160304.15,0,0.6353,1,High,139036.05
15603922,Cust3922,636,France,Male,73,5,150248.44,3,0,0,85748.64,0,0.7134,1,High,107187.24
15603923,Cust3923,824,Spain,Male,68,3,0.0,1,0,1,138543.98,0,0.3206,0,Medium,0.0
15603924,Cust3924,651,France,Male,70,2,127366.25,1,1,0,116652.96,0,0.6523,1,High,83081.0
15603925,Cust3925,464,Germany,Female,41,4,0.0,1,1,1,100136.56,0,0.2336,0,Low,0.0
15603926,Cust3926,642,Germany,Female,51,6,0.0,3,1,0,73605.84,0,0.5428,1,Medium,0.0
15603927,Cust3927,358,Spain,Male,83,6,134205.87,2,0,1,41518.24,0,0.6744,1,High,90508.44
15603928,Cust3928,595,France,Male,71,6,95941.36,2,1,0,77066.09,0,0.6569,1,High,63023.88
15603929,Cust3929,634,Spain,Male,62,7,37275.74,2,0,0,32258.35,0,0.4456,1,Medium,16610.07
15603930,Cust3930,378,Germany,Male,24,0,190559.23,1,0,1,134399.39,0,0.2928,0,Low,55795.74
15603931,Cust3931,451,Germany,Male,72,4,114147.37,3,1,0,17630.34,1,0.8601,1,Critical,98178.15
15603932,Cust3932,845,Germany,Female,45,3,175165.47,1,1,0,143091.02,1,0.4093,1,Medium,71695.23
15603933,Cust3933,664,France,Female,46,4,0.0,3,1,1,159676.52,0,0.1833,0,Low,0.0
15603934,Cust3934,579,France,Female,67,4,0.0,1,1,0,122896.92,1,0.6252,1,High,0.0
15603935,Cust3935,464,France,Male,47,1,18444.85,2,1,1,164780.2,0,0.1936,0,Low,3570.92
15603936,Cust3936,412,France,Female,60,10,183384.56,4,1,1,68814.89,1,0.6048,1,High,110910.98
15603937,Cust3937,564,Germany,Female,18,0,145240.29,3,1,1,99965.58,0,0.1858,0,Low,26985.65
15603938,Cust3938,623,France,Male,31,6,112847.78,4,1,0,100546.56,0,0.2914,0,Low,32883.84
15603939,Cust3939,439,France,Male,57,5,243210.57,2,1,1,127445.79,0,0.4681,1,Medium,113846.87
15603940,Cust3940,751,France,Female,88,7,81504.15,3,0,1,94042.08,0,0.3918,1,Medium,31933.33
15603941,Cust3941,564,France,Female,74,9,105722.41,2,1,1,11933.41,0,0.4919,1,Medium,52004.85
15603942,Cust3942,377,France,Female,48,7,0.0,3,1,0,102997.7,1,0.5649,1,Medium,0.0
15603943,Cust3943,418,Germany,Male,89,8,131262.82,3,1,0,5502.54,0,0.6515,1,High,85517.73
15603944,Cust3944,781,France,Female,38,3,164630.28,1,1,0,87289.07,0,0.277,0,Low,45602.59
15603945,Cust3945,519,Spain,Female,84,10,244069.98,3,1,0,6474.86,1,0.6134,1,High,149712.53
15603946,Cust3946,536,France,Male,47,0,173919.21,1,1,1,96313.31,0,0.3998,1,Medium,69532.9
15603947,Cust3947,449,France,Male,24,7,37677.18,3,1,1,74312.09,0,0.1461,0,Low,5504.64
15603948,Cust3948,754,Spain,Male,18,1,52336.79,1,1,0,101906.47,0,0.1848,0,Low,9671.84
15603949,Cust3949,758,France,Male,90,2,0.0,4,0,1,106082.03,0,0.5164,1,Medium,0.0
15603950,Cust3950,471,France,Female,65,9,11993.52,3,0,1,158749.49,0,0.3161,0,Medium,3791.15
15603951,Cust3951,715,Spain,Male,29,7,0.0,2,1,1,188475.95,0,0.0627,0,Low,0.0
15603952,Cust3952,576,Spain,Male,91,6,0.0,4,1,0,49453.29,1,0.6482,1,High,0.0
15603953,Cust3953,433,Germany,Male,21,9,0.0,4,1,1,182455.84,0,0.149,0,Low,0.0
15603954,Cust3954,748,France,Female,42,3,28916.77,2,0,0,75177.53,1,0.5714,1,Medium,16523.04
15603955,Cust3955,391,Germany,Male,73,7,0.0,4,0,1,32820.63,0,0.5348,1,Medium,0.0
15603956,Cust3956,788,Spain,Female,21,2,0.0,2,1,0,120378.44,0,0.1109,0,Low,0.0
15603957,Cust3957,362,Spain,Male,85,5,225321.2,2,1,0,78376.2,1,0.7807,1,High,175908.26
15603958,Cust3958,511,France,Female,68,4,143198.9,4,1,1,64100.72,1,0.6546,1,High,93738.0
15603959,Cust3959,463,France,Female,88,6,137193.19,4,0,0,124743.92,1,0.9023,1,Critical,123789.42
15603960,Cust3960,467,France,Female,79,0,2177.85,4,1,1,139141.98,0,0.4442,1,Medium,967.4
15603961,Cust3961,590,France,Female,79,0,62414.04,2,1,0,89408.71,1,0.7472,1,High,46635.77
15603962,Cust3962,726,Germany,Male,34,0,103188.57,3,1,0,55509.14,0,0.2107,0,Low,21741.83
15603963,Cust3963,550,France,Male,33,2,180979.54,4,1,0,157245.2,0,0.5575,1,Medium,100896.09
15603964,Cust3964,608,France,Female,35,6,130012.42,1,0,0,129430.46,1,0.6067,1,High,78878.54
15603965,Cust3965,836,France,Male,29,1,213134.73,4,1,1,125977.09,0,0.2366,0,Low,50427.68
15603966,Cust3966,599,France,Male,67,10,8587.56,4,1,1,183822.23,0,0.3233,0,Medium,2776.36
15603967,Cust3967,746,France,Male,22,4,0.0,2,1,1,199329.24,1,0.0821,0,Low,0.0
15603968,Cust3968,542,France,Male,49,3,0.0,1,1,1,9289.69,0,0.1989,0,Low,0.0
15603969,Cust3969,389,France,Male,61,9,164689.0,2,1,0,50908.62,0,0.6086,1,High,100229.73
15603970,Cust3970,478,Spain,Female,57,1,125602.31,1,1,1,162129.2,0,0.379,0,Medium,47603.28
15603971,Cust3971,429,France,Male,54,2,0.0,3,1,0,20131.55,0,0.3387,0,Medium,0.0
15603972,Cust3972,804,Germany,Male,34,4,17888.98,2,1,1,5656.25,0,0.1928,0,Low,3449.0
15603973,Cust3973,363,France,Male,26,0,0.0,2,0,1,65982.48,0,0.1552,0,Low,0.0
15603974,Cust3974,762,France,Female,91,7,225931.56,3,0,0,157537.29,1,0.8859,1,Critical,200152.77
15603975,Cust3975,419,France,Male,52,8,202209.51,3,1,1,82128.35,0,0.4306,1,Medium,87071.42
15603976,Cust3976,425,France,Female,62,3,175307.5,1,1,0,42788.62,0,0.6337,1,High,111092.36
15603977,Cust3977,615,France,Female,59,9,158540.22,2,1,1,34063.42,0,0.334,0,Medium,52952.43
15603978,Cust3978,390,France,Female,45,0,193010.18,1,0,1,110166.08,0,0.4158,1,Medium,80253.63
15603979,Cust3979,388,Germany,Female,71,5,194182.92,3,1,1,70330.41,1,0.7066,1,High,137209.65
15603980,Cust3980,738,France,Female,45,8,1735.11,2,0,1,125880.45,0,0.1325,0,Low,229.9
15603981,Cust3981,379,France,Female,48,4,89462.11,2,1,1,158552.53,0,0.2031,0,Low,18169.75
15603982,Cust3982,649,Germany,Female,77,10,217013.41,1,1,1,805.91,1,0.6378,1,High,138411.15
15603983,Cust3983,409,France,Male,41,4,0.0,4,1,0,64890.26,1,0.4276,1,Medium,0.0
15603984,Cust3984,392,France,Female,69,10,0.0,2,0,1,109260.98,0,0.4378,1,Medium,0.0
15603985,Cust3985,685,France,Female,67,7,0.0,3,1,1,135197.76,0,0.3331,0,Medium,0.0
15603986,Cust3986,546,France,Female,20,2,199478.11,3,1,0,60827.16,0,0.3301,0,Medium,65847.72
15603987,Cust3987,359,France,Male,68,9,0.0,3,0,1,94766.37,1,0.6221,1,High,0.0
15603988,Cust3988,691,Spain,Male,77,0,56024.76,1,1,1,21096.32,1,0.6806,1,High,38130.45
15603989,Cust3989,835,Spain,Male,38,2,133933.39,4,0,1,19464.19,0,0.1576,0,Low,21107.9
15603990,Cust3990,631,Spain,Male,85,8,142835.25,3,1,0,172202.41,1,0.8167,1,Critical,116653.55
15603991,Cust3991,540,France,Female,19,9,87832.05,4,1,1,107818.76,0,0.1339,0,Low,11760.71
15603992,Cust3992,772,France,Female,31,4,150943.8,3,0,1,92586.06,0,0.1289,0,Low,19456.66
15603993,Cust3993,518,France,Male,87,7,0.0,3,1,0,87477.28,0,0.5919,1,Medium,0.0
15603994,Cust3994,657,France,Female,81,7,45054.46,3,1,1,190649.03,0,0.2652,0,Low,11948.44
15603995,Cust3995,587,France,Male,73,8,72153.8,2,0,1,84496.88,0,0.3783,0,Medium,27295.78
15603996,Cust3996,713,France,Male,62,9,0.0,2,0,1,52114.8,0,0.2808,0,Low,0.0
15603997,Cust3997,609,France,Female,32,0,0.0,2,0,1,19148.97,0,0.0909,0,Low,0.0
15603998,Cust3998,591,France,Male,54,2,221110.52,2,1,1,160721.65,0,0.3452,0,Medium,76327.35
15603999,Cust3999,560,France,Female,59,10,0.0,3,0,1,188961.68,0,0.2311,0,Low,0.0
15604000,Cust4000,498,Germany,Female,24,5,0.0,3,0,0,185848.36,0,0.249,0,Low,0.0
15604001,Cust4001,593,France,Female,62,5,200043.88,1,1,0,33893.9,1,0.7255,1,High,145131.83
15604002,Cust4002,380,Spain,Female,24,4,59331.64,2,0,1,128820.38,0,0.1209,0,Low,7173.2
15604003,Cust4003,520,France,Male,27,3,0.0,4,1,1,106398.88,0,0.2591,0,Low,0.0
15604004,Cust4004,388,Germany,Female,30,2,106909.49,4,1,0,81607.02,1,0.6163,1,High,65888.32
15604005,Cust4005,511,France,Male,32,4,165682.84,1,1,1,162822.8,0,0.2158,0,Low,35754.36
15604006,Cust4006,526,France,Male,24,0,0.0,1,1,1,179795.92,0,0.1019,0,Low,0.0
15604007,Cust4007,363,France,Female,88,3,78238.25,2,0,1,27199.8,1,0.7454,1,High,58318.79
15604008,Cust4008,498,France,Male,77,10,76831.9,1,1,0,1052.91,1,0.7656,1,High,58822.5
15604009,Cust4009,686,Germany,Male,55,1,104668.3,3,1,1,39074.72,0,0.2359,0,Low,24691.25
15604010,Cust4010,835,France,Male,45,8,28634.5,3,0,0,161912.99,0,0.1966,0,Low,5629.54
15604011,Cust4011,659,France,Male,32,0,109154.74,3,0,0,183244.08,0,0.2464,0,Low,26895.73
15604012,Cust4012,706,Spain,Female,88,8,0.0,2,1,0,136091.84,0,0.6702,1,High,0.0
15604013,Cust4013,685,France,Male,77,2,6664.72,2,1,0,3526.58,0,0.3847,1,Medium,2563.92
15604014,Cust4014,823,Germany,Male,73,7,0.0,2,0,1,115688.52,0,0.4439,1,Medium,0.0
15604015,Cust4015,821,Germany,Female,52,5,44322.8,4,1,1,84032.65,0,0.2543,0,Low,11271.29
15604016,Cust4016,407,France,Male,20,8,0.0,4,0,1,156250.58,0,0.1365,0,Low,0.0
15604017,Cust4017,587,France,Female,65,7,0.0,4,1,0,150528.66,0,0.6015,1,High,0.0
15604018,Cust4018,804,France,Male,54,6,0.0,2,1,1,39759.75,0,0.1658,0,Low,0.0
15604019,Cust4019,791,Germany,Male,40,8,100463.26,1,0,1,63322.31,0,0.1816,0,Low,18244.13
15604020,Cust4020,617,France,Female,41,10,71832.82,1,1,1,43211.61,0,0.1729,0,Low,12419.89
15604021,Cust4021,572,France,Female,22,6,213518.91,4,1,0,105666.07,1,0.6537,1,High,139577.31
15604022,Cust4022,379,France,Male,82,1,166021.79,4,1,1,16378.45,0,0.6214,1,High,103165.94
15604023,Cust4023,589,Spain,Male,30,1,155075.49,3,1,1,118812.64,0,0.1758,0,Low,27262.27
15604024,Cust4024,603,Spain,Female,78,6,23414.4,1,1,1,95738.34,0,0.3868,1,Medium,9056.69
15604025,Cust4025,667,Spain,Female,90,4,0.0,2,1,1,112129.83,1,0.373,0,Medium,0.0
15604026,Cust4026,611,Germany,Female,21,6,0.0,3,1,1,167682.42,0,0.0878,0,Low,0.0
15604027,Cust4027,458,Germany,Male,64,7,108594.94,4,1,1,97510.75,0,0.5807,1,Medium,63061.08
15604028,Cust4028,835,France,Female,22,2,230367.03,4,1,1,157412.76,0,0.2014,0,Low,46395.92
15604029,Cust4029,458,Spain,Male,79,8,100913.17,4,1,1,187101.01,0,0.4621,1,Medium,46631.98
15604030,Cust4030,541,Germany,Male,55,10,0.0,1,1,1,18214.34,1,0.2726,0,Low,0.0
15604031,Cust4031,605,France,Male,19,3,17734.21,3,0,1,15398.28,0,0.1029,0,Low,1824.85
15604032,Cust4032,496,Germany,Male,75,10,96239.47,4,1,0,36905.5,1,0.8999,1,Critical,86605.9
15604033,Cust4033,384,Germany,Female,74,10,13089.39,2,1,1,145431.37,0,0.4188,1,Medium,5481.84
15604034,Cust4034,656,France,Male,86,4,0.0,3,1,0,127288.42,0,0.4977,1,Medium,0.0
15604035,Cust4035,468,France,Female,53,8,0.0,2,0,1,120560.13,1,0.219,0,Low,0.0
15604036,Cust4036,790,France,Female,87,10,0.0,4,1,1,134659.17,0,0.4195,1,Medium,0.0
15604037,Cust4037,747,Spain,Female,67,9,52217.63,2,0,1,91650.48,0,0.2837,0,Low,14814.14
15604038,Cust4038,564,France,Female,56,4,74804.96,4,1,0,58112.71,1,0.7183,1,High,53732.4
15604039,Cust4039,582,Spain,Male,44,7,142775.0,3,1,0,37051.7,0,0.4367,1,Medium,62349.84
15604040,Cust4040,825,France,Female,39,6,0.0,2,1,1,187897.99,0,0.0738,0,Low,0.0
15604041,Cust4041,363,Spain,Male,63,4,0.0,3,1,1,49624.77,0,0.3717,0,Medium,0.0
15604042,Cust4042,539,France,Male,72,7,144534.53,1,0,1,68235.11,1,0.618,1,High,89322.34
15604043,Cust4043,380,Spain,Male,20,10,0.0,4,1,1,144259.89,0,0.2181,0,Low,0.0
15604044,Cust4044,419,France,Female,48,0,179058.46,2,1,0,150166.88,1,0.727,1,High,130175.5
15604045,Cust4045,810,France,Male,21,9,50065.28,2,0,1,105608.68,0,0.0992,0,Low,4966.48
15604046,Cust4046,400,France,Female,47,4,0.0,2,1,1,103567.03,0,0.2344,0,Low,0.0
15604047,Cust4047,829,France,Male,77,9,153805.45,3,1,0,193342.33,1,0.8281,1,Critical,127366.29
15604048,Cust4048,742,France,Female,69,1,40000.6,4,1,1,92502.84,0,0.3093,0,Medium,12372.19
15604049,Cust4049,671,Germany,Female,27,9,3059.99,3,1,0,179755.73,0,0.2683,0,Low,821.0
15604050,Cust4050,721,Spain,Female,71,4,0.0,1,0,0,197328.68,0,0.4255,1,Medium,0.0
15604051,Cust4051,442,Germany,Female,19,10,0.0,3,0,0,12662.05,0,0.2098,0,Low,0.0
15604052,Cust4052,408,Germany,Female,18,4,28550.27,3,1,0,131271.33,0,0.2439,0,Low,6963.41
15604053,Cust4053,534,France,Female,85,8,0.0,4,0,1,192678.21,1,0.4336,1,Medium,0.0
15604054,Cust4054,732,Spain,Male,20,6,0.0,2,1,1,88800.4,0,0.046,0,Low,0.0
15604055,Cust4055,503,Spain,Male,37,2,200747.44,4,1,0,75981.98,1,0.7441,1,High,149376.17
15604056,Cust4056,438,France,Female,27,2,103617.89,4,0,1,74900.24,0,0.2853,0,Low,29562.18
15604057,Cust4057,743,Spain,Male,61,5,129545.26,1,1,1,152343.8,0,0.4801,1,Medium,62194.68
15604058,Cust4058,667,France,Female,56,5,167082.16,4,1,1,133969.17,0,0.3489,0,Medium,58294.97
15604059,Cust4059,619,Spain,Female,80,6,0.0,4,1,1,87845.94,0,0.5988,1,Medium,0.0
15604060,Cust4060,556,Spain,Female,91,8,0.0,4,1,1,116981.01,0,0.4936,1,Medium,0.0
15604061,Cust4061,740,Germany,Male,73,8,35910.22,4,1,1,119796.61,0,0.4496,1,Medium,16145.23
15604062,Cust4062,717,France,Male,52,0,235396.05,1,1,1,58379.17,1,0.5851,1,Medium,137730.23
15604063,Cust4063,530,Germany,Female,21,5,22870.71,1,0,0,1248.41,1,0.2432,0,Low,5562.16
15604064,Cust4064,414,France,Male,86,1,0.0,3,1,0,764.18,0,0.592,1,Medium,0.0
15604065,Cust4065,785,Spain,Female,59,5,14388.93,3,1,1,89829.76,0,0.2477,0,Low,3564.14
15604066,Cust4066,418,France,Male,34,5,0.0,4,1,1,137281.98,1,0.2439,0,Low,0.0
15604067,Cust4067,565,Germany,Male,58,10,0.0,3,0,0,184425.34,0,0.3891,1,Medium,0.0
15604068,Cust4068,798,Spain,Male,46,4,156268.67,1,1,1,167851.53,0,0.3246,0,Medium,50724.81
15604069,Cust4069,559,France,Male,43,4,207129.74,3,0,0,69203.31,0,0.3978,1,Medium,82396.21
15604070,Cust4070,766,France,Female,51,5,132094.96,2,1,0,107884.69,0,0.3723,0,Medium,49178.95
15604071,Cust4071,595,Germany,Female,73,1,127527.91,4,1,0,89825.96,0,0.7106,1,High,90621.33
15604072,Cust4072,723,France,Male,30,0,81536.48,3,0,1,41388.38,0,0.095,0,Low,7745.97
15604073,Cust4073,646,France,Female,89,7,0.0,4,1,1,41529.01,0,0.5159,1,Medium,0.0
15604074,Cust4074,490,France,Male,22,3,227132.23,3,1,1,168444.98,0,0.3284,0,Medium,74590.22
15604075,Cust4075,797,France,Female,28,3,0.0,1,1,0,24921.02,0,0.1334,0,Low,0.0
15604076,Cust4076,584,Germany,Female,68,10,89088.68,4,1,1,14024.7,0,0.2853,0,Low,25417.0
15604077,Cust4077,579,Germany,Female,28,2,85831.14,1,1,0,55235.26,0,0.4726,1,Medium,40563.8
15604078,Cust4078,679,France,Female,75,9,56853.32,2,1,0,97814.75,0,0.4559,1,Medium,25919.43
15604079,Cust4079,815,France,Female,72,6,141677.64,1,1,0,9431.57,0,0.4727,1,Medium,66971.02
15604080,Cust4080,786,France,Male,49,2,0.0,1,1,0,68131.18,0,0.3238,0,Medium,0.0
15604081,Cust4081,547,France,Male,51,10,0.0,4,0,0,165965.7,0,0.4869,1,Medium,0.0
15604082,Cust4082,465,Germany,Female,91,6,0.0,1,1,0,74022.7,1,0.741,1,High,0.0
15604083,Cust4083,512,France,Female,76,3,43482.47,1,1,0,118817.32,1,0.6833,1,High,29711.57
15604084,Cust4084,481,Germany,Female,64,4,0.0,1,0,1,192322.91,1,0.5546,1,Medium,0.0
15604085,Cust4085,497,Spain,Female,28,4,95336.79,3,1,1,140721.74,0,0.2102,0,Low,20039.79
15604086,Cust4086,565,Germany,Male,61,9,189411.33,1,0,1,136098.65,0,0.6288,1,High,119101.84
15604087,Cust4087,360,Germany,Male,20,5,227523.53,3,1,1,194325.01,0,0.2136,0,Low,48599.03
15604088,Cust4088,617,France,Female,36,0,0.0,2,0,1,18689.06,0,0.0848,0,Low,0.0
15604089,Cust4089,775,France,Male,69,7,0.0,1,1,1,187285.19,1,0.3605,0,Medium,0.0
15604090,Cust4090,565,France,Male,48,8,181413.66,1,1,1,30469.68,0,0.4262,1,Medium,77318.5
15604091,Cust4091,389,Spain,Female,91,4,172035.96,1,0,0,7104.61,0,0.6038,1,High,103875.31
15604092,Cust4092,545,Spain,Male,87,10,170411.19,1,1,1,93079.93,1,0.7603,1,High,129563.63
15604093,Cust4093,517,France,Female,25,4,0.0,4,1,0,176945.44,0,0.3691,0,Medium,0.0
15604094,Cust4094,647,France,Female,83,2,0.0,3,1,0,62672.76,1,0.5605,1,Medium,0.0
15604095,Cust4095,475,France,Male,81,7,0.0,2,0,1,18168.58,0,0.445,1,Medium,0.0
15604096,Cust4096,500,Germany,Female,25,1,62503.17,4,1,1,3819.9,1,0.4613,1,Medium,28832.71
15604097,Cust4097,722,Germany,Female,46,10,231736.28,2,0,1,78301.95,0,0.2034,0,Low,47135.16
15604098,Cust4098,437,Germany,Female,88,7,0.0,4,1,0,196932.4,1,0.6717,1,High,0.0
15604099,Cust4099,817,Spain,Female,19,3,75400.0,2,1,0,135633.5,0,0.1764,0,Low,13300.56
15604100,Cust4100,499,France,Male,22,0,0.0,4,0,1,101704.06,0,0.4008,1,Medium,0.0
15604101,Cust4101,759,Germany,Female,55,6,32559.73,1,1,1,41066.79,0,0.2804,0,Low,9129.75
15604102,Cust4102,391,Germany,Female,88,6,231087.95,3,1,0,190071.86,1,0.8548,1,Critical,197533.98
15604103,Cust4103,510,France,Male,38,8,31474.01,2,1,1,8444.38,0,0.1555,0,Low,4894.21
15604104,Cust4104,538,Spain,Male,75,3,0.0,4,1,1,6953.17,1,0.5293,1,Medium,0.0
15604105,Cust4105,578,France,Male,69,2,209877.37,2,1,1,59697.26,0,0.4481,1,Medium,94046.05
15604106,Cust4106,396,Germany,Male,28,4,968.0,2,1,1,90960.11,0,0.1214,0,Low,117.52
15604107,Cust4107,473,Germany,Male,39,9,0.0,2,0,0,177910.52,1,0.2955,0,Low,0.0
15604108,Cust4108,789,Spain,Female,64,9,0.0,3,1,0,142384.08,0,0.4038,1,Medium,0.0
15604109,Cust4109,812,Germany,Female,53,3,36878.75,1,1,0,79123.39,0,0.2476,0,Low,9131.18
15604110,Cust4110,570,France,Female,35,0,45664.9,2,1,0,130064.06,0,0.1623,0,Low,7411.41
15604111,Cust4111,409,Spain,Female,32,1,147788.95,3,1,0,144945.29,1,0.4694,1,Medium,69372.13
15604112,Cust4112,488,Spain,Male,59,5,0.0,1,1,0,37428.46,0,0.3985,1,Medium,0.0
15604113,Cust4113,826,Germany,Male,79,0,0.0,2,1,0,67699.14,0,0.4725,1,Medium,0.0
15604114,Cust4114,810,Spain,Female,48,7,228879.63,1,1,0,48267.16,0,0.4246,1,Medium,97182.29
15604115,Cust4115,757,France,Female,86,0,0.0,1,1,0,166005.56,0,0.5284,1,Medium,0.0
15604116,Cust4116,782,Germany,Female,67,4,0.0,4,1,1,177514.98,1,0.4191,1,Medium,0.0
15604117,Cust4117,706,Spain,Male,47,8,0.0,4,0,1,178951.53,0,0.115,0,Low,0.0
15604118,Cust4118,662,France,Male,70,5,3666.6,1,1,1,118449.17,0,0.3439,0,Medium,1260.94
15604119,Cust4119,737,France,Female,51,7,0.0,3,1,0,71062.46,0,0.4037,1,Medium,0.0
15604120,Cust4120,673,Spain,Male,73,3,122260.52,1,1,0,101599.09,0,0.5883,1,Medium,71925.86
15604121,Cust4121,520,Spain,Male,90,8,45702.7,4,1,1,175836.74,0,0.4207,1,Medium,19227.13
15604122,Cust4122,671,Spain,Male,76,4,80746.99,4,0,0,136256.01,1,0.6734,1,High,54375.02
15604123,Cust4123,498,France,Female,28,8,0.0,4,1,0,166596.69,0,0.3705,0,Medium,0.0
15604124,Cust4124,663,Spain,Male,23,10,0.0,2,1,0,17586.4,0,0.1122,0,Low,0.0
15604125,Cust4125,541,France,Female,77,4,0.0,2,1,1,106045.61,0,0.481,1,Medium,0.0
15604126,Cust4126,594,Germany,Male,80,2,183583.53,4,1,0,162756.13,0,0.7934,1,High,145655.17
15604127,Cust4127,440,France,Female,59,10,137578.26,3,0,0,106186.18,1,0.6604,1,High,90856.68
15604128,Cust4128,829,Spain,Male,36,7,94324.79,3,1,1,61090.24,0,0.1022,0,Low,9639.99
15604129,Cust4129,723,Spain,Male,83,9,156591.67,4,1,1,70374.41,0,0.4976,1,Medium,77920.01
15604130,Cust4130,403,Germany,Male,51,4,0.0,4,0,1,13195.91,0,0.1953,0,Low,0.0
15604131,Cust4131,587,Germany,Male,39,3,172591.11,2,0,0,176184.36,0,0.453,1,Medium,78183.77
15604132,Cust4132,577,France,Female,45,1,92762.12,1,1,1,139288.07,0,0.2931,0,Low,27188.58
15604133,Cust4133,793,Germany,Male,39,8,128394.08,1,0,0,180445.01,1,0.7252,1,High,93111.39
15604134,Cust4134,728,Germany,Female,38,9,130852.45,4,1,1,32563.13,0,0.1153,0,Low,15087.29
15604135,Cust4135,790,France,Female,42,9,139603.09,1,1,0,46747.48,0,0.368,0,Medium,51373.94
15604136,Cust4136,583,Germany,Male,67,3,175596.63,2,1,0,108699.9,0,0.7422,1,High,130327.82
15604137,Cust4137,428,Spain,Male,19,5,0.0,4,0,1,18567.25,0,0.1164,0,Low,0.0
15604138,Cust4138,711,Germany,Female,44,5,122244.44,2,1,0,124435.34,0,0.4246,1,Medium,51904.99
15604139,Cust4139,459,Spain,Female,30,1,0.0,1,1,1,64777.4,0,0.1459,0,Low,0.0
15604140,Cust4140,668,France,Female,65,0,58538.32,3,1,0,33678.78,0,0.5216,1,Medium,30533.59
15604141,Cust4141,555,Germany,Female,91,3,47316.13,4,1,1,68078.86,1,0.6745,1,High,31914.73
15604142,Cust4142,525,France,Female,76,5,0.0,1,1,1,188550.54,0,0.4038,1,Medium,0.0
15604143,Cust4143,409,France,Male,36,10,151524.37,3,1,1,122043.3,0,0.1834,0,Low,27789.57
15604144,Cust4144,750,France,Female,55,9,207724.86,4,1,1,124333.09,0,0.3194,0,Medium,66347.32
15604145,Cust4145,695,France,Male,19,7,130459.29,3,1,1,152171.65,0,0.1179,0,Low,15381.15
15604146,Cust4146,521,France,Female,48,10,0.0,4,1,0,166188.25,1,0.6631,1,High,0.0
15604147,Cust4147,719,Germany,Male,38,8,0.0,2,1,1,116226.79,0,0.108,0,Low,0.0
15604148,Cust4148,844,France,Male,55,5,33384.1,4,1,1,90925.52,0,0.1981,0,Low,6613.39
15604149,Cust4149,711,France,Female,48,10,180242.33,2,0,0,19541.26,1,0.7467,1,High,134586.95
15604150,Cust4150,825,France,Female,68,10,81984.02,1,1,0,154875.85,0,0.3271,0,Medium,26816.97
15604151,Cust4151,585,Germany,Female,58,2,69515.94,2,1,1,48573.32,0,0.4198,1,Medium,29182.79
15604152,Cust4152,538,France,Female,87,3,240745.66,1,1,1,32112.57,1,0.7167,1,High,172542.41
15604153,Cust4153,772,France,Male,23,10,0.0,3,1,1,186937.86,0,0.0931,0,Low,0.0
15604154,Cust4154,682,Germany,Male,87,0,228638.26,2,1,1,133007.34,0,0.4597,1,Medium,105105.01
15604155,Cust4155,653,France,Female,76,5,0.0,3,1,1,118417.79,0,0.3757,0,Medium,0.0
15604156,Cust4156,671,Spain,Male,70,4,219658.11,3,1,0,138179.27,1,0.7732,1,High,169839.65
15604157,Cust4157,847,France,Male,79,8,146495.87,3,0,0,70734.58,0,0.7138,1,High,104568.75
15604158,Cust4158,694,France,Female,21,10,146176.45,4,1,1,176916.0,0,0.1065,0,Low,15567.79
15604159,Cust4159,758,France,Male,33,3,0.0,2,0,1,99677.07,0,0.0979,0,Low,0.0
15604160,Cust4160,368,Germany,Male,18,2,0.0,3,1,0,108742.53,0,0.24,0,Low,0.0
15604161,Cust4161,711,France,Female,77,3,212666.8,3,1,1,67568.56,0,0.5118,1,Medium,108842.87
15604162,Cust4162,509,Spain,Male,44,7,96938.79,3,1,1,195764.85,0,0.201,0,Low,19484.7
15604163,Cust4163,411,France,Female,44,3,121674.22,2,1,1,98375.18,0,0.3069,0,Medium,37341.82
15604164,Cust4164,488,Germany,Male,63,7,249098.21,2,1,1,7110.47,0,0.3573,0,Medium,89002.79
15604165,Cust4165,767,France,Male,49,3,88578.46,4,1,1,179554.2,0,0.2713,0,Low,24031.34
15604166,Cust4166,759,France,Male,65,8,0.0,4,1,1,83245.21,0,0.3707,0,Medium,0.0
15604167,Cust4167,503,France,Female,87,0,0.0,1,0,1,117438.84,0,0.4975,1,Medium,0.0
15604168,Cust4168,446,Germany,Female,42,3,6268.41,4,1,1,53157.86,0,0.2451,0,Low,1536.39
15604169,Cust4169,559,France,Female,84,3,0.0,4,0,1,6482.11,1,0.5388,1,Medium,0.0
15604170,Cust4170,516,Spain,Male,57,6,119836.49,3,0,1,18821.54,0,0.3426,0,Medium,41055.98
15604171,Cust4171,581,Germany,Female,45,7,196668.15,3,0,0,57201.64,1,0.7028,1,High,138218.38
15604172,Cust4172,742,Spain,Male,86,7,1038.14,2,1,1,166614.09,0,0.4139,1,Medium,429.69
15604173,Cust4173,515,France,Female,54,9,17640.1,3,1,0,198307.74,0,0.4655,1,Medium,8211.47
15604174,Cust4174,436,Spain,Female,27,8,214919.73,1,1,1,22227.55,0,0.1754,0,Low,37696.92
15604175,Cust4175,404,Germany,Male,39,0,120207.75,2,0,1,128896.24,0,0.2243,0,Low,26962.6
15604176,Cust4176,693,Germany,Male,80,7,126593.36,4,1,1,187254.65,1,0.7463,1,High,94476.62
15604177,Cust4177,449,Spain,Male,56,0,56276.74,3,1,0,61996.34,0,0.3715,0,Medium,20906.81
15604178,Cust4178,460,Germany,Female,59,4,0.0,2,1,0,185438.24,1,0.4933,1,Medium,0.0
15604179,Cust4179,752,Spain,Female,68,6,228605.15,1,1,1,93300.47,0,0.4713,1,Medium,107741.61
15604180,Cust4180,396,Germany,Male,32,3,0.0,4,1,1,69241.58,0,0.2469,0,Low,0.0
15604181,Cust4181,676,France,Female,24,7,0.0,2,1,0,163112.06,1,0.1494,0,Low,0.0
15604182,Cust4182,355,Germany,Female,50,8,245697.86,3,0,0,20348.18,1,0.7331,1,High,180121.1
15604183,Cust4183,822,France,Male,86,6,0.0,2,1,0,97614.12,0,0.5221,1,Medium,0.0
15604184,Cust4184,707,Spain,Female,27,5,0.0,1,0,0,40800.81,0,0.2309,0,Low,0.0
15604185,Cust4185,761,Spain,Male,71,10,156599.64,2,1,0,92283.3,0,0.6762,1,High,105892.68
15604186,Cust4186,683,France,Male,90,7,109916.95,3,0,1,105405.19,0,0.4173,1,Medium,45868.34
15604187,Cust4187,551,France,Male,25,2,51514.44,1,1,0,124874.22,1,0.551,1,Medium,28384.46
15604188,Cust4188,848,France,Male,27,7,170362.71,3,1,1,28370.07,0,0.1256,0,Low,21397.56
15604189,Cust4189,743,France,Male,82,5,167283.53,4,1,0,160903.74,1,0.8317,1,Critical,139129.71
15604190,Cust4190,394,France,Male,26,0,136831.52,1,1,0,183727.47,0,0.3311,0,Medium,45304.92
15604191,Cust4191,638,Germany,Male,73,10,0.0,4,0,1,177019.85,1,0.7683,1,High,0.0
15604192,Cust4192,621,Germany,Female,76,8,0.0,1,0,1,114811.57,1,0.6879,1,High,0.0
15604193,Cust4193,493,Spain,Male,41,6,0.0,2,1,0,134863.48,0,0.2052,0,Low,0.0
15604194,Cust4194,578,France,Female,39,7,54254.59,3,1,1,181314.57,0,0.1216,0,Low,6597.36
15604195,Cust4195,838,Germany,Male,56,6,0.0,1,1,1,21429.69,0,0.2182,0,Low,0.0
15604196,Cust4196,393,France,Male,55,3,51270.07,1,1,1,141371.42,1,0.3434,0,Medium,17606.14
15604197,Cust4197,815,Spain,Female,81,10,40029.78,2,1,1,113698.95,0,0.2944,0,Low,11784.77
15604198,Cust4198,700,France,Male,61,6,150849.38,1,1,1,143616.8,1,0.6695,1,High,100993.66
15604199,Cust4199,406,France,Female,89,3,23269.98,4,1,0,39239.4,1,0.8561,1,Critical,19921.43
15604200,Cust4200,502,France,Female,35,7,0.0,2,1,1,59500.32,0,0.1168,0,Low,0.0
15604201,Cust4201,770,Spain,Male,38,1,0.0,4,1,1,183338.6,0,0.1028,0,Low,0.0
15604202,Cust4202,702,France,Female,35,3,77037.88,2,1,0,18674.79,1,0.4133,1,Medium,31839.76
15604203,Cust4203,388,Germany,Male,66,1,200030.33,4,0,1,185107.67,1,0.7965,1,High,159324.16
15604204,Cust4204,423,Germany,Female,20,0,0.0,1,1,1,144139.2,0,0.0855,0,Low,0.0
15604205,Cust4205,815,Spain,Male,81,9,96325.36,3,1,0,51408.71,0,0.5926,1,Medium,57082.41
15604206,Cust4206,428,France,Male,75,4,0.0,3,0,0,138840.22,1,0.6539,1,High,0.0
15604207,Cust4207,662,France,Female,91,9,0.0,3,1,1,179919.09,1,0.3265,0,Medium,0.0
15604208,Cust4208,848,France,Male,88,7,0.0,1,1,1,40336.13,0,0.3698,0,Medium,0.0
15604209,Cust4209,433,France,Female,23,2,96696.43,1,1,0,138291.87,1,0.5202,1,Medium,50301.48
15604210,Cust4210,372,Germany,Female,73,2,82109.39,4,1,1,192209.26,0,0.3987,1,Medium,32737.01
15604211,Cust4211,759,France,Female,55,5,3787.66,2,0,0,50477.04,0,0.3904,1,Medium,1478.7
15604212,Cust4212,825,France,Male,72,1,154147.6,4,1,0,183114.58,1,0.7161,1,High,110385.1
15604213,Cust4213,608,France,Female,82,6,118372.84,4,1,0,25828.74,0,0.7695,1,High,91087.9
15604214,Cust4214,466,Germany,Male,61,5,0.0,3,1,1,145487.87,0,0.3422,0,Medium,0.0
15604215,Cust4215,379,France,Male,18,1,52853.7,1,1,0,9602.67,0,0.2814,0,Low,14873.03
15604216,Cust4216,806,Germany,Male,81,5,0.0,2,1,1,105797.25,1,0.6337,1,High,0.0
15604217,Cust4217,750,France,Male,50,9,59473.46,1,1,1,10944.94,0,0.2428,0,Low,14440.16
15604218,Cust4218,799,Spain,Male,51,9,230231.12,1,1,0,195370.34,0,0.3562,0,Medium,82008.32
15604219,Cust4219,744,Germany,Male,61,4,54316.0,4,1,1,167841.7,0,0.3744,0,Medium,20335.91
15604220,Cust4220,566,France,Female,85,0,242856.5,2,1,1,172339.19,1,0.6104,1,High,148239.61
15604221,Cust4221,591,France,Male,56,9,104962.29,4,1,1,185065.98,0,0.1887,0,Low,19806.38
15604222,Cust4222,541,France,Male,33,6,0.0,1,0,0,144061.1,0,0.218,0,Low,0.0
15604223,Cust4223,716,France,Male,72,8,74702.63,1,0,0,58051.35,0,0.659,1,High,49229.03
15604224,Cust4224,400,France,Female,64,0,0.0,3,0,0,199981.33,1,0.5287,1,Medium,0.0
15604225,Cust4225,370,Spain,Female,22,3,70642.71,3,1,0,70001.25,0,0.2547,0,Low,17992.7
15604226,Cust4226,831,Germany,Male,57,3,182552.95,2,0,0,174090.44,0,0.4598,1,Medium,83937.85
15604227,Cust4227,509,France,Male,76,7,0.0,1,1,1,150175.9,1,0.5049,1,Medium,0.0
15604228,Cust4228,367,Germany,Female,83,7,0.0,2,1,0,127064.56,1,0.7579,1,High,0.0
15604229,Cust4229,687,France,Female,38,8,185393.89,1,1,0,134413.44,0,0.4176,1,Medium,77420.49
15604230,Cust4230,549,Spain,Female,56,4,117718.32,1,0,1,45.24,0,0.2847,0,Low,33514.41
15604231,Cust4231,465,France,Male,78,3,160829.28,2,0,1,114672.56,0,0.6664,1,High,107176.63
15604232,Cust4232,567,Germany,Male,61,2,192014.22,3,1,1,18974.54,0,0.5284,1,Medium,101460.31
15604233,Cust4233,575,Spain,Male,49,2,125059.5,3,1,0,199805.85,0,0.3778,0,Medium,47247.48
15604234,Cust4234,656,France,Male,31,1,54523.0,4,1,1,42164.6,0,0.1993,0,Low,10866.43
15604235,Cust4235,816,France,Female,21,9,99193.0,2,0,0,169772.71,0,0.1676,0,Low,16624.75
15604236,Cust4236,791,France,Female,69,7,182694.75,3,1,1,158217.59,0,0.3659,0,Medium,66848.01
15604237,Cust4237,764,Spain,Male,89,7,67772.98,4,1,1,134150.96,1,0.6255,1,High,42392.0
15604238,Cust4238,596,Germany,Female,62,9,0.0,2,1,0,115209.89,1,0.4915,1,Medium,0.0
15604239,Cust4239,629,Germany,Male,75,8,37073.0,1,1,1,85612.07,0,0.4814,1,Medium,17846.94
15604240,Cust4240,416,Spain,Female,68,3,0.0,2,1,0,152550.67,1,0.6663,1,High,0.0
15604241,Cust4241,638,Spain,Male,43,3,150745.78,1,0,1,77695.99,0,0.2445,0,Low,36857.34
15604242,Cust4242,686,France,Female,56,1,117067.65,2,1,1,150999.03,0,0.2672,0,Low,31280.48
15604243,Cust4243,794,Germany,Female,37,7,202880.76,2,1,1,36606.93,0,0.1314,0,Low,26658.53
15604244,Cust4244,373,Germany,Male,34,9,0.0,4,0,1,163773.38,0,0.3432,0,Medium,0.0
15604245,Cust4245,782,France,Male,61,7,0.0,3,1,0,154013.96,0,0.2984,0,Low,0.0
15604246,Cust4246,609,Spain,Female,65,5,76765.87,3,1,0,152410.81,1,0.6954,1,High,53382.99
15604247,Cust4247,394,France,Female,91,3,0.0,4,0,0,81723.21,0,0.6164,1,High,0.0
15604248,Cust4248,848,France,Male,35,4,0.0,4,1,1,140418.11,0,0.1236,0,Low,0.0
15604249,Cust4249,583,Spain,Female,39,2,0.0,2,1,1,101936.07,0,0.1407,0,Low,0.0
15604250,Cust4250,556,France,Male,30,1,88047.57,3,0,1,53844.6,0,0.1219,0,Low,10733.0
15604251,Cust4251,445,France,Female,88,4,35512.33,3,1,0,93886.44,1,0.6804,1,High,24162.59
15604252,Cust4252,386,France,Female,75,2,0.0,1,1,1,80058.28,1,0.6965,1,High,0.0
15604253,Cust4253,391,Germany,Male,42,8,65077.7,1,1,1,32369.29,0,0.2189,0,Low,14245.51
15604254,Cust4254,483,Spain,Male,89,9,17520.43,2,0,0,3029.27,1,0.7949,1,High,13926.99
15604255,Cust4255,496,France,Female,70,2,127555.0,1,0,1,130895.78,0,0.4861,1,Medium,62004.49
15604256,Cust4256,582,France,Female,53,0,38284.07,3,1,0,148217.69,0,0.242,0,Low,9264.74
15604257,Cust4257,655,France,Male,46,9,0.0,1,0,1,61946.84,0,0.1915,0,Low,0.0
15604258,Cust4258,846,Spain,Female,60,3,209286.45,1,1,0,199388.89,0,0.4401,1,Medium,92106.97
15604259,Cust4259,747,France,Female,24,2,0.0,1,0,1,43931.98,0,0.0945,0,Low,0.0
15604260,Cust4260,593,Spain,Male,30,9,0.0,2,1,1,121819.2,0,0.0925,0,Low,0.0
15604261,Cust4261,807,Spain,Female,87,9,245848.19,4,0,1,163217.21,1,0.8089,1,Critical,198866.6
15604262,Cust4262,629,France,Male,33,6,148382.84,1,1,0,144029.21,0,0.3635,0,Medium,53937.16
15604263,Cust4263,561,Spain,Male,30,1,198994.33,3,0,1,79305.78,0,0.2187,0,Low,43520.06
15604264,Cust4264,458,Germany,Male,81,7,39885.49,3,1,1,171399.9,0,0.5331,1,Medium,21262.95
15604265,Cust4265,561,Germany,Male,87,8,174592.18,4,0,0,148914.53,1,0.9239,1,Critical,161305.72
15604266,Cust4266,370,France,Male,78,4,0.0,3,0,1,51171.46,0,0.4743,1,Medium,0.0
15604267,Cust4267,426,Spain,Female,25,6,169098.22,4,1,1,147603.81,0,0.3025,0,Medium,51152.21
15604268,Cust4268,823,Spain,Male,80,5,26181.05,3,1,1,66109.48,0,0.3948,1,Medium,10336.28
15604269,Cust4269,447,Spain,Female,37,7,233953.78,4,0,0,52661.78,1,0.6345,1,High,148443.67
15604270,Cust4270,634,Spain,Male,18,5,104371.84,2,1,1,75878.31,0,0.0792,0,Low,8266.25
15604271,Cust4271,401,France,Female,86,10,193949.82,2,0,1,79885.7,1,0.8128,1,Critical,157642.41
15604272,Cust4272,651,Spain,Female,37,0,247653.0,3,1,0,2772.51,0,0.3187,0,Medium,78927.01
15604273,Cust4273,838,Spain,Male,66,0,218328.0,1,0,0,52627.32,0,0.4436,1,Medium,96850.3
15604274,Cust4274,579,France,Male,23,1,77926.37,3,0,0,136761.4,0,0.1658,0,Low,12920.19
15604275,Cust4275,413,France,Female,32,1,100494.05,1,1,0,74680.14,0,0.4624,1,Medium,46468.45
15604276,Cust4276,361,France,Male,83,5,162163.53,4,0,1,126545.67,0,0.6441,1,High,104449.53
15604277,Cust4277,729,Spain,Female,61,0,0.0,1,1,0,130990.73,0,0.3549,0,Medium,0.0
15604278,Cust4278,401,France,Female,91,2,102575.11,1,1,0,195779.2,1,0.7269,1,High,74561.85
15604279,Cust4279,509,Germany,Female,31,5,163342.43,1,1,0,85408.56,0,0.3399,0,Medium,55520.09
15604280,Cust4280,772,France,Male,83,9,0.0,1,0,0,118384.27,0,0.3375,0,Medium,0.0
15604281,Cust4281,619,France,Male,82,8,77373.98,1,0,1,143527.69,0,0.4016,1,Medium,31073.39
15604282,Cust4282,787,Germany,Female,86,2,32084.58,4,0,1,135230.24,1,0.7378,1,High,23672.0
15604283,Cust4283,787,France,Female,21,0,168937.39,3,1,1,106175.75,0,0.1328,0,Low,22434.89
15604284,Cust4284,681,Spain,Female,25,8,147398.75,2,1,1,158853.39,0,0.1507,0,Low,22212.99
15604285,Cust4285,819,France,Female,57,8,226397.01,2,1,0,130994.6,0,0.4104,1,Medium,92913.33
15604286,Cust4286,368,Spain,Male,26,10,185664.81,1,1,1,133784.61,0,0.2667,0,Low,49516.8
15604287,Cust4287,470,France,Male,22,4,99275.69,3,1,0,57190.58,0,0.2349,0,Low,23319.86
15604288,Cust4288,488,Spain,Female,78,0,0.0,2,1,1,158631.81,1,0.5064,1,Medium,0.0
15604289,Cust4289,806,Germany,Male,69,10,0.0,2,1,1,112740.63,0,0.2872,0,Low,0.0
15604290,Cust4290,661,France,Female,80,3,0.0,2,1,1,168937.21,0,0.3971,1,Medium,0.0
15604291,Cust4291,476,France,Male,87,4,3456.64,2,1,1,31429.0,0,0.4655,1,Medium,1609.07
15604292,Cust4292,454,France,Male,28,4,156585.12,3,0,0,77911.99,0,0.2859,0,Low,44767.69
15604293,Cust4293,753,Germany,Male,79,10,0.0,1,0,0,140104.39,0,0.2035,0,Low,0.0
15604294,Cust4294,780,Spain,Female,21,3,234369.98,3,1,0,181541.14,0,0.2535,0,Low,59412.79
15604295,Cust4295,357,France,Female,45,6,0.0,3,1,0,173222.29,1,0.5547,1,Medium,0.0
15604296,Cust4296,533,France,Female,40,5,0.0,1,0,1,122164.23,0,0.1772,0,Low,0.0
15604297,Cust4297,618,Germany,Male,35,10,236571.03,4,0,0,147581.5,0,0.4161,1,Medium,98437.21
15604298,Cust4298,467,Germany,Male,71,10,19982.65,4,1,0,82167.97,1,0.793,1,High,15846.24
15604299,Cust4299,713,Germany,Female,26,6,0.0,3,1,1,34394.06,0,0.0559,0,Low,0.0
15604300,Cust4300,729,France,Female,77,1,0.0,4,0,1,97434.66,1,0.4981,1,Medium,0.0
15604301,Cust4301,770,Germany,Male,82,3,246509.62,4,1,0,190948.73,1,0.7869,1,High,193978.42
15604302,Cust4302,743,Spain,Male,67,7,242932.19,3,1,1,74797.65,0,0.3817,0,Medium,92727.22
15604303,Cust4303,771,France,Female,24,8,96149.78,2,0,0,105718.08,0,0.1082,0,Low,10403.41
15604304,Cust4304,533,France,Male,62,8,185721.41,1,1,1,188609.23,0,0.5137,1,Medium,95405.09
15604305,Cust4305,499,France,Female,64,5,183983.36,4,1,1,20259.92,1,0.7854,1,High,144500.53
15604306,Cust4306,508,Germany,Male,45,7,24954.05,2,1,1,10398.97,0,0.1937,0,Low,4833.6
15604307,Cust4307,777,France,Female,45,3,0.0,3,1,1,124017.0,0,0.1672,0,Low,0.0
15604308,Cust4308,675,Spain,Female,52,6,222245.59,4,0,0,69650.07,0,0.644,1,High,143126.16
15604309,Cust4309,512,Germany,Female,91,5,41424.2,4,1,0,132881.57,1,0.7918,1,High,32799.68
15604310,Cust4310,711,Germany,Female,18,7,130213.84,3,1,1,79035.74,0,0.1102,0,Low,14349.57
15604311,Cust4311,467,Spain,Male,55,9,61038.11,2,1,1,102128.77,0,0.2185,0,Low,13336.83
15604312,Cust4312,483,France,Male,41,9,139403.64,1,1,0,193147.1,1,0.5579,1,Medium,77773.29
15604313,Cust4313,350,Spain,Female,58,8,49132.67,4,1,1,93485.53,0,0.3165,0,Medium,15550.49
15604314,Cust4314,834,France,Male,18,8,53937.06,1,1,0,135612.86,0,0.1612,0,Low,8694.65
15604315,Cust4315,468,Germany,Female,85,1,11699.76,3,1,0,199339.93,1,0.7532,1,High,8812.26
15604316,Cust4316,726,Spain,Female,51,2,247542.85,2,1,0,79655.11,0,0.4818,1,Medium,119266.15
15604317,Cust4317,409,Spain,Male,89,9,0.0,2,1,0,1833.1,1,0.7601,1,High,0.0
15604318,Cust4318,368,Spain,Male,29,5,103904.7,4,1,1,140721.77,1,0.8144,1,Critical,84619.99
15604319,Cust4319,688,France,Female,61,4,0.0,2,1,1,128392.24,0,0.3202,0,Medium,0.0
15604320,Cust4320,399,Spain,Male,68,7,75906.56,1,1,1,70937.76,0,0.4973,1,Medium,37748.33
15604321,Cust4321,422,Germany,Male,76,0,198497.57,2,1,0,146306.99,1,0.8723,1,Critical,173149.43
15604322,Cust4322,515,Germany,Male,18,1,0.0,1,0,1,152939.65,0,0.1348,0,Low,0.0
15604323,Cust4323,643,France,Female,64,1,156362.57,4,0,0,46055.58,1,0.6582,1,High,102917.84
15604324,Cust4324,359,France,Female,28,6,0.0,1,1,0,38722.95,0,0.111,0,Low,0.0
15604325,Cust4325,413,Germany,Male,49,0,216007.22,4,1,1,136286.24,1,0.8453,1,Critical,182590.9
15604326,Cust4326,519,France,Female,21,0,0.0,1,1,1,85300.26,0,0.1064,0,Low,0.0
15604327,Cust4327,702,Germany,Female,22,7,54486.83,3,1,1,25078.85,0,0.0924,0,Low,5034.58
15604328,Cust4328,398,Spain,Male,74,8,187527.95,4,1,1,22374.56,1,0.826,1,Critical,154898.09
15604329,Cust4329,493,Spain,Male,71,2,198142.11,1,0,1,1339.11,1,0.7983,1,High,158176.85
15604330,Cust4330,446,France,Male,84,7,0.0,4,0,1,16046.41,1,0.6644,1,High,0.0
15604331,Cust4331,504,Spain,Male,69,1,240804.4,2,0,0,134579.71,1,0.7347,1,High,176918.99
15604332,Cust4332,479,France,Male,62,4,184242.25,3,1,1,187509.98,0,0.5596,1,Medium,103101.96
15604333,Cust4333,670,France,Male,26,4,112482.79,2,0,1,159105.75,0,0.1234,0,Low,13880.38
15604334,Cust4334,383,Spain,Female,74,3,0.0,4,0,1,96253.46,0,0.4089,1,Medium,0.0
15604335,Cust4335,820,France,Female,35,9,216165.73,3,0,0,138941.98,0,0.1782,0,Low,38520.73
15604336,Cust4336,472,France,Female,25,0,0.0,2,1,1,118085.49,0,0.1349,0,Low,0.0
15604337,Cust4337,846,France,Male,72,6,0.0,1,1,1,46396.2,0,0.2795,0,Low,0.0
15604338,Cust4338,715,Germany,Male,61,3,138580.68,4,0,1,79884.16,0,0.3779,0,Medium,52369.64
15604339,Cust4339,528,Spain,Female,29,5,32298.57,3,0,0,95669.85,0,0.2283,0,Low,7373.76
15604340,Cust4340,501,France,Male,58,2,62894.93,1,1,0,54360.56,1,0.7471,1,High,46988.8
15604341,Cust4341,824,France,Female,69,8,0.0,2,1,1,188038.18,1,0.4789,1,Medium,0.0
15604342,Cust4342,849,Germany,Female,54,0,0.0,2,1,0,55660.95,0,0.2517,0,Low,0.0
15604343,Cust4343,656,France,Female,71,0,0.0,2,0,0,138914.38,0,0.4373,1,Medium,0.0
15604344,Cust4344,373,Germany,Male,55,3,19741.56,2,0,1,65649.28,0,0.277,0,Low,5468.41
15604345,Cust4345,804,Spain,Male,44,9,0.0,1,1,0,95714.68,0,0.1947,0,Low,0.0
15604346,Cust4346,588,Spain,Male,34,0,145353.63,1,0,0,141187.1,1,0.6069,1,High,88215.12
15604347,Cust4347,363,Spain,Female,37,1,196798.75,1,1,0,152302.8,1,0.7993,1,High,157301.24
15604348,Cust4348,751,Germany,Male,77,5,24169.62,4,1,1,46858.86,1,0.5949,1,Medium,14378.51
15604349,Cust4349,366,Spain,Female,45,0,83151.16,4,1,1,109621.5,0,0.4377,1,Medium,36395.26
15604350,Cust4350,536,France,Female,70,5,0.0,1,1,1,127671.88,0,0.4545,1,Medium,0.0
15604351,Cust4351,387,France,Male,44,3,177921.78,3,1,1,7013.26,0,0.3796,0,Medium,67539.11
15604352,Cust4352,568,Germany,Male,56,7,112406.45,1,1,1,151554.28,0,0.2785,0,Low,31305.2
15604353,Cust4353,753,France,Male,62,0,0.0,3,0,1,125057.58,0,0.2987,0,Low,0.0
15604354,Cust4354,414,Spain,Male,53,1,0.0,2,0,1,128005.33,0,0.173,0,Low,0.0
15604355,Cust4355,419,Germany,Female,73,1,0.0,1,1,0,40679.5,1,0.6926,1,High,0.0
15604356,Cust4356,829,Spain,Female,86,8,37528.67,4,1,1,98529.39,0,0.4112,1,Medium,15431.79
15604357,Cust4357,438,France,Male,81,8,238210.52,4,1,1,113760.41,1,0.8092,1,Critical,192759.95
15604358,Cust4358,406,France,Female,86,1,202402.04,1,1,1,69269.21,1,0.7974,1,High,161395.39
15604359,Cust4359,643,Germany,Male,20,4,59265.73,1,1,1,136855.58,0,0.1065,0,Low,6311.8
15604360,Cust4360,488,France,Male,74,7,214314.23,1,0,1,7871.16,0,0.5528,1,Medium,118472.91
15604361,Cust4361,829,Germany,Male,71,0,63075.35,2,1,0,101310.52,0,0.4497,1,Medium,28364.98
15604362,Cust4362,432,Germany,Male,48,1,0.0,2,0,1,11919.9,0,0.1472,0,Low,0.0
15604363,Cust4363,634,Spain,Female,41,7,157140.68,3,1,0,87571.46,1,0.3988,1,Medium,62667.7
15604364,Cust4364,811,Germany,Female,21,6,120645.06,3,1,1,178360.16,0,0.147,0,Low,17734.82
15604365,Cust4365,717,France,Female,80,7,232018.23,1,1,0,89891.43,1,0.8611,1,Critical,199790.9
15604366,Cust4366,364,France,Male,80,5,202341.98,2,0,0,196295.2,0,0.6342,1,High,128325.28
15604367,Cust4367,444,Germany,Female,23,9,0.0,4,1,1,150879.05,0,0.1348,0,Low,0.0
15604368,Cust4368,412,France,Female,61,1,176392.24,4,0,1,189329.47,0,0.4539,1,Medium,80064.44
15604369,Cust4369,808,France,Female,58,1,197375.49,4,0,0,175088.75,1,0.7242,1,High,142939.33
15604370,Cust4370,451,France,Female,30,6,0.0,2,1,1,171340.02,0,0.0882,0,Low,0.0
15604371,Cust4371,377,France,Male,58,9,0.0,3,1,0,66013.71,1,0.6588,1,High,0.0
15604372,Cust4372,541,Germany,Male,78,0,0.0,1,1,1,164541.01,1,0.5972,1,Medium,0.0
15604373,Cust4373,491,France,Male,42,7,243536.49,2,1,1,67345.37,1,0.3138,0,Medium,76421.75
15604374,Cust4374,432,Germany,Male,71,10,0.0,2,0,1,169521.57,1,0.6036,1,High,0.0
15604375,Cust4375,577,France,Male,89,6,0.0,2,1,1,93821.9,0,0.4846,1,Medium,0.0
15604376,Cust4376,801,Germany,Male,51,9,149541.43,4,0,0,1679.25,1,0.6325,1,High,94584.95
15604377,Cust4377,463,France,Male,25,2,0.0,3,0,0,182787.7,0,0.2495,0,Low,0.0
15604378,Cust4378,841,Spain,Male,40,8,20323.85,4,0,1,139354.55,0,0.1036,0,Low,2105.55
15604379,Cust4379,682,France,Male,28,5,49534.23,2,0,0,137345.15,0,0.2323,0,Low,11506.8
15604380,Cust4380,541,Germany,Male,44,3,16332.27,2,1,0,175302.11,0,0.4437,1,Medium,7246.63
15604381,Cust4381,690,France,Female,65,2,224618.07,4,1,0,192306.8,1,0.6504,1,High,146091.59
15604382,Cust4382,524,France,Male,32,9,0.0,1,1,0,153294.4,0,0.1439,0,Low,0.0
15604383,Cust4383,456,France,Male,56,7,0.0,3,1,1,113992.2,0,0.2428,0,Low,0.0
15604384,Cust4384,467,Spain,Female,91,8,134327.59,3,1,1,35688.49,1,0.6496,1,High,87259.2
15604385,Cust4385,354,Spain,Male,37,7,224051.06,2,0,1,143474.65,0,0.2462,0,Low,55161.37
15604386,Cust4386,674,France,Female,83,2,12257.8,4,0,0,100323.84,1,0.7265,1,High,8905.29
15604387,Cust4387,387,France,Male,40,2,53993.61,1,1,1,105161.63,0,0.202,0,Low,10906.71
15604388,Cust4388,449,Germany,Male,63,7,179337.6,2,1,1,130756.15,1,0.7361,1,High,132010.41
15604389,Cust4389,350,Germany,Male,29,2,0.0,2,1,1,151758.27,0,0.1344,0,Low,0.0
15604390,Cust4390,382,France,Male,37,7,0.0,2,1,0,52146.13,0,0.1818,0,Low,0.0
15604391,Cust4391,803,Spain,Male,82,9,4238.45,2,0,0,63463.29,0,0.4539,1,Medium,1923.83
15604392,Cust4392,361,Germany,Female,61,8,216701.31,2,0,1,48186.95,1,0.7449,1,High,161420.81
15604393,Cust4393,661,Germany,Male,60,5,0.0,4,1,1,150996.73,0,0.3318,0,Medium,0.0
15604394,Cust4394,514,France,Female,55,9,208591.96,2,1,0,92821.81,0,0.5047,1,Medium,105276.36
15604395,Cust4395,419,France,Male,36,6,0.0,3,1,0,119098.21,0,0.2967,0,Low,0.0
15604396,Cust4396,500,France,Female,86,5,183040.37,3,0,1,106407.98,1,0.7389,1,High,135248.53
15604397,Cust4397,396,Spain,Female,47,10,0.0,3,0,1,169576.85,0,0.1066,0,Low,0.0
15604398,Cust4398,506,France,Female,18,3,177882.37,2,1,0,116446.93,0,0.2735,0,Low,48650.83
15604399,Cust4399,759,Spain,Female,85,2,0.0,2,0,1,196012.52,0,0.3677,0,Medium,0.0
15604400,Cust4400,660,Spain,Female,21,1,25884.9,2,1,1,119376.03,0,0.0985,0,Low,2549.66
15604401,Cust4401,756,Germany,Female,83,6,67606.77,2,1,1,100491.31,0,0.4477,1,Medium,30267.55
15604402,Cust4402,698,France,Male,37,5,42210.24,4,1,1,12418.9,0,0.1557,0,Low,6572.13
15604403,Cust4403,814,France,Female,23,8,0.0,2,1,1,84720.58,0,0.0677,0,Low,0.0
15604404,Cust4404,404,France,Male,34,1,0.0,4,0,1,67123.77,0,0.3029,0,Medium,0.0
15604405,Cust4405,429,Germany,Female,66,3,0.0,4,1,1,116441.39,0,0.401,1,Medium,0.0
15604406,Cust4406,556,Spain,Male,58,1,190830.16,3,0,1,69841.24,0,0.3734,0,Medium,71255.98
15604407,Cust4407,611,France,Female,29,3,150311.52,3,1,1,61873.97,0,0.1398,0,Low,21013.55
15604408,Cust4408,742,Spain,Male,40,10,0.0,1,1,1,199792.58,0,0.1047,0,Low,0.0
15604409,Cust4409,410,France,Female,33,9,0.0,1,1,0,64025.03,0,0.1181,0,Low,0.0
15604410,Cust4410,405,France,Male,66,5,62626.14,3,1,1,170241.56,0,0.3522,0,Medium,22056.93
15604411,Cust4411,748,France,Female,81,1,0.0,4,1,1,161913.0,0,0.4762,1,Medium,0.0
15604412,Cust4412,625,Germany,Male,36,10,202533.85,4,0,1,64905.76,0,0.1257,0,Low,25458.5
15604413,Cust4413,556,France,Male,84,1,208947.11,2,1,1,76067.84,0,0.5814,1,Medium,121481.85
15604414,Cust4414,461,France,Male,48,1,244063.28,3,1,0,148253.82,0,0.5117,1,Medium,124887.18
15604415,Cust4415,698,Spain,Male,24,4,190571.22,3,0,0,77182.51,1,0.3644,0,Medium,69444.15
15604416,Cust4416,751,Germany,Male,41,10,58185.74,1,0,1,8295.89,1,0.161,0,Low,9367.9
15604417,Cust4417,365,France,Male,82,8,57662.64,4,1,1,100653.49,1,0.7181,1,High,41407.54
15604418,Cust4418,377,France,Male,77,3,0.0,2,1,0,106197.12,0,0.6646,1,High,0.0
15604419,Cust4419,739,Germany,Male,71,5,0.0,3,0,0,66554.32,1,0.6441,1,High,0.0
15604420,Cust4420,792,France,Female,47,0,128248.0,2,1,0,10689.79,0,0.4058,1,Medium,52043.04
15604421,Cust4421,464,France,Female,75,2,0.0,4,0,0,87581.44,1,0.7601,1,High,0.0
15604422,Cust4422,703,Germany,Male,70,7,120475.2,2,1,0,192420.0,0,0.3724,0,Medium,44864.96
15604423,Cust4423,772,France,Male,76,4,204274.67,4,0,1,185980.64,0,0.4171,1,Medium,85202.96
15604424,Cust4424,406,Germany,Male,59,10,0.0,4,1,1,166880.85,1,0.3515,0,Medium,0.0
15604425,Cust4425,443,France,Female,55,4,158758.16,1,1,0,74008.3,1,0.5773,1,Medium,91651.09
15604426,Cust4426,415,France,Female,89,9,0.0,2,1,1,36684.22,0,0.5259,1,Medium,0.0
15604427,Cust4427,745,France,Female,88,7,0.0,3,1,1,195043.91,1,0.5152,1,Medium,0.0
15604428,Cust4428,736,France,Male,57,5,0.0,4,1,0,171838.04,0,0.2823,0,Low,0.0
15604429,Cust4429,417,France,Male,32,9,0.0,3,1,0,39073.44,0,0.3015,0,Medium,0.0
15604430,Cust4430,437,France,Male,48,9,0.0,3,1,1,85142.93,0,0.1819,0,Low,0.0
15604431,Cust4431,682,Spain,Male,55,3,169129.62,2,0,1,120401.23,0,0.3168,0,Medium,53580.26
15604432,Cust4432,799,Spain,Female,68,3,78189.99,1,1,0,121759.73,0,0.431,1,Medium,33699.89
15604433,Cust4433,740,France,Male,41,7,0.0,4,1,1,129019.61,0,0.1151,0,Low,0.0
15604434,Cust4434,433,Germany,Male,21,0,0.0,1,1,1,190073.75,0,0.0823,0,Low,0.0
15604435,Cust4435,543,Germany,Male,78,7,130283.2,4,1,0,30935.12,1,0.876,1,Critical,114128.08
15604436,Cust4436,383,Spain,Male,88,4,0.0,1,1,1,178954.86,0,0.5852,1,Medium,0.0
15604437,Cust4437,472,France,Female,24,8,0.0,2,1,0,55322.08,0,0.1168,0,Low,0.0
15604438,Cust4438,632,France,Female,41,1,82462.63,4,1,0,110325.54,0,0.3842,1,Medium,31682.14
15604439,Cust4439,522,France,Female,50,6,65611.35,1,1,1,110740.25,1,0.2975,0,Low,19519.38
15604440,Cust4440,653,France,Male,74,5,0.0,2,1,1,139545.12,1,0.3762,0,Medium,0.0
15604441,Cust4441,498,France,Female,75,0,230432.54,1,0,1,70187.03,0,0.6036,1,High,139089.08
15604442,Cust4442,632,Spain,Male,43,5,36638.57,3,1,0,23021.27,0,0.3567,0,Medium,13068.98
15604443,Cust4443,667,Spain,Female,41,7,185409.31,1,1,1,169051.63,0,0.2741,0,Low,50820.69
15604444,Cust4444,447,France,Male,47,4,0.0,3,0,0,36094.4,0,0.3219,0,Medium,0.0
15604445,Cust4445,372,France,Female,35,6,166758.06,3,1,1,47954.15,0,0.2463,0,Low,41072.51
15604446,Cust4446,519,France,Male,50,3,211296.39,4,0,1,15854.17,0,0.4234,1,Medium,89462.89
15604447,Cust4447,370,France,Female,37,6,0.0,3,1,1,101891.64,0,0.1379,0,Low,0.0
15604448,Cust4448,429,Germany,Female,22,2,144888.59,2,1,1,121160.68,0,0.2461,0,Low,35657.08
15604449,Cust4449,494,France,Male,70,3,69205.9,1,1,0,104300.33,1,0.699,1,High,48374.92
15604450,Cust4450,519,Spain,Female,76,0,71052.91,2,1,1,16924.54,0,0.5128,1,Medium,36435.93
15604451,Cust4451,488,Spain,Male,39,1,0.0,3,1,1,167523.95,0,0.1144,0,Low,0.0
15604452,Cust4452,376,Germany,Male,47,1,0.0,4,1,0,12441.59,0,0.4118,1,Medium,0.0
15604453,Cust4453,438,Germany,Male,47,2,62028.82,2,0,0,196341.19,0,0.3047,0,Medium,18900.18
15604454,Cust4454,792,Germany,Female,19,7,0.0,2,1,1,74717.58,0,0.0508,0,Low,0.0
15604455,Cust4455,709,France,Female,58,2,0.0,4,1,1,114041.55,0,0.1822,0,Low,0.0
15604456,Cust4456,572,France,Male,51,3,96157.17,4,1,0,137807.54,0,0.6361,1,High,61165.58
15604457,Cust4457,361,Germany,Female,87,1,26090.45,4,0,0,105331.96,1,0.8113,1,Critical,21167.18
15604458,Cust4458,529,France,Female,45,4,38572.32,1,1,0,168349.6,0,0.3482,0,Medium,13430.88
15604459,Cust4459,813,Spain,Female,76,2,167178.92,1,1,1,156408.46,0,0.4316,1,Medium,72154.42
15604460,Cust4460,755,France,Male,46,3,162835.53,2,1,1,116030.03,0,0.4011,1,Medium,65313.33
15604461,Cust4461,729,France,Female,31,0,236254.56,2,1,1,3084.4,0,0.1553,0,Low,36690.33
15604462,Cust4462,474,France,Female,43,5,230068.31,2,1,0,127775.48,1,0.4821,1,Medium,110915.93
15604463,Cust4463,551,Spain,Female,83,2,218485.09,4,1,0,157851.43,1,0.8535,1,Critical,186477.02
15604464,Cust4464,364,France,Female,36,7,172738.59,3,1,1,162871.01,0,0.2949,0,Low,50940.61
15604465,Cust4465,780,France,Male,80,10,0.0,2,0,1,108848.02,0,0.3366,0,Medium,0.0
15604466,Cust4466,406,France,Female,67,5,44539.44,3,0,1,68466.36,0,0.3709,0,Medium,16519.68
15604467,Cust4467,659,Germany,Male,73,5,237354.46,4,1,1,71752.85,0,0.5442,1,Medium,129168.3
15604468,Cust4468,491,Spain,Male,73,9,239907.25,2,1,1,73345.34,0,0.6305,1,High,151261.52
15604469,Cust4469,635,France,Female,56,3,126108.63,1,0,1,138720.54,0,0.2577,0,Low,32498.19
15604470,Cust4470,764,Spain,Female,62,1,0.0,2,0,0,140044.05,0,0.2706,0,Low,0.0
15604471,Cust4471,506,France,Female,23,7,1343.22,2,0,0,118815.39,0,0.1819,0,Low,244.33
15604472,Cust4472,358,Germany,Male,69,7,37146.4,1,1,0,153246.95,0,0.5324,1,Medium,19776.74
15604473,Cust4473,682,France,Female,70,5,136498.57,3,1,0,95969.12,0,0.6404,1,High,87413.68
15604474,Cust4474,616,France,Female,25,4,0.0,3,1,0,106861.09,0,0.2536,0,Low,0.0
15604475,Cust4475,419,Germany,Male,56,0,119682.34,2,0,0,173475.86,0,0.4289,1,Medium,51331.76
15604476,Cust4476,374,Germany,Female,55,6,0.0,2,1,1,100093.29,1,0.2362,0,Low,0.0
15604477,Cust4477,612,France,Female,40,6,200194.49,4,1,1,59916.61,0,0.3183,0,Medium,63721.91
15604478,Cust4478,657,Spain,Male,22,5,215414.58,1,0,1,83677.71,0,0.1104,0,Low,23781.77
15604479,Cust4479,408,Spain,Female,18,3,58928.02,4,1,1,50858.33,0,0.2172,0,Low,12799.17
15604480,Cust4480,650,France,Male,33,1,107974.32,2,1,1,44914.51,0,0.1007,0,Low,10873.01
15604481,Cust4481,573,Germany,Female,35,6,156711.35,3,1,0,121674.4,0,0.3527,0,Medium,55272.09
15604482,Cust4482,418,Spain,Female,33,6,0.0,3,1,1,3274.1,0,0.1026,0,Low,0.0
15604483,Cust4483,658,France,Male,62,1,249768.3,2,1,0,62150.16,0,0.5463,1,Medium,136448.42
15604484,Cust4484,673,Spain,Male,49,1,69070.35,1,1,1,128208.61,1,0.5971,1,Medium,41241.91
15604485,Cust4485,427,France,Female,26,5,17834.86,3,1,1,42634.29,0,0.1181,0,Low,2106.3
15604486,Cust4486,687,Spain,Female,24,0,96965.5,4,1,1,199568.36,0,0.1548,0,Low,15010.26
15604487,Cust4487,461,France,Female,66,2,0.0,4,0,1,125559.99,0,0.4423,1,Medium,0.0
15604488,Cust4488,649,France,Male,87,7,0.0,3,0,1,125820.25,0,0.3616,0,Medium,0.0
15604489,Cust4489,757,Germany,Female,78,3,79841.04,1,1,0,106678.46,1,0.805,1,Critical,64272.04
15604490,Cust4490,819,Germany,Male,74,5,64314.85,4,1,1,153277.61,0,0.3568,0,Medium,22947.54
15604491,Cust4491,478,Spain,Female,41,7,106871.09,2,1,1,139084.46,1,0.5009,1,Medium,53531.73
15604492,Cust4492,519,Spain,Male,70,1,0.0,2,0,0,167521.0,0,0.4351,1,Medium,0.0
15604493,Cust4493,397,France,Female,24,2,37216.42,2,0,0,51261.48,0,0.2595,0,Low,9657.66
15604494,Cust4494,835,France,Female,30,3,216383.48,1,1,1,85452.28,0,0.1872,0,Low,40506.99
15604495,Cust4495,515,France,Female,28,4,0.0,2,1,0,107098.37,0,0.2592,0,Low,0.0
15604496,Cust4496,751,France,Male,31,6,26842.63,4,1,1,71075.2,0,0.0715,0,Low,1919.25
15604497,Cust4497,818,France,Female,44,0,5879.9,4,0,1,52442.91,0,0.1973,0,Low,1160.1
15604498,Cust4498,588,Spain,Female,21,5,0.0,3,1,1,3460.79,0,0.0784,0,Low,0.0
15604499,Cust4499,697,Spain,Male,78,7,22592.1,4,1,1,74366.4,1,0.4355,1,Medium,9838.86
15604500,Cust4500,586,France,Female,70,9,160884.77,1,1,1,91293.48,0,0.5575,1,Medium,89693.26
15604501,Cust4501,638,France,Male,64,5,0.0,4,1,0,160378.26,0,0.4119,1,Medium,0.0
15604502,Cust4502,475,Germany,Female,30,6,33325.86,2,1,1,137130.32,0,0.0725,0,Low,2416.12
15604503,Cust4503,771,France,Male,82,8,0.0,3,1,1,67996.75,0,0.3734,0,Medium,0.0
15604504,Cust4504,411,France,Female,18,7,216462.69,4,1,0,147374.86,0,0.3241,0,Medium,70155.56
15604505,Cust4505,680,France,Female,91,5,126418.35,4,1,1,30951.08,1,0.7315,1,High,92475.02
15604506,Cust4506,810,France,Female,71,6,0.0,4,1,1,59761.44,0,0.3787,0,Medium,0.0
15604507,Cust4507,756,France,Male,32,10,0.0,1,1,0,66185.36,0,0.1215,0,Low,0.0
15604508,Cust4508,730,Spain,Male,32,8,25280.1,1,1,1,5468.46,0,0.1434,0,Low,3625.17
15604509,Cust4509,679,France,Male,69,2,54897.4,1,1,1,174331.64,0,0.2659,0,Low,14597.22
15604510,Cust4510,823,Germany,Male,77,4,0.0,3,1,1,85532.46,0,0.469,1,Medium,0.0
15604511,Cust4511,782,Germany,Female,52,8,0.0,3,1,1,61101.33,0,0.2078,0,Low,0.0
15604512,Cust4512,487,Spain,Female,22,5,71571.31,3,1,1,148605.17,0,0.1359,0,Low,9726.54
15604513,Cust4513,662,France,Female,54,4,0.0,2,1,1,106530.99,0,0.2365,0,Low,0.0
15604514,Cust4514,564,France,Female,53,6,99373.82,2,1,1,176943.59,0,0.1974,0,Low,19616.39
15604515,Cust4515,482,France,Male,42,4,0.0,4,1,1,136148.81,0,0.2623,0,Low,0.0
15604516,Cust4516,759,France,Female,84,7,0.0,1,1,0,178901.0,0,0.493,1,Medium,0.0
15604517,Cust4517,370,France,Male,43,8,166482.89,4,1,1,144270.12,0,0.3866,1,Medium,64362.29
15604518,Cust4518,414,Spain,Female,36,9,0.0,1,0,0,156141.86,0,0.1879,0,Low,0.0
15604519,Cust4519,402,France,Female,68,10,5627.96,2,0,1,86007.2,0,0.3579,0,Medium,2014.25
15604520,Cust4520,451,France,Female,63,7,70786.36,1,0,0,20976.18,1,0.7478,1,High,52934.04
15604521,Cust4521,606,France,Male,63,8,236356.92,1,1,0,96555.2,1,0.7843,1,High,185374.73
15604522,Cust4522,822,Spain,Female,55,8,38881.38,1,1,0,108340.96,0,0.1739,0,Low,6761.47
15604523,Cust4523,836,Spain,Male,41,3,218369.42,2,1,0,50189.94,0,0.2349,0,Low,51294.98
15604524,Cust4524,801,Germany,Female,37,10,0.0,4,1,1,45986.7,0,0.0765,0,Low,0.0
15604525,Cust4525,730,Germany,Male,26,5,0.0,2,0,0,73897.72,0,0.1667,0,Low,0.0
15604526,Cust4526,580,Germany,Male,31,9,221680.76,3,0,1,83966.97,0,0.1295,0,Low,28707.66
15604527,Cust4527,738,Germany,Male,60,2,230676.73,3,0,0,124232.86,0,0.5303,1,Medium,122327.87
15604528,Cust4528,484,France,Male,48,3,216716.7,4,1,1,58369.53,1,0.707,1,High,153218.71
15604529,Cust4529,682,Germany,Female,72,6,101870.02,4,1,1,13830.14,0,0.3884,1,Medium,39566.32
15604530,Cust4530,354,Spain,Female,77,6,0.0,1,0,1,66617.07,0,0.6492,1,High,0.0
15604531,Cust4531,802,France,Male,59,4,76532.25,1,1,0,44535.49,1,0.6065,1,High,46416.81
15604532,Cust4532,836,Germany,Male,25,2,32488.29,4,1,1,123676.76,0,0.1345,0,Low,4369.68
15604533,Cust4533,718,France,Female,18,2,225527.98,4,1,0,75418.16,1,0.7275,1,High,164071.61
15604534,Cust4534,437,Germany,Female,34,7,245289.11,4,1,0,116697.51,1,0.6592,1,High,161694.58
15604535,Cust4535,479,France,Male,38,0,0.0,3,1,1,72135.95,0,0.1479,0,Low,0.0
15604536,Cust4536,720,Germany,Male,23,1,171934.38,3,1,0,114793.92,0,0.2855,0,Low,49087.27
15604537,Cust4537,600,Spain,Male,75,10,237312.16,2,1,1,737.01,0,0.4677,1,Medium,110990.9
15604538,Cust4538,624,France,Male,45,10,151979.43,2,1,0,118863.54,1,0.4808,1,Medium,73071.71
15604539,Cust4539,552,France,Male,72,0,11773.92,1,1,1,10045.8,1,0.635,1,High,7476.44
15604540,Cust4540,768,France,Female,33,1,3728.46,3,0,0,153100.36,0,0.0889,0,Low,331.46
15604541,Cust4541,432,France,Female,18,3,126025.6,1,1,1,181932.94,0,0.24,0,Low,30246.14
15604542,Cust4542,571,Spain,Male,28,6,0.0,3,1,1,106243.15,0,0.0817,0,Low,0.0
15604543,Cust4543,461,France,Male,52,2,0.0,3,0,1,4872.53,0,0.1638,0,Low,0.0
15604544,Cust4544,696,France,Female,53,10,87581.56,4,0,0,61360.06,1,0.4842,1,Medium,42406.99
15604545,Cust4545,492,France,Male,50,5,198998.52,4,1,1,21153.36,0,0.4574,1,Medium,91021.92
15604546,Cust4546,500,Spain,Male,89,5,200415.43,3,1,1,14225.76,0,0.5573,1,Medium,111691.52
15604547,Cust4547,436,France,Male,66,2,235909.76,3,1,0,127942.43,0,0.6878,1,High,162258.73
15604548,Cust4548,782,Germany,Male,72,3,209667.97,2,1,1,133387.95,0,0.5252,1,Medium,110117.62
15604549,Cust4549,458,France,Female,27,8,148480.27,4,0,1,124452.58,0,0.1485,0,Low,22049.32
15604550,Cust4550,785,France,Male,52,6,0.0,3,0,0,30355.2,0,0.3681,0,Medium,0.0
15604551,Cust4551,809,Germany,Male,63,2,153604.52,3,0,1,35748.32,0,0.3528,0,Medium,54191.67
15604552,Cust4552,832,France,Male,61,4,150394.79,3,1,1,60216.9,0,0.3496,0,Medium,52578.02
15604553,Cust4553,521,Germany,Female,88,2,0.0,2,0,0,81771.88,0,0.5827,1,Medium,0.0
15604554,Cust4554,678,France,Female,53,4,0.0,2,1,1,45936.19,0,0.2063,0,Low,0.0
15604555,Cust4555,764,Germany,Female,45,2,10737.79,1,1,1,178027.88,0,0.2224,0,Low,2388.08
15604556,Cust4556,389,Spain,Male,87,10,0.0,2,0,1,5397.95,1,0.6539,1,High,0.0
15604557,Cust4557,382,Germany,Female,42,3,2617.65,4,0,1,96652.96,0,0.242,0,Low,633.47
15604558,Cust4558,453,France,Female,60,5,76750.48,1,1,0,189809.21,1,0.6383,1,High,48989.83
15604559,Cust4559,841,Germany,Female,20,7,0.0,2,0,1,197340.43,0,0.1178,0,Low,0.0
15604560,Cust4560,395,Spain,Female,30,0,198766.26,4,1,0,64947.32,1,0.7179,1,High,142694.3
15604561,Cust4561,733,France,Male,22,2,0.0,4,1,1,126117.72,0,0.1374,0,Low,0.0
15604562,Cust4562,770,France,Female,48,10,178220.18,4,1,1,160925.08,0,0.2571,0,Low,45820.41
15604563,Cust4563,804,Spain,Female,86,7,0.0,2,0,0,45525.17,0,0.5223,1,Medium,0.0
15604564,Cust4564,614,France,Female,23,2,72049.91,2,1,1,110948.96,0,0.1497,0,Low,10785.87
15604565,Cust4565,613,Germany,Female,90,4,199613.35,2,1,0,193907.64,1,0.8167,1,Critical,163024.22
15604566,Cust4566,721,Spain,Female,82,9,0.0,2,0,0,178753.98,1,0.6595,1,High,0.0
15604567,Cust4567,667,France,Male,18,2,87513.99,3,0,1,177064.95,1,0.4808,1,Medium,42076.73
15604568,Cust4568,744,Germany,Female,19,3,64854.06,3,1,1,121667.39,0,0.1096,0,Low,7108.0
15604569,Cust4569,530,Germany,Female,84,2,58973.83,3,1,0,124636.4,1,0.8322,1,Critical,49078.02
15604570,Cust4570,817,France,Male,61,7,137015.97,2,1,0,46473.16,0,0.5059,1,Medium,69316.38
15604571,Cust4571,566,Spain,Male,30,5,72871.71,3,0,0,161926.42,0,0.2006,0,Low,14618.07
15604572,Cust4572,474,France,Male,88,5,5334.2,2,1,1,153888.21,0,0.524,1,Medium,2795.12
15604573,Cust4573,726,France,Female,59,4,97687.47,1,0,1,86144.65,0,0.3586,0,Medium,35030.73
15604574,Cust4574,661,Spain,Male,65,3,138433.37,4,1,1,171406.42,0,0.3711,0,Medium,51372.62
15604575,Cust4575,375,France,Female,68,5,0.0,1,1,0,48993.99,1,0.7167,1,High,0.0
15604576,Cust4576,433,Spain,Male,32,8,0.0,4,1,1,169524.21,0,0.2187,0,Low,0.0
15604577,Cust4577,368,France,Female,44,8,78473.01,3,0,0,125033.57,0,0.4208,1,Medium,33021.44
15604578,Cust4578,638,France,Female,27,8,0.0,4,1,1,9074.9,0,0.0763,0,Low,0.0
15604579,Cust4579,788,France,Male,57,0,155831.35,3,0,1,71045.12,0,0.3087,0,Medium,48105.14
15604580,Cust4580,511,Germany,Male,91,5,70906.34,1,0,0,137360.17,1,0.7481,1,High,53045.03
15604581,Cust4581,405,Spain,Female,64,4,229213.2,1,0,1,144805.32,0,0.5906,1,Medium,135373.32
15604582,Cust4582,776,Spain,Male,69,10,70421.85,1,1,1,73677.14,0,0.2465,0,Low,17358.99
15604583,Cust4583,711,Spain,Female,32,4,197733.99,2,1,0,45739.25,1,0.2947,0,Low,58272.21
15604584,Cust4584,623,Germany,Female,58,2,0.0,4,1,0,34846.15,0,0.36,0,Medium,0.0
15604585,Cust4585,449,Spain,Male,91,2,0.0,3,0,1,195554.07,0,0.3317,0,Medium,0.0
15604586,Cust4586,686,Germany,Female,24,2,174753.93,4,1,0,78592.99,1,0.6581,1,High,115005.56
15604587,Cust4587,533,Spain,Female,33,4,43593.34,3,1,0,80973.33,0,0.2175,0,Low,9481.55
15604588,Cust4588,472,Germany,Male,71,2,94991.51,1,1,0,33664.22,0,0.7055,1,High,67016.51
15604589,Cust4589,497,Spain,Female,18,6,0.0,1,1,0,75139.94,0,0.1184,0,Low,0.0
15604590,Cust4590,380,France,Male,33,2,0.0,1,1,1,195779.36,0,0.1642,0,Low,0.0
15604591,Cust4591,595,France,Female,87,6,227355.15,4,1,1,100065.33,0,0.7628,1,High,173426.51
15604592,Cust4592,727,Germany,Male,19,6,149058.96,4,0,0,141420.58,0,0.2599,0,Low,38740.42
15604593,Cust4593,764,France,Female,49,7,175415.03,1,1,1,188272.89,0,0.3493,0,Medium,61272.47
15604594,Cust4594,712,France,Female,42,9,70763.46,1,1,0,184899.91,0,0.2462,0,Low,17421.96
15604595,Cust4595,788,Spain,Male,47,0,117056.39,2,1,0,176112.11,1,0.5757,1,Medium,67389.36
15604596,Cust4596,832,France,Male,37,0,185194.69,3,1,1,181613.9,0,0.2389,0,Low,44243.01
15604597,Cust4597,461,France,Male,38,5,0.0,1,1,0,122228.76,0,0.2133,0,Low,0.0
15604598,Cust4598,567,France,Male,74,5,0.0,4,1,0,173473.94,1,0.5916,1,Medium,0.0
15604599,Cust4599,519,France,Male,19,8,0.0,2,0,0,158665.86,0,0.1677,0,Low,0.0
15604600,Cust4600,693,Germany,Female,27,2,59199.89,4,0,1,198342.37,1,0.4144,1,Medium,24532.43
15604601,Cust4601,769,Spain,Male,37,5,240599.48,3,0,1,176146.27,0,0.1885,0,Low,45353.0
15604602,Cust4602,795,Spain,Female,79,6,39652.11,2,1,0,107594.93,0,0.4288,1,Medium,17002.82
15604603,Cust4603,394,Germany,Male,47,7,26288.7,1,0,0,500.55,0,0.3098,0,Medium,8144.24
15604604,Cust4604,607,Germany,Female,20,5,34420.63,3,1,1,198722.6,0,0.1017,0,Low,3500.58
15604605,Cust4605,408,France,Female,56,6,50727.76,1,1,1,106855.52,0,0.2546,0,Low,12915.29
15604606,Cust4606,515,Spain,Female,64,1,92179.9,3,0,0,188669.91,0,0.5944,1,Medium,54791.73
15604607,Cust4607,590,France,Male,51,5,49288.35,1,1,1,84411.56,0,0.2765,0,Low,13628.23
15604608,Cust4608,660,France,Female,24,5,0.0,4,0,1,129964.87,0,0.0919,0,Low,0.0
15604609,Cust4609,745,Spain,Female,83,0,34154.56,1,1,0,175811.22,1,0.8181,1,Critical,27941.85
15604610,Cust4610,848,Spain,Male,81,10,197417.01,2,1,1,31147.24,1,0.8185,1,Critical,161585.82
15604611,Cust4611,518,France,Male,85,6,130018.89,2,1,0,73010.33,0,0.7818,1,High,101648.77
15604612,Cust4612,630,Germany,Female,89,7,0.0,4,0,0,175046.65,1,0.8396,1,Critical,0.0
15604613,Cust4613,384,France,Male,41,5,0.0,1,1,0,99258.17,1,0.2442,0,Low,0.0
15604614,Cust4614,405,France,Male,49,10,76293.17,4,1,1,131714.94,0,0.2614,0,Low,19943.03
15604615,Cust4615,834,France,Female,89,0,245576.36,2,1,0,108692.65,0,0.7179,1,High,176299.27
15604616,Cust4616,820,France,Female,51,10,0.0,1,1,1,93655.03,0,0.1135,0,Low,0.0
15604617,Cust4617,820,Germany,Female,82,2,109667.6,4,0,0,71754.2,1,0.8644,1,Critical,94796.67
15604618,Cust4618,481,France,Female,65,9,73942.65,1,1,0,192493.4,1,0.593,1,Medium,43847.99
15604619,Cust4619,676,Germany,Male,86,0,1833.62,2,1,1,144890.26,0,0.3493,0,Medium,640.48
15604620,Cust4620,464,France,Male,18,3,138112.97,3,1,1,190471.16,0,0.169,0,Low,23341.09
15604621,Cust4621,691,Spain,Female,70,6,0.0,1,0,0,172424.02,0,0.5151,1,Medium,0.0
15604622,Cust4622,592,Germany,Female,77,7,80115.16,3,0,1,8804.28,1,0.6385,1,High,51153.53
15604623,Cust4623,817,Spain,Male,32,0,118064.64,3,1,1,173226.73,0,0.1858,0,Low,21936.41
15604624,Cust4624,537,France,Male,72,3,97986.88,4,1,1,17772.21,1,0.6688,1,High,65533.63
15604625,Cust4625,672,Germany,Male,32,9,116051.43,1,1,1,188188.92,0,0.1927,0,Low,22363.11
15604626,Cust4626,680,Spain,Male,84,2,0.0,4,0,1,103972.08,0,0.3777,0,Medium,0.0
15604627,Cust4627,744,France,Male,85,10,178493.33,1,1,0,60144.03,1,0.875,1,Critical,156181.66
15604628,Cust4628,376,France,Female,18,7,70061.16,4,1,0,133330.36,1,0.3499,0,Medium,24514.4
15604629,Cust4629,582,France,Female,55,10,0.0,2,1,0,181222.94,0,0.3748,0,Medium,0.0
15604630,Cust4630,576,France,Female,46,9,181304.41,1,0,0,198216.94,1,0.738,1,High,133802.65
15604631,Cust4631,464,France,Male,83,2,56128.7,2,1,1,44634.0,0,0.5368,1,Medium,30129.89
15604632,Cust4632,753,France,Male,41,10,226896.47,2,1,1,148333.59,0,0.1806,0,Low,40977.5
15604633,Cust4633,767,France,Female,71,5,208204.12,1,1,0,42892.71,0,0.6518,1,High,135707.45
15604634,Cust4634,390,Germany,Female,26,2,63129.76,2,1,1,8100.47,1,0.2425,0,Low,15308.97
15604635,Cust4635,692,France,Female,33,9,200375.06,2,1,0,33102.15,0,0.268,0,Low,53700.52
15604636,Cust4636,781,France,Male,90,5,0.0,1,1,1,153584.55,0,0.4204,1,Medium,0.0
15604637,Cust4637,495,Germany,Male,46,7,6215.25,2,0,1,24480.81,0,0.1774,0,Low,1102.59
15604638,Cust4638,666,France,Female,74,6,240280.15,1,0,1,145785.58,0,0.6197,1,High,148901.61
15604639,Cust4639,662,France,Female,89,3,190337.67,2,0,1,190742.97,1,0.7741,1,High,147340.39
15604640,Cust4640,359,France,Female,89,10,122255.85,1,1,0,146889.48,0,0.5881,1,Medium,71898.67
15604641,Cust4641,759,France,Male,19,9,210802.35,1,0,0,53766.4,0,0.1309,0,Low,27594.03
15604642,Cust4642,725,France,Male,35,5,18955.33,2,1,1,175673.19,0,0.08,0,Low,1516.43
15604643,Cust4643,485,France,Male,70,6,184920.61,4,0,1,159289.12,1,0.7325,1,High,135454.35
15604644,Cust4644,507,France,Male,86,0,239081.43,2,1,0,120684.95,1,0.8249,1,Critical,197218.27
15604645,Cust4645,734,Spain,Male,90,8,0.0,3,0,1,194481.79,0,0.3193,0,Medium,0.0
15604646,Cust4646,751,Spain,Female,71,10,107918.93,1,1,1,35602.36,0,0.3269,0,Medium,35278.7
15604647,Cust4647,386,France,Male,25,10,86577.73,3,1,0,1630.03,0,0.2118,0,Low,18337.16
15604648,Cust4648,529,France,Female,72,6,223103.98,3,1,0,52405.99,1,0.7738,1,High,172637.86
15604649,Cust4649,663,France,Male,38,10,0.0,2,1,0,58379.21,1,0.2673,0,Low,0.0
15604650,Cust4650,413,Spain,Female,77,8,234362.05,2,0,0,34347.9,0,0.7056,1,High,165365.86
15604651,Cust4651,850,Spain,Male,58,5,79962.37,3,1,1,110114.74,0,0.2105,0,Low,16832.08
15604652,Cust4652,454,France,Male,31,8,31253.7,3,0,0,21338.15,1,0.4183,1,Medium,13073.42
15604653,Cust4653,784,France,Female,80,1,58972.47,3,0,1,124249.14,0,0.3618,0,Medium,21336.24
15604654,Cust4654,382,France,Female,91,7,0.0,1,1,1,24813.59,0,0.6225,1,High,0.0
15604655,Cust4655,788,Spain,Male,55,6,32776.51,2,0,1,79058.96,0,0.2204,0,Low,7223.94
15604656,Cust4656,370,Spain,Female,78,5,0.0,4,0,1,92884.16,0,0.5056,1,Medium,0.0
15604657,Cust4657,690,France,Male,22,7,226463.91,4,0,0,32084.69,0,0.2976,0,Low,67395.66
15604658,Cust4658,530,Germany,Female,38,9,0.0,4,1,1,193115.35,1,0.5328,1,Medium,0.0
15604659,Cust4659,581,France,Female,27,6,153636.06,4,1,1,19426.79,0,0.1492,0,Low,22922.5
15604660,Cust4660,404,Germany,Female,39,4,100941.16,1,0,0,39818.55,0,0.4177,1,Medium,42163.12
15604661,Cust4661,689,Spain,Male,45,4,161863.71,2,1,1,76892.0,0,0.2431,0,Low,39349.07
15604662,Cust4662,661,France,Male,49,6,122402.02,2,1,1,163467.0,0,0.2385,0,Low,29192.88
15604663,Cust4663,510,France,Female,41,6,0.0,2,1,0,109029.39,0,0.223,0,Low,0.0
15604664,Cust4664,586,Germany,Male,58,3,0.0,2,1,1,71375.14,0,0.2645,0,Low,0.0
15604665,Cust4665,626,France,Female,34,5,127107.13,1,0,1,94852.96,1,0.3608,0,Medium,45860.25
15604666,Cust4666,694,Spain,Male,43,3,32534.26,4,0,0,170645.85,1,0.3231,0,Medium,10511.82
15604667,Cust4667,620,France,Male,80,10,122576.65,3,1,0,88046.46,1,0.8237,1,Critical,100966.39
15604668,Cust4668,379,Spain,Male,59,5,28682.71,1,1,1,46746.35,0,0.2592,0,Low,7434.56
15604669,Cust4669,622,France,Male,19,9,0.0,4,1,1,41601.72,0,0.0832,0,Low,0.0
15604670,Cust4670,524,France,Male,42,4,106848.44,2,1,0,168371.94,1,0.3572,0,Medium,38166.26
15604671,Cust4671,556,France,Male,79,4,0.0,3,1,1,49985.22,0,0.4326,1,Medium,0.0
15604672,Cust4672,535,France,Male,31,3,104619.24,2,1,1,106829.44,0,0.1404,0,Low,14688.54
15604673,Cust4673,526,France,Male,86,6,0.0,2,1,1,139514.23,0,0.4936,1,Medium,0.0
15604674,Cust4674,468,Germany,Female,39,6,14748.09,2,0,0,30706.63,0,0.2245,0,Low,3310.95
15604675,Cust4675,515,France,Female,64,6,177504.62,2,1,0,3933.51,0,0.5611,1,Medium,99597.84
15604676,Cust4676,706,France,Female,53,9,239358.45,1,0,0,197846.49,0,0.4547,1,Medium,108836.29
15604677,Cust4677,462,France,Female,64,5,0.0,3,1,0,162827.19,1,0.5461,1,Medium,0.0
15604678,Cust4678,730,France,Male,77,9,2462.26,3,1,0,189321.28,1,0.593,1,Medium,1460.12
15604679,Cust4679,569,Spain,Female,29,0,0.0,3,1,0,113299.52,1,0.1988,0,Low,0.0
15604680,Cust4680,655,Spain,Female,44,3,36294.32,4,1,0,44861.11,1,0.7029,1,High,25511.28
15604681,Cust4681,408,France,Male,60,7,116992.12,3,0,0,104405.65,1,0.7777,1,High,90984.77
15604682,Cust4682,453,Spain,Female,37,4,0.0,2,0,0,152464.11,0,0.2915,0,Low,0.0
15604683,Cust4683,801,Germany,Female,45,8,0.0,3,1,1,119591.79,0,0.1093,0,Low,0.0
15604684,Cust4684,766,Spain,Female,83,6,0.0,4,0,0,94936.37,0,0.4649,1,Medium,0.0
15604685,Cust4685,384,France,Male,34,5,33846.69,3,1,1,111742.78,0,0.1275,0,Low,4315.45
15604686,Cust4686,802,France,Female,32,6,0.0,3,0,1,44650.8,0,0.0519,0,Low,0.0
15604687,Cust4687,769,France,Female,61,9,0.0,3,1,1,77651.56,1,0.4916,1,Medium,0.0
15604688,Cust4688,418,Spain,Female,25,7,0.0,4,1,0,90723.37,0,0.2825,0,Low,0.0
15604689,Cust4689,470,Germany,Female,18,10,0.0,3,1,1,152093.91,0,0.1043,0,Low,0.0
15604690,Cust4690,438,France,Female,82,1,187069.3,3,1,0,106670.27,1,0.836,1,Critical,156389.93
15604691,Cust4691,777,France,Male,38,8,218321.34,3,1,0,89785.55,0,0.2355,0,Low,51414.68
15604692,Cust4692,777,Germany,Female,26,9,0.0,4,1,0,190559.7,0,0.1501,0,Low,0.0
15604693,Cust4693,710,Spain,Male,66,10,17694.06,4,0,0,42006.51,0,0.4644,1,Medium,8217.12
15604694,Cust4694,475,France,Male,53,5,110570.55,2,0,0,161954.28,1,0.5933,1,Medium,65601.51
15604695,Cust4695,811,Germany,Male,51,5,146147.82,3,0,1,847.43,0,0.2994,0,Low,43756.66
15604696,Cust4696,774,France,Female,50,6,184895.15,3,1,1,78399.52,0,0.3739,0,Medium,69132.3
15604697,Cust4697,785,France,Female,28,10,189017.92,3,0,1,38695.35,0,0.108,0,Low,20413.94
15604698,Cust4698,530,Germany,Female,81,9,215904.31,3,1,1,96107.47,0,0.6333,1,High,136732.2
15604699,Cust4699,701,Spain,Male,18,10,7791.07,4,0,0,98548.18,0,0.2132,0,Low,1661.06
15604700,Cust4700,688,Spain,Female,53,10,245249.52,4,1,1,78095.69,1,0.7374,1,High,180847.0
15604701,Cust4701,425,France,Female,38,6,0.0,4,0,0,10934.88,0,0.2581,0,Low,0.0
15604702,Cust4702,641,France,Female,65,2,0.0,2,1,1,46246.73,0,0.3093,0,Medium,0.0
15604703,Cust4703,625,France,Female,58,1,78323.88,2,1,1,52232.91,1,0.4687,1,Medium,36710.4
15604704,Cust4704,642,France,Male,46,9,191385.66,1,1,0,92890.49,1,0.5179,1,Medium,99118.63
15604705,Cust4705,520,France,Male,57,1,119627.6,4,1,1,84710.66,0,0.4279,1,Medium,51188.65
15604706,Cust4706,685,France,Female,34,0,1160.43,3,0,1,40336.56,0,0.0842,0,Low,97.71
15604707,Cust4707,793,France,Female,27,5,88678.95,4,1,1,121654.82,0,0.1245,0,Low,11040.53
15604708,Cust4708,652,France,Male,84,8,144734.74,3,0,1,93911.05,1,0.6464,1,High,93556.54
15604709,Cust4709,786,France,Male,63,8,219895.03,1,1,1,44221.39,0,0.4595,1,Medium,101041.77
15604710,Cust4710,736,Spain,Female,66,2,207312.88,2,1,0,15486.95,0,0.5124,1,Medium,106227.12
15604711,Cust4711,507,France,Male,91,5,236579.85,2,1,0,24531.12,0,0.694,1,High,164186.42
15604712,Cust4712,718,Germany,Male,84,9,116982.05,4,1,0,14050.91,1,0.7539,1,High,88192.77
15604713,Cust4713,686,Spain,Female,61,8,199568.45,2,1,1,8580.52,0,0.3814,0,Medium,76115.41
15604714,Cust4714,822,Germany,Male,76,10,25183.9,4,0,1,19340.25,0,0.3067,0,Medium,7723.9
15604715,Cust4715,519,France,Male,57,8,129614.47,3,1,1,67949.98,1,0.4512,1,Medium,58482.05
15604716,Cust4716,432,France,Female,35,1,229145.19,2,1,1,106346.68,0,0.4264,1,Medium,97707.51
15604717,Cust4717,689,Germany,Female,64,2,0.0,4,1,1,94456.05,0,0.2703,0,Low,0.0
15604718,Cust4718,666,Germany,Male,85,1,163902.46,3,1,1,180278.06,0,0.4705,1,Medium,77116.11
15604719,Cust4719,657,France,Female,83,1,0.0,2,1,0,181007.13,0,0.5458,1,Medium,0.0
15604720,Cust4720,720,France,Male,55,9,0.0,2,0,1,36733.4,1,0.4055,1,Medium,0.0
15604721,Cust4721,605,Germany,Male,88,7,169663.07,4,1,0,173412.99,1,0.9196,1,Critical,156022.16
15604722,Cust4722,365,France,Male,32,10,81391.95,1,1,1,112753.34,0,0.1602,0,Low,13038.99
15604723,Cust4723,790,Germany,Female,21,3,0.0,4,1,1,147598.27,0,0.0555,0,Low,0.0
15604724,Cust4724,488,France,Male,47,10,0.0,1,1,1,158186.17,0,0.1359,0,Low,0.0
15604725,Cust4725,473,France,Male,33,10,5116.78,3,0,1,80453.26,0,0.1067,0,Low,545.96
15604726,Cust4726,757,Spain,Female,88,1,98129.47,3,1,1,84934.85,0,0.5072,1,Medium,49771.27
15604727,Cust4727,749,France,Female,26,9,59555.12,3,1,1,150962.68,1,0.2667,0,Low,15883.35
15604728,Cust4728,603,Germany,Female,57,1,6775.07,1,0,1,164611.96,1,0.5785,1,Medium,3919.38
15604729,Cust4729,695,France,Female,75,4,54143.28,3,0,0,87838.01,0,0.5991,1,Medium,32437.24
15604730,Cust4730,390,France,Male,26,1,46061.87,4,1,0,49366.06,0,0.4208,1,Medium,19382.83
15604731,Cust4731,490,Spain,Female,21,6,0.0,2,0,0,133900.2,0,0.168,0,Low,0.0
15604732,Cust4732,471,France,Male,58,0,108797.93,4,0,1,155893.1,0,0.3634,0,Medium,39537.17
15604733,Cust4733,561,France,Female,84,9,117924.88,1,1,0,152998.32,1,0.8316,1,Critical,98066.33
15604734,Cust4734,528,Spain,Female,19,5,219477.82,4,1,1,78102.55,0,0.1296,0,Low,28444.33
15604735,Cust4735,384,Germany,Male,19,9,123607.09,2,1,0,36474.49,0,0.1933,0,Low,23893.25
15604736,Cust4736,694,Germany,Male,86,4,0.0,3,1,1,100077.87,0,0.4368,1,Medium,0.0
15604737,Cust4737,649,France,Female,62,6,161870.82,1,1,1,56588.34,0,0.492,1,Medium,79640.44
15604738,Cust4738,540,France,Female,69,8,129218.6,3,1,0,63038.6,1,0.747,1,High,96526.29
15604739,Cust4739,794,Germany,Male,38,10,76193.57,3,0,0,136995.71,0,0.2531,0,Low,19284.59
15604740,Cust4740,530,France,Male,41,4,225789.65,2,1,1,64625.12,0,0.2524,0,Low,56989.31
15604741,Cust4741,409,France,Female,52,5,109543.88,4,1,0,160627.11,1,0.6272,1,High,68705.92
15604742,Cust4742,774,Spain,Female,33,3,142782.0,4,0,0,78606.48,1,0.626,1,High,89381.53
15604743,Cust4743,416,France,Male,50,0,0.0,1,0,1,34039.22,0,0.1854,0,Low,0.0
15604744,Cust4744,385,France,Female,88,9,206909.51,4,1,1,90443.27,1,0.8518,1,Critical,176245.52
15604745,Cust4745,587,France,Male,73,6,133655.21,3,0,1,70059.7,0,0.4805,1,Medium,64221.33
15604746,Cust4746,640,France,Male,82,4,0.0,3,1,0,64045.15,0,0.4395,1,Medium,0.0
15604747,Cust4747,490,Germany,Male,54,8,115015.26,1,1,0,39912.42,1,0.7272,1,High,83639.1
15604748,Cust4748,770,Spain,Female,76,9,0.0,3,0,1,47948.42,0,0.3609,0,Medium,0.0
15604749,Cust4749,488,France,Male,49,10,82493.78,2,1,1,150820.09,0,0.1811,0,Low,14939.62
15604750,Cust4750,832,France,Male,63,4,233712.79,1,1,0,152913.0,0,0.4098,1,Medium,95775.5
15604751,Cust4751,669,Germany,Male,72,1,211650.99,1,1,0,84596.81,0,0.6459,1,High,136705.37
15604752,Cust4752,442,France,Male,79,5,0.0,1,1,0,57844.16,1,0.6986,1,High,0.0
15604753,Cust4753,555,France,Male,86,4,0.0,2,1,0,124826.17,0,0.5755,1,Medium,0.0
15604754,Cust4754,388,Spain,Female,25,2,0.0,1,0,0,132030.42,0,0.2762,0,Low,0.0
15604755,Cust4755,773,Germany,Female,76,6,69592.84,4,1,0,110100.14,1,0.7878,1,High,54825.24
15604756,Cust4756,674,France,Male,70,4,79414.56,2,0,0,150835.58,0,0.4392,1,Medium,34878.87
15604757,Cust4757,564,Spain,Female,72,9,0.0,2,1,1,84153.15,1,0.4934,1,Medium,0.0
15604758,Cust4758,690,France,Female,19,0,0.0,3,1,0,129869.3,0,0.1779,0,Low,0.0
15604759,Cust4759,658,Spain,Male,54,7,0.0,1,1,1,102543.02,0,0.2999,0,Low,0.0
15604760,Cust4760,650,Germany,Male,89,6,188713.25,2,0,1,63798.13,1,0.7276,1,High,137307.76
15604761,Cust4761,549,Germany,Female,84,2,164999.35,1,1,0,26242.18,1,0.745,1,High,122924.52
15604762,Cust4762,526,Spain,Male,35,3,6906.24,3,0,0,37875.14,0,0.2552,0,Low,1762.47
15604763,Cust4763,478,Germany,Male,53,9,0.0,4,1,0,98179.55,0,0.4299,1,Medium,0.0
15604764,Cust4764,744,France,Male,81,4,82572.28,3,1,0,39984.47,0,0.7005,1,High,57841.88
15604765,Cust4765,586,France,Female,86,7,160447.17,2,1,0,192529.54,1,0.8656,1,Critical,138883.07
15604766,Cust4766,584,Germany,Female,42,5,0.0,1,1,1,72304.37,1,0.2935,0,Low,0.0
15604767,Cust4767,710,Germany,Male,77,9,0.0,4,0,0,31019.38,1,0.7662,1,High,0.0
15604768,Cust4768,616,France,Male,79,7,0.0,2,1,0,186570.14,1,0.6186,1,High,0.0
15604769,Cust4769,827,Germany,Female,29,9,175092.73,3,0,0,167838.44,0,0.2915,0,Low,51039.53
15604770,Cust4770,470,Germany,Female,20,9,128916.77,3,1,0,50259.27,0,0.2089,0,Low,26930.71
15604771,Cust4771,371,France,Male,21,1,147778.22,3,1,0,133635.56,0,0.3613,0,Medium,53392.27
15604772,Cust4772,561,France,Male,28,9,110533.88,1,1,1,144409.79,0,0.1728,0,Low,19100.25
15604773,Cust4773,616,France,Male,72,10,0.0,2,1,0,98835.6,0,0.4653,1,Medium,0.0
15604774,Cust4774,761,France,Male,46,0,227058.53,2,1,1,117661.2,0,0.3757,0,Medium,85305.89
15604775,Cust4775,668,France,Female,68,4,249773.78,4,1,0,168627.28,1,0.835,1,Critical,208561.11
15604776,Cust4776,820,France,Female,24,2,0.0,2,1,1,98070.99,0,0.0813,0,Low,0.0
15604777,Cust4777,392,France,Female,62,10,170471.36,4,1,1,91353.65,1,0.7114,1,High,121273.33
15604778,Cust4778,619,France,Female,73,3,99965.63,3,1,0,148138.68,0,0.6515,1,High,65127.61
15604779,Cust4779,765,Germany,Female,90,2,2118.3,1,1,1,188753.06,1,0.5545,1,Medium,1174.6
15604780,Cust4780,601,France,Female,41,1,175809.19,4,1,1,184544.39,0,0.3526,0,Medium,61990.32
15604781,Cust4781,488,Spain,Male,58,8,233508.86,2,1,0,123302.2,1,0.7601,1,High,177490.08
15604782,Cust4782,735,Spain,Male,53,0,0.0,3,1,0,109119.11,0,0.3031,0,Medium,0.0
15604783,Cust4783,788,Germany,Female,43,3,0.0,2,1,0,125291.21,0,0.3077,0,Medium,0.0
15604784,Cust4784,479,Spain,Male,65,6,100531.49,4,1,0,11445.81,0,0.7572,1,High,76122.44
15604785,Cust4785,626,Spain,Female,59,0,178387.88,4,1,0,177992.15,1,0.7776,1,High,138714.42
15604786,Cust4786,753,France,Male,79,1,159607.49,1,1,1,7349.69,0,0.5,1,Medium,79803.74
15604787,Cust4787,426,Germany,Male,20,10,0.0,3,1,0,14472.73,0,0.1957,0,Low,0.0
15604788,Cust4788,355,France,Male,34,5,37904.96,3,1,1,7904.13,0,0.1945,0,Low,7372.51
15604789,Cust4789,720,Germany,Male,60,3,143860.51,2,1,0,145816.33,1,0.7565,1,High,108830.48
15604790,Cust4790,726,France,Male,60,9,0.0,2,0,0,56090.11,0,0.3196,0,Medium,0.0
15604791,Cust4791,428,France,Male,84,0,0.0,2,0,0,81769.2,0,0.6363,1,High,0.0
15604792,Cust4792,649,France,Male,67,2,236213.11,2,0,1,49666.69,0,0.4146,1,Medium,97933.96
15604793,Cust4793,710,Spain,Male,18,9,0.0,2,1,0,184451.06,0,0.2039,0,Low,0.0
15604794,Cust4794,832,France,Female,54,8,0.0,4,0,1,199091.84,0,0.1164,0,Low,0.0
15604795,Cust4795,754,France,Male,80,4,0.0,4,1,1,87978.21,0,0.4969,1,Medium,0.0
15604796,Cust4796,460,France,Female,82,10,141216.43,4,1,0,163340.19,1,0.8765,1,Critical,123776.2
15604797,Cust4797,638,France,Male,77,6,181538.21,2,1,0,50554.62,0,0.7853,1,High,142561.96
15604798,Cust4798,717,Spain,Female,53,8,0.0,3,1,1,129743.42,0,0.1369,0,Low,0.0
15604799,Cust4799,485,Spain,Female,25,10,131398.13,1,1,0,26547.17,1,0.4638,1,Medium,60942.45
15604800,Cust4800,431,France,Female,33,5,0.0,1,1,1,172779.62,0,0.0931,0,Low,0.0
15604801,Cust4801,569,France,Female,80,5,6897.01,3,1,1,86120.43,0,0.4562,1,Medium,3146.42
15604802,Cust4802,710,France,Male,43,7,0.0,3,1,1,144911.29,0,0.1048,0,Low,0.0
15604803,Cust4803,614,France,Female,74,0,220109.12,1,1,1,128151.45,1,0.7028,1,High,154692.69
15604804,Cust4804,652,Spain,Male,20,4,198940.93,3,1,0,156328.76,0,0.2956,0,Low,58806.94
15604805,Cust4805,683,Germany,Female,54,7,232959.78,3,1,1,75601.88,0,0.404,1,Medium,94115.75
15604806,Cust4806,828,France,Male,88,4,0.0,3,1,1,120528.44,0,0.3537,0,Medium,0.0
15604807,Cust4807,667,Germany,Male,36,7,129505.79,3,0,1,122276.55,0,0.1251,0,Low,16201.17
15604808,Cust4808,417,France,Female,20,4,119233.57,4,0,0,39842.42,0,0.3601,0,Medium,42936.01
15604809,Cust4809,550,Germany,Female,39,2,7959.92,4,0,1,37381.27,0,0.2064,0,Low,1642.93
15604810,Cust4810,435,Germany,Female,22,1,4649.84,3,1,1,141959.71,0,0.1368,0,Low,636.1
15604811,Cust4811,729,Germany,Female,63,5,159867.22,3,1,0,46639.54,0,0.6351,1,High,101531.67
15604812,Cust4812,849,Germany,Female,32,2,68850.63,4,1,1,125334.27,0,0.2158,0,Low,14857.97
15604813,Cust4813,736,Spain,Female,36,4,0.0,1,1,1,192139.25,0,0.1051,0,Low,0.0
15604814,Cust4814,473,France,Female,61,5,0.0,4,1,1,54187.63,0,0.3047,0,Medium,0.0
15604815,Cust4815,698,France,Male,42,0,27817.85,4,1,1,175513.23,0,0.1539,0,Low,4281.17
15604816,Cust4816,360,France,Female,66,4,70958.66,3,0,1,105030.92,0,0.3436,0,Medium,24381.4
15604817,Cust4817,486,Germany,Female,86,3,171259.64,4,1,1,117571.61,1,0.8137,1,Critical,139353.97
15604818,Cust4818,501,Germany,Female,86,3,7641.56,3,1,1,53628.06,0,0.5162,1,Medium,3944.57
15604819,Cust4819,585,Germany,Female,71,10,129947.3,2,1,1,185137.7,1,0.7025,1,High,91287.98
15604820,Cust4820,510,Germany,Female,89,10,21365.23,2,0,0,142248.32,0,0.5335,1,Medium,11398.35
15604821,Cust4821,566,France,Female,72,3,190414.2,3,0,0,141908.7,1,0.7774,1,High,148028.0
15604822,Cust4822,354,Germany,Male,23,9,0.0,2,0,0,171228.6,0,0.1016,0,Low,0.0
15604823,Cust4823,759,Germany,Female,88,2,0.0,3,1,1,22152.94,0,0.4363,1,Medium,0.0
15604824,Cust4824,548,France,Female,59,3,55321.26,2,0,1,20114.79,0,0.3012,0,Medium,16662.76
15604825,Cust4825,754,France,Female,18,10,181174.67,3,1,1,16536.42,0,0.1324,0,Low,23987.53
15604826,Cust4826,378,France,Female,63,1,0.0,2,0,1,176367.32,1,0.6529,1,High,0.0
15604827,Cust4827,783,France,Female,36,4,142703.7,1,0,1,180415.95,1,0.4446,1,Medium,63446.07
15604828,Cust4828,663,Spain,Male,57,8,23007.44,3,1,1,85712.79,0,0.1806,0,Low,4155.14
15604829,Cust4829,465,Spain,Female,66,10,24021.63,2,1,1,133227.38,0,0.2663,0,Low,6396.96
15604830,Cust4830,727,Germany,Female,20,10,48497.56,1,1,0,169758.15,0,0.1585,0,Low,7686.86
15604831,Cust4831,724,France,Female,50,9,0.0,1,1,1,71995.91,0,0.174,0,Low,0.0
15604832,Cust4832,713,Germany,Female,22,10,31608.11,3,1,1,52670.88,0,0.1023,0,Low,3233.51
15604833,Cust4833,786,Germany,Female,26,5,29562.11,4,1,1,193505.8,0,0.0676,0,Low,1998.4
15604834,Cust4834,827,France,Female,33,3,219757.75,2,1,0,38487.76,0,0.2066,0,Low,45401.95
15604835,Cust4835,433,Spain,Male,75,4,138658.35,4,0,0,100289.34,1,0.8925,1,Critical,123752.58
15604836,Cust4836,491,France,Female,48,1,0.0,4,0,1,117772.65,1,0.4577,1,Medium,0.0
15604837,Cust4837,370,France,Female,21,1,71955.44,1,1,1,75212.95,0,0.2038,0,Low,14664.52
15604838,Cust4838,383,France,Female,73,10,13871.84,1,1,1,98398.5,0,0.4089,1,Medium,5672.2
15604839,Cust4839,402,France,Male,58,2,0.0,3,1,0,161419.16,0,0.358,0,Medium,0.0
15604840,Cust4840,696,Spain,Female,28,6,0.0,3,1,1,143938.63,0,0.0625,0,Low,0.0
15604841,Cust4841,653,France,Male,59,2,205656.64,1,0,1,159068.89,0,0.3685,0,Medium,75784.47
15604842,Cust4842,367,France,Male,36,7,166271.61,4,1,1,56532.05,1,0.5971,1,Medium,99280.78
15604843,Cust4843,561,France,Male,65,5,0.0,1,1,1,53070.15,0,0.3584,0,Medium,0.0
15604844,Cust4844,405,France,Female,88,1,186649.33,2,1,0,50057.36,1,0.8003,1,Critical,149375.46
15604845,Cust4845,447,France,Male,41,4,191183.1,1,1,0,107056.68,0,0.4397,1,Medium,84063.21
15604846,Cust4846,377,France,Male,73,8,0.0,4,1,0,32295.51,0,0.5781,1,Medium,0.0
15604847,Cust4847,614,Germany,Male,19,8,136231.33,2,1,0,193059.95,0,0.2268,0,Low,30897.27
15604848,Cust4848,390,France,Female,48,3,53426.8,3,1,0,164126.35,0,0.3229,0,Medium,17251.51
15604849,Cust4849,743,Spain,Male,83,3,0.0,4,1,1,196734.34,1,0.6625,1,High,0.0
15604850,Cust4850,816,France,Female,23,8,24828.77,2,1,0,48994.79,0,0.2488,0,Low,6177.4
15604851,Cust4851,778,Germany,Male,86,4,94057.25,2,0,1,129440.19,1,0.597,1,Medium,56152.18
15604852,Cust4852,762,Spain,Female,24,0,152591.64,3,1,1,181434.37,0,0.1777,0,Low,27115.53
15604853,Cust4853,726,France,Female,53,1,62971.78,4,1,0,88284.52,1,0.5697,1,Medium,35875.02
15604854,Cust4854,806,France,Male,31,4,216270.69,1,1,1,96917.22,0,0.1822,0,Low,39404.52
15604855,Cust4855,793,Spain,Female,19,2,244012.96,2,1,1,8126.35,0,0.1297,0,Low,31648.48
15604856,Cust4856,458,France,Male,43,1,0.0,2,1,1,191444.22,0,0.1652,0,Low,0.0
15604857,Cust4857,652,Germany,Female,60,8,0.0,1,1,1,148367.96,1,0.6115,1,High,0.0
15604858,Cust4858,503,France,Female,71,5,0.0,1,1,0,193311.39,0,0.5292,1,Medium,0.0
15604859,Cust4859,769,France,Male,41,7,9485.36,2,1,1,44564.16,0,0.0972,0,Low,921.98
15604860,Cust4860,355,Germany,Male,54,0,23231.86,1,0,1,154496.13,0,0.2426,0,Low,5636.05
15604861,Cust4861,559,Spain,Male,31,4,225160.03,3,1,1,41708.96,0,0.1876,0,Low,42240.02
15604862,Cust4862,539,France,Male,71,5,11382.46,1,1,1,30391.15,0,0.3958,1,Medium,4505.18
15604863,Cust4863,777,Spain,Female,30,6,61871.06,3,1,1,183318.71,0,0.0918,0,Low,5679.76
15604864,Cust4864,497,Germany,Male,81,10,105908.18,1,1,1,25636.63,1,0.7761,1,High,82195.34
15604865,Cust4865,798,France,Male,31,5,5114.8,2,1,1,134391.73,0,0.0919,0,Low,470.05
15604866,Cust4866,598,France,Male,67,5,202648.45,1,1,1,83183.68,0,0.5298,1,Medium,107363.15
15604867,Cust4867,693,France,Female,42,9,0.0,1,0,1,186041.54,0,0.0949,0,Low,0.0
15604868,Cust4868,615,France,Female,91,4,0.0,2,0,0,103229.83,1,0.6456,1,High,0.0
15604869,Cust4869,565,Germany,Female,38,4,0.0,3,0,1,128128.91,0,0.175,0,Low,0.0
15604870,Cust4870,502,France,Male,88,1,223089.51,2,1,1,152374.69,1,0.7163,1,High,159799.02
15604871,Cust4871,491,France,Female,79,7,169639.02,2,1,1,70322.66,0,0.7002,1,High,118781.24
15604872,Cust4872,670,Germany,Female,52,0,130965.45,3,0,1,187976.99,0,0.2847,0,Low,37285.86
15604873,Cust4873,512,Germany,Male,54,2,98099.45,4,1,1,14854.1,0,0.3552,0,Medium,34844.92
15604874,Cust4874,782,Germany,Female,44,4,134819.21,4,1,1,25794.46,1,0.5954,1,Medium,80271.36
15604875,Cust4875,416,Germany,Male,49,4,62377.88,2,0,1,133375.01,0,0.2319,0,Low,14465.43
15604876,Cust4876,457,France,Female,52,0,0.0,3,1,0,86987.76,0,0.2857,0,Low,0.0
15604877,Cust4877,373,Germany,Female,28,5,0.0,1,1,1,68426.98,0,0.0827,0,Low,0.0
15604878,Cust4878,782,France,Female,41,10,0.0,3,0,1,151265.34,0,0.0539,0,Low,0.0
15604879,Cust4879,557,France,Male,82,1,171238.64,4,1,1,153444.52,1,0.7801,1,High,133583.26
15604880,Cust4880,367,France,Female,90,5,184681.39,4,1,1,173946.83,1,0.8382,1,Critical,154799.94
15604881,Cust4881,371,Germany,Female,22,6,188427.98,1,0,0,34677.88,0,0.2128,0,Low,40097.47
15604882,Cust4882,809,Germany,Male,72,3,142294.48,3,1,1,162222.89,0,0.3146,0,Medium,44765.84
15604883,Cust4883,791,France,Female,35,6,46096.99,1,1,0,134878.09,0,0.2005,0,Low,9242.45
15604884,Cust4884,488,Spain,Male,66,3,175139.92,1,1,1,170580.47,0,0.6293,1,High,110215.55
15604885,Cust4885,675,Spain,Male,63,1,204820.26,3,0,1,119075.42,0,0.3402,0,Medium,69679.85
15604886,Cust4886,476,France,Female,83,9,0.0,2,1,1,176450.65,0,0.429,1,Medium,0.0
15604887,Cust4887,772,Germany,Male,69,10,0.0,2,1,0,155089.27,0,0.2962,0,Low,0.0
15604888,Cust4888,708,France,Male,78,4,235325.17,3,1,1,186262.86,0,0.4123,1,Medium,97024.57
15604889,Cust4889,572,Spain,Male,77,1,0.0,2,0,1,129617.39,1,0.4997,1,Medium,0.0
15604890,Cust4890,815,France,Female,65,1,27766.22,1,1,1,82469.99,0,0.2559,0,Low,7105.38
15604891,Cust4891,462,France,Male,48,9,163422.7,2,1,1,79413.65,1,0.255,0,Low,41672.79
15604892,Cust4892,849,France,Male,42,9,89017.1,1,0,0,81286.65,1,0.6684,1,High,59499.03
15604893,Cust4893,495,France,Female,43,5,0.0,4,0,1,135733.77,0,0.2285,0,Low,0.0
15604894,Cust4894,795,Germany,Male,44,9,0.0,4,1,0,67031.21,0,0.2885,0,Low,0.0
15604895,Cust4895,778,France,Female,39,2,181208.52,3,1,1,2135.57,0,0.1405,0,Low,25459.8
15604896,Cust4896,631,France,Female,40,4,141669.98,3,1,0,19761.03,0,0.3529,0,Medium,49995.34
15604897,Cust4897,411,Germany,Female,60,1,0.0,3,1,1,159153.55,1,0.6157,1,High,0.0
15604898,Cust4898,726,Spain,Female,37,5,97172.1,2,0,0,184637.82,0,0.23,0,Low,22349.58
15604899,Cust4899,699,Spain,Male,43,7,102963.06,4,0,0,14342.56,0,0.3761,0,Medium,38724.41
15604900,Cust4900,783,France,Male,70,10,0.0,2,1,1,65092.32,0,0.3589,0,Medium,0.0
15604901,Cust4901,463,France,Male,42,8,119372.15,3,1,1,105368.99,1,0.3418,0,Medium,40801.4
15604902,Cust4902,469,France,Male,25,7,24420.15,2,0,1,153500.69,0,0.0847,0,Low,2068.39
15604903,Cust4903,526,Spain,Female,19,7,95080.25,2,1,1,139506.9,0,0.1707,0,Low,16230.2
15604904,Cust4904,534,Germany,Female,74,6,16009.17,2,1,0,197841.27,0,0.6033,1,High,9658.33
15604905,Cust4905,351,Germany,Female,88,4,193982.72,4,1,1,116959.76,1,0.8798,1,Critical,170666.0
15604906,Cust4906,426,Spain,Male,68,5,130559.86,2,0,1,84140.49,0,0.4713,1,Medium,61532.86
15604907,Cust4907,590,France,Female,22,1,0.0,4,1,1,181861.96,0,0.133,0,Low,0.0
15604908,Cust4908,834,Germany,Female,59,0,107330.0,2,1,1,59481.53,0,0.2403,0,Low,25791.4
15604909,Cust4909,414,France,Female,38,8,38274.59,2,1,1,42138.83,0,0.2106,0,Low,8060.63
15604910,Cust4910,470,France,Female,41,5,0.0,3,1,0,54229.66,0,0.3106,0,Medium,0.0
15604911,Cust4911,780,France,Female,86,9,0.0,3,1,1,62025.42,0,0.3893,1,Medium,0.0
15604912,Cust4912,369,France,Male,79,1,109975.98,2,1,1,95886.08,1,0.683,1,High,75113.59
15604913,Cust4913,398,Spain,Male,72,4,197227.71,2,0,0,57863.41,1,0.8076,1,Critical,159281.1
15604914,Cust4914,795,France,Female,55,2,0.0,1,1,0,170397.47,0,0.3055,0,Medium,0.0
15604915,Cust4915,475,Spain,Male,60,9,0.0,1,0,0,198248.79,1,0.3885,1,Medium,0.0
15604916,Cust4916,504,Germany,Male,85,4,22947.79,1,1,1,192970.22,1,0.5754,1,Medium,13204.16
15604917,Cust4917,357,Germany,Female,66,6,0.0,3,0,1,136459.02,1,0.6368,1,High,0.0
15604918,Cust4918,553,Spain,Female,60,0,0.0,2,1,0,140118.84,0,0.3713,0,Medium,0.0
15604919,Cust4919,847,France,Male,25,5,17243.69,2,1,1,10337.12,0,0.0774,0,Low,1334.66
15604920,Cust4920,843,France,Male,91,4,16660.46,3,1,1,97386.45,0,0.3713,0,Medium,6186.03
15604921,Cust4921,671,France,Female,77,6,182627.53,2,1,1,120405.38,1,0.6862,1,High,125319.01
15604922,Cust4922,688,France,Female,44,6,101874.44,1,1,1,182817.26,0,0.2091,0,Low,21301.95
15604923,Cust4923,672,Spain,Male,36,1,87845.57,2,1,1,17314.3,0,0.0748,0,Low,6570.85
15604924,Cust4924,698,France,Female,89,0,0.0,2,1,1,102338.59,0,0.3613,0,Medium,0.0
15604925,Cust4925,609,France,Male,88,1,21190.84,3,1,1,86433.33,1,0.3952,1,Medium,8374.62
15604926,Cust4926,453,France,Female,49,2,214928.74,3,0,0,30192.78,0,0.4531,1,Medium,97384.21
15604927,Cust4927,784,France,Male,35,7,193856.5,4,1,1,191894.79,0,0.1945,0,Low,37705.09
15604928,Cust4928,790,Germany,Female,77,2,97411.19,3,0,0,183853.39,1,0.7954,1,High,77480.86
15604929,Cust4929,422,France,Female,64,10,117176.86,4,1,0,29024.0,1,0.8634,1,Critical,101170.5
15604930,Cust4930,397,Spain,Female,84,0,0.0,4,1,1,49271.86,0,0.3803,0,Medium,0.0
15604931,Cust4931,747,Germany,Female,58,5,196307.55,3,0,0,114319.24,1,0.7567,1,High,148545.92
15604932,Cust4932,373,Spain,Male,58,7,7248.48,4,1,0,51137.98,0,0.3535,0,Medium,2562.34
15604933,Cust4933,754,France,Male,28,0,167847.16,4,1,1,135773.2,0,0.1603,0,Low,26905.9
15604934,Cust4934,841,Germany,Male,62,5,75636.94,4,0,0,160041.11,0,0.3873,1,Medium,29294.19
15604935,Cust4935,368,France,Male,44,0,0.0,1,1,1,83735.29,0,0.1673,0,Low,0.0
15604936,Cust4936,750,France,Male,33,8,245977.21,3,0,1,191587.5,1,0.6911,1,High,169994.85
15604937,Cust4937,416,Germany,Male,75,5,69744.56,1,1,0,30114.53,0,0.7646,1,High,53326.69
15604938,Cust4938,495,Germany,Female,43,9,111462.93,2,1,0,40772.73,0,0.4126,1,Medium,45989.6
15604939,Cust4939,624,France,Male,33,7,136897.7,4,0,1,144584.05,0,0.2426,0,Low,33211.38
15604940,Cust4940,690,Spain,Male,89,3,137762.27,3,1,0,107384.63,1,0.7759,1,High,106889.75
15604941,Cust4941,395,France,Female,89,1,0.0,3,1,1,124656.69,0,0.4718,1,Medium,0.0
15604942,Cust4942,404,Germany,Female,54,1,145811.54,2,0,0,107824.93,1,0.5457,1,Medium,79569.36
15604943,Cust4943,491,Spain,Male,39,0,0.0,4,1,0,173756.92,0,0.3494,0,Medium,0.0
15604944,Cust4944,691,Germany,Female,29,3,0.0,2,1,1,76274.94,0,0.1,0,Low,0.0
15604945,Cust4945,552,Spain,Male,64,8,0.0,3,1,0,12132.75,1,0.5689,1,Medium,0.0
15604946,Cust4946,488,Germany,Female,63,3,150826.74,4,1,0,136937.64,1,0.856,1,Critical,129107.69
15604947,Cust4947,428,Spain,Male,63,1,58312.69,1,1,0,102228.54,0,0.5557,1,Medium,32404.36
15604948,Cust4948,835,Germany,Female,74,0,24480.04,4,1,0,122527.44,0,0.4688,1,Medium,11476.24
15604949,Cust4949,702,Germany,Female,52,4,158583.66,3,0,1,47027.73,0,0.2592,0,Low,41104.88
15604950,Cust4950,843,France,Male,68,2,0.0,1,1,1,157893.18,0,0.2791,0,Low,0.0
15604951,Cust4951,598,Germany,Female,66,8,209839.71,1,0,1,12633.76,0,0.4998,1,Medium,104877.89
15604952,Cust4952,760,France,Male,76,3,0.0,1,1,1,39495.8,0,0.4493,1,Medium,0.0
15604953,Cust4953,670,Spain,Female,73,1,43010.85,2,0,1,1619.11,1,0.4558,1,Medium,19604.35
15604954,Cust4954,613,France,Male,20,2,56181.69,1,0,0,137949.72,0,0.3503,0,Medium,19680.45
15604955,Cust4955,587,France,Female,63,4,0.0,3,0,1,153214.27,1,0.4355,1,Medium,0.0
15604956,Cust4956,600,Spain,Female,90,0,78013.17,1,1,1,108108.36,0,0.4806,1,Medium,37493.13
15604957,Cust4957,556,France,Female,59,1,45066.78,3,0,1,35799.34,0,0.3224,0,Medium,14529.53
15604958,Cust4958,670,France,Male,57,10,0.0,3,1,1,9657.94,0,0.1899,0,Low,0.0
15604959,Cust4959,596,Germany,Male,62,3,103087.73,2,1,0,58560.8,1,0.7511,1,High,77429.19
15604960,Cust4960,836,France,Male,59,8,0.0,2,0,1,77185.71,0,0.1899,0,Low,0.0
15604961,Cust4961,800,France,Female,47,10,241318.87,3,1,0,94811.93,1,0.6144,1,High,148266.31
15604962,Cust4962,582,France,Female,91,1,0.0,4,0,0,152448.42,1,0.8048,1,Critical,0.0
15604963,Cust4963,548,France,Female,23,7,45872.85,4,1,0,188615.48,0,0.3111,0,Medium,14271.04
15604964,Cust4964,730,France,Female,78,9,0.0,3,0,0,160695.94,0,0.5029,1,Medium,0.0
15604965,Cust4965,671,France,Male,29,0,120049.46,1,1,0,70259.04,0,0.3134,0,Medium,37623.5
15604966,Cust4966,466,France,Female,33,3,0.0,2,1,0,3899.47,0,0.2273,0,Low,0.0
15604967,Cust4967,767,France,Female,62,1,152051.3,1,0,1,194892.96,0,0.2745,0,Low,41738.08
15604968,Cust4968,691,France,Female,65,0,0.0,1,1,1,136008.36,0,0.3151,0,Medium,0.0
15604969,Cust4969,661,Germany,Female,86,3,0.0,1,1,1,64302.32,1,0.599,1,Medium,0.0
15604970,Cust4970,741,Germany,Female,39,2,0.0,4,1,1,186231.77,0,0.0936,0,Low,0.0
15604971,Cust4971,463,France,Female,19,9,0.0,2,0,1,18213.13,0,0.0918,0,Low,0.0
15604972,Cust4972,750,France,Female,36,2,120714.8,3,0,0,68702.88,0,0.2215,0,Low,26738.33
15604973,Cust4973,411,Spain,Male,58,8,140985.09,2,1,1,99771.17,0,0.3792,0,Medium,53461.55
15604974,Cust4974,747,Germany,Female,44,0,136774.46,1,0,0,56062.83,1,0.7515,1,High,102786.01
15604975,Cust4975,646,France,Male,36,6,190869.27,2,1,0,22988.44,0,0.3495,0,Medium,66708.81
15604976,Cust4976,641,France,Female,85,7,0.0,2,1,0,24946.09,0,0.5731,1,Medium,0.0
15604977,Cust4977,714,France,Female,59,1,30657.54,1,0,1,132592.71,0,0.3662,0,Medium,11226.79
15604978,Cust4978,505,Spain,Female,67,4,81070.86,3,1,1,193375.4,0,0.3274,0,Medium,26542.6
15604979,Cust4979,735,Spain,Male,73,10,0.0,1,0,0,197010.45,0,0.2832,0,Low,0.0
15604980,Cust4980,362,Spain,Male,48,6,87768.6,3,0,1,94833.27,0,0.2491,0,Low,21863.16
15604981,Cust4981,697,France,Male,72,8,0.0,2,1,1,153017.99,0,0.3765,0,Medium,0.0
15604982,Cust4982,747,France,Female,89,4,236976.25,1,1,1,42002.33,1,0.6842,1,High,162139.15
15604983,Cust4983,351,France,Male,71,2,60499.53,4,1,0,138561.21,1,0.8778,1,Critical,53106.49
15604984,Cust4984,697,France,Female,39,5,222286.52,3,1,1,91185.63,0,0.1554,0,Low,34543.33
15604985,Cust4985,737,France,Male,75,4,178926.71,2,1,0,129062.09,1,0.66,1,High,118091.63
15604986,Cust4986,611,Germany,Female,35,10,146738.87,1,0,1,6340.26,0,0.2432,0,Low,35686.89
15604987,Cust4987,652,France,Female,23,4,32597.65,1,1,0,152596.85,0,0.2011,0,Low,6555.39
15604988,Cust4988,379,Spain,Female,50,6,102737.55,4,1,1,111818.16,0,0.3416,0,Medium,35095.15
15604989,Cust4989,845,France,Female,55,6,248838.13,2,1,0,109787.33,0,0.273,0,Low,67932.81
15604990,Cust4990,834,France,Male,52,4,162087.85,1,0,0,44513.2,0,0.3041,0,Medium,49290.92
15604991,Cust4991,733,Spain,Female,37,4,0.0,4,1,1,71656.12,0,0.1107,0,Low,0.0
15604992,Cust4992,357,Germany,Male,38,9,8904.31,4,1,1,10216.57,0,0.1962,0,Low,1747.03
15604993,Cust4993,565,France,Male,86,2,80222.08,2,1,1,69371.9,0,0.5003,1,Medium,40135.11
15604994,Cust4994,759,Germany,Male,39,4,122038.95,3,1,1,54615.53,0,0.161,0,Low,19648.27
15604995,Cust4995,688,France,Male,75,7,0.0,4,0,1,156322.77,0,0.4508,1,Medium,0.0
15604996,Cust4996,803,France,Female,37,0,214278.98,3,0,0,26996.29,0,0.3206,0,Medium,68697.84
15604997,Cust4997,658,France,Male,25,7,114517.12,2,0,1,32936.94,0,0.0793,0,Low,9081.21
15604998,Cust4998,707,France,Female,22,9,0.0,4,1,1,160137.32,0,0.0586,0,Low,0.0
15604999,Cust4999,519,Germany,Male,36,4,0.0,1,0,0,117250.55,1,0.4251,1,Medium,0.0
15605000,Cust5000,757,France,Female,80,6,34452.73,3,1,0,129590.13,0,0.4356,1,Medium,15007.61
15605001,Cust5001,617,Germany,Female,51,5,36384.7,2,1,0,25834.82,1,0.6541,1,High,23799.23
15605002,Cust5002,750,Spain,Male,69,7,0.0,3,1,1,130273.19,0,0.3087,0,Medium,0.0
15605003,Cust5003,452,France,Male,89,0,0.0,3,1,0,129086.55,1,0.7731,1,High,0.0
15605004,Cust5004,484,France,Male,21,6,0.0,1,1,0,93818.01,0,0.1413,0,Low,0.0
15605005,Cust5005,394,France,Male,26,5,214891.7,4,1,0,191776.23,1,0.7296,1,High,156784.98
15605006,Cust5006,688,Spain,Male,86,0,237288.29,2,1,1,54342.4,0,0.4671,1,Medium,110837.36
15605007,Cust5007,717,Germany,Female,60,8,0.0,1,1,0,115169.79,0,0.4183,1,Medium,0.0
15605008,Cust5008,492,Germany,Male,63,1,177705.72,3,1,0,25918.63,1,0.6879,1,High,122243.76
15605009,Cust5009,542,France,Female,43,6,0.0,4,1,1,77325.6,0,0.2118,0,Low,0.0
15605010,Cust5010,635,France,Male,79,9,17932.04,4,0,0,53039.21,1,0.8348,1,Critical,14969.67
15605011,Cust5011,728,Germany,Male,65,10,68942.31,2,1,1,139180.92,1,0.3683,0,Medium,25391.45
15605012,Cust5012,501,France,Female,37,6,0.0,3,1,1,152520.89,0,0.1147,0,Low,0.0
15605013,Cust5013,594,Germany,Female,66,7,165742.96,3,0,0,171857.67,0,0.6555,1,High,108644.51
15605014,Cust5014,442,France,Female,18,6,179029.89,3,1,0,49643.18,0,0.2317,0,Low,41481.23
15605015,Cust5015,755,France,Female,35,8,159816.07,4,1,0,129721.84,0,0.2512,0,Low,40145.8
15605016,Cust5016,787,Germany,Male,33,10,0.0,1,1,1,101331.31,0,0.0641,0,Low,0.0
15605017,Cust5017,720,France,Female,76,5,195309.78,2,1,1,107075.36,0,0.5698,1,Medium,111287.51
15605018,Cust5018,758,Germany,Male,72,4,193144.6,3,1,0,44975.86,1,0.798,1,High,154129.39
15605019,Cust5019,732,France,Female,24,1,0.0,4,1,1,141696.02,0,0.1099,0,Low,0.0
15605020,Cust5020,768,Spain,Female,85,10,173298.95,1,1,1,124641.23,1,0.8203,1,Critical,142157.13
15605021,Cust5021,565,Spain,Male,78,10,88968.59,3,1,0,181317.87,0,0.5326,1,Medium,47384.67
15605022,Cust5022,452,Spain,Female,50,7,0.0,4,1,0,120094.13,0,0.3546,0,Medium,0.0
15605023,Cust5023,831,Germany,Male,33,7,122650.01,1,0,1,138875.26,0,0.1941,0,Low,23806.37
15605024,Cust5024,351,Germany,Male,49,2,26966.71,1,1,1,68957.52,0,0.2376,0,Low,6407.29
15605025,Cust5025,553,Germany,Male,61,10,202935.77,1,0,1,37590.85,1,0.8018,1,Critical,162713.9
15605026,Cust5026,713,France,Male,64,0,228213.46,4,1,1,189401.18,0,0.3375,0,Medium,77022.04
15605027,Cust5027,747,France,Female,43,6,0.0,4,0,0,120671.19,0,0.2495,0,Low,0.0
15605028,Cust5028,693,Germany,Male,25,2,61991.92,2,1,1,95687.5,0,0.1269,0,Low,7866.77
15605029,Cust5029,595,France,Female,63,4,23910.05,4,0,1,199709.16,1,0.4245,1,Medium,10149.82
15605030,Cust5030,812,France,Male,70,1,27760.46,3,1,1,52980.63,0,0.2232,0,Low,6196.13
15605031,Cust5031,467,Spain,Female,37,1,201074.24,4,1,1,141210.53,1,0.7305,1,High,146884.73
15605032,Cust5032,421,France,Female,65,4,157935.42,1,0,0,45068.31,1,0.6957,1,High,109875.67
15605033,Cust5033,665,Germany,Female,60,4,0.0,3,1,1,88032.31,0,0.3379,0,Medium,0.0
15605034,Cust5034,510,Germany,Male,55,9,226299.1,3,0,0,75851.53,1,0.5815,1,Medium,131592.93
15605035,Cust5035,585,France,Male,18,6,0.0,3,0,0,150866.26,0,0.2729,0,Low,0.0
15605036,Cust5036,578,Spain,Male,40,0,91021.33,2,1,1,93498.53,0,0.1619,0,Low,14736.35
15605037,Cust5037,482,France,Male,45,10,198092.77,1,1,0,69275.17,0,0.474,1,Medium,93895.97
15605038,Cust5038,850,Spain,Male,79,6,64847.97,1,1,1,58394.07,0,0.4153,1,Medium,26931.36
15605039,Cust5039,541,Spain,Male,79,9,0.0,3,0,1,167627.49,0,0.4687,1,Medium,0.0
15605040,Cust5040,685,France,Female,82,10,110862.67,3,1,1,41700.54,0,0.3907,1,Medium,43314.05
15605041,Cust5041,430,France,Male,52,5,0.0,2,1,0,91866.99,0,0.4655,1,Medium,0.0
15605042,Cust5042,846,France,Female,42,1,0.0,1,1,0,84695.18,0,0.2047,0,Low,0.0
15605043,Cust5043,844,France,Female,54,4,25928.75,2,1,1,94261.26,0,0.2055,0,Low,5328.36
15605044,Cust5044,384,France,Female,76,7,0.0,4,0,0,133466.4,1,0.7784,1,High,0.0
15605045,Cust5045,672,Spain,Female,63,0,239746.7,3,1,1,177348.55,0,0.3622,0,Medium,86836.25
15605046,Cust5046,647,France,Female,62,10,86969.22,4,0,0,31540.75,1,0.6449,1,High,56086.45
15605047,Cust5047,436,Spain,Male,50,3,0.0,1,1,0,143326.15,1,0.5703,1,Medium,0.0
15605048,Cust5048,735,France,Male,69,7,232317.61,2,1,0,28590.42,1,0.6922,1,High,160810.25
15605049,Cust5049,733,Spain,Female,82,10,60151.86,3,1,0,1341.41,1,0.5619,1,Medium,33799.33
15605050,Cust5050,772,France,Male,67,9,20345.06,4,0,1,1594.99,0,0.2304,0,Low,4687.5
15605051,Cust5051,651,France,Male,47,8,18923.26,4,1,1,179214.4,0,0.1513,0,Low,2863.09
15605052,Cust5052,704,Germany,Male,80,3,18248.41,1,1,1,169267.45,1,0.6057,1,High,11053.06
15605053,Cust5053,711,France,Female,87,5,87630.21,4,1,1,65205.35,0,0.4653,1,Medium,40774.34
15605054,Cust5054,734,Spain,Male,76,5,31553.66,1,1,1,129811.79,0,0.3137,0,Medium,9898.38
15605055,Cust5055,642,France,Male,82,9,101256.46,2,0,0,30003.22,1,0.806,1,Critical,81612.71
15605056,Cust5056,723,Germany,Female,37,0,188531.89,1,1,1,150820.07,0,0.2651,0,Low,49979.8
15605057,Cust5057,380,Germany,Female,49,0,74556.55,2,0,0,199678.65,0,0.224,0,Low,16700.67
15605058,Cust5058,659,Germany,Female,36,1,119854.55,2,1,1,188934.27,0,0.1433,0,Low,17175.16
15605059,Cust5059,451,France,Male,45,10,0.0,3,1,1,126790.12,0,0.1321,0,Low,0.0
15605060,Cust5060,553,France,Female,72,5,0.0,1,1,1,89402.5,1,0.5184,1,Medium,0.0
15605061,Cust5061,735,France,Male,68,7,0.0,1,0,0,73289.03,1,0.6408,1,High,0.0
15605062,Cust5062,407,France,Female,18,1,33806.44,3,0,0,55335.42,0,0.174,0,Low,5882.32
15605063,Cust5063,727,France,Female,73,0,0.0,1,1,1,17128.31,0,0.2977,0,Low,0.0
15605064,Cust5064,480,Spain,Male,32,7,192405.61,1,1,1,41918.57,0,0.2067,0,Low,39770.24
15605065,Cust5065,727,Germany,Male,31,7,163081.93,4,1,0,111733.56,0,0.2775,0,Low,45255.24
15605066,Cust5066,734,Germany,Male,58,4,0.0,1,1,0,54370.28,1,0.4064,1,Medium,0.0
15605067,Cust5067,357,France,Male,35,0,106373.08,1,1,0,145106.93,0,0.3498,0,Medium,37209.3
15605068,Cust5068,467,France,Female,89,5,0.0,2,0,1,153559.83,0,0.5134,1,Medium,0.0
15605069,Cust5069,753,Germany,Male,28,7,124996.67,2,1,1,95332.86,0,0.1017,0,Low,12712.16
15605070,Cust5070,521,France,Female,29,2,0.0,1,1,1,181111.64,0,0.1522,0,Low,0.0
15605071,Cust5071,570,France,Female,74,3,240948.17,2,1,1,163057.73,0,0.6386,1,High,153869.5
15605072,Cust5072,357,France,Male,39,8,0.0,4,0,1,15562.92,0,0.1771,0,Low,0.0
15605073,Cust5073,697,Germany,Male,70,2,94089.91,4,0,0,160500.48,0,0.4831,1,Medium,45454.84
15605074,Cust5074,396,Spain,Male,68,1,0.0,1,1,1,165958.43,1,0.6589,1,High,0.0
15605075,Cust5075,486,France,Female,31,6,174266.95,3,1,1,69327.06,0,0.17,0,Low,29625.38
15605076,Cust5076,588,France,Male,60,0,0.0,3,1,1,98603.02,0,0.307,0,Medium,0.0
15605077,Cust5077,735,France,Female,57,4,0.0,4,1,1,14032.06,0,0.1615,0,Low,0.0
15605078,Cust5078,599,France,Male,25,6,33503.4,4,1,0,53191.29,0,0.2236,0,Low,7491.36
15605079,Cust5079,842,Germany,Female,74,0,0.0,3,1,0,190293.19,1,0.7004,1,High,0.0
15605080,Cust5080,611,France,Male,81,7,190687.2,4,1,1,186610.17,1,0.6362,1,High,121315.2
15605081,Cust5081,477,Germany,Male,88,9,78475.69,2,1,1,136586.22,0,0.5096,1,Medium,39991.21
15605082,Cust5082,445,France,Male,24,10,158258.18,1,1,1,3671.32,0,0.2463,0,Low,38978.99
15605083,Cust5083,742,France,Female,31,2,0.0,2,1,1,4795.02,0,0.0871,0,Low,0.0
15605084,Cust5084,580,Spain,Male,79,3,36775.92,1,1,1,119014.85,1,0.5399,1,Medium,19855.32
15605085,Cust5085,653,France,Male,40,6,185346.89,1,1,1,46058.13,0,0.1668,0,Low,30915.86
15605086,Cust5086,535,Spain,Female,64,6,147328.06,1,1,1,130343.46,0,0.5245,1,Medium,77273.57
15605087,Cust5087,486,France,Female,43,6,206364.42,3,1,1,19186.18,1,0.4518,1,Medium,93235.44
15605088,Cust5088,650,Spain,Male,34,3,169738.53,4,1,1,197492.86,0,0.3442,0,Medium,58424.0
15605089,Cust5089,497,France,Male,64,0,204298.04,1,1,1,22947.0,0,0.4945,1,Medium,101025.38
15605090,Cust5090,850,France,Male,33,0,0.0,3,1,0,67347.95,0,0.1667,0,Low,0.0
15605091,Cust5091,716,Spain,Female,28,10,153645.92,4,0,1,19546.24,0,0.0875,0,Low,13444.02
15605092,Cust5092,760,France,Male,57,4,91844.65,2,0,0,76816.16,1,0.7268,1,High,66752.69
15605093,Cust5093,492,France,Female,32,4,186626.62,1,1,0,67292.2,0,0.3721,0,Medium,69443.77
15605094,Cust5094,364,Spain,Male,32,6,145021.51,3,1,1,129143.72,0,0.2787,0,Low,40417.49
15605095,Cust5095,373,Germany,Male,75,2,0.0,1,1,1,171854.7,0,0.5866,1,Medium,0.0
15605096,Cust5096,780,Germany,Male,57,4,0.0,1,1,1,162045.33,0,0.2505,0,Low,0.0
15605097,Cust5097,787,Germany,Male,58,4,0.0,2,0,0,146578.87,0,0.2779,0,Low,0.0
15605098,Cust5098,690,Spain,Female,28,1,65697.1,1,1,0,199563.81,0,0.2025,0,Low,13303.66
15605099,Cust5099,645,Spain,Male,29,6,163631.63,2,1,1,8730.23,0,0.109,0,Low,17835.85
15605100,Cust5100,454,Germany,Male,46,2,0.0,4,1,1,157911.93,0,0.2201,0,Low,0.0
15605101,Cust5101,729,France,Female,46,0,16291.89,1,1,1,26070.64,1,0.5458,1,Medium,8892.11
15605102,Cust5102,608,France,Male,51,6,0.0,3,1,1,121625.43,0,0.249,0,Low,0.0
15605103,Cust5103,652,Germany,Male,27,3,221900.22,4,0,1,162234.67,0,0.2618,0,Low,58093.48
15605104,Cust5104,362,Spain,Female,84,7,0.0,1,1,1,132281.86,1,0.7205,1,High,0.0
15605105,Cust5105,608,France,Female,44,5,0.0,2,0,1,22919.8,0,0.1576,0,Low,0.0
15605106,Cust5106,697,France,Female,78,0,156481.01,3,1,0,36779.14,0,0.5999,1,Medium,93872.96
15605107,Cust5107,735,France,Female,47,7,0.0,3,1,0,177401.74,0,0.4019,1,Medium,0.0
15605108,Cust5108,422,Germany,Male,52,0,198349.03,2,1,0,182138.92,0,0.5395,1,Medium,107009.3
15605109,Cust5109,366,Spain,Female,26,3,157263.22,3,1,1,149293.34,0,0.2463,0,Low,38733.93
15605110,Cust5110,778,France,Female,68,7,143961.25,3,0,1,58722.98,1,0.4583,1,Medium,65977.44
15605111,Cust5111,506,Germany,Male,22,4,0.0,1,1,1,50100.39,0,0.0861,0,Low,0.0
15605112,Cust5112,586,Spain,Female,73,4,0.0,4,1,1,14425.8,0,0.4741,1,Medium,0.0
15605113,Cust5113,664,Spain,Male,83,2,147772.08,2,1,0,93580.88,1,0.774,1,High,114375.59
15605114,Cust5114,596,France,Male,44,4,0.0,3,0,1,78929.44,0,0.1962,0,Low,0.0
15605115,Cust5115,822,Spain,Male,83,3,248962.37,3,0,1,49021.14,1,0.6497,1,High,161750.85
15605116,Cust5116,771,Germany,Female,69,10,19625.02,3,0,1,130046.15,0,0.284,0,Low,5573.51
15605117,Cust5117,547,Spain,Female,18,7,0.0,4,1,0,41424.28,0,0.2273,0,Low,0.0
15605118,Cust5118,445,France,Male,33,9,196832.36,4,0,1,17791.1,0,0.1323,0,Low,26040.92
15605119,Cust5119,838,Germany,Male,65,3,25291.31,3,0,1,86472.08,0,0.2986,0,Low,7551.99
15605120,Cust5120,704,Germany,Female,69,10,101269.07,3,1,0,145415.0,0,0.5974,1,Medium,60498.14
15605121,Cust5121,728,France,Male,24,3,231874.76,2,0,1,36797.92,0,0.1228,0,Low,28474.22
15605122,Cust5122,582,France,Male,68,3,196970.62,3,1,0,117572.44,0,0.6636,1,High,130709.7
15605123,Cust5123,592,Germany,Male,77,3,0.0,1,1,0,17492.01,1,0.5966,1,Medium,0.0
15605124,Cust5124,441,Germany,Female,24,6,62757.47,1,1,0,53742.94,1,0.4588,1,Medium,28793.13
15605125,Cust5125,565,France,Female,83,6,148067.56,3,1,1,166985.8,1,0.5565,1,Medium,82399.6
15605126,Cust5126,621,France,Male,57,0,121609.78,2,1,0,29375.98,1,0.568,1,Medium,69074.36
15605127,Cust5127,414,France,Female,63,6,29186.59,2,1,0,133240.18,1,0.6546,1,High,19105.54
15605128,Cust5128,668,Spain,Female,21,10,39661.84,4,0,1,2866.11,0,0.1045,0,Low,4144.66
15605129,Cust5129,658,Spain,Male,63,4,200724.08,2,1,1,109798.17,0,0.4358,1,Medium,87475.55
15605130,Cust5130,771,France,Female,51,7,86197.69,2,1,1,48491.25,0,0.1963,0,Low,16920.61
15605131,Cust5131,376,France,Male,45,6,0.0,3,1,1,44506.61,0,0.2109,0,Low,0.0
15605132,Cust5132,463,France,Male,75,10,47456.82,3,1,0,100858.86,1,0.7583,1,High,35986.51
15605133,Cust5133,564,France,Male,36,7,0.0,4,1,0,197541.28,0,0.2884,0,Low,0.0
15605134,Cust5134,790,Spain,Female,22,5,126277.18,2,0,0,46871.8,0,0.1271,0,Low,16049.83
15605135,Cust5135,469,Germany,Male,54,0,0.0,4,1,0,110361.64,1,0.4619,1,Medium,0.0
15605136,Cust5136,837,France,Male,73,8,152144.26,1,1,0,75828.3,0,0.559,1,Medium,85048.64
15605137,Cust5137,829,France,Female,27,3,0.0,3,1,1,138977.33,0,0.0896,0,Low,0.0
15605138,Cust5138,397,France,Female,90,10,214117.1,1,0,0,185925.53,1,0.8628,1,Critical,184740.23
15605139,Cust5139,531,Spain,Male,67,2,185845.84,4,1,0,84468.06,1,0.8091,1,Critical,150367.87
15605140,Cust5140,479,Germany,Male,87,4,71743.33,4,0,1,181734.43,1,0.6556,1,High,47034.93
15605141,Cust5141,595,Germany,Female,52,9,145037.94,2,0,1,183376.85,0,0.2334,0,Low,33851.86
15605142,Cust5142,813,France,Female,27,1,225542.23,4,0,1,174294.67,0,0.2542,0,Low,57332.83
15605143,Cust5143,538,Spain,Female,31,3,0.0,1,0,0,49595.63,0,0.2463,0,Low,0.0
15605144,Cust5144,682,France,Female,55,8,90835.4,2,1,1,140298.03,0,0.2412,0,Low,21909.5
15605145,Cust5145,418,Spain,Female,61,3,199736.78,2,1,1,67683.24,0,0.5225,1,Medium,104362.47
15605146,Cust5146,635,Spain,Male,72,10,296.51,3,1,1,37873.79,0,0.3111,0,Medium,92.24
15605147,Cust5147,526,France,Male,76,5,171593.31,3,1,0,92290.3,0,0.7977,1,High,136879.98
15605148,Cust5148,809,Spain,Female,74,9,53951.52,1,1,1,96268.18,1,0.5116,1,Medium,27601.6
15605149,Cust5149,740,France,Female,61,6,0.0,4,1,0,129280.61,1,0.5316,1,Medium,0.0
15605150,Cust5150,457,Germany,Male,19,0,109475.25,1,1,1,64237.47,0,0.1867,0,Low,20439.03
15605151,Cust5151,661,France,Male,57,8,5073.81,4,0,0,16034.26,0,0.3311,0,Medium,1679.94
15605152,Cust5152,521,France,Female,78,4,0.0,2,0,1,57931.39,1,0.4848,1,Medium,0.0
15605153,Cust5153,569,France,Male,80,4,136634.94,3,1,0,163710.13,1,0.8262,1,Critical,112887.79
15605154,Cust5154,581,France,Male,79,8,78400.31,2,1,0,172730.74,0,0.5683,1,Medium,44554.9
15605155,Cust5155,761,France,Female,18,3,175844.91,2,0,1,13930.39,0,0.0962,0,Low,16916.28
15605156,Cust5156,495,France,Male,50,4,0.0,2,1,1,40630.92,0,0.2466,0,Low,0.0
15605157,Cust5157,352,Germany,Male,63,6,8737.15,2,1,1,12010.09,0,0.406,1,Medium,3547.28
15605158,Cust5158,446,France,Male,36,6,162564.1,4,0,0,99966.78,0,0.4149,1,Medium,67447.85
15605159,Cust5159,764,France,Male,48,8,0.0,3,1,1,34626.43,0,0.1503,0,Low,0.0
15605160,Cust5160,498,Spain,Female,25,0,55494.86,2,1,0,155652.47,0,0.1448,0,Low,8035.66
15605161,Cust5161,379,Spain,Male,32,10,215731.52,3,1,0,164386.67,0,0.3397,0,Medium,73284.0
15605162,Cust5162,550,France,Male,18,6,155248.73,1,0,1,99512.38,0,0.1138,0,Low,17667.31
15605163,Cust5163,786,France,Male,90,6,19474.6,3,1,0,93081.35,0,0.5665,1,Medium,11032.36
15605164,Cust5164,787,Germany,Male,81,9,0.0,1,1,0,107274.53,0,0.3386,0,Medium,0.0
15605165,Cust5165,824,Germany,Female,47,5,110372.54,1,0,1,47985.63,0,0.1964,0,Low,21677.17
15605166,Cust5166,692,France,Male,18,0,0.0,3,0,0,138545.44,0,0.1842,0,Low,0.0
15605167,Cust5167,760,Germany,Female,42,1,0.0,2,1,1,135273.12,0,0.1181,0,Low,0.0
15605168,Cust5168,737,France,Male,50,10,0.0,1,1,0,28587.52,0,0.3448,0,Medium,0.0
15605169,Cust5169,359,France,Female,30,10,31574.3,1,1,0,61422.57,0,0.2088,0,Low,6592.71
15605170,Cust5170,559,Germany,Male,66,0,88109.91,3,1,1,95480.9,0,0.3195,0,Medium,28151.12
15605171,Cust5171,613,Germany,Male,91,7,120463.58,3,1,0,182292.55,0,0.5403,1,Medium,65086.47
15605172,Cust5172,582,Spain,Male,80,7,233031.82,1,0,1,32550.81,1,0.7897,1,High,184025.23
15605173,Cust5173,765,France,Male,81,1,0.0,1,1,1,14532.8,0,0.3788,0,Medium,0.0
15605174,Cust5174,842,France,Male,79,8,0.0,3,1,0,26628.4,0,0.4921,1,Medium,0.0
15605175,Cust5175,623,France,Male,23,5,134894.1,4,1,1,46895.59,0,0.1322,0,Low,17833.0
15605176,Cust5176,398,France,Male,58,2,23215.93,4,1,0,122069.55,0,0.3617,0,Medium,8397.2
15605177,Cust5177,530,France,Female,59,6,186451.88,4,1,1,6148.89,0,0.5086,1,Medium,94829.43
15605178,Cust5178,449,Germany,Female,25,9,0.0,1,1,1,6749.97,0,0.1125,0,Low,0.0
15605179,Cust5179,585,Germany,Female,28,2,22861.93,3,1,1,177864.31,0,0.1138,0,Low,2601.69
15605180,Cust5180,467,Germany,Male,59,6,63771.49,2,0,0,23847.2,1,0.7558,1,High,48198.49
15605181,Cust5181,390,France,Female,70,8,230640.93,1,1,1,65562.3,0,0.6287,1,High,145003.95
15605182,Cust5182,435,France,Female,33,6,0.0,1,0,1,72127.87,0,0.0926,0,Low,0.0
15605183,Cust5183,598,Germany,Female,53,7,0.0,2,1,0,158942.94,0,0.5564,1,Medium,0.0
15605184,Cust5184,420,France,Male,23,7,229727.61,2,1,1,182420.53,0,0.1985,0,Low,45600.93
15605185,Cust5185,363,Spain,Female,26,2,0.0,1,1,0,154293.23,0,0.2725,0,Low,0.0
15605186,Cust5186,490,France,Female,60,1,150910.7,4,1,0,100270.89,1,0.8405,1,Critical,126840.44
15605187,Cust5187,672,Germany,Male,59,10,31740.51,1,1,0,108267.03,1,0.7489,1,High,23770.47
15605188,Cust5188,666,Spain,Female,73,3,80030.71,4,1,0,87722.34,1,0.8446,1,Critical,67593.94
15605189,Cust5189,545,Germany,Female,85,10,0.0,2,0,0,196049.43,0,0.465,1,Medium,0.0
15605190,Cust5190,682,Germany,Female,32,2,160011.79,2,1,0,192207.59,0,0.3438,0,Medium,55012.05
15605191,Cust5191,445,Germany,Female,43,2,0.0,2,0,1,152190.2,0,0.1656,0,Low,0.0
15605192,Cust5192,711,France,Female,81,0,69310.25,3,1,0,176169.95,1,0.6789,1,High,47054.73
15605193,Cust5193,358,Germany,Female,21,4,0.0,4,1,0,110992.4,0,0.294,0,Low,0.0
15605194,Cust5194,417,Spain,Female,79,10,0.0,2,1,1,112581.91,1,0.4831,1,Medium,0.0
15605195,Cust5195,811,Spain,Male,87,9,211351.65,4,1,1,148949.43,0,0.5601,1,Medium,118378.06
15605196,Cust5196,584,France,Female,25,3,0.0,4,1,0,70188.41,0,0.2586,0,Low,0.0
15605197,Cust5197,628,France,Female,28,4,181434.52,4,1,1,132300.68,1,0.4914,1,Medium,89156.92
15605198,Cust5198,549,Spain,Female,68,7,248918.56,3,0,0,84580.05,0,0.6286,1,High,156470.21
15605199,Cust5199,674,Germany,Male,53,10,187433.22,1,1,1,184365.75,1,0.7829,1,High,146741.47
15605200,Cust5200,724,France,Male,91,6,110392.78,2,1,1,71162.81,0,0.3997,1,Medium,44123.99
15605201,Cust5201,740,France,Female,58,2,0.0,3,1,1,127239.84,0,0.2126,0,Low,0.0
15605202,Cust5202,474,France,Female,66,3,215171.62,4,0,1,3936.71,1,0.7409,1,High,159420.65
15605203,Cust5203,663,France,Female,35,7,0.0,1,1,1,116394.07,0,0.0923,0,Low,0.0
15605204,Cust5204,742,France,Male,42,0,3189.38,3,1,0,155115.57,0,0.1479,0,Low,471.71
15605205,Cust5205,556,France,Female,31,6,32873.38,3,1,0,166601.42,0,0.2293,0,Low,7537.87
15605206,Cust5206,541,France,Female,28,8,26785.65,1,1,1,175494.73,0,0.1078,0,Low,2887.49
15605207,Cust5207,664,Spain,Male,26,3,0.0,3,1,1,101024.5,0,0.0972,0,Low,0.0
15605208,Cust5208,637,France,Male,84,5,178630.75,2,1,1,117315.38,1,0.6482,1,High,115788.45
15605209,Cust5209,476,France,Male,23,7,66843.36,2,1,0,63620.78,0,0.2185,0,Low,14605.27
15605210,Cust5210,829,France,Female,56,6,180489.15,3,1,1,190705.7,0,0.3645,0,Medium,65788.3
15605211,Cust5211,631,France,Female,55,0,166524.61,1,1,0,126464.52,1,0.5377,1,Medium,89540.28
15605212,Cust5212,632,Spain,Female,22,6,0.0,4,1,0,51236.99,0,0.2038,0,Low,0.0
15605213,Cust5213,452,Spain,Female,80,2,14928.56,1,0,1,178377.02,0,0.411,1,Medium,6135.64
15605214,Cust5214,688,France,Male,55,8,76326.56,3,0,0,127425.45,1,0.6069,1,High,46322.59
15605215,Cust5215,809,France,Female,27,2,0.0,2,1,1,136906.84,0,0.0748,0,Low,0.0
15605216,Cust5216,713,France,Male,27,10,227505.06,3,1,0,25293.5,1,0.63,1,High,143328.19
15605217,Cust5217,605,France,Male,69,1,77158.4,1,0,1,4178.64,0,0.3503,0,Medium,27028.59
15605218,Cust5218,668,France,Male,63,9,23737.39,4,1,0,117501.4,0,0.4318,1,Medium,10249.81
15605219,Cust5219,467,France,Female,48,0,0.0,1,0,0,33651.4,0,0.2887,0,Low,0.0
15605220,Cust5220,380,France,Female,47,7,0.0,2,1,1,137678.21,0,0.1613,0,Low,0.0
15605221,Cust5221,670,Germany,Female,20,3,0.0,4,1,1,120780.9,0,0.0819,0,Low,0.0
15605222,Cust5222,441,France,Female,20,2,248731.32,2,0,1,65240.28,0,0.2864,0,Low,71236.65
15605223,Cust5223,395,France,Male,57,2,72152.3,1,1,0,87205.62,1,0.7385,1,High,53284.47
15605224,Cust5224,738,France,Female,44,0,11631.3,1,1,1,165866.94,1,0.2095,0,Low,2436.76
15605225,Cust5225,567,France,Male,36,1,194845.59,1,0,0,135987.27,1,0.5236,1,Medium,102021.15
15605226,Cust5226,777,France,Female,46,4,0.0,1,0,1,62008.28,0,0.1797,0,Low,0.0
15605227,Cust5227,783,France,Female,62,1,82664.76,4,1,1,100332.89,0,0.2904,0,Low,24005.85
15605228,Cust5228,411,France,Female,39,10,0.0,4,1,0,90841.54,0,0.4778,1,Medium,0.0
15605229,Cust5229,734,France,Male,43,9,0.0,4,1,0,9668.33,0,0.345,0,Medium,0.0
15605230,Cust5230,517,Spain,Female,38,5,100087.41,3,0,0,71702.41,0,0.3159,0,Medium,31617.61
15605231,Cust5231,702,Spain,Female,67,1,237639.43,2,0,1,24409.89,0,0.319,0,Medium,75806.98
15605232,Cust5232,372,France,Male,22,10,66322.79,4,1,1,34108.78,0,0.169,0,Low,11208.55
15605233,Cust5233,585,France,Female,85,7,0.0,4,1,1,67453.76,1,0.5681,1,Medium,0.0
15605234,Cust5234,664,Germany,Female,59,2,57718.82,3,1,1,199132.67,0,0.273,0,Low,15757.24
15605235,Cust5235,573,Germany,Male,36,0,11031.49,1,1,1,118989.14,0,0.1181,0,Low,1302.82
15605236,Cust5236,626,France,Male,74,6,101936.84,4,1,1,61952.74,0,0.5131,1,Medium,52303.79
15605237,Cust5237,355,France,Male,87,0,207766.64,3,0,1,32878.52,0,0.5316,1,Medium,110448.75
15605238,Cust5238,353,France,Female,22,6,243794.89,3,1,0,76299.78,0,0.251,0,Low,61192.52
15605239,Cust5239,650,Germany,Female,33,4,0.0,4,0,1,55052.02,1,0.3226,0,Medium,0.0
15605240,Cust5240,558,France,Female,28,9,231528.73,2,1,1,174666.76,0,0.2224,0,Low,51491.99
15605241,Cust5241,639,France,Female,23,4,0.0,2,1,1,105313.82,0,0.064,0,Low,0.0
15605242,Cust5242,530,France,Female,72,4,75677.37,2,1,1,186946.19,0,0.3311,0,Medium,25056.78
15605243,Cust5243,352,France,Female,32,6,38556.31,1,1,1,65071.18,0,0.2004,0,Low,7726.68
15605244,Cust5244,700,France,Male,46,10,125220.17,3,1,1,25750.81,0,0.182,0,Low,22790.07
15605245,Cust5245,418,Germany,Female,78,7,81734.51,3,1,0,170538.42,0,0.5733,1,Medium,46858.39
15605246,Cust5246,743,Germany,Male,63,7,26884.42,2,0,0,127865.79,0,0.4042,1,Medium,10866.68
15605247,Cust5247,356,France,Female,68,3,232978.76,3,1,1,138280.9,1,0.6547,1,High,152531.19
15605248,Cust5248,815,France,Male,25,5,0.0,2,0,1,30952.63,0,0.0475,0,Low,0.0
15605249,Cust5249,476,Spain,Female,89,2,0.0,4,1,1,62781.0,0,0.532,1,Medium,0.0
15605250,Cust5250,797,France,Female,24,4,0.0,3,1,0,11639.3,0,0.1477,0,Low,0.0
15605251,Cust5251,351,France,Female,70,9,0.0,2,1,1,54618.18,0,0.5615,1,Medium,0.0
15605252,Cust5252,575,France,Male,65,1,168700.63,3,1,1,134586.42,0,0.4746,1,Medium,80065.32
15605253,Cust5253,559,Spain,Female,48,1,58633.62,2,1,0,161539.19,0,0.2407,0,Low,14113.11
15605254,Cust5254,432,Spain,Female,80,6,18912.41,3,1,1,187154.53,0,0.4073,1,Medium,7703.02
15605255,Cust5255,588,Spain,Male,84,8,0.0,3,0,1,69222.39,0,0.4068,1,Medium,0.0
15605256,Cust5256,457,Germany,Female,23,10,0.0,1,1,0,51988.26,0,0.1208,0,Low,0.0
15605257,Cust5257,568,France,Male,88,6,77995.62,1,0,0,170140.53,1,0.7223,1,High,56336.24
15605258,Cust5258,537,France,Male,35,7,0.0,1,1,1,71902.18,0,0.1212,0,Low,0.0
15605259,Cust5259,449,France,Female,76,3,11401.44,1,1,1,82064.69,0,0.5007,1,Medium,5708.7
15605260,Cust5260,745,Germany,Female,78,4,73947.15,3,0,1,43514.84,0,0.4988,1,Medium,36884.84
15605261,Cust5261,612,Germany,Male,59,3,220650.62,1,0,1,10594.88,0,0.2915,0,Low,64319.66
15605262,Cust5262,770,France,Female,81,1,0.0,4,1,0,38510.17,1,0.5745,1,Medium,0.0
15605263,Cust5263,757,Spain,Female,79,4,0.0,2,0,1,36850.03,0,0.3873,1,Medium,0.0
15605264,Cust5264,481,France,Female,56,2,169206.56,2,1,1,148410.17,0,0.3374,0,Medium,57090.29
15605265,Cust5265,495,France,Female,31,6,200720.56,2,0,1,127870.27,0,0.1775,0,Low,35627.9
15605266,Cust5266,826,France,Female,50,8,20287.29,3,1,1,13118.56,0,0.1836,0,Low,3724.75
15605267,Cust5267,506,Spain,Male,84,10,0.0,3,1,1,3363.85,0,0.485,1,Medium,0.0
15605268,Cust5268,397,Spain,Male,33,9,156822.54,3,1,1,94617.13,0,0.1906,0,Low,29890.38
15605269,Cust5269,621,France,Male,91,3,49345.34,1,1,0,113450.12,1,0.769,1,High,37946.57
15605270,Cust5270,834,Spain,Female,31,10,0.0,4,1,0,134262.29,0,0.1681,0,Low,0.0
15605271,Cust5271,467,Spain,Female,67,10,211091.72,2,0,1,60557.53,0,0.4333,1,Medium,91466.04
15605272,Cust5272,669,Spain,Female,65,5,110017.46,4,1,0,112403.14,0,0.5971,1,Medium,65691.43
15605273,Cust5273,519,Spain,Male,32,2,0.0,3,1,1,121070.18,0,0.1536,0,Low,0.0
15605274,Cust5274,542,France,Female,52,8,0.0,1,1,1,6150.54,0,0.1904,0,Low,0.0
15605275,Cust5275,576,Spain,Female,28,1,94228.24,3,1,1,198172.49,0,0.1346,0,Low,12683.12
15605276,Cust5276,421,Germany,Female,44,3,20050.33,4,0,1,189012.0,1,0.2221,0,Low,4453.18
15605277,Cust5277,543,Germany,Female,88,5,71777.81,4,1,0,75223.42,1,0.8959,1,Critical,64305.74
15605278,Cust5278,486,France,Male,22,9,81707.78,3,1,1,118704.31,0,0.1457,0,Low,11904.82
15605279,Cust5279,759,Germany,Male,82,10,143726.25,4,1,0,75909.4,0,0.713,1,High,102476.82
15605280,Cust5280,464,Spain,Female,68,8,0.0,3,1,1,167790.86,1,0.4489,1,Medium,0.0
15605281,Cust5281,775,France,Female,73,5,0.0,1,1,0,18103.79,0,0.4297,1,Medium,0.0
15605282,Cust5282,358,Spain,Female,38,0,158833.85,1,0,1,34929.79,0,0.3108,0,Medium,49365.56
15605283,Cust5283,551,France,Female,88,8,182199.8,4,1,1,145356.53,0,0.6595,1,High,120160.77
15605284,Cust5284,484,France,Female,36,9,126825.74,3,0,1,49024.93,0,0.1372,0,Low,17400.49
15605285,Cust5285,574,France,Male,55,5,0.0,4,0,1,197333.09,0,0.1869,0,Low,0.0
15605286,Cust5286,736,Spain,Female,20,6,25806.2,4,0,0,167058.81,0,0.244,0,Low,6296.71
15605287,Cust5287,829,Germany,Male,83,9,0.0,2,1,1,165888.86,0,0.4235,1,Medium,0.0
15605288,Cust5288,714,France,Male,70,1,47341.34,1,1,1,33554.87,0,0.3136,0,Medium,14846.24
15605289,Cust5289,602,Germany,Male,30,8,0.0,4,0,1,39964.94,0,0.1524,0,Low,0.0
15605290,Cust5290,606,France,Female,66,5,171878.43,4,1,1,162295.55,1,0.6294,1,High,108180.28
15605291,Cust5291,847,France,Female,31,7,197958.9,3,1,0,84704.94,0,0.1406,0,Low,27833.02
15605292,Cust5292,846,Spain,Female,50,2,227754.73,1,1,1,148999.35,1,0.6537,1,High,148883.27
15605293,Cust5293,732,Germany,Male,55,6,0.0,4,1,1,125088.73,0,0.1653,0,Low,0.0
15605294,Cust5294,432,Spain,Female,86,2,0.0,4,1,0,174049.57,1,0.7672,1,High,0.0
15605295,Cust5295,482,Germany,Male,42,5,25972.63,3,0,1,159466.59,0,0.198,0,Low,5142.58
15605296,Cust5296,486,Spain,Male,18,5,206633.56,3,1,0,133937.38,0,0.2415,0,Low,49902.0
15605297,Cust5297,464,France,Male,50,10,0.0,4,1,1,127009.31,0,0.2331,0,Low,0.0
15605298,Cust5298,834,France,Female,86,7,0.0,4,1,0,159628.26,1,0.7675,1,High,0.0
15605299,Cust5299,429,France,Male,77,6,217299.08,1,0,0,99167.94,0,0.8005,1,Critical,173947.91
15605300,Cust5300,777,Germany,Male,22,4,190567.65,2,0,0,104426.64,0,0.133,0,Low,25345.5
15605301,Cust5301,753,Germany,Male,21,3,0.0,3,0,1,188198.02,0,0.0648,0,Low,0.0
15605302,Cust5302,614,Germany,Female,74,7,0.0,1,0,1,158771.08,1,0.6516,1,High,0.0
15605303,Cust5303,503,France,Female,71,9,115481.34,1,1,0,176273.63,1,0.6502,1,High,75085.97
15605304,Cust5304,483,France,Male,59,6,8696.46,3,0,0,134776.07,1,0.4193,1,Medium,3646.43
15605305,Cust5305,688,Germany,Male,24,7,177350.89,4,0,1,75058.5,0,0.1125,0,Low,19951.98
15605306,Cust5306,686,Spain,Male,38,3,28969.82,4,1,1,185016.9,0,0.1421,0,Low,4116.61
15605307,Cust5307,620,France,Female,80,6,64572.06,1,1,0,50397.12,1,0.794,1,High,51270.22
15605308,Cust5308,634,France,Male,28,6,61262.4,1,1,1,63538.46,0,0.1686,0,Low,10328.84
15605309,Cust5309,763,France,Male,32,7,196987.16,2,0,1,45327.18,0,0.1275,0,Low,25115.86
15605310,Cust5310,727,France,Male,51,3,0.0,4,1,1,142896.08,0,0.174,0,Low,0.0
15605311,Cust5311,726,France,Male,72,3,133635.24,4,1,0,117359.64,1,0.718,1,High,95950.1
15605312,Cust5312,490,France,Male,79,3,0.0,4,1,0,114801.56,1,0.6334,1,High,0.0
15605313,Cust5313,381,Germany,Male,61,4,83525.53,2,0,1,140301.29,0,0.3491,0,Medium,29158.76
15605314,Cust5314,579,France,Male,54,3,127974.74,1,1,1,165651.06,0,0.3581,0,Medium,45827.75
15605315,Cust5315,519,France,Female,46,2,48550.97,3,1,1,52206.83,0,0.3044,0,Medium,14778.92
15605316,Cust5316,517,France,Male,21,5,172453.13,4,0,0,152560.1,1,0.6299,1,High,108628.23
15605317,Cust5317,610,Spain,Female,37,9,112316.84,2,1,0,104255.6,0,0.3317,0,Medium,37255.5
15605318,Cust5318,813,France,Male,33,0,245912.6,1,0,1,178234.26,0,0.2575,0,Low,63322.49
15605319,Cust5319,752,France,Male,22,7,61632.6,3,0,0,7985.8,0,0.1464,0,Low,9023.01
15605320,Cust5320,688,France,Male,73,8,99014.9,1,1,0,46892.65,1,0.6713,1,High,66468.7
15605321,Cust5321,707,Germany,Female,44,9,0.0,4,1,0,35962.09,0,0.4539,1,Medium,0.0
15605322,Cust5322,557,Spain,Female,55,9,221499.35,2,1,0,11194.09,1,0.5259,1,Medium,116486.51
15605323,Cust5323,625,France,Male,32,3,0.0,4,1,1,133695.67,0,0.2029,0,Low,0.0
15605324,Cust5324,567,France,Female,61,1,30898.39,3,0,1,158068.87,0,0.3171,0,Medium,9797.88
15605325,Cust5325,754,France,Female,28,10,102195.34,2,0,1,105195.88,0,0.0918,0,Low,9381.53
15605326,Cust5326,846,Germany,Male,68,7,0.0,2,0,1,166766.3,0,0.3849,1,Medium,0.0
15605327,Cust5327,567,Spain,Female,72,3,63557.28,3,1,0,127685.4,0,0.6292,1,High,39990.24
15605328,Cust5328,711,France,Male,41,9,47783.22,1,0,0,129076.8,0,0.2178,0,Low,10407.19
15605329,Cust5329,377,France,Male,33,3,132859.42,2,1,1,46572.26,0,0.2383,0,Low,31660.4
15605330,Cust5330,551,Spain,Female,75,8,0.0,4,1,0,193108.49,0,0.5374,1,Medium,0.0
15605331,Cust5331,786,Germany,Male,34,10,218633.68,4,1,0,98826.82,0,0.236,0,Low,51597.55
15605332,Cust5332,693,France,Male,31,8,0.0,1,1,0,192598.29,0,0.1541,0,Low,0.0
15605333,Cust5333,613,France,Male,43,7,246850.17,3,1,0,80628.85,1,0.6501,1,High,160477.3
15605334,Cust5334,457,France,Female,89,2,134485.75,4,1,0,90141.12,1,0.8793,1,Critical,118253.32
15605335,Cust5335,755,Spain,Female,52,10,0.0,2,1,1,141568.61,0,0.0884,0,Low,0.0
15605336,Cust5336,836,Germany,Male,37,4,0.0,1,1,0,160647.44,0,0.1699,0,Low,0.0
15605337,Cust5337,546,Germany,Male,56,6,0.0,2,1,1,46847.97,0,0.2629,0,Low,0.0
15605338,Cust5338,755,Spain,Male,43,6,56859.38,4,0,0,198861.03,0,0.269,0,Low,15295.17
15605339,Cust5339,644,France,Female,67,2,0.0,1,1,0,7823.63,1,0.5275,1,Medium,0.0
15605340,Cust5340,549,France,Female,50,6,182271.32,2,1,1,10048.66,0,0.3596,0,Medium,65544.77
15605341,Cust5341,515,France,Male,61,4,42164.62,4,0,0,22939.81,0,0.5453,1,Medium,22992.37
15605342,Cust5342,601,Spain,Female,50,3,178644.92,3,1,1,112799.76,0,0.339,0,Medium,60560.63
15605343,Cust5343,555,Germany,Female,53,9,214874.62,2,1,1,127346.05,0,0.341,0,Medium,73272.25
15605344,Cust5344,659,France,Male,51,7,102928.61,3,1,1,179944.89,0,0.1713,0,Low,17631.67
15605345,Cust5345,423,France,Male,47,5,0.0,1,1,0,89820.04,0,0.3253,0,Medium,0.0
15605346,Cust5346,589,Germany,Male,89,0,223798.95,3,0,0,156794.75,1,0.8925,1,Critical,199740.56
15605347,Cust5347,721,Germany,Female,37,7,188281.4,2,1,1,122643.7,0,0.1413,0,Low,26604.16
15605348,Cust5348,773,Germany,Female,77,8,0.0,4,1,0,82823.73,1,0.7146,1,High,0.0
15605349,Cust5349,490,France,Male,70,1,0.0,3,1,0,114732.72,0,0.4016,1,Medium,0.0
15605350,Cust5350,650,Spain,Male,57,8,133909.4,1,1,1,42956.54,0,0.3233,0,Medium,43292.91
15605351,Cust5351,501,Spain,Male,41,4,0.0,3,0,0,152703.04,0,0.2683,0,Low,0.0
15605352,Cust5352,745,Germany,Male,53,8,0.0,3,1,1,108378.13,0,0.1776,0,Low,0.0
15605353,Cust5353,527,Germany,Male,80,9,238207.69,2,1,1,164744.17,1,0.7744,1,High,184468.04
15605354,Cust5354,687,Spain,Male,31,7,113291.77,3,1,1,73409.23,0,0.0778,0,Low,8814.1
15605355,Cust5355,566,Spain,Female,61,10,65417.46,2,1,0,38206.78,0,0.4483,1,Medium,29326.65
15605356,Cust5356,483,Germany,Female,74,0,36644.67,3,0,1,96861.06,0,0.4266,1,Medium,15632.62
15605357,Cust5357,638,France,Male,64,3,0.0,1,0,1,98324.24,0,0.3228,0,Medium,0.0
15605358,Cust5358,662,France,Female,28,0,57448.3,2,1,1,63789.55,0,0.1053,0,Low,6049.31
15605359,Cust5359,692,Spain,Female,55,1,48405.02,3,1,1,120883.2,0,0.2376,0,Low,11501.03
15605360,Cust5360,746,Germany,Female,31,4,137784.32,1,1,1,59940.89,0,0.1718,0,Low,23671.35
15605361,Cust5361,688,France,Female,86,0,115427.76,4,1,0,118545.1,1,0.8549,1,Critical,98679.19
15605362,Cust5362,776,France,Female,44,4,96416.22,1,1,0,106497.76,0,0.3026,0,Medium,29175.55
15605363,Cust5363,562,Spain,Male,49,1,144662.92,4,1,0,4334.65,0,0.524,1,Medium,75803.37
15605364,Cust5364,604,Spain,Female,81,1,142351.47,3,0,0,133378.62,0,0.7258,1,High,103318.7
15605365,Cust5365,591,Spain,Male,49,9,0.0,3,0,0,81979.07,1,0.6674,1,High,0.0
15605366,Cust5366,639,France,Female,32,8,0.0,2,1,0,160456.45,0,0.146,0,Low,0.0
15605367,Cust5367,420,Spain,Male,84,5,180246.65,2,1,0,145114.95,1,0.8338,1,Critical,150289.66
15605368,Cust5368,777,Spain,Male,65,6,0.0,3,1,0,158134.81,0,0.3033,0,Medium,0.0
15605369,Cust5369,611,France,Male,62,3,0.0,2,1,1,52671.16,0,0.3119,0,Medium,0.0
15605370,Cust5370,627,France,Male,23,5,0.0,3,1,0,149350.46,0,0.2093,0,Low,0.0
15605371,Cust5371,789,Spain,Male,51,8,124091.07,4,1,1,131703.4,0,0.2468,0,Low,30625.68
15605372,Cust5372,582,France,Female,51,5,168482.32,3,1,1,184008.9,0,0.2605,0,Low,43889.64
15605373,Cust5373,580,Germany,Female,37,8,0.0,3,1,1,130365.05,0,0.1296,0,Low,0.0
15605374,Cust5374,633,Germany,Male,59,5,9768.28,3,0,0,22492.99,1,0.4089,1,Medium,3994.25
15605375,Cust5375,819,Germany,Male,36,3,128416.55,1,0,0,107783.18,1,0.5929,1,Medium,76138.17
15605376,Cust5376,476,France,Male,52,9,241606.79,1,1,1,128026.81,1,0.6228,1,High,150472.71
15605377,Cust5377,428,Germany,Male,77,9,0.0,1,0,1,184059.07,1,0.5555,1,Medium,0.0
15605378,Cust5378,404,France,Female,72,2,29044.72,2,1,0,56327.86,0,0.5644,1,Medium,16392.84
15605379,Cust5379,719,Spain,Female,38,5,5314.6,2,1,1,72239.16,0,0.0973,0,Low,517.11
15605380,Cust5380,355,France,Male,33,8,103066.2,1,1,1,164692.69,0,0.1823,0,Low,18788.97
15605381,Cust5381,704,Germany,Male,18,2,46324.2,3,1,1,121960.09,0,0.1161,0,Low,5378.24
15605382,Cust5382,793,Spain,Female,43,8,0.0,4,0,1,89129.11,0,0.0906,0,Low,0.0
15605383,Cust5383,691,France,Female,19,9,238064.37,4,1,1,144439.14,0,0.144,0,Low,34281.27
15605384,Cust5384,435,France,Male,27,2,0.0,3,1,0,5992.4,0,0.197,0,Low,0.0
15605385,Cust5385,682,Spain,Female,90,1,93632.38,1,1,0,77269.0,1,0.8203,1,Critical,76806.64
15605386,Cust5386,571,France,Male,81,10,113689.27,3,1,0,82989.46,1,0.8139,1,Critical,92531.7
15605387,Cust5387,361,France,Male,59,10,0.0,4,1,0,17013.12,0,0.5538,1,Medium,0.0
15605388,Cust5388,449,France,Female,75,9,32263.11,4,1,1,192970.09,0,0.4445,1,Medium,14340.95
15605389,Cust5389,721,Spain,Female,54,6,139759.7,4,1,0,195693.33,1,0.7096,1,High,99173.48
15605390,Cust5390,631,Germany,Male,62,0,46551.31,1,1,1,119729.76,0,0.3351,0,Medium,15599.34
15605391,Cust5391,600,France,Female,85,10,14852.05,2,1,1,66833.12,0,0.359,0,Medium,5331.89
15605392,Cust5392,738,Spain,Male,23,2,212358.33,3,0,0,129923.27,0,0.2487,0,Low,52813.52
15605393,Cust5393,612,France,Female,44,1,199629.0,1,1,0,185408.41,1,0.7233,1,High,144391.66
15605394,Cust5394,835,France,Male,26,7,0.0,2,1,1,174733.98,0,0.0651,0,Low,0.0
15605395,Cust5395,375,France,Female,76,4,81851.44,1,0,1,64578.04,0,0.5485,1,Medium,44895.51
15605396,Cust5396,493,France,Female,78,9,217680.14,1,1,1,142317.25,1,0.7499,1,High,163238.34
15605397,Cust5397,444,France,Female,71,9,0.0,3,1,1,30801.83,0,0.4146,1,Medium,0.0
15605398,Cust5398,557,Germany,Female,63,8,18194.86,3,1,0,134598.12,1,0.6207,1,High,11293.55
15605399,Cust5399,806,France,Female,53,9,114460.28,1,0,1,47281.49,0,0.2155,0,Low,24666.19
15605400,Cust5400,555,Germany,Male,19,6,138446.54,3,0,0,162175.74,0,0.2269,0,Low,31413.52
15605401,Cust5401,508,France,Female,75,9,108023.13,4,1,1,139475.35,1,0.5264,1,Medium,56863.38
15605402,Cust5402,392,France,Male,84,10,196358.97,1,0,0,2250.66,0,0.4612,1,Medium,90560.76
15605403,Cust5403,547,France,Female,89,3,87956.94,4,1,1,112323.21,1,0.6205,1,High,54577.28
15605404,Cust5404,464,Germany,Male,43,4,230265.25,3,1,1,90522.99,0,0.3434,0,Medium,79073.09
15605405,Cust5405,444,Germany,Female,32,6,18540.84,4,0,0,187727.31,0,0.3071,0,Medium,5693.89
15605406,Cust5406,417,France,Male,66,9,180101.83,4,1,0,109686.8,0,0.7507,1,High,135202.44
15605407,Cust5407,666,France,Female,19,4,232244.49,3,1,1,22400.18,0,0.1031,0,Low,23944.41
15605408,Cust5408,705,France,Male,22,2,138290.55,2,1,0,158698.54,0,0.2698,0,Low,37310.79
15605409,Cust5409,721,Spain,Male,78,3,219669.57,1,1,0,175591.33,0,0.6619,1,High,145399.29
15605410,Cust5410,376,France,Male,88,8,0.0,4,1,0,110888.21,1,0.7845,1,High,0.0
15605411,Cust5411,811,Spain,Female,47,5,3632.33,3,1,0,175093.64,0,0.2072,0,Low,752.62
15605412,Cust5412,604,France,Male,55,2,0.0,2,1,0,62220.92,0,0.3435,0,Medium,0.0
15605413,Cust5413,631,France,Male,58,7,164140.41,3,0,1,58417.88,0,0.3488,0,Medium,57252.18
15605414,Cust5414,789,Germany,Male,28,7,6.87,3,1,1,177051.86,0,0.0668,0,Low,0.46
15605415,Cust5415,488,France,Male,34,5,102290.18,1,0,0,83498.79,0,0.3193,0,Medium,32661.25
15605416,Cust5416,602,France,Female,40,6,9699.85,2,1,0,198838.81,0,0.3011,0,Medium,2920.62
15605417,Cust5417,385,Spain,Male,80,2,0.0,2,1,0,187081.18,1,0.7013,1,High,0.0
15605418,Cust5418,596,France,Male,50,2,0.0,3,1,0,107349.84,0,0.3529,0,Medium,0.0
15605419,Cust5419,483,France,Male,71,8,235071.05,2,1,1,156884.38,0,0.6297,1,High,148024.24
15605420,Cust5420,441,France,Male,32,7,171214.82,2,1,1,159946.85,0,0.2355,0,Low,40321.09
15605421,Cust5421,659,France,Female,88,10,91713.02,3,0,0,71255.47,0,0.6774,1,High,62126.4
15605422,Cust5422,415,Spain,Male,83,10,99112.98,4,1,1,92299.67,0,0.5709,1,Medium,56583.6
15605423,Cust5423,838,France,Male,53,3,9553.67,1,1,0,180625.76,0,0.2044,0,Low,1952.77
15605424,Cust5424,466,Spain,Female,34,5,0.0,1,0,1,101629.28,0,0.1015,0,Low,0.0
15605425,Cust5425,389,Germany,Female,90,9,196096.13,3,1,0,60196.59,0,0.7618,1,High,149386.03
15605426,Cust5426,573,Spain,Male,77,0,0.0,4,1,1,25585.7,0,0.4264,1,Medium,0.0
15605427,Cust5427,544,Spain,Female,55,9,0.0,4,1,0,85303.18,0,0.4266,1,Medium,0.0
15605428,Cust5428,679,Spain,Female,37,1,0.0,2,1,0,89967.71,0,0.159,0,Low,0.0
15605429,Cust5429,684,Germany,Male,63,2,229750.12,2,1,0,98710.49,0,0.557,1,Medium,127970.82
15605430,Cust5430,646,France,Female,45,5,0.0,4,1,0,150803.59,1,0.4326,1,Medium,0.0
15605431,Cust5431,637,France,Male,67,7,95725.7,1,0,1,195550.86,0,0.2836,0,Low,27147.81
15605432,Cust5432,739,Germany,Male,79,3,82677.46,2,1,1,77883.01,1,0.5962,1,Medium,49292.3
15605433,Cust5433,676,France,Female,54,10,82183.53,2,1,1,161989.79,0,0.1929,0,Low,15853.2
15605434,Cust5434,419,Germany,Female,21,8,149830.99,2,0,0,125993.4,0,0.2497,0,Low,37412.8
15605435,Cust5435,582,France,Female,59,8,0.0,2,1,0,169965.09,1,0.5274,1,Medium,0.0
15605436,Cust5436,694,Spain,Male,81,8,149640.53,4,1,0,85132.71,0,0.6018,1,High,90053.67
15605437,Cust5437,483,France,Male,34,0,0.0,4,1,1,92951.02,1,0.4885,1,Medium,0.0
15605438,Cust5438,782,Spain,Female,88,9,242384.37,2,1,0,60392.06,1,0.8804,1,Critical,213395.2
15605439,Cust5439,591,France,Male,44,6,0.0,2,1,1,140062.04,0,0.1439,0,Low,0.0
15605440,Cust5440,510,France,Female,68,2,220682.17,4,0,1,55977.99,0,0.4916,1,Medium,108487.35
15605441,Cust5441,541,Spain,Male,69,8,39917.33,1,1,0,81863.18,1,0.731,1,High,29179.57
15605442,Cust5442,660,Spain,Male,31,1,233027.02,3,1,1,103164.06,0,0.158,0,Low,36818.27
15605443,Cust5443,705,Germany,Male,20,6,180420.17,1,1,1,164230.78,0,0.1788,0,Low,32259.13
15605444,Cust5444,478,Spain,Female,88,6,0.0,3,1,0,129735.41,1,0.7269,1,High,0.0
15605445,Cust5445,435,France,Male,69,0,0.0,1,1,1,107377.49,0,0.436,1,Medium,0.0
15605446,Cust5446,395,Spain,Female,64,4,63296.44,1,0,1,15419.84,0,0.3526,0,Medium,22318.32
15605447,Cust5447,598,France,Female,40,1,209685.34,3,0,0,13700.26,1,0.3674,0,Medium,77038.39
15605448,Cust5448,814,Germany,Male,25,10,0.0,3,1,0,71589.21,0,0.1867,0,Low,0.0
15605449,Cust5449,830,France,Male,38,8,169569.18,2,1,1,4856.26,0,0.1984,0,Low,33642.53
15605450,Cust5450,630,France,Female,58,10,0.0,1,1,0,45019.59,0,0.3501,0,Medium,0.0
15605451,Cust5451,616,Germany,Male,69,5,0.0,4,1,1,190176.49,0,0.3631,0,Medium,0.0
15605452,Cust5452,602,Germany,Male,41,3,95588.07,4,1,1,43296.5,1,0.5582,1,Medium,53357.26
15605453,Cust5453,468,France,Female,33,10,0.0,3,1,1,159884.14,0,0.0886,0,Low,0.0
15605454,Cust5454,558,Spain,Male,36,3,73049.99,3,1,1,131799.23,0,0.1739,0,Low,12703.39
15605455,Cust5455,818,Germany,Female,89,4,0.0,3,1,1,25106.59,0,0.44,1,Medium,0.0
15605456,Cust5456,658,France,Male,64,1,106183.27,4,0,0,40815.39,0,0.6443,1,High,68413.88
15605457,Cust5457,472,Germany,Male,91,9,0.0,1,1,1,6008.14,0,0.4527,1,Medium,0.0
15605458,Cust5458,393,France,Female,18,1,0.0,3,0,0,6052.94,0,0.175,0,Low,0.0
15605459,Cust5459,726,France,Female,51,0,199890.86,1,1,1,177476.48,0,0.4121,1,Medium,82375.02
15605460,Cust5460,802,Germany,Male,51,9,153717.64,2,1,0,195933.38,1,0.6872,1,High,105634.76
15605461,Cust5461,404,France,Female,47,9,34169.68,2,1,1,185783.84,0,0.171,0,Low,5843.02
15605462,Cust5462,538,France,Female,46,9,30991.81,4,0,1,70979.66,0,0.2252,0,Low,6979.36
15605463,Cust5463,776,Germany,Male,23,9,171800.2,2,0,1,14748.58,0,0.0922,0,Low,15839.98
15605464,Cust5464,476,France,Male,20,1,0.0,1,0,0,152822.83,0,0.2607,0,Low,0.0
15605465,Cust5465,440,Spain,Male,75,3,52164.87,3,1,0,57013.93,1,0.758,1,High,39540.97
15605466,Cust5466,547,Spain,Female,50,8,187375.44,2,1,1,38920.75,0,0.3337,0,Medium,62527.18
15605467,Cust5467,547,France,Female,30,3,80663.42,3,1,0,91864.22,0,0.2286,0,Low,18439.66
15605468,Cust5468,591,Germany,Male,43,8,0.0,1,0,1,16151.43,0,0.1987,0,Low,0.0
15605469,Cust5469,833,France,Female,87,10,106208.72,4,0,1,4942.65,0,0.2953,0,Low,31363.44
15605470,Cust5470,837,Germany,Female,52,10,142294.68,3,1,0,100819.97,0,0.3181,0,Medium,45263.94
15605471,Cust5471,640,France,Female,91,8,0.0,3,0,0,125794.64,1,0.5953,1,Medium,0.0
15605472,Cust5472,387,Spain,Female,29,8,14626.35,4,1,0,122027.96,1,0.3848,1,Medium,5628.22
15605473,Cust5473,482,France,Male,27,6,113389.83,1,0,1,5057.39,0,0.181,0,Low,20523.56
15605474,Cust5474,440,Germany,Male,59,0,89890.5,2,1,1,17409.65,0,0.3163,0,Medium,28432.37
15605475,Cust5475,350,France,Female,68,4,112233.69,2,1,1,37149.09,0,0.4546,1,Medium,51021.44
15605476,Cust5476,541,France,Male,90,10,10424.33,2,1,1,66791.05,1,0.548,1,Medium,5712.53
15605477,Cust5477,353,France,Male,52,10,73901.73,4,1,0,145711.13,1,0.7726,1,High,57096.48
15605478,Cust5478,637,Germany,Female,32,2,160864.63,4,1,0,5047.99,0,0.3449,0,Medium,55482.21
15605479,Cust5479,487,Spain,Female,58,8,0.0,1,0,1,37487.41,0,0.2884,0,Low,0.0
15605480,Cust5480,713,France,Female,40,3,239805.1,1,0,0,148829.7,0,0.3354,0,Medium,80430.63
15605481,Cust5481,613,France,Female,31,4,248477.69,1,1,0,77795.55,0,0.295,0,Low,73300.92
15605482,Cust5482,826,France,Female,24,7,0.0,1,1,1,90910.52,0,0.0658,0,Low,0.0
15605483,Cust5483,592,France,Male,71,5,0.0,4,1,1,20638.15,0,0.4068,1,Medium,0.0
15605484,Cust5484,428,Spain,Male,65,6,0.0,1,0,0,59424.13,0,0.5988,1,Medium,0.0
15605485,Cust5485,811,Spain,Male,30,1,0.0,1,1,1,67916.16,0,0.0508,0,Low,0.0
15605486,Cust5486,504,Spain,Female,59,3,97048.53,4,1,0,191568.71,1,0.7784,1,High,75542.58
15605487,Cust5487,732,France,Female,83,8,0.0,3,0,1,111158.82,0,0.379,0,Medium,0.0
15605488,Cust5488,742,France,Female,78,6,31918.57,3,0,1,26603.72,0,0.3529,0,Medium,11264.06
15605489,Cust5489,813,Germany,Female,51,9,143794.19,1,1,0,149758.59,0,0.4658,1,Medium,66979.33
15605490,Cust5490,670,France,Female,22,10,149795.19,1,1,1,185774.93,0,0.2148,0,Low,32176.01
15605491,Cust5491,606,Germany,Male,64,3,41881.36,3,0,1,7208.32,1,0.5333,1,Medium,22335.33
15605492,Cust5492,542,France,Female,56,2,133812.04,3,0,0,104545.13,0,0.4959,1,Medium,66357.39
15605493,Cust5493,573,France,Female,86,3,229365.52,1,1,0,80888.08,1,0.8193,1,Critical,187919.17
15605494,Cust5494,740,Spain,Female,58,6,28914.05,2,0,0,124323.47,0,0.3376,0,Medium,9761.38
15605495,Cust5495,633,France,Male,72,2,0.0,4,1,1,21467.78,0,0.4083,1,Medium,0.0
15605496,Cust5496,374,Spain,Female,57,4,63907.15,4,0,0,30343.4,1,0.795,1,High,50806.18
15605497,Cust5497,536,France,Male,58,1,187744.9,1,1,1,110613.05,0,0.5494,1,Medium,103147.05
15605498,Cust5498,807,France,Male,41,4,144312.85,1,0,1,97426.53,0,0.1777,0,Low,25644.39
15605499,Cust5499,455,France,Male,47,10,0.0,2,0,1,139725.79,0,0.1208,0,Low,0.0
15605500,Cust5500,586,France,Male,39,4,198016.05,3,1,0,143789.82,1,0.6136,1,High,121502.65
15605501,Cust5501,769,Germany,Female,52,8,244566.79,4,0,0,164506.91,0,0.3341,0,Medium,81709.76
15605502,Cust5502,495,France,Male,88,4,48989.51,3,1,0,150102.77,0,0.6964,1,High,34116.29
15605503,Cust5503,690,Germany,Male,43,4,203012.6,3,1,0,189216.06,0,0.4175,1,Medium,84757.76
15605504,Cust5504,743,Spain,Female,52,7,92522.09,2,1,1,119661.62,0,0.2128,0,Low,19688.7
15605505,Cust5505,513,France,Female,88,1,0.0,2,1,1,154318.46,0,0.4456,1,Medium,0.0
15605506,Cust5506,798,France,Female,29,3,64130.03,1,0,0,182829.36,0,0.2822,0,Low,18097.49
15605507,Cust5507,573,France,Male,36,1,0.0,2,1,0,95355.9,0,0.2015,0,Low,0.0
15605508,Cust5508,498,Spain,Male,54,2,224790.22,4,0,1,23712.19,0,0.4325,1,Medium,97221.77
15605509,Cust5509,462,Germany,Female,48,7,119602.38,3,1,0,167795.2,1,0.5397,1,Medium,64549.4
15605510,Cust5510,483,France,Male,43,1,0.0,3,1,1,23656.86,0,0.1682,0,Low,0.0
15605511,Cust5511,631,Germany,Female,75,2,0.0,4,0,1,66756.4,0,0.48,1,Medium,0.0
15605512,Cust5512,462,France,Male,54,6,16001.68,1,1,1,156756.74,0,0.2332,0,Low,3731.59
15605513,Cust5513,529,France,Male,44,3,234583.16,3,1,1,42046.31,0,0.3476,0,Medium,81541.11
15605514,Cust5514,706,France,Female,53,1,209579.45,2,1,1,42649.19,0,0.3544,0,Medium,74274.96
15605515,Cust5515,788,Spain,Male,83,10,122410.16,2,1,0,165566.04,0,0.6506,1,High,79640.05
15605516,Cust5516,690,France,Female,90,10,50099.56,1,1,0,68073.98,0,0.6882,1,High,34478.52
15605517,Cust5517,614,France,Male,35,6,0.0,2,1,1,101960.93,0,0.0959,0,Low,0.0
15605518,Cust5518,698,France,Female,20,5,0.0,3,0,0,52408.58,0,0.2004,0,Low,0.0
15605519,Cust5519,556,Germany,Male,20,8,0.0,3,1,0,73031.55,0,0.1986,0,Low,0.0
15605520,Cust5520,485,France,Male,50,10,59411.95,2,1,1,156511.09,0,0.1723,0,Low,10236.68
15605521,Cust5521,725,France,Female,64,1,170975.74,4,1,0,172304.23,0,0.6196,1,High,105936.57
15605522,Cust5522,417,France,Female,21,1,0.0,1,1,1,93868.46,0,0.128,0,Low,0.0
15605523,Cust5523,803,Germany,Female,55,3,29264.83,1,0,0,100155.17,0,0.3037,0,Medium,8887.73
15605524,Cust5524,564,France,Female,47,3,0.0,3,1,1,136263.56,1,0.2863,0,Low,0.0
15605525,Cust5525,759,Spain,Male,87,9,0.0,2,1,1,56664.91,1,0.4922,1,Medium,0.0
15605526,Cust5526,399,France,Female,62,5,0.0,2,1,0,151347.08,0,0.5812,1,Medium,0.0
15605527,Cust5527,597,France,Female,49,8,24158.31,1,0,0,189152.03,0,0.3574,0,Medium,8634.18
15605528,Cust5528,561,Spain,Female,61,7,0.0,3,1,0,34280.56,0,0.4239,1,Medium,0.0
15605529,Cust5529,528,Spain,Male,28,7,176805.98,3,0,1,73372.41,0,0.1247,0,Low,22047.71
15605530,Cust5530,606,France,Female,53,10,0.0,3,1,0,26535.39,0,0.3253,0,Medium,0.0
15605531,Cust5531,681,Spain,Male,42,6,125604.79,4,1,0,21966.16,0,0.4045,1,Medium,50807.14
15605532,Cust5532,821,Germany,Male,31,8,221922.83,3,0,0,117882.32,1,0.4738,1,Medium,105147.04
15605533,Cust5533,759,France,Male,47,2,0.0,3,1,0,55934.77,0,0.2314,0,Low,0.0
15605534,Cust5534,466,Spain,Female,65,2,128197.3,2,1,0,52229.5,1,0.757,1,High,97045.36
15605535,Cust5535,840,Spain,Male,61,6,23652.61,4,0,1,78885.83,0,0.2624,0,Low,6206.44
15605536,Cust5536,599,France,Male,89,9,0.0,4,1,1,138226.28,0,0.4916,1,Medium,0.0
15605537,Cust5537,579,Germany,Female,38,0,0.0,4,1,0,58927.41,0,0.3799,0,Medium,0.0
15605538,Cust5538,355,France,Male,69,5,150006.26,1,0,1,106171.43,0,0.6185,1,High,92778.87
15605539,Cust5539,684,France,Male,58,2,0.0,4,1,0,161334.67,0,0.2949,0,Low,0.0
15605540,Cust5540,794,Spain,Female,82,9,0.0,3,1,0,14290.73,0,0.4575,1,Medium,0.0
15605541,Cust5541,496,Germany,Female,85,5,143836.08,2,0,0,36449.81,1,0.7889,1,High,113472.28
15605542,Cust5542,784,Germany,Male,70,0,0.0,1,0,1,105641.15,1,0.3457,0,Medium,0.0
15605543,Cust5543,393,Germany,Male,49,0,130188.67,1,1,0,54867.25,0,0.6101,1,High,79428.11
15605544,Cust5544,834,Germany,Male,57,7,153487.93,4,1,0,188149.1,0,0.2658,0,Low,40797.09
15605545,Cust5545,476,France,Female,66,2,111057.25,3,1,1,14150.47,0,0.3509,0,Medium,38969.99
15605546,Cust5546,591,Spain,Male,77,0,0.0,4,1,0,65803.06,0,0.4958,1,Medium,0.0
15605547,Cust5547,357,Germany,Male,34,1,202626.81,4,1,1,1074.65,1,0.8151,1,Critical,165161.11
15605548,Cust5548,800,Germany,Male,82,1,129276.89,4,1,0,1103.81,1,0.5306,1,Medium,68594.32
15605549,Cust5549,605,France,Male,77,3,36657.01,2,1,0,13571.68,1,0.654,1,High,23973.68
15605550,Cust5550,836,France,Female,24,7,93374.49,2,1,1,81847.58,0,0.1017,0,Low,9496.19
15605551,Cust5551,536,France,Male,37,9,209984.67,2,1,0,66719.59,1,0.4395,1,Medium,92288.26
15605552,Cust5552,379,France,Female,35,5,229187.25,1,0,1,84636.14,0,0.3001,0,Medium,68779.09
15605553,Cust5553,689,France,Male,60,10,66763.25,3,1,0,73157.78,0,0.5195,1,Medium,34683.51
15605554,Cust5554,431,Germany,Male,33,8,235275.65,4,1,1,15015.8,0,0.1931,0,Low,45431.73
15605555,Cust5555,658,Spain,Male,40,1,0.0,1,0,1,121195.15,0,0.1187,0,Low,0.0
15605556,Cust5556,367,France,Male,31,8,0.0,4,1,0,65663.18,0,0.3341,0,Medium,0.0
15605557,Cust5557,434,France,Male,22,2,233858.88,3,1,1,107221.69,0,0.3021,0,Medium,70648.77
15605558,Cust5558,669,Germany,Female,51,10,126207.98,3,1,1,160231.38,0,0.1717,0,Low,21669.91
15605559,Cust5559,687,France,Female,41,9,237638.04,3,1,1,182128.93,0,0.2314,0,Low,54989.44
15605560,Cust5560,426,Spain,Female,55,0,137318.09,1,1,0,174602.6,1,0.6619,1,High,90890.84
15605561,Cust5561,443,France,Male,33,1,94722.57,4,1,0,73240.68,1,0.5692,1,Medium,53916.09
15605562,Cust5562,780,France,Male,39,4,0.0,4,1,1,35303.35,0,0.1337,0,Low,0.0
15605563,Cust5563,352,France,Female,84,8,27130.53,3,1,1,111890.18,0,0.5052,1,Medium,13706.34
15605564,Cust5564,465,Spain,Female,77,6,0.0,2,0,1,174409.83,0,0.4455,1,Medium,0.0
15605565,Cust5565,836,France,Female,37,0,53312.53,1,0,0,161147.19,0,0.1069,0,Low,5699.11
15605566,Cust5566,624,Germany,Female,29,6,155518.38,2,1,1,91322.79,0,0.0955,0,Low,14852.01
15605567,Cust5567,363,France,Female,90,7,177218.21,2,1,1,154993.38,1,0.8571,1,Critical,151893.73
15605568,Cust5568,797,France,Female,68,10,0.0,4,0,1,37104.87,0,0.3051,0,Medium,0.0
15605569,Cust5569,521,Spain,Female,54,2,224965.49,2,1,1,5107.67,0,0.3791,0,Medium,85284.42
15605570,Cust5570,708,France,Female,69,0,218761.88,3,0,1,182691.19,1,0.6295,1,High,137710.6
15605571,Cust5571,669,France,Male,34,8,0.0,2,1,1,189891.25,0,0.1039,0,Low,0.0
15605572,Cust5572,533,Germany,Male,49,7,228706.67,1,1,1,145264.9,0,0.4693,1,Medium,107332.04
15605573,Cust5573,535,Spain,Female,46,5,0.0,4,1,0,67480.27,0,0.3441,0,Medium,0.0
15605574,Cust5574,625,France,Female,71,7,0.0,2,1,0,16787.69,0,0.5507,1,Medium,0.0
15605575,Cust5575,540,France,Female,31,1,19166.86,3,1,1,6972.15,0,0.1556,0,Low,2982.36
15605576,Cust5576,437,Spain,Female,54,1,31307.11,2,1,1,4870.17,0,0.2835,0,Low,8875.57
15605577,Cust5577,712,Germany,Female,79,4,56530.54,3,0,0,58696.53,1,0.8398,1,Critical,47474.35
15605578,Cust5578,687,Spain,Male,32,9,25669.19,4,0,1,53908.17,1,0.1078,0,Low,2767.14
15605579,Cust5579,651,Spain,Male,26,5,0.0,3,1,0,51636.84,0,0.2188,0,Low,0.0
15605580,Cust5580,721,Germany,Male,78,7,116561.06,4,1,0,177124.83,0,0.5696,1,Medium,66393.18
15605581,Cust5581,609,France,Female,82,10,226676.09,3,1,0,34697.31,0,0.7193,1,High,163048.11
15605582,Cust5582,815,France,Female,49,3,119157.99,3,1,0,23618.24,0,0.464,1,Medium,55289.31
15605583,Cust5583,794,Germany,Male,21,5,174919.05,4,0,0,80927.93,0,0.2046,0,Low,35788.44
15605584,Cust5584,841,Germany,Male,58,7,0.0,3,1,0,155933.59,0,0.2653,0,Low,0.0
15605585,Cust5585,404,Spain,Male,40,1,237666.36,1,0,1,94483.86,0,0.4038,1,Medium,95969.68
15605586,Cust5586,401,Germany,Female,61,4,0.0,2,1,0,133169.2,0,0.4785,1,Medium,0.0
15605587,Cust5587,585,France,Male,28,6,0.0,1,1,1,130490.04,0,0.0939,0,Low,0.0
15605588,Cust5588,696,France,Female,77,3,237595.0,4,1,0,30561.53,1,0.7819,1,High,185775.53
15605589,Cust5589,469,Germany,Male,68,2,197037.16,1,0,0,148209.75,0,0.7212,1,High,142103.2
15605590,Cust5590,407,France,Male,65,4,0.0,1,1,0,24114.57,1,0.7065,1,High,0.0
15605591,Cust5591,368,Spain,Female,55,9,0.0,4,1,1,142559.15,0,0.2833,0,Low,0.0
15605592,Cust5592,627,Germany,Female,34,4,112962.0,1,1,0,184684.09,0,0.2686,0,Low,30341.59
15605593,Cust5593,840,France,Female,87,9,34045.23,4,1,1,23165.97,0,0.3472,0,Medium,11820.5
15605594,Cust5594,582,Germany,Male,37,7,94101.39,1,1,0,25296.79,0,0.297,0,Low,27948.11
15605595,Cust5595,717,Germany,Male,45,1,2108.82,4,1,0,197623.0,0,0.3352,0,Medium,706.88
15605596,Cust5596,375,Spain,Male,86,10,0.0,3,1,0,194291.86,1,0.7669,1,High,0.0
15605597,Cust5597,458,France,Female,21,6,238253.09,1,0,0,97373.84,0,0.2281,0,Low,54345.53
15605598,Cust5598,690,Germany,Male,27,6,175212.34,4,1,0,30078.61,1,0.4883,1,Medium,85556.19
15605599,Cust5599,551,France,Female,74,7,202574.4,4,0,1,127663.04,0,0.6393,1,High,129505.81
15605600,Cust5600,363,Germany,Male,45,0,0.0,4,1,0,105344.86,1,0.7711,1,High,0.0
15605601,Cust5601,463,France,Female,60,2,47917.12,4,1,1,77785.1,0,0.4264,1,Medium,20431.86
15605602,Cust5602,747,Spain,Male,60,8,0.0,1,0,0,146198.9,0,0.3292,0,Medium,0.0
15605603,Cust5603,693,Spain,Female,79,6,0.0,1,0,1,47796.84,0,0.379,0,Medium,0.0
15605604,Cust5604,755,Germany,Female,63,4,114881.25,2,0,1,155625.11,0,0.3327,0,Medium,38220.99
15605605,Cust5605,525,Germany,Male,49,5,0.0,3,1,0,129940.8,0,0.4276,1,Medium,0.0
15605606,Cust5606,815,France,Female,58,6,0.0,4,1,0,23274.08,1,0.6312,1,High,0.0
15605607,Cust5607,810,Germany,Male,72,5,0.0,4,1,1,85450.38,0,0.3858,1,Medium,0.0
15605608,Cust5608,534,France,Female,46,5,7923.63,2,1,1,103594.33,0,0.2283,0,Low,1808.96
15605609,Cust5609,453,Germany,Female,30,6,175364.22,2,1,1,95671.46,0,0.1622,0,Low,28444.08
15605610,Cust5610,831,France,Male,53,3,53804.98,4,1,1,93692.95,1,0.5761,1,Medium,30997.05
15605611,Cust5611,525,Germany,Male,91,6,159854.16,4,1,1,158180.3,1,0.8294,1,Critical,132583.04
15605612,Cust5612,598,France,Male,26,7,0.0,2,0,0,108189.8,1,0.3482,0,Medium,0.0
15605613,Cust5613,816,Germany,Female,30,7,196918.92,3,1,0,44885.04,0,0.2135,0,Low,42042.19
15605614,Cust5614,484,Germany,Male,91,6,222473.62,2,1,1,117227.07,0,0.6579,1,High,146365.39
15605615,Cust5615,793,France,Female,79,4,0.0,2,1,0,58363.77,0,0.4616,1,Medium,0.0
15605616,Cust5616,430,France,Female,26,7,198077.78,4,1,1,39069.36,0,0.1454,0,Low,28800.51
15605617,Cust5617,496,Spain,Female,33,7,38203.45,1,0,1,198936.08,0,0.1213,0,Low,4634.08
15605618,Cust5618,544,Germany,Female,69,3,35231.84,2,1,1,126588.33,1,0.5248,1,Medium,18489.67
15605619,Cust5619,592,France,Male,75,5,107111.41,1,1,1,66191.4,0,0.5255,1,Medium,56287.05
15605620,Cust5620,471,France,Female,72,7,81127.38,2,0,1,54263.66,0,0.5007,1,Medium,40620.48
15605621,Cust5621,792,France,Female,81,7,246789.44,3,1,0,82857.9,1,0.7733,1,High,190842.27
15605622,Cust5622,683,Germany,Male,55,5,200994.75,4,1,1,154650.85,1,0.7181,1,High,144334.33
15605623,Cust5623,685,Germany,Female,82,2,0.0,2,1,0,152622.02,1,0.6364,1,High,0.0
15605624,Cust5624,716,France,Male,62,10,0.0,4,1,0,112607.51,1,0.5384,1,Medium,0.0
15605625,Cust5625,669,Germany,Male,53,5,0.0,2,1,0,164146.39,1,0.6051,1,High,0.0
15605626,Cust5626,672,Germany,Female,65,5,151071.08,2,0,0,105666.38,0,0.6654,1,High,100522.7
15605627,Cust5627,680,Spain,Male,49,5,24809.81,4,1,1,159341.9,0,0.1424,0,Low,3532.92
15605628,Cust5628,710,France,Female,62,8,0.0,3,1,1,160327.99,0,0.3408,0,Medium,0.0
15605629,Cust5629,811,France,Male,79,3,0.0,1,1,0,112527.84,0,0.4487,1,Medium,0.0
15605630,Cust5630,448,France,Female,88,10,228523.25,1,1,0,36631.85,1,0.836,1,Critical,191045.44
15605631,Cust5631,609,France,Male,60,0,234955.13,2,1,1,146981.19,0,0.5341,1,Medium,125489.53
15605632,Cust5632,442,France,Female,18,0,26952.64,1,1,1,166764.93,0,0.135,0,Low,3638.61
15605633,Cust5633,441,France,Female,63,5,0.0,4,1,0,106295.24,1,0.4943,1,Medium,0.0
15605634,Cust5634,825,France,Female,36,9,236340.0,3,1,0,141631.39,0,0.1707,0,Low,40343.24
15605635,Cust5635,586,Germany,Female,35,0,172698.55,4,1,1,97772.87,1,0.7211,1,High,124532.92
15605636,Cust5636,702,France,Female,83,7,45962.83,1,1,1,1308.93,0,0.3496,0,Medium,16068.61
15605637,Cust5637,715,Germany,Male,51,4,100209.42,4,1,0,156236.65,1,0.6926,1,High,69405.04
15605638,Cust5638,365,France,Female,76,0,22527.56,3,1,1,90346.14,0,0.5147,1,Medium,11594.94
15605639,Cust5639,596,Germany,Female,45,4,1061.61,2,0,1,192812.88,0,0.1985,0,Low,210.73
15605640,Cust5640,440,France,Male,62,7,230015.52,2,1,1,5713.65,0,0.4345,1,Medium,99941.74
15605641,Cust5641,506,Spain,Male,67,6,243084.6,1,1,1,173733.42,0,0.5611,1,Medium,136394.77
15605642,Cust5642,444,Spain,Female,84,9,229823.22,4,1,0,27359.59,1,0.8654,1,Critical,198889.01
15605643,Cust5643,683,France,Male,32,10,0.0,4,0,1,16086.77,0,0.0782,0,Low,0.0
15605644,Cust5644,416,Germany,Female,59,0,155277.73,3,1,1,81117.51,0,0.3837,1,Medium,59580.07
15605645,Cust5645,575,France,Male,48,9,0.0,4,1,0,36309.73,1,0.4348,1,Medium,0.0
15605646,Cust5646,503,Germany,Female,52,0,124011.89,3,1,1,131123.14,0,0.2876,0,Low,35665.82
15605647,Cust5647,832,France,Female,80,10,107083.46,3,0,1,121274.24,0,0.2767,0,Low,29629.99
15605648,Cust5648,744,France,Female,28,8,0.0,4,1,1,167298.19,0,0.0733,0,Low,0.0
15605649,Cust5649,526,France,Female,58,10,197722.35,2,1,0,170031.94,0,0.5906,1,Medium,116774.82
15605650,Cust5650,496,Spain,Female,46,0,211717.14,3,0,0,58479.48,1,0.4807,1,Medium,101772.43
15605651,Cust5651,709,France,Female,84,0,0.0,3,1,0,154537.63,0,0.6173,1,High,0.0
15605652,Cust5652,666,Germany,Male,34,10,102987.54,4,1,0,188131.04,0,0.2876,0,Low,29619.22
15605653,Cust5653,628,France,Female,35,3,149494.57,3,1,1,64118.47,0,0.1424,0,Low,21288.03
15605654,Cust5654,386,France,Female,24,4,0.0,2,1,0,71625.14,0,0.2008,0,Low,0.0
15605655,Cust5655,388,France,Male,50,3,223719.94,4,0,1,30570.17,0,0.5661,1,Medium,126647.86
15605656,Cust5656,668,Spain,Male,18,1,41750.73,4,1,1,199175.74,0,0.1249,0,Low,5214.67
15605657,Cust5657,585,Spain,Female,55,0,22509.18,1,1,1,190748.85,0,0.2614,0,Low,5883.9
15605658,Cust5658,765,France,Female,34,1,0.0,3,0,1,141763.44,0,0.0503,0,Low,0.0
15605659,Cust5659,364,Germany,Male,47,9,0.0,2,1,0,4760.98,0,0.2548,0,Low,0.0
15605660,Cust5660,443,France,Male,62,0,0.0,2,1,1,102598.04,0,0.4008,1,Medium,0.0
15605661,Cust5661,745,France,Male,68,9,222500.16,2,0,0,174552.58,1,0.8126,1,Critical,180803.63
15605662,Cust5662,840,Germany,Female,22,2,0.0,2,0,0,17805.86,0,0.209,0,Low,0.0
15605663,Cust5663,717,France,Female,29,6,182688.62,4,0,1,84056.26,0,0.1414,0,Low,25832.17
15605664,Cust5664,356,France,Male,41,2,46507.12,1,1,0,18574.63,1,0.6199,1,High,28829.76
15605665,Cust5665,375,Germany,Male,56,9,155352.57,4,0,1,179152.11,1,0.3099,0,Medium,48143.76
15605666,Cust5666,790,France,Male,83,0,112517.81,1,1,0,126945.77,1,0.8397,1,Critical,94481.21
15605667,Cust5667,600,Spain,Male,28,7,152760.37,2,1,0,124042.1,0,0.246,0,Low,37579.05
15605668,Cust5668,598,Germany,Female,23,10,0.0,2,1,0,63360.63,0,0.1106,0,Low,0.0
15605669,Cust5669,831,Spain,Male,64,4,0.0,3,1,0,81563.65,0,0.3194,0,Medium,0.0
15605670,Cust5670,474,Germany,Female,90,4,85968.85,4,1,1,151363.73,1,0.7173,1,High,61665.46
15605671,Cust5671,492,Spain,Male,79,1,114450.8,3,0,0,17799.06,0,0.6513,1,High,74541.81
15605672,Cust5672,693,France,Male,59,9,0.0,3,1,1,139448.89,0,0.1865,0,Low,0.0
15605673,Cust5673,803,Germany,Female,19,10,24867.32,1,1,0,99393.37,0,0.1188,0,Low,2954.24
15605674,Cust5674,533,Germany,Female,60,5,0.0,1,1,0,83420.2,0,0.4945,1,Medium,0.0
15605675,Cust5675,425,Spain,Male,51,7,83578.92,4,1,1,126686.96,0,0.2735,0,Low,22858.83
15605676,Cust5676,378,France,Female,51,8,122355.49,3,1,1,3517.68,0,0.3661,0,Medium,44794.34
15605677,Cust5677,353,Germany,Female,54,3,0.0,2,1,0,106262.53,0,0.4964,1,Medium,0.0
15605678,Cust5678,537,Spain,Male,59,0,179770.41,3,0,0,113493.21,0,0.5438,1,Medium,97759.15
15605679,Cust5679,615,France,Female,71,1,94506.88,4,1,0,22369.57,1,0.6676,1,High,63092.79
15605680,Cust5680,595,Spain,Female,32,9,32278.21,2,0,1,23427.67,0,0.1295,0,Low,4180.03
15605681,Cust5681,469,France,Female,23,8,51829.42,3,1,1,76999.34,1,0.4084,1,Medium,21167.14
15605682,Cust5682,688,France,Male,21,1,0.0,3,1,0,184417.9,0,0.1681,0,Low,0.0
15605683,Cust5683,790,Germany,Male,48,8,61034.45,4,1,0,121929.44,1,0.7206,1,High,43981.42
15605684,Cust5684,466,France,Female,55,9,150911.58,1,0,1,111843.25,0,0.2895,0,Low,43688.9
15605685,Cust5685,687,France,Female,76,5,133939.71,1,1,0,194796.83,1,0.7945,1,High,106415.1
15605686,Cust5686,623,France,Female,50,4,42157.61,4,1,1,107772.53,1,0.6147,1,High,25914.28
15605687,Cust5687,694,France,Male,57,10,170379.13,2,0,1,5231.13,0,0.3553,0,Medium,60535.7
15605688,Cust5688,357,Spain,Female,90,9,15926.17,3,0,1,167357.07,1,0.5689,1,Medium,9060.4
15605689,Cust5689,687,Spain,Male,73,4,227401.76,2,1,0,191332.01,0,0.5601,1,Medium,127367.73
15605690,Cust5690,724,Germany,Male,69,5,141547.71,2,1,0,194088.63,0,0.4836,1,Medium,68452.47
15605691,Cust5691,690,France,Female,44,10,0.0,1,1,0,42266.0,0,0.2209,0,Low,0.0
15605692,Cust5692,771,Germany,Female,29,10,71473.46,3,1,0,108662.55,0,0.1472,0,Low,10520.89
15605693,Cust5693,724,Spain,Male,86,6,0.0,3,1,1,81283.82,1,0.4103,1,Medium,0.0
15605694,Cust5694,843,Germany,Male,58,7,0.0,3,1,1,88210.69,0,0.1933,0,Low,0.0
15605695,Cust5695,685,France,Female,23,8,237686.61,4,0,1,64239.59,0,0.1002,0,Low,23816.2
15605696,Cust5696,573,France,Female,53,3,19055.36,2,1,1,5559.63,0,0.2495,0,Low,4754.31
15605697,Cust5697,767,Spain,Male,24,10,114683.91,2,1,0,40235.0,0,0.1572,0,Low,18028.31
15605698,Cust5698,698,Spain,Female,90,3,197879.34,3,1,0,17639.11,1,0.7541,1,High,149220.81
15605699,Cust5699,629,France,Female,57,9,0.0,4,1,1,97170.03,0,0.2819,0,Low,0.0
15605700,Cust5700,639,Spain,Female,76,9,141304.49,1,1,1,36535.11,1,0.7674,1,High,108437.07
15605701,Cust5701,525,France,Female,52,3,227803.9,2,1,1,100319.11,1,0.5892,1,Medium,134222.06
15605702,Cust5702,657,France,Male,19,8,0.0,1,0,0,40037.54,1,0.3036,0,Medium,0.0
15605703,Cust5703,583,Spain,Female,65,9,516.09,2,1,1,136327.9,0,0.29,0,Low,149.67
15605704,Cust5704,415,Germany,Female,66,5,0.0,4,0,0,183823.02,1,0.62,1,High,0.0
15605705,Cust5705,570,France,Male,34,5,8264.94,1,0,1,116653.71,0,0.1309,0,Low,1081.88
15605706,Cust5706,825,Spain,Male,71,5,199351.03,4,1,0,20786.0,1,0.773,1,High,154098.35
15605707,Cust5707,516,Spain,Male,34,0,34898.55,4,0,1,31545.74,0,0.2576,0,Low,8989.87
15605708,Cust5708,689,France,Female,69,5,5171.05,3,1,1,163611.71,1,0.4962,1,Medium,2565.88
15605709,Cust5709,558,Germany,Female,73,7,88667.56,1,1,1,83226.02,0,0.5689,1,Medium,50442.97
15605710,Cust5710,493,Spain,Male,28,6,216014.11,1,1,1,136292.06,0,0.2097,0,Low,45298.16
15605711,Cust5711,542,Germany,Female,39,5,9234.47,1,1,1,135353.39,0,0.2103,0,Low,1942.01
15605712,Cust5712,830,Spain,Male,30,5,65670.03,4,1,1,42632.63,0,0.1342,0,Low,8812.92
15605713,Cust5713,405,Germany,Male,71,5,0.0,1,1,0,58523.34,1,0.7409,1,High,0.0
15605714,Cust5714,684,France,Male,35,10,23701.73,3,1,0,143936.93,0,0.2749,0,Low,6515.61
15605715,Cust5715,766,France,Male,65,4,23139.51,2,0,1,2389.74,0,0.2198,0,Low,5086.06
15605716,Cust5716,442,Spain,Female,48,2,227045.15,4,1,1,97940.85,0,0.6569,1,High,149145.96
15605717,Cust5717,728,Spain,Female,24,0,173823.91,2,1,1,26935.05,0,0.1359,0,Low,23622.67
15605718,Cust5718,668,France,Male,83,9,0.0,2,1,1,102254.83,0,0.3092,0,Medium,0.0
15605719,Cust5719,519,France,Female,70,1,0.0,2,0,1,97632.03,0,0.3879,1,Medium,0.0
15605720,Cust5720,438,Spain,Male,37,4,0.0,4,1,1,110735.82,0,0.3266,0,Medium,0.0
15605721,Cust5721,823,France,Female,83,8,89696.81,4,0,1,70579.21,1,0.4276,1,Medium,38354.36
15605722,Cust5722,448,France,Female,70,1,75283.64,4,1,1,45858.08,0,0.4556,1,Medium,34299.23
15605723,Cust5723,825,Spain,Female,78,2,0.0,2,1,0,94029.27,1,0.4844,1,Medium,0.0
15605724,Cust5724,674,Spain,Female,31,6,0.0,4,0,0,93217.51,0,0.1924,0,Low,0.0
15605725,Cust5725,779,Spain,Male,18,6,0.0,1,1,0,93383.32,0,0.0896,0,Low,0.0
15605726,Cust5726,498,Germany,Male,22,2,170503.52,3,1,0,106735.39,0,0.2969,0,Low,50622.5
15605727,Cust5727,364,France,Male,57,5,80295.09,3,1,0,96688.68,0,0.5681,1,Medium,45615.64
15605728,Cust5728,678,Spain,Male,76,7,0.0,1,0,0,68310.94,1,0.7241,1,High,0.0
15605729,Cust5729,535,France,Female,85,2,181564.11,1,1,0,57254.8,1,0.8266,1,Critical,150080.89
15605730,Cust5730,625,France,Female,89,4,0.0,4,0,0,146820.45,0,0.6783,1,High,0.0
15605731,Cust5731,579,Spain,Female,62,3,213957.66,1,1,1,108648.76,0,0.5053,1,Medium,108112.81
15605732,Cust5732,511,Germany,Male,64,10,90975.02,3,1,0,21956.3,1,0.812,1,Critical,73871.72
15605733,Cust5733,710,Spain,Male,39,4,0.0,4,0,1,41355.87,0,0.1133,0,Low,0.0
15605734,Cust5734,600,France,Female,18,9,174586.4,4,0,1,93419.91,0,0.114,0,Low,19902.85
15605735,Cust5735,668,Spain,Female,32,9,186786.66,1,1,1,6376.88,1,0.5855,1,Medium,109363.59
15605736,Cust5736,686,Germany,Male,22,1,0.0,3,0,0,25184.22,0,0.191,0,Low,0.0
15605737,Cust5737,689,Germany,Male,68,10,0.0,4,1,1,27202.2,1,0.4898,1,Medium,0.0
15605738,Cust5738,515,Spain,Male,55,0,0.0,4,1,1,173646.18,0,0.2937,0,Low,0.0
15605739,Cust5739,734,France,Male,75,4,0.0,3,1,0,76300.51,1,0.5766,1,Medium,0.0
15605740,Cust5740,459,Germany,Female,28,1,0.0,1,0,0,172308.03,0,0.2931,0,Low,0.0
15605741,Cust5741,825,Germany,Female,85,0,126028.25,4,1,1,73207.27,0,0.4288,1,Medium,54040.91
15605742,Cust5742,755,Spain,Male,71,6,0.0,4,1,1,141410.16,0,0.4087,1,Medium,0.0
15605743,Cust5743,626,Spain,Male,85,6,163255.23,2,1,1,104406.58,0,0.6117,1,High,99863.22
15605744,Cust5744,440,Germany,Female,65,6,17209.14,2,1,1,45793.79,0,0.3829,1,Medium,6589.38
15605745,Cust5745,802,France,Male,43,4,83537.07,3,1,0,180472.0,0,0.2669,0,Low,22296.04
15605746,Cust5746,627,France,Female,64,8,131662.99,4,0,1,175172.66,1,0.4312,1,Medium,56773.08
15605747,Cust5747,758,Spain,Female,62,5,182585.37,3,0,1,149675.63,0,0.4251,1,Medium,77617.04
15605748,Cust5748,363,Spain,Male,31,5,185693.68,3,1,0,132793.88,0,0.3284,0,Medium,60981.8
15605749,Cust5749,519,Spain,Male,25,4,0.0,4,1,0,88628.11,1,0.4744,1,Medium,0.0
15605750,Cust5750,500,France,Male,66,2,146631.21,1,1,1,26635.73,0,0.4999,1,Medium,73300.94
15605751,Cust5751,757,France,Male,24,7,0.0,2,0,1,84093.92,0,0.0579,0,Low,0.0
15605752,Cust5752,582,Spain,Female,25,9,0.0,4,1,1,145108.54,0,0.0954,0,Low,0.0
15605753,Cust5753,408,Spain,Female,23,3,0.0,3,1,1,95944.35,1,0.3823,0,Medium,0.0
15605754,Cust5754,658,France,Male,64,5,211579.35,1,1,1,196539.04,0,0.4887,1,Medium,103398.83
15605755,Cust5755,429,Germany,Male,86,9,0.0,3,1,0,125894.8,0,0.6786,1,High,0.0
15605756,Cust5756,573,France,Female,54,2,227202.52,1,1,1,32276.35,0,0.491,1,Medium,111556.44
15605757,Cust5757,847,France,Female,29,4,50515.91,1,0,1,15655.86,0,0.1097,0,Low,5541.6
15605758,Cust5758,567,France,Female,55,2,128469.14,2,0,0,42984.63,0,0.4567,1,Medium,58671.86
15605759,Cust5759,564,France,Male,53,3,133635.07,1,1,0,108147.8,0,0.5131,1,Medium,68568.15
15605760,Cust5760,370,France,Male,61,5,121356.23,4,1,1,193370.57,1,0.6238,1,High,75702.02
15605761,Cust5761,580,Spain,Male,50,10,0.0,4,1,1,197625.79,0,0.3428,0,Medium,0.0
15605762,Cust5762,829,Germany,Male,57,0,81259.73,1,1,1,152706.54,1,0.5652,1,Medium,45928.0
15605763,Cust5763,826,Spain,Female,42,3,0.0,3,1,0,48450.0,0,0.1755,0,Low,0.0
15605764,Cust5764,832,France,Male,85,9,0.0,2,1,1,198544.2,0,0.2744,0,Low,0.0
15605765,Cust5765,531,France,Male,57,0,35781.91,3,1,1,187725.59,1,0.5479,1,Medium,19604.91
15605766,Cust5766,382,France,Male,40,5,0.0,3,1,0,130353.07,0,0.3435,0,Medium,0.0
15605767,Cust5767,468,Germany,Female,18,1,29202.77,3,1,1,3159.2,0,0.1744,0,Low,5092.96
15605768,Cust5768,455,France,Female,68,6,21893.94,4,1,1,50008.45,1,0.4821,1,Medium,10555.07
15605769,Cust5769,388,Germany,Female,46,7,112751.31,1,1,0,97141.17,1,0.6555,1,High,73908.48
15605770,Cust5770,705,Spain,Male,36,6,0.0,4,1,1,59543.27,0,0.1193,0,Low,0.0
15605771,Cust5771,611,Spain,Female,53,6,0.0,1,1,1,122561.0,1,0.3488,0,Medium,0.0
15605772,Cust5772,711,France,Male,53,8,0.0,3,1,1,114104.98,0,0.1403,0,Low,0.0
15605773,Cust5773,450,Germany,Male,77,5,242893.74,3,0,1,196540.79,0,0.5975,1,Medium,145129.01
15605774,Cust5774,698,France,Male,58,6,30436.57,3,0,0,87453.28,0,0.3255,0,Medium,9907.1
15605775,Cust5775,382,France,Male,69,0,165115.87,3,1,0,5908.03,0,0.5171,1,Medium,85381.42
15605776,Cust5776,711,Germany,Female,65,0,0.0,1,1,1,10048.17,0,0.2513,0,Low,0.0
15605777,Cust5777,757,Germany,Female,80,1,221191.51,3,1,1,31635.64,1,0.726,1,High,160585.04
15605778,Cust5778,477,Germany,Female,18,5,0.0,2,1,1,50243.03,0,0.07,0,Low,0.0
15605779,Cust5779,514,France,Male,45,4,69363.2,2,1,1,134013.54,0,0.2501,0,Low,17347.74
15605780,Cust5780,568,Spain,Female,70,4,206967.37,1,1,1,135551.06,1,0.7134,1,High,147650.52
15605781,Cust5781,640,Spain,Female,28,4,153147.45,3,1,1,168611.36,0,0.1726,0,Low,26433.25
15605782,Cust5782,614,France,Male,50,10,197761.65,2,1,1,972.92,1,0.6613,1,High,130779.78
15605783,Cust5783,402,Spain,Female,47,4,0.0,3,0,0,135681.72,0,0.3497,0,Medium,0.0
15605784,Cust5784,539,France,Male,77,4,228357.17,2,0,0,112287.3,1,0.7826,1,High,178712.32
15605785,Cust5785,603,Germany,Male,89,5,232398.17,2,0,1,51334.04,0,0.6317,1,High,146805.92
15605786,Cust5786,657,Spain,Male,25,8,0.0,3,0,0,119762.57,0,0.2089,0,Low,0.0
15605787,Cust5787,666,Spain,Male,33,8,0.0,3,1,1,29311.71,0,0.0772,0,Low,0.0
15605788,Cust5788,683,Spain,Male,75,10,113374.55,3,0,1,4118.88,1,0.7151,1,High,81074.14
15605789,Cust5789,575,France,Female,30,6,48615.91,1,1,1,94690.95,0,0.1197,0,Low,5819.32
15605790,Cust5790,601,Spain,Female,54,10,163976.01,4,1,0,127522.6,1,0.6695,1,High,109781.94
15605791,Cust5791,519,Germany,Female,87,6,0.0,1,1,0,110234.38,1,0.7632,1,High,0.0
15605792,Cust5792,486,France,Male,90,5,122830.51,1,1,0,157923.06,1,0.8266,1,Critical,101531.7
15605793,Cust5793,505,France,Male,88,6,65154.64,4,1,0,47126.03,1,0.901,1,Critical,58704.33
15605794,Cust5794,569,Spain,Male,27,5,156085.74,1,1,1,68430.3,0,0.1534,0,Low,23943.55
15605795,Cust5795,404,Germany,Female,29,2,0.0,2,0,1,117730.73,0,0.1477,0,Low,0.0
15605796,Cust5796,459,Germany,Male,31,4,0.0,3,1,0,77554.3,0,0.2503,0,Low,0.0
15605797,Cust5797,407,Spain,Female,74,6,226703.01,4,1,1,155250.21,1,0.7909,1,High,179299.41
15605798,Cust5798,554,Germany,Male,31,6,41655.3,4,1,1,2488.91,0,0.2229,0,Low,9284.97
15605799,Cust5799,598,France,Male,49,1,205067.83,3,1,1,154004.45,0,0.3235,0,Medium,66339.44
15605800,Cust5800,431,France,Male,78,8,0.0,1,0,0,162675.01,0,0.6288,1,High,0.0
15605801,Cust5801,419,Germany,Male,54,7,125106.07,2,1,0,140156.34,0,0.5214,1,Medium,65230.3
15605802,Cust5802,613,Spain,Male,87,5,232311.53,1,0,1,109930.06,0,0.679,1,High,157739.53
15605803,Cust5803,461,Germany,Female,54,4,20677.68,4,1,1,48887.91,0,0.3425,0,Medium,7082.11
15605804,Cust5804,784,Germany,Male,46,6,22441.68,1,1,0,29219.25,1,0.3824,1,Medium,8581.7
15605805,Cust5805,432,Germany,Female,89,6,239680.87,1,0,0,178442.45,0,0.7575,1,High,181558.26
15605806,Cust5806,591,Germany,Female,58,4,0.0,4,1,1,199934.41,0,0.1895,0,Low,0.0
15605807,Cust5807,752,Spain,Female,31,9,0.0,1,1,0,32990.35,0,0.0954,0,Low,0.0
15605808,Cust5808,402,France,Female,64,1,114748.5,2,1,0,76440.4,1,0.7621,1,High,87449.83
15605809,Cust5809,575,Spain,Male,75,4,1673.99,2,1,0,45770.83,0,0.4896,1,Medium,819.59
15605810,Cust5810,586,Germany,Male,80,4,47020.1,1,0,1,41009.48,0,0.5639,1,Medium,26514.63
15605811,Cust5811,626,France,Female,18,1,207101.36,3,0,1,140624.18,0,0.2125,0,Low,44009.04
15605812,Cust5812,793,Germany,Male,26,0,0.0,2,0,0,187164.94,0,0.1613,0,Low,0.0
15605813,Cust5813,642,Germany,Female,64,9,98474.5,2,1,1,79677.03,0,0.3571,0,Medium,35165.24
15605814,Cust5814,538,Germany,Female,72,8,0.0,3,0,0,168158.66,0,0.5743,1,Medium,0.0
15605815,Cust5815,548,Spain,Female,66,4,81192.29,2,1,1,174887.77,1,0.2936,0,Low,23838.06
15605816,Cust5816,662,France,Male,46,2,109634.61,1,1,1,137610.4,0,0.3095,0,Medium,33931.91
15605817,Cust5817,499,France,Male,73,4,248431.59,4,1,0,155815.87,1,0.8629,1,Critical,214371.62
15605818,Cust5818,693,France,Female,60,7,193571.54,3,1,1,17935.64,0,0.3811,0,Medium,73770.11
15605819,Cust5819,541,France,Male,86,3,138493.33,4,1,0,158224.11,0,0.8356,1,Critical,115725.03
15605820,Cust5820,380,Germany,Male,45,0,131686.37,2,0,1,29950.71,0,0.2622,0,Low,34528.17
15605821,Cust5821,617,Spain,Female,73,4,211067.99,4,1,0,144874.01,1,0.8537,1,Critical,180188.74
15605822,Cust5822,475,Germany,Male,28,6,150216.74,4,1,1,191169.99,0,0.256,0,Low,38455.49
15605823,Cust5823,529,France,Male,72,5,0.0,1,0,1,56924.61,1,0.5099,1,Medium,0.0
15605824,Cust5824,512,France,Female,72,1,104447.93,1,1,1,96023.5,0,0.5137,1,Medium,53654.9
15605825,Cust5825,418,France,Male,36,9,0.0,4,0,0,94291.85,1,0.4943,1,Medium,0.0
15605826,Cust5826,494,Germany,Female,22,6,239880.15,2,0,0,37925.39,0,0.2372,0,Low,56899.57
15605827,Cust5827,807,France,Female,91,7,0.0,4,1,1,3781.45,0,0.3414,0,Medium,0.0
15605828,Cust5828,510,Germany,Female,23,10,99642.61,2,1,0,152589.77,0,0.1513,0,Low,15075.93
15605829,Cust5829,716,Spain,Male,52,5,89971.98,2,1,1,178197.47,0,0.2035,0,Low,18309.3
15605830,Cust5830,554,Germany,Male,18,6,226748.08,1,0,0,53677.05,0,0.2297,0,Low,52084.03
15605831,Cust5831,383,France,Female,48,8,90078.89,1,1,1,134486.61,0,0.2643,0,Low,23807.85
15605832,Cust5832,769,France,Male,78,8,0.0,3,1,1,122415.84,0,0.3794,0,Medium,0.0
15605833,Cust5833,803,Germany,Female,55,9,208856.58,1,1,0,64914.02,0,0.5049,1,Medium,105451.69
15605834,Cust5834,468,Germany,Female,35,7,0.0,1,0,1,54645.31,0,0.1033,0,Low,0.0
15605835,Cust5835,435,France,Female,47,0,93262.96,4,1,0,174052.29,0,0.5824,1,Medium,54316.35
15605836,Cust5836,816,Spain,Female,24,3,191331.73,2,1,0,79490.47,0,0.2093,0,Low,40045.73
15605837,Cust5837,398,Germany,Male,61,6,0.0,3,1,1,199418.44,0,0.3268,0,Medium,0.0
15605838,Cust5838,795,France,Female,18,4,0.0,2,0,0,166377.27,0,0.0875,0,Low,0.0
15605839,Cust5839,436,France,Female,43,0,2790.04,1,1,1,166874.56,1,0.2371,0,Low,661.52
15605840,Cust5840,784,France,Female,22,2,142547.61,2,0,1,43556.35,0,0.1098,0,Low,15651.73
15605841,Cust5841,817,France,Female,35,3,127487.98,1,1,1,82975.41,0,0.1716,0,Low,21876.94
15605842,Cust5842,470,France,Male,22,0,0.0,3,1,0,24393.73,0,0.1944,0,Low,0.0
15605843,Cust5843,460,Germany,Female,86,8,54078.06,4,0,0,75273.21,1,0.8976,1,Critical,48540.47
15605844,Cust5844,403,France,Female,75,4,21821.98,4,1,1,199595.96,0,0.5005,1,Medium,10921.9
15605845,Cust5845,744,Spain,Male,86,8,211609.89,3,1,1,126477.63,0,0.5089,1,Medium,107688.27
15605846,Cust5846,525,Spain,Male,68,9,87525.47,1,1,1,67128.92,0,0.3553,0,Medium,31097.8
15605847,Cust5847,672,France,Male,54,9,0.0,4,1,1,58425.91,0,0.1535,0,Low,0.0
15605848,Cust5848,657,France,Female,30,9,26327.62,4,1,1,42750.68,0,0.1277,0,Low,3362.04
15605849,Cust5849,609,Spain,Female,89,5,0.0,1,1,1,22111.14,0,0.418,1,Medium,0.0
15605850,Cust5850,471,Spain,Male,85,2,158239.46,2,1,1,33891.76,1,0.707,1,High,111875.3
15605851,Cust5851,533,Spain,Male,48,0,0.0,4,0,0,73272.06,0,0.3624,0,Medium,0.0
15605852,Cust5852,600,France,Female,34,6,0.0,4,0,0,85722.87,0,0.2781,0,Low,0.0
15605853,Cust5853,396,France,Female,46,1,0.0,1,1,0,76451.32,1,0.49,1,Medium,0.0
15605854,Cust5854,552,France,Female,47,2,0.0,3,1,1,30482.68,0,0.2308,0,Low,0.0
15605855,Cust5855,706,Spain,Male,85,2,39943.01,2,1,0,56014.38,0,0.5647,1,Medium,22555.82
15605856,Cust5856,561,Germany,Female,22,3,168078.48,4,1,0,88837.61,1,0.6635,1,High,111520.07
15605857,Cust5857,547,Germany,Male,64,4,162678.81,4,1,0,16832.67,1,0.8708,1,Critical,141660.71
15605858,Cust5858,771,Germany,Female,74,3,11769.9,4,1,1,10044.73,0,0.4042,1,Medium,4757.39
15605859,Cust5859,618,France,Female,74,5,224850.34,2,0,1,158791.81,0,0.5978,1,Medium,134415.53
15605860,Cust5860,719,Germany,Female,32,10,83809.81,2,1,0,39964.39,0,0.2016,0,Low,16896.06
15605861,Cust5861,375,France,Female,48,7,107194.94,3,1,0,60650.17,0,0.4669,1,Medium,50049.32
15605862,Cust5862,815,Germany,Male,43,7,128445.35,4,1,1,20055.15,0,0.216,0,Low,27744.2
15605863,Cust5863,738,Germany,Female,48,1,228004.81,2,0,1,36921.9,0,0.3107,0,Medium,70841.09
15605864,Cust5864,764,Germany,Male,24,1,42622.47,3,1,0,167306.53,0,0.1087,0,Low,4633.06
15605865,Cust5865,696,France,Male,24,2,0.0,3,1,0,184807.15,0,0.1957,0,Low,0.0
15605866,Cust5866,619,Spain,Female,19,9,0.0,2,1,1,82427.82,0,0.0731,0,Low,0.0
15605867,Cust5867,615,Germany,Female,89,1,0.0,2,0,1,42546.02,0,0.4944,1,Medium,0.0
15605868,Cust5868,662,France,Male,48,10,109937.76,2,0,0,139007.9,1,0.4813,1,Medium,52913.04
15605869,Cust5869,598,France,Female,34,8,99634.45,2,1,0,40802.71,0,0.1998,0,Low,19906.96
15605870,Cust5870,715,Germany,Male,77,9,0.0,1,0,1,136209.05,0,0.3601,0,Medium,0.0
15605871,Cust5871,518,France,Male,54,3,165373.72,1,0,1,137159.75,0,0.3652,0,Medium,60394.48
15605872,Cust5872,735,France,Male,44,1,40893.57,3,1,0,159971.99,0,0.1909,0,Low,7806.58
15605873,Cust5873,521,France,Male,26,1,43950.47,4,0,1,50874.39,0,0.2582,0,Low,11348.01
15605874,Cust5874,588,France,Male,46,9,0.0,4,1,1,64137.36,0,0.2388,0,Low,0.0
15605875,Cust5875,384,France,Male,65,4,0.0,4,1,1,50380.07,0,0.3143,0,Medium,0.0
15605876,Cust5876,801,Germany,Male,64,4,2242.01,4,0,1,127859.63,0,0.3803,0,Medium,852.64
15605877,Cust5877,694,France,Female,46,2,0.0,4,1,0,195205.0,0,0.2991,0,Low,0.0
15605878,Cust5878,475,Germany,Female,63,3,234923.83,1,1,1,83996.6,0,0.5133,1,Medium,120586.4
15605879,Cust5879,372,France,Male,74,4,186844.72,4,1,0,67340.31,1,0.8702,1,Critical,162592.28
15605880,Cust5880,776,France,Male,86,8,139650.63,2,0,0,116017.39,1,0.8258,1,Critical,115323.49
15605881,Cust5881,350,France,Female,57,9,48799.03,3,1,0,70719.43,1,0.652,1,High,31816.97
15605882,Cust5882,591,Spain,Male,34,5,0.0,4,1,1,22375.94,0,0.123,0,Low,0.0
15605883,Cust5883,365,Spain,Male,27,3,0.0,1,1,1,99013.67,0,0.1675,0,Low,0.0
15605884,Cust5884,697,France,Male,29,4,164763.42,2,0,0,117207.84,0,0.2552,0,Low,42047.62
15605885,Cust5885,451,France,Female,18,1,69071.89,1,1,1,86489.28,0,0.1942,0,Low,13413.76
15605886,Cust5886,563,France,Male,59,0,0.0,2,0,1,152945.83,0,0.2731,0,Low,0.0
15605887,Cust5887,635,France,Female,33,2,22841.22,4,1,1,135559.89,0,0.1434,0,Low,3275.43
15605888,Cust5888,535,Spain,Male,34,0,92645.59,2,1,0,91916.66,0,0.2329,0,Low,21577.16
15605889,Cust5889,691,France,Female,71,0,57282.71,3,1,1,189874.96,0,0.2494,0,Low,14286.31
15605890,Cust5890,604,Spain,Female,41,2,224002.02,1,1,1,117392.62,0,0.271,0,Low,60704.55
15605891,Cust5891,560,Germany,Male,79,9,0.0,2,0,1,72008.12,1,0.5959,1,Medium,0.0
15605892,Cust5892,511,Germany,Male,28,2,124374.97,3,0,1,75010.15,0,0.2154,0,Low,26790.37
15605893,Cust5893,554,Spain,Male,43,7,0.0,1,1,1,4373.07,0,0.1251,0,Low,0.0
15605894,Cust5894,510,France,Female,21,1,214646.8,2,1,0,134321.98,0,0.3402,0,Medium,73022.84
15605895,Cust5895,638,Spain,Female,57,5,48857.92,4,1,0,149017.15,0,0.4824,1,Medium,23569.06
15605896,Cust5896,733,France,Male,27,6,18690.7,3,0,1,44611.47,0,0.0899,0,Low,1680.29
15605897,Cust5897,649,Spain,Male,35,6,212942.7,1,1,1,153669.13,0,0.2014,0,Low,42886.66
15605898,Cust5898,366,Germany,Male,72,8,214124.03,2,1,1,135512.62,1,0.8048,1,Critical,172327.02
15605899,Cust5899,773,France,Female,83,2,0.0,2,1,1,10914.58,0,0.368,0,Medium,0.0
15605900,Cust5900,743,Spain,Female,58,8,48820.96,3,1,1,53144.47,0,0.2185,0,Low,10667.38
15605901,Cust5901,760,France,Male,89,4,180326.79,3,1,0,199989.87,1,0.8753,1,Critical,157840.04
15605902,Cust5902,374,France,Male,73,4,0.0,4,1,0,1601.19,0,0.5345,1,Medium,0.0
15605903,Cust5903,762,Spain,Male,73,3,155487.75,3,1,0,184051.53,0,0.7296,1,High,113443.86
15605904,Cust5904,584,France,Female,91,10,175308.65,1,0,0,163463.17,1,0.8691,1,Critical,152360.75
15605905,Cust5905,772,Spain,Male,24,9,155494.99,1,1,1,145513.4,0,0.1663,0,Low,25858.82
15605906,Cust5906,741,Germany,Female,35,5,0.0,1,1,0,111320.76,0,0.1577,0,Low,0.0
15605907,Cust5907,790,Germany,Female,50,8,204044.43,3,1,0,50776.3,1,0.7292,1,High,148789.2
15605908,Cust5908,411,France,Male,63,10,0.0,3,0,1,32720.82,1,0.6168,1,High,0.0
15605909,Cust5909,628,France,Female,91,3,176427.17,2,1,0,11447.34,1,0.806,1,Critical,142200.3
15605910,Cust5910,714,Spain,Female,25,3,0.0,3,1,1,112309.6,0,0.1081,0,Low,0.0
15605911,Cust5911,648,France,Male,34,8,248925.33,1,1,1,176081.88,0,0.2463,0,Low,61310.31
15605912,Cust5912,756,Germany,Male,40,3,112353.96,3,1,0,30501.96,0,0.2856,0,Low,32088.29
15605913,Cust5913,714,France,Male,67,1,29065.86,3,1,0,47976.81,0,0.299,0,Low,8690.69
15605914,Cust5914,367,France,Male,88,6,45645.56,1,1,1,29808.07,0,0.6296,1,High,28738.44
15605915,Cust5915,449,Germany,Male,87,2,86986.11,4,0,1,124586.77,1,0.751,1,High,65326.57
15605916,Cust5916,667,Spain,Female,73,6,0.0,4,0,1,152506.59,0,0.4687,1,Medium,0.0
15605917,Cust5917,530,Spain,Female,75,1,194573.11,4,1,1,168197.66,0,0.5864,1,Medium,114097.67
15605918,Cust5918,528,Spain,Female,48,5,3526.42,3,1,1,47339.37,0,0.2146,0,Low,756.77
15605919,Cust5919,807,France,Female,63,2,101470.83,1,1,0,140127.62,0,0.3986,1,Medium,40446.27
15605920,Cust5920,394,France,Male,30,5,0.0,4,1,0,90058.66,1,0.4889,1,Medium,0.0
15605921,Cust5921,611,France,Male,55,2,29434.18,1,0,0,197898.42,1,0.6197,1,High,18240.36
15605922,Cust5922,506,Germany,Female,39,2,144020.95,4,0,0,140565.27,0,0.5449,1,Medium,78477.02
15605923,Cust5923,375,France,Female,86,9,233462.25,2,1,1,20538.11,1,0.6744,1,High,157446.94
15605924,Cust5924,537,Germany,Male,45,10,17899.08,3,1,1,60866.6,0,0.1533,0,Low,2743.93
15605925,Cust5925,553,France,Female,47,3,87431.44,1,1,0,135470.25,0,0.4287,1,Medium,37481.86
15605926,Cust5926,577,Spain,Male,47,7,0.0,2,0,0,139660.39,1,0.3731,0,Medium,0.0
15605927,Cust5927,430,Spain,Female,84,3,0.0,1,0,1,78425.51,1,0.6442,1,High,0.0
15605928,Cust5928,714,Spain,Female,87,1,104374.83,3,1,0,59515.66,0,0.7674,1,High,80097.24
15605929,Cust5929,528,France,Male,49,1,236830.35,2,1,1,51156.87,0,0.3908,1,Medium,92553.3
15605930,Cust5930,637,Spain,Female,91,9,0.0,2,0,1,64649.27,0,0.3526,0,Medium,0.0
15605931,Cust5931,623,France,Female,73,0,150485.14,1,1,1,17471.51,0,0.5773,1,Medium,86875.07
15605932,Cust5932,632,France,Female,80,5,227580.58,1,0,0,72928.07,1,0.8674,1,Critical,197403.4
15605933,Cust5933,603,France,Female,85,2,32415.57,3,0,1,32582.42,1,0.4649,1,Medium,15070.0
15605934,Cust5934,500,France,Male,42,8,195861.24,2,0,0,44084.21,1,0.5741,1,Medium,112443.94
15605935,Cust5935,595,Germany,Male,58,1,182451.18,1,1,1,46162.58,0,0.372,0,Medium,67871.84
15605936,Cust5936,615,France,Male,39,6,0.0,4,0,1,34458.03,0,0.1742,0,Low,0.0
15605937,Cust5937,359,France,Male,40,3,159519.19,1,1,1,100528.94,0,0.2885,0,Low,46021.29
15605938,Cust5938,712,Germany,Female,52,5,31093.25,1,1,1,132591.38,0,0.2475,0,Low,7695.58
15605939,Cust5939,572,Spain,Male,21,2,203510.84,1,1,1,174009.23,1,0.5926,1,Medium,120600.52
15605940,Cust5940,496,Germany,Female,33,1,0.0,2,1,1,104744.95,0,0.1155,0,Low,0.0
15605941,Cust5941,364,Germany,Male,77,1,0.0,3,1,1,10532.39,1,0.6131,1,High,0.0
15605942,Cust5942,502,France,Male,30,6,219022.52,1,1,1,65805.27,0,0.2031,0,Low,44483.47
15605943,Cust5943,552,Spain,Male,64,7,135606.5,2,1,1,106073.22,1,0.5394,1,Medium,73146.15
15605944,Cust5944,769,France,Male,74,9,239221.31,2,1,1,143364.16,1,0.7577,1,High,181257.99
15605945,Cust5945,674,France,Female,37,10,27300.35,1,1,1,45534.41,0,0.1439,0,Low,3928.52
15605946,Cust5946,559,France,Female,51,8,0.0,3,1,0,151173.45,1,0.632,1,High,0.0
15605947,Cust5947,413,Germany,Female,82,0,82485.9,2,0,1,146986.35,1,0.5267,1,Medium,43445.32
15605948,Cust5948,487,France,Female,79,7,54137.52,3,1,1,149741.02,0,0.4067,1,Medium,22017.73
15605949,Cust5949,809,Germany,Male,86,7,0.0,1,0,1,133064.91,1,0.6072,1,High,0.0
15605950,Cust5950,414,France,Female,64,7,0.0,1,1,1,46469.3,0,0.3809,0,Medium,0.0
15605951,Cust5951,665,France,Male,83,7,0.0,4,1,0,117267.46,1,0.7535,1,High,0.0
15605952,Cust5952,609,France,Female,47,7,0.0,2,1,0,55262.6,0,0.3749,0,Medium,0.0
15605953,Cust5953,459,France,Female,62,6,0.0,2,1,0,183246.15,1,0.6927,1,High,0.0
15605954,Cust5954,787,France,Female,67,6,105062.96,2,1,1,10431.04,0,0.2342,0,Low,24605.75
15605955,Cust5955,547,Germany,Male,90,7,246375.73,3,1,1,135394.15,1,0.623,1,High,153492.08
15605956,Cust5956,681,Germany,Male,45,0,192795.6,3,0,0,174208.6,0,0.5173,1,Medium,99733.16
15605957,Cust5957,398,France,Male,82,5,0.0,3,1,1,66989.34,0,0.5144,1,Medium,0.0
15605958,Cust5958,833,Germany,Male,55,1,0.0,4,0,1,50711.63,1,0.5974,1,Medium,0.0
15605959,Cust5959,361,France,Female,25,10,171724.87,3,1,1,22362.77,0,0.2416,0,Low,41488.73
15605960,Cust5960,505,France,Female,66,10,0.0,2,1,0,103643.22,1,0.5682,1,Medium,0.0
15605961,Cust5961,808,France,Male,90,1,58827.35,3,1,1,37778.6,1,0.6458,1,High,37990.7
15605962,Cust5962,669,France,Male,51,9,0.0,2,0,1,117824.29,1,0.2972,0,Low,0.0
15605963,Cust5963,688,France,Male,58,5,176309.04,2,1,0,114492.97,0,0.5171,1,Medium,91169.4
15605964,Cust5964,507,Germany,Male,86,7,5236.56,1,1,1,25942.42,1,0.7067,1,High,3700.68
15605965,Cust5965,740,France,Female,86,7,0.0,2,0,0,138353.66,1,0.599,1,Medium,0.0
15605966,Cust5966,816,Spain,Female,47,1,162216.84,3,0,1,183471.37,0,0.247,0,Low,40067.56
15605967,Cust5967,661,France,Female,74,9,76248.89,2,1,1,186218.05,0,0.2558,0,Low,19504.47
15605968,Cust5968,459,Germany,Female,64,7,0.0,1,1,1,29801.43,0,0.4018,1,Medium,0.0
15605969,Cust5969,804,Spain,Male,65,5,217039.75,1,1,1,164643.57,0,0.4771,1,Medium,103549.66
15605970,Cust5970,352,France,Male,71,6,225353.26,1,1,1,149540.48,1,0.7676,1,High,172981.16
15605971,Cust5971,798,France,Female,42,10,214675.01,2,1,1,192266.69,0,0.1923,0,Low,41282.0
15605972,Cust5972,354,Germany,Male,40,7,0.0,4,1,1,49283.2,0,0.2178,0,Low,0.0
15605973,Cust5973,379,Spain,Female,20,7,69382.34,2,1,1,115244.61,0,0.1518,0,Low,10532.24
15605974,Cust5974,371,Spain,Female,81,9,18669.28,4,0,0,107189.97,0,0.6339,1,High,11834.46
15605975,Cust5975,444,France,Male,38,7,122173.84,1,0,1,165706.07,0,0.2697,0,Low,32950.28
15605976,Cust5976,714,Spain,Male,67,1,0.0,4,1,1,15149.14,0,0.268,0,Low,0.0
15605977,Cust5977,548,France,Female,68,9,0.0,4,1,1,104503.41,0,0.46,1,Medium,0.0
15605978,Cust5978,389,France,Female,70,9,52387.35,1,1,1,90085.2,0,0.4424,1,Medium,23176.16
15605979,Cust5979,520,Germany,Male,81,8,194912.2,1,0,0,196819.35,1,0.8684,1,Critical,169261.75
15605980,Cust5980,849,Germany,Female,82,1,147997.05,3,0,1,164214.72,0,0.3941,1,Medium,58325.64
15605981,Cust5981,613,Germany,Male,18,5,101074.97,1,1,1,191106.94,0,0.1165,0,Low,11775.23
15605982,Cust5982,715,Spain,Female,80,0,215667.57,3,0,1,139050.61,0,0.4702,1,Medium,101406.89
15605983,Cust5983,483,France,Male,33,8,145632.07,3,1,1,47776.91,0,0.1425,0,Low,20752.57
15605984,Cust5984,610,Germany,Male,65,10,230066.89,1,1,0,132652.03,0,0.5837,1,Medium,134290.04
15605985,Cust5985,749,France,Male,67,0,92037.56,4,1,0,166928.52,0,0.3832,1,Medium,35268.79
15605986,Cust5986,687,France,Male,21,1,111018.88,4,0,0,59015.94,0,0.2907,0,Low,32273.19
15605987,Cust5987,353,France,Male,38,10,0.0,2,1,0,116649.25,0,0.1556,0,Low,0.0
15605988,Cust5988,654,Spain,Male,85,8,91922.36,4,1,0,20336.15,1,0.8993,1,Critical,82665.78
15605989,Cust5989,746,France,Female,28,9,0.0,3,1,0,29299.98,0,0.1601,0,Low,0.0
15605990,Cust5990,417,France,Male,35,2,8208.03,3,0,0,79662.32,0,0.2286,0,Low,1876.36
15605991,Cust5991,547,Germany,Male,24,7,63940.48,2,0,1,103792.83,0,0.1056,0,Low,6752.11
15605992,Cust5992,673,Spain,Female,30,9,122656.66,3,0,0,85693.75,0,0.1921,0,Low,23562.34
15605993,Cust5993,352,Spain,Female,65,0,61839.44,4,1,1,7439.31,0,0.361,0,Medium,22324.04
15605994,Cust5994,706,Germany,Male,80,3,27272.15,4,0,1,161312.37,0,0.6263,1,High,17080.55
15605995,Cust5995,774,France,Male,62,3,0.0,3,1,1,59261.99,1,0.3322,0,Medium,0.0
15605996,Cust5996,613,Germany,Male,39,5,36961.83,2,0,1,182691.98,0,0.1466,0,Low,5418.6
15605997,Cust5997,573,Spain,Female,81,2,21498.3,1,1,1,47507.33,0,0.4256,1,Medium,9149.68
15605998,Cust5998,396,Spain,Female,45,3,0.0,2,1,1,132887.21,0,0.2393,0,Low,0.0
15605999,Cust5999,713,Spain,Female,41,2,0.0,3,1,0,91408.88,0,0.1799,0,Low,0.0
15606000,Cust6000,822,France,Male,55,0,200581.84,3,1,0,4113.75,1,0.7244,1,High,145301.48
15606001,Cust6001,790,France,Male,28,7,42696.01,1,1,1,121875.67,0,0.0694,0,Low,2963.1
15606002,Cust6002,625,Germany,Male,44,7,115387.47,1,1,1,6346.09,0,0.2066,0,Low,23839.05
15606003,Cust6003,367,France,Female,77,9,22481.16,2,0,1,10780.83,0,0.3906,1,Medium,8781.14
15606004,Cust6004,493,France,Female,63,6,102950.18,1,1,1,132288.87,1,0.6572,1,High,67658.86
15606005,Cust6005,481,France,Female,91,7,0.0,2,1,1,99457.27,0,0.5084,1,Medium,0.0
15606006,Cust6006,353,Germany,Male,75,3,223186.91,4,1,1,176458.57,0,0.6896,1,High,153909.69
15606007,Cust6007,409,Spain,Male,44,4,129751.52,3,1,1,90607.3,0,0.2987,0,Low,38756.78
15606008,Cust6008,637,Spain,Female,74,4,71600.57,4,1,1,197410.26,0,0.3399,0,Medium,24337.03
15606009,Cust6009,399,Spain,Male,82,10,0.0,4,0,1,4140.02,1,0.7962,1,High,0.0
15606010,Cust6010,369,Spain,Female,64,5,159732.1,1,0,1,184394.72,1,0.6935,1,High,110774.21
15606011,Cust6011,823,Germany,Female,74,9,117619.14,2,1,0,43909.31,1,0.7139,1,High,83968.3
15606012,Cust6012,652,France,Male,55,3,118840.88,1,1,1,37893.65,0,0.2647,0,Low,31457.18
15606013,Cust6013,753,Germany,Female,85,7,0.0,3,1,0,97146.97,0,0.4729,1,Medium,0.0
15606014,Cust6014,474,France,Male,35,3,0.0,1,1,0,130435.94,0,0.2774,0,Low,0.0
15606015,Cust6015,532,France,Male,49,4,129742.7,3,0,1,124885.73,0,0.2954,0,Low,38325.99
15606016,Cust6016,655,France,Male,36,9,14343.48,2,0,0,70709.69,0,0.2198,0,Low,3152.7
15606017,Cust6017,694,Spain,Female,25,7,0.0,1,0,1,122971.98,0,0.0645,0,Low,0.0
15606018,Cust6018,534,Germany,Female,63,5,124051.15,1,1,1,90209.37,0,0.5414,1,Medium,67161.29
15606019,Cust6019,810,Spain,Male,26,4,0.0,3,1,1,41653.92,0,0.0495,0,Low,0.0
15606020,Cust6020,702,Spain,Female,34,8,80998.42,2,1,0,7380.27,1,0.2459,0,Low,19917.51
15606021,Cust6021,460,Spain,Male,74,1,0.0,4,1,0,130660.84,0,0.5515,1,Medium,0.0
15606022,Cust6022,399,France,Female,35,9,0.0,4,1,1,119961.19,0,0.2745,0,Low,0.0
15606023,Cust6023,357,Spain,Female,81,6,0.0,3,1,0,100745.49,1,0.7364,1,High,0.0
15606024,Cust6024,773,Spain,Female,21,3,93613.17,3,1,0,90378.06,0,0.183,0,Low,17131.21
15606025,Cust6025,762,Spain,Female,51,7,19126.35,2,0,0,100844.06,0,0.3468,0,Medium,6633.02
15606026,Cust6026,589,France,Male,22,10,0.0,2,0,0,22573.98,0,0.1441,0,Low,0.0
15606027,Cust6027,712,France,Male,22,3,133207.97,3,1,1,136295.94,0,0.146,0,Low,19448.36
15606028,Cust6028,792,Spain,Female,76,4,97757.24,1,1,0,172051.34,1,0.737,1,High,72047.09
15606029,Cust6029,430,France,Male,22,10,85407.51,4,1,1,22896.54,0,0.1136,0,Low,9702.29
15606030,Cust6030,841,France,Female,84,3,70287.32,3,0,1,154081.77,0,0.3221,0,Medium,22639.55
15606031,Cust6031,595,France,Male,62,9,95443.13,1,1,0,83760.34,0,0.5796,1,Medium,55318.84
15606032,Cust6032,569,France,Female,53,9,0.0,1,1,0,157650.71,1,0.6342,1,High,0.0
15606033,Cust6033,430,France,Female,85,6,248475.19,1,0,0,100857.63,1,0.8837,1,Critical,219577.53
15606034,Cust6034,686,Spain,Female,46,0,138834.78,3,1,1,44309.79,0,0.2319,0,Low,32195.79
15606035,Cust6035,651,Spain,Male,47,0,159043.94,3,1,0,82191.3,0,0.4114,1,Medium,65430.68
15606036,Cust6036,365,Spain,Female,48,3,45785.16,3,1,1,24428.57,0,0.2918,0,Low,13360.11
15606037,Cust6037,674,France,Male,66,0,230851.19,1,1,1,3460.02,0,0.3401,0,Medium,78512.49
15606038,Cust6038,420,France,Male,80,8,142791.01,1,1,1,6124.35,1,0.6359,1,High,90800.8
15606039,Cust6039,488,France,Male,58,7,103593.49,4,0,1,192023.71,0,0.2954,0,Low,30601.52
15606040,Cust6040,656,France,Male,38,5,178303.51,2,1,0,197991.47,0,0.3185,0,Medium,56789.67
15606041,Cust6041,741,France,Female,83,8,76087.6,2,0,0,7905.65,1,0.7412,1,High,56396.13
15606042,Cust6042,417,Spain,Female,62,1,233660.17,1,1,1,37969.36,1,0.5873,1,Medium,137228.62
15606043,Cust6043,587,Spain,Male,79,5,0.0,1,1,0,97488.96,0,0.5582,1,Medium,0.0
15606044,Cust6044,492,Germany,Female,49,3,208277.63,3,1,1,128986.42,0,0.4214,1,Medium,87768.19
15606045,Cust6045,703,France,Female,32,0,241652.08,4,1,1,34485.24,0,0.2161,0,Low,52221.01
15606046,Cust6046,764,France,Female,87,5,0.0,2,0,0,42530.8,0,0.5195,1,Medium,0.0
15606047,Cust6047,670,France,Male,68,1,219164.97,1,0,0,102820.11,0,0.6858,1,High,150303.34
15606048,Cust6048,748,France,Female,40,0,0.0,2,1,1,9908.37,0,0.0769,0,Low,0.0
15606049,Cust6049,575,Germany,Male,80,2,0.0,2,0,1,106718.23,0,0.5425,1,Medium,0.0
15606050,Cust6050,649,France,Female,18,2,89058.16,4,0,0,176609.94,1,0.6229,1,High,55474.33
15606051,Cust6051,496,Germany,Male,86,6,0.0,2,1,0,197397.92,1,0.6209,1,High,0.0
15606052,Cust6052,845,Spain,Female,60,8,112590.83,4,1,1,108187.1,0,0.277,0,Low,31187.66
15606053,Cust6053,452,France,Male,61,5,149194.09,4,1,1,74063.15,0,0.6144,1,High,91664.85
15606054,Cust6054,811,France,Male,18,7,0.0,3,0,1,153764.04,0,0.0578,0,Low,0.0
15606055,Cust6055,723,France,Male,31,1,0.0,2,1,1,180383.24,0,0.0694,0,Low,0.0
15606056,Cust6056,844,France,Male,71,8,0.0,4,1,0,96639.9,0,0.4655,1,Medium,0.0
15606057,Cust6057,671,Germany,Male,59,5,62381.56,3,1,0,169064.6,0,0.4083,1,Medium,25470.39
15606058,Cust6058,526,Spain,Female,27,4,158135.07,3,0,1,85405.64,0,0.1411,0,Low,22312.86
15606059,Cust6059,490,Spain,Male,67,9,25508.71,4,1,0,90025.66,0,0.5454,1,Medium,13912.45
15606060,Cust6060,439,Germany,Male,73,3,0.0,3,1,1,115550.01,0,0.4404,1,Medium,0.0
15606061,Cust6061,834,France,Male,38,4,244621.84,3,1,0,86472.14,0,0.2028,0,Low,49609.31
15606062,Cust6062,403,France,Male,69,10,247194.58,4,1,0,50254.67,1,0.8224,1,Critical,203292.82
15606063,Cust6063,755,France,Male,90,1,129490.81,1,1,0,174844.21,1,0.8614,1,Critical,111543.38
15606064,Cust6064,699,France,Female,53,5,61865.0,4,1,1,190872.32,0,0.1814,0,Low,11222.31
15606065,Cust6065,413,Spain,Male,34,6,0.0,2,1,1,108964.14,0,0.1001,0,Low,0.0
15606066,Cust6066,808,France,Female,89,7,0.0,4,1,1,157788.36,0,0.4055,1,Medium,0.0
15606067,Cust6067,431,France,Male,85,10,10621.68,3,1,0,45482.58,0,0.5427,1,Medium,5764.39
15606068,Cust6068,430,France,Female,51,3,247273.67,4,1,1,138747.55,1,0.7181,1,High,177567.22
15606069,Cust6069,622,France,Male,49,1,81791.81,2,1,0,61648.29,0,0.369,0,Medium,30181.18
15606070,Cust6070,401,Spain,Female,79,4,0.0,4,1,0,34441.79,1,0.7072,1,High,0.0
15606071,Cust6071,401,France,Female,18,1,128390.26,3,1,0,97471.55,0,0.2766,0,Low,35512.75
15606072,Cust6072,662,France,Female,41,8,220092.49,3,0,1,6144.94,0,0.1632,0,Low,35919.09
15606073,Cust6073,833,France,Female,58,6,199779.9,3,1,0,58297.11,0,0.4274,1,Medium,85385.93
15606074,Cust6074,376,Spain,Female,66,8,51387.54,4,1,0,44825.18,1,0.8806,1,Critical,45251.87
15606075,Cust6075,669,Germany,Female,64,3,179111.58,3,0,1,99316.56,1,0.6399,1,High,114613.5
15606076,Cust6076,651,Germany,Female,45,10,218641.18,2,0,1,99224.12,0,0.1852,0,Low,40492.35
15606077,Cust6077,383,France,Male,82,9,178565.98,3,1,1,136219.77,0,0.6156,1,High,109925.22
15606078,Cust6078,424,France,Female,66,10,0.0,2,1,1,24322.51,0,0.3706,0,Medium,0.0
15606079,Cust6079,572,Spain,Female,58,7,0.0,3,1,0,88240.9,0,0.4099,1,Medium,0.0
15606080,Cust6080,697,France,Male,87,2,0.0,2,1,0,8967.92,1,0.6156,1,High,0.0
15606081,Cust6081,461,France,Female,24,1,48904.27,1,1,0,160170.77,0,0.2629,0,Low,12856.93
15606082,Cust6082,567,Germany,Female,70,10,134634.32,1,0,0,178574.0,0,0.5274,1,Medium,71006.14
15606083,Cust6083,595,France,Male,86,9,0.0,2,0,1,198133.44,0,0.2859,0,Low,0.0
15606084,Cust6084,706,France,Male,66,9,158842.5,2,1,1,103873.54,0,0.5648,1,Medium,89714.24
15606085,Cust6085,473,Spain,Male,59,7,26651.01,4,1,0,169777.18,1,0.5518,1,Medium,14706.03
15606086,Cust6086,695,France,Female,44,9,69363.96,3,1,0,91830.35,0,0.3371,0,Medium,23382.59
15606087,Cust6087,766,France,Female,38,5,0.0,4,1,0,40610.23,0,0.1792,0,Low,0.0
15606088,Cust6088,641,France,Male,58,1,52190.8,1,0,0,167797.34,1,0.6145,1,High,32071.25
15606089,Cust6089,711,Germany,Female,84,2,83428.01,1,1,0,9315.12,1,0.836,1,Critical,69745.82
15606090,Cust6090,433,France,Male,52,9,103769.09,1,0,1,118816.28,0,0.2603,0,Low,27011.09
15606091,Cust6091,804,France,Female,26,7,3406.0,1,1,1,187276.21,0,0.0728,0,Low,247.96
15606092,Cust6092,500,Germany,Male,53,10,0.0,1,1,0,54264.23,0,0.304,0,Medium,0.0
15606093,Cust6093,449,Germany,Female,25,9,248689.14,3,1,1,50489.36,0,0.135,0,Low,33573.03
15606094,Cust6094,624,Spain,Male,87,8,102066.96,2,1,0,20977.73,0,0.7787,1,High,79479.54
15606095,Cust6095,543,France,Female,57,0,0.0,2,1,0,100652.76,0,0.32,0,Medium,0.0
15606096,Cust6096,581,France,Female,33,2,63248.85,3,1,1,127419.72,0,0.1689,0,Low,10682.73
15606097,Cust6097,753,Germany,Female,64,4,0.0,2,0,1,102088.52,0,0.3248,0,Medium,0.0
15606098,Cust6098,618,Germany,Male,57,0,114002.61,1,1,0,67638.99,0,0.6128,1,High,69860.8
15606099,Cust6099,537,France,Male,55,10,215496.29,1,1,1,85903.88,0,0.3669,0,Medium,79065.59
15606100,Cust6100,750,Germany,Male,61,2,159811.19,1,1,1,166755.47,0,0.3058,0,Medium,48870.26
15606101,Cust6101,539,France,Male,86,4,99663.04,2,0,1,188779.19,1,0.4125,1,Medium,41111.0
15606102,Cust6102,830,Spain,Male,81,7,96436.72,4,0,0,65147.52,1,0.8737,1,Critical,84256.76
15606103,Cust6103,844,Spain,Female,37,0,0.0,1,1,0,127406.47,0,0.1074,0,Low,0.0
15606104,Cust6104,585,France,Male,35,6,63342.02,3,0,1,164939.35,0,0.0974,0,Low,6169.51
15606105,Cust6105,736,Spain,Male,91,1,0.0,1,1,0,126814.76,1,0.5682,1,Medium,0.0
15606106,Cust6106,704,Spain,Male,65,9,71260.03,1,0,1,177743.69,0,0.2083,0,Low,14843.46
15606107,Cust6107,781,France,Male,19,7,0.0,2,0,0,132799.73,0,0.1625,0,Low,0.0
15606108,Cust6108,581,France,Female,57,3,136650.59,3,1,1,49402.6,0,0.38,0,Medium,51927.22
15606109,Cust6109,553,Germany,Male,26,7,211702.32,4,1,0,120632.24,1,0.5334,1,Medium,112922.02
15606110,Cust6110,488,France,Male,20,3,62794.29,3,1,1,111725.59,0,0.1543,0,Low,9689.16
15606111,Cust6111,643,France,Male,31,1,226181.23,4,0,0,67742.91,0,0.3911,1,Medium,88459.48
15606112,Cust6112,658,France,Female,36,0,133817.09,2,0,0,16254.2,0,0.2998,0,Low,40118.36
15606113,Cust6113,575,Spain,Male,23,2,181708.37,1,1,0,166465.07,0,0.4248,1,Medium,77189.72
15606114,Cust6114,505,France,Male,79,7,0.0,2,0,1,158466.2,0,0.4692,1,Medium,0.0
15606115,Cust6115,575,Spain,Female,50,6,207259.72,2,0,0,5713.18,0,0.5348,1,Medium,110842.5
15606116,Cust6116,601,France,Female,58,3,0.0,2,1,0,145085.42,1,0.4476,1,Medium,0.0
15606117,Cust6117,413,France,Male,82,7,2768.38,1,0,1,131158.97,0,0.565,1,Medium,1564.13
15606118,Cust6118,680,Spain,Male,79,4,97568.82,4,1,0,72785.17,0,0.6364,1,High,62092.8
15606119,Cust6119,771,France,Female,78,1,234591.06,4,1,0,157949.14,0,0.7042,1,High,165199.02
15606120,Cust6120,511,France,Male,32,7,0.0,1,0,1,165775.39,0,0.1017,0,Low,0.0
15606121,Cust6121,545,France,Male,73,5,207096.16,1,1,0,172238.02,1,0.8191,1,Critical,169632.46
15606122,Cust6122,396,Germany,Female,91,7,217239.95,4,1,1,15440.62,1,0.854,1,Critical,185522.92
15606123,Cust6123,641,France,Female,18,6,83144.49,4,1,0,75545.74,0,0.2092,0,Low,17393.83
15606124,Cust6124,564,France,Male,82,1,0.0,1,1,1,6064.17,0,0.4437,1,Medium,0.0
15606125,Cust6125,779,France,Female,82,0,94358.75,3,1,0,146113.11,0,0.5972,1,Medium,56351.05
15606126,Cust6126,804,France,Female,80,1,6340.11,2,0,1,84340.48,0,0.3686,0,Medium,2336.96
15606127,Cust6127,737,France,Female,47,2,173601.87,4,1,1,149880.34,0,0.3826,1,Medium,66420.08
15606128,Cust6128,455,Germany,Female,32,2,205072.32,3,1,1,158822.76,0,0.3257,0,Medium,66792.05
15606129,Cust6129,449,France,Male,72,10,0.0,1,1,0,13231.61,1,0.6431,1,High,0.0
15606130,Cust6130,593,France,Male,64,8,43352.34,2,1,0,188763.76,0,0.484,1,Medium,20982.53
15606131,Cust6131,659,Germany,Male,71,9,0.0,3,0,1,99406.81,0,0.4179,1,Medium,0.0
15606132,Cust6132,365,Germany,Male,36,5,184564.2,2,0,1,193436.68,0,0.1913,0,Low,35307.13
15606133,Cust6133,598,France,Female,31,3,0.0,1,1,0,27262.68,0,0.2337,0,Low,0.0
15606134,Cust6134,393,France,Female,84,4,88948.16,3,0,1,70131.22,0,0.5727,1,Medium,50940.61
15606135,Cust6135,480,France,Female,56,9,92082.35,3,0,0,91665.64,0,0.5129,1,Medium,47229.04
15606136,Cust6136,529,Spain,Male,80,3,0.0,4,0,1,188010.41,0,0.4519,1,Medium,0.0
15606137,Cust6137,370,France,Male,86,6,48348.42,3,1,1,21020.63,0,0.511,1,Medium,24706.04
15606138,Cust6138,481,France,Male,51,1,0.0,2,1,1,109620.33,0,0.1986,0,Low,0.0
15606139,Cust6139,665,France,Female,37,10,0.0,4,1,1,26576.08,0,0.0875,0,Low,0.0
15606140,Cust6140,849,France,Male,84,7,121637.42,2,1,0,44724.59,0,0.6525,1,High,79368.42
15606141,Cust6141,740,France,Female,70,10,0.0,3,1,0,121530.03,0,0.443,1,Medium,0.0
15606142,Cust6142,503,France,Female,67,3,0.0,4,1,1,56076.48,0,0.4013,1,Medium,0.0
15606143,Cust6143,821,Germany,Male,88,6,190237.36,4,1,1,57341.72,1,0.6915,1,High,131549.13
15606144,Cust6144,570,Germany,Female,36,3,0.0,2,0,0,133998.13,1,0.5299,1,Medium,0.0
15606145,Cust6145,527,Germany,Female,44,5,111378.12,2,1,1,161663.51,0,0.2212,0,Low,24636.84
15606146,Cust6146,774,Spain,Female,20,3,178265.03,4,1,0,6821.23,1,0.2835,0,Low,50538.14
15606147,Cust6147,550,France,Male,46,1,222082.56,3,1,1,44913.35,0,0.3173,0,Medium,70466.8
15606148,Cust6148,720,Spain,Male,51,4,160761.41,4,1,1,105359.09,0,0.4078,1,Medium,65558.5
15606149,Cust6149,431,Germany,Male,51,5,60691.63,1,0,0,181886.95,0,0.3842,1,Medium,23317.72
15606150,Cust6150,516,Spain,Female,29,1,0.0,4,1,0,74189.09,0,0.244,0,Low,0.0
15606151,Cust6151,843,Germany,Female,77,4,210384.96,1,1,1,57763.55,0,0.5395,1,Medium,113502.69
15606152,Cust6152,472,France,Male,54,1,138508.97,2,1,1,18823.85,0,0.3528,0,Medium,48865.96
15606153,Cust6153,775,France,Male,50,7,45968.02,1,1,1,41918.68,0,0.2374,0,Low,10912.81
15606154,Cust6154,583,France,Female,81,3,121419.18,4,1,1,99421.83,1,0.698,1,High,84750.59
15606155,Cust6155,829,France,Female,53,0,31580.66,1,1,1,58783.09,0,0.2605,0,Low,8226.76
15606156,Cust6156,558,France,Female,84,5,0.0,3,1,0,118774.51,0,0.609,1,High,0.0
15606157,Cust6157,598,France,Female,34,9,229994.23,1,1,1,60380.77,0,0.2075,0,Low,47723.8
15606158,Cust6158,547,France,Female,80,10,0.0,1,1,0,47683.26,1,0.707,1,High,0.0
15606159,Cust6159,455,Spain,Female,91,10,62228.16,2,1,1,128881.82,0,0.3825,1,Medium,23802.27
15606160,Cust6160,772,Germany,Female,73,1,220316.7,1,1,1,145206.49,0,0.5474,1,Medium,120601.36
15606161,Cust6161,637,Germany,Male,84,2,249721.06,2,1,1,183912.49,0,0.6126,1,High,152979.12
15606162,Cust6162,603,France,Male,72,9,0.0,1,1,1,113115.56,0,0.3929,1,Medium,0.0
15606163,Cust6163,536,Germany,Male,62,6,0.0,3,1,0,189526.67,1,0.6945,1,High,0.0
15606164,Cust6164,736,Spain,Female,74,5,0.0,1,1,1,43278.77,0,0.3676,0,Medium,0.0
15606165,Cust6165,524,Germany,Male,89,8,49346.81,2,1,0,105741.63,0,0.6248,1,High,30831.89
15606166,Cust6166,469,Germany,Female,62,0,219423.41,1,1,0,92307.77,1,0.6849,1,High,150283.09
15606167,Cust6167,391,France,Female,68,6,0.0,4,1,1,138561.98,0,0.4037,1,Medium,0.0
15606168,Cust6168,787,France,Male,23,6,8059.48,2,1,1,46336.22,0,0.0524,0,Low,422.32
15606169,Cust6169,386,Germany,Male,88,10,8094.49,2,1,1,26055.66,1,0.7532,1,High,6096.77
15606170,Cust6170,773,Spain,Male,75,5,46958.59,2,1,1,87732.57,0,0.3931,1,Medium,18459.42
15606171,Cust6171,539,France,Female,29,5,0.0,1,0,0,136163.59,0,0.1663,0,Low,0.0
15606172,Cust6172,351,France,Male,39,8,0.0,2,0,0,143600.46,0,0.2026,0,Low,0.0
15606173,Cust6173,814,France,Male,34,2,0.0,4,1,1,134813.7,0,0.0927,0,Low,0.0
15606174,Cust6174,721,France,Male,41,0,0.0,2,1,1,129560.03,0,0.092,0,Low,0.0
15606175,Cust6175,712,Spain,Male,83,5,0.0,4,1,1,31993.31,0,0.4483,1,Medium,0.0
15606176,Cust6176,624,Germany,Female,52,6,13056.03,1,1,0,158332.05,1,0.7003,1,High,9143.14
15606177,Cust6177,731,France,Female,49,5,182847.39,2,1,1,112054.65,0,0.3278,0,Medium,59937.37
15606178,Cust6178,416,France,Male,75,7,0.0,3,1,0,13656.7,0,0.5997,1,Medium,0.0
15606179,Cust6179,467,France,Female,45,2,65645.76,1,0,1,51037.96,1,0.419,1,Medium,27505.57
15606180,Cust6180,622,France,Female,83,0,132727.35,2,1,0,53195.35,0,0.6744,1,High,89511.32
15606181,Cust6181,717,Germany,Male,73,8,0.0,4,1,1,26574.35,1,0.6045,1,High,0.0
15606182,Cust6182,644,Spain,Male,37,9,0.0,2,1,0,28225.24,0,0.1957,0,Low,0.0
15606183,Cust6183,553,Germany,Female,64,6,0.0,4,1,0,178257.03,0,0.6482,1,High,0.0
15606184,Cust6184,686,France,Female,53,3,144229.21,1,1,0,89942.26,0,0.4706,1,Medium,67874.27
15606185,Cust6185,379,Germany,Male,43,4,185051.31,4,0,1,82865.37,1,0.6371,1,High,117896.19
15606186,Cust6186,604,Germany,Male,85,5,0.0,4,1,1,162022.29,1,0.6807,1,High,0.0
15606187,Cust6187,547,France,Female,47,4,0.0,2,1,1,72816.82,0,0.2506,0,Low,0.0
15606188,Cust6188,599,Germany,Female,26,2,0.0,3,1,1,63609.91,0,0.1156,0,Low,0.0
15606189,Cust6189,415,Germany,Male,48,4,0.0,1,0,0,41134.11,0,0.3771,0,Medium,0.0
15606190,Cust6190,802,Spain,Male,56,3,51013.49,1,1,1,17512.14,0,0.2111,0,Low,10768.95
15606191,Cust6191,777,France,Female,27,4,144896.9,2,1,1,39768.52,0,0.1116,0,Low,16170.49
15606192,Cust6192,822,France,Male,72,4,78454.4,2,1,0,163723.11,0,0.4939,1,Medium,38748.63
15606193,Cust6193,770,France,Male,34,5,175910.6,3,1,1,112787.11,0,0.1814,0,Low,31910.18
15606194,Cust6194,682,France,Female,24,8,0.0,4,1,0,117685.3,0,0.1781,0,Low,0.0
15606195,Cust6195,494,France,Male,57,3,0.0,1,1,1,73528.21,0,0.2722,0,Low,0.0
15606196,Cust6196,407,Spain,Female,29,0,236340.82,4,0,0,98321.51,0,0.5638,1,Medium,133248.95
15606197,Cust6197,656,France,Female,75,8,227174.86,2,0,1,131786.72,1,0.7521,1,High,170858.21
15606198,Cust6198,824,France,Male,23,2,112936.31,3,1,1,83285.05,0,0.116,0,Low,13100.61
15606199,Cust6199,532,Spain,Male,49,10,191366.87,4,1,1,66241.41,0,0.2933,0,Low,56127.9
15606200,Cust6200,847,Germany,Female,21,5,245515.63,3,1,0,50299.33,0,0.1719,0,Low,42204.14
15606201,Cust6201,427,France,Male,46,5,22156.28,1,1,1,42319.08,0,0.2085,0,Low,4619.58
15606202,Cust6202,491,Germany,Female,87,4,151541.31,3,1,0,114114.5,1,0.8516,1,Critical,129052.58
15606203,Cust6203,675,France,Male,66,7,63374.38,1,1,0,14468.11,1,0.705,1,High,44678.94
15606204,Cust6204,596,France,Female,57,7,0.0,2,1,0,32005.57,0,0.3871,1,Medium,0.0
15606205,Cust6205,730,Germany,Male,29,10,0.0,3,1,0,118313.64,0,0.2258,0,Low,0.0
15606206,Cust6206,522,France,Male,41,0,197202.62,3,1,1,161372.22,0,0.3672,0,Medium,72412.8
15606207,Cust6207,738,France,Female,46,2,50152.33,4,0,0,53004.56,1,0.6706,1,High,33632.15
15606208,Cust6208,500,France,Male,60,3,0.0,2,1,1,1907.45,0,0.2514,0,Low,0.0
15606209,Cust6209,424,Spain,Male,33,2,203455.2,4,0,1,133646.64,1,0.7563,1,High,153873.17
15606210,Cust6210,634,France,Female,91,10,16865.87,2,1,0,8074.53,0,0.4687,1,Medium,7905.03
15606211,Cust6211,606,Germany,Female,66,0,232042.44,2,1,0,66404.47,0,0.6099,1,High,141522.68
15606212,Cust6212,634,France,Male,41,1,0.0,3,0,0,89944.24,0,0.1824,0,Low,0.0
15606213,Cust6213,361,Germany,Female,26,4,125182.02,3,1,1,151160.5,1,0.595,1,Medium,74483.3
15606214,Cust6214,555,France,Male,62,2,183642.29,4,1,1,154586.06,1,0.7191,1,High,132057.17
15606215,Cust6215,395,France,Male,51,3,0.0,4,1,0,83457.75,1,0.4898,1,Medium,0.0
15606216,Cust6216,753,Germany,Male,67,6,0.0,3,1,1,174754.96,0,0.3409,0,Medium,0.0
15606217,Cust6217,390,Germany,Female,62,6,128891.86,3,1,0,76474.52,1,0.8404,1,Critical,108320.72
15606218,Cust6218,816,France,Female,65,9,146458.56,2,1,0,94894.73,1,0.6617,1,High,96911.63
15606219,Cust6219,378,France,Male,79,4,0.0,1,1,0,79302.4,0,0.6669,1,High,0.0
15606220,Cust6220,655,France,Female,56,10,0.0,3,0,1,123829.7,0,0.1466,0,Low,0.0
15606221,Cust6221,517,France,Male,71,2,0.0,3,1,1,80677.6,0,0.3656,0,Medium,0.0
15606222,Cust6222,405,Germany,Male,44,2,0.0,2,0,0,186321.13,0,0.3356,0,Medium,0.0
15606223,Cust6223,529,France,Male,87,4,234766.5,3,0,0,168118.76,1,0.8875,1,Critical,208355.27
15606224,Cust6224,370,Germany,Female,48,1,0.0,3,1,0,77889.24,0,0.3711,0,Medium,0.0
15606225,Cust6225,699,France,Male,68,0,70556.08,2,1,1,4822.37,0,0.3571,0,Medium,25195.58
15606226,Cust6226,786,France,Female,91,4,13136.67,1,0,0,109197.34,1,0.7571,1,High,9945.77
15606227,Cust6227,515,France,Male,43,5,0.0,2,1,1,48463.45,1,0.2588,0,Low,0.0
15606228,Cust6228,569,France,Female,25,3,131936.41,1,0,1,64047.64,0,0.1921,0,Low,25344.98
15606229,Cust6229,420,France,Male,35,2,47741.05,1,1,1,91776.36,0,0.1926,0,Low,9194.93
15606230,Cust6230,591,Spain,Male,36,1,223343.46,2,1,0,160933.66,0,0.4253,1,Medium,94987.97
15606231,Cust6231,824,France,Female,22,1,0.0,4,1,1,149584.97,0,0.1027,0,Low,0.0
15606232,Cust6232,619,Spain,Female,58,9,0.0,4,0,0,111519.16,1,0.6726,1,High,0.0
15606233,Cust6233,788,France,Female,38,0,140242.76,2,0,0,145643.37,0,0.2782,0,Low,39015.54
15606234,Cust6234,740,France,Male,25,7,93319.94,3,1,0,61444.67,0,0.1642,0,Low,15323.13
15606235,Cust6235,412,France,Female,28,7,0.0,1,0,0,98572.97,0,0.1279,0,Low,0.0
15606236,Cust6236,376,France,Male,38,2,94310.83,2,0,0,14228.2,0,0.3116,0,Medium,29387.25
15606237,Cust6237,531,Germany,Female,45,2,0.0,2,1,1,10506.94,0,0.1906,0,Low,0.0
15606238,Cust6238,820,Spain,Female,90,4,0.0,2,1,1,32129.37,0,0.4082,1,Medium,0.0
15606239,Cust6239,434,Germany,Female,69,7,115990.68,3,1,1,150213.8,0,0.485,1,Medium,56255.48
15606240,Cust6240,372,Germany,Female,70,0,143273.22,3,0,1,184423.12,0,0.4265,1,Medium,61106.03
15606241,Cust6241,830,France,Male,69,8,0.0,3,1,1,123445.21,0,0.294,0,Low,0.0
15606242,Cust6242,449,France,Male,77,3,22837.78,1,1,0,8123.52,1,0.8105,1,Critical,18510.02
15606243,Cust6243,528,Spain,Female,41,5,216749.07,4,1,1,124640.3,0,0.3837,1,Medium,83166.62
15606244,Cust6244,740,France,Male,25,10,114018.6,2,1,0,55062.67,0,0.2168,0,Low,24719.23
15606245,Cust6245,399,France,Male,55,1,145482.76,4,0,1,175796.45,0,0.4579,1,Medium,66616.56
15606246,Cust6246,435,Spain,Female,18,10,235079.2,2,1,0,146167.29,1,0.8161,1,Critical,191848.14
15606247,Cust6247,714,Spain,Female,34,6,41994.68,3,1,1,72309.57,0,0.0765,0,Low,3212.59
15606248,Cust6248,353,Germany,Female,73,4,221121.51,1,1,1,88112.21,1,0.6634,1,High,146692.01
15606249,Cust6249,706,France,Female,55,0,201107.61,3,1,1,143725.14,0,0.3795,0,Medium,76320.34
15606250,Cust6250,621,Spain,Female,69,0,248506.84,4,1,0,185689.7,1,0.7693,1,High,191176.31
15606251,Cust6251,470,France,Male,55,8,98260.57,3,1,1,59675.16,0,0.2986,0,Low,29340.61
15606252,Cust6252,657,France,Female,58,4,31711.78,4,1,0,154111.06,0,0.3856,1,Medium,12228.06
15606253,Cust6253,511,France,Female,40,8,3544.04,2,1,0,137618.33,1,0.3396,0,Medium,1203.56
15606254,Cust6254,825,Spain,Female,34,9,198148.97,1,1,0,47880.99,0,0.1856,0,Low,36776.45
15606255,Cust6255,557,Spain,Female,37,4,34149.05,2,1,0,49975.9,0,0.3138,0,Medium,10715.97
15606256,Cust6256,724,Germany,Male,77,3,76503.03,4,1,1,42676.04,0,0.4184,1,Medium,32008.87
15606257,Cust6257,484,France,Female,90,2,246828.76,3,1,0,34724.34,0,0.6261,1,High,154539.49
15606258,Cust6258,767,France,Female,24,7,110523.74,3,1,1,62122.87,0,0.0743,0,Low,8211.91
15606259,Cust6259,494,France,Male,57,7,57801.43,4,0,1,25838.85,0,0.3311,0,Medium,19138.05
15606260,Cust6260,604,Spain,Female,52,3,188308.39,2,1,1,50362.81,0,0.3072,0,Medium,57848.34
15606261,Cust6261,751,France,Female,59,6,0.0,3,1,1,72205.6,1,0.4054,1,Medium,0.0
15606262,Cust6262,813,France,Male,35,5,0.0,4,1,0,111283.93,0,0.2465,0,Low,0.0
15606263,Cust6263,726,Germany,Female,18,1,0.0,1,1,0,87232.19,0,0.1887,0,Low,0.0
15606264,Cust6264,684,France,Male,33,5,115208.23,1,1,0,63564.82,0,0.2989,0,Low,34435.74
15606265,Cust6265,697,Spain,Male,31,8,27154.43,4,1,0,23280.53,0,0.2924,0,Low,7939.96
15606266,Cust6266,553,France,Female,21,10,0.0,4,1,0,112173.52,0,0.2136,0,Low,0.0
15606267,Cust6267,694,Spain,Female,44,3,0.0,4,1,1,168024.42,1,0.1431,0,Low,0.0
15606268,Cust6268,637,France,Male,68,2,79700.92,4,1,1,122943.4,1,0.4007,1,Medium,31936.16
15606269,Cust6269,611,France,Male,89,9,0.0,2,1,1,113385.79,0,0.3782,0,Medium,0.0
15606270,Cust6270,506,France,Female,66,10,207425.63,3,1,1,76641.06,0,0.5352,1,Medium,111014.2
15606271,Cust6271,525,France,Female,30,9,0.0,4,1,1,106242.69,0,0.1955,0,Low,0.0
15606272,Cust6272,411,Germany,Male,44,3,236053.06,3,1,1,134181.81,1,0.6265,1,High,147887.24
15606273,Cust6273,710,France,Male,40,3,52849.68,3,0,1,58109.45,0,0.1689,0,Low,8926.31
15606274,Cust6274,361,France,Male,33,6,143371.36,3,0,1,190689.65,0,0.2262,0,Low,32430.6
15606275,Cust6275,408,Germany,Male,91,2,232264.31,1,0,0,4377.58,0,0.4826,1,Medium,112090.76
15606276,Cust6276,496,France,Male,66,8,142426.63,2,1,0,67052.52,1,0.7271,1,High,103558.4
15606277,Cust6277,420,Germany,Male,53,4,76997.45,3,0,1,196416.09,0,0.2407,0,Low,18533.29
15606278,Cust6278,725,Germany,Female,50,3,202914.0,4,1,1,162144.35,1,0.593,1,Medium,120328.0
15606279,Cust6279,413,France,Female,41,8,0.0,1,1,0,11162.57,0,0.1245,0,Low,0.0
15606280,Cust6280,578,Spain,Male,48,3,38000.07,2,0,1,72117.7,0,0.2561,0,Low,9731.82
15606281,Cust6281,717,France,Female,64,1,0.0,3,1,1,137512.67,0,0.2939,0,Low,0.0
15606282,Cust6282,645,France,Female,86,8,17332.96,2,1,0,110192.33,0,0.5357,1,Medium,9285.27
15606283,Cust6283,646,France,Male,54,3,12657.7,4,0,1,186865.27,0,0.1808,0,Low,2288.51
15606284,Cust6284,522,Spain,Female,31,7,94768.68,3,1,0,157795.98,0,0.1836,0,Low,17399.53
15606285,Cust6285,575,Germany,Male,88,7,0.0,2,1,1,131922.13,0,0.5665,1,Medium,0.0
15606286,Cust6286,734,Germany,Female,41,0,0.0,4,0,0,121039.92,1,0.6598,1,High,0.0
15606287,Cust6287,588,Spain,Female,24,0,185183.04,2,1,1,199691.75,0,0.1999,0,Low,37018.09
15606288,Cust6288,700,France,Female,58,9,142213.24,2,1,1,100426.17,0,0.3011,0,Medium,42820.41
15606289,Cust6289,764,Spain,Male,76,0,178387.14,2,1,0,1005.86,1,0.8469,1,Critical,151076.07
15606290,Cust6290,472,Germany,Female,37,3,12473.64,4,1,1,148493.18,1,0.1915,0,Low,2388.7
15606291,Cust6291,410,Spain,Male,38,8,0.0,2,1,0,104807.01,0,0.17,0,Low,0.0
15606292,Cust6292,582,Spain,Male,39,1,241601.73,4,1,0,168556.94,1,0.6298,1,High,152160.77
15606293,Cust6293,542,Spain,Female,77,5,0.0,3,1,1,90078.36,0,0.5062,1,Medium,0.0
15606294,Cust6294,425,France,Male,88,1,55622.92,1,0,0,32515.52,0,0.708,1,High,39381.03
15606295,Cust6295,730,Spain,Male,80,6,248021.55,4,1,1,131195.4,1,0.6224,1,High,154368.61
15606296,Cust6296,662,Spain,Female,34,7,102829.54,1,1,1,182992.45,0,0.1963,0,Low,20185.44
15606297,Cust6297,679,Germany,Female,80,2,119695.46,4,1,1,18115.25,0,0.4473,1,Medium,53539.78
15606298,Cust6298,705,France,Male,40,3,0.0,4,1,1,36336.02,0,0.1417,0,Low,0.0
15606299,Cust6299,568,Spain,Male,82,5,0.0,3,1,1,45706.57,1,0.5056,1,Medium,0.0
15606300,Cust6300,605,France,Male,91,8,0.0,2,1,1,28156.08,0,0.4083,1,Medium,0.0
15606301,Cust6301,462,France,Female,71,5,152480.89,2,0,0,112580.9,0,0.759,1,High,115733.0
15606302,Cust6302,716,Germany,Male,88,7,0.0,4,1,0,15302.34,1,0.7865,1,High,0.0
15606303,Cust6303,824,France,Female,28,4,163099.46,2,1,0,196917.76,0,0.2347,0,Low,38279.44
15606304,Cust6304,787,Germany,Male,66,1,22595.57,1,1,1,33776.87,1,0.3543,0,Medium,8005.61
15606305,Cust6305,554,France,Male,21,10,19943.52,3,1,1,9960.48,0,0.0941,0,Low,1876.69
15606306,Cust6306,375,Germany,Male,66,8,210587.89,3,1,0,66829.07,1,0.7154,1,High,150654.58
15606307,Cust6307,789,Spain,Female,43,0,226139.78,1,1,0,95227.99,0,0.3254,0,Medium,73585.88
15606308,Cust6308,638,France,Male,89,3,33915.09,2,1,0,165018.11,0,0.5583,1,Medium,18934.79
15606309,Cust6309,739,Germany,Female,54,4,93865.05,2,1,1,123355.24,0,0.217,0,Low,20368.72
15606310,Cust6310,500,France,Male,74,0,163516.72,3,1,1,196701.95,1,0.6837,1,High,111796.38
15606311,Cust6311,781,Spain,Female,40,9,208870.24,3,0,1,79987.29,0,0.1229,0,Low,25670.15
15606312,Cust6312,769,Spain,Male,23,1,0.0,4,1,0,18736.62,0,0.1157,0,Low,0.0
15606313,Cust6313,358,France,Male,72,2,174670.69,3,1,1,182184.88,0,0.518,1,Medium,90479.42
15606314,Cust6314,632,Germany,Male,34,3,36868.63,3,1,1,114841.09,0,0.1235,0,Low,4553.28
15606315,Cust6315,589,Germany,Male,71,10,192087.74,1,0,0,102188.62,1,0.7824,1,High,150289.45
15606316,Cust6316,679,Germany,Male,52,2,214756.23,4,1,1,90197.98,0,0.5858,1,Medium,125804.2
15606317,Cust6317,479,Germany,Female,89,4,87826.49,2,1,1,37560.48,0,0.5678,1,Medium,49867.88
15606318,Cust6318,399,France,Female,44,7,123538.17,2,1,1,73575.43,0,0.2741,0,Low,33861.81
15606319,Cust6319,487,Germany,Male,47,1,41595.65,4,1,1,65117.0,1,0.6654,1,High,27677.75
15606320,Cust6320,613,France,Male,72,0,76129.87,2,1,1,71436.03,1,0.6522,1,High,49651.9
15606321,Cust6321,485,France,Male,76,1,217449.9,4,1,1,55187.99,0,0.6393,1,High,139015.72
15606322,Cust6322,582,Spain,Female,27,2,22211.81,4,1,1,100112.26,0,0.1874,0,Low,4162.49
15606323,Cust6323,545,France,Male,72,3,190605.78,3,1,1,150170.42,1,0.6588,1,High,125571.09
15606324,Cust6324,697,Germany,Male,54,10,24409.27,3,1,1,192012.92,0,0.1541,0,Low,3761.47
15606325,Cust6325,555,France,Female,91,10,0.0,4,1,0,23508.52,0,0.5475,1,Medium,0.0
15606326,Cust6326,422,Spain,Male,64,6,0.0,3,0,0,175409.27,0,0.5261,1,Medium,0.0
15606327,Cust6327,667,Germany,Male,75,10,828.35,4,1,1,68919.12,0,0.4789,1,Medium,396.7
15606328,Cust6328,456,France,Male,43,0,168843.12,3,1,0,103741.37,0,0.3951,1,Medium,66709.92
15606329,Cust6329,500,France,Male,38,6,79048.79,4,1,1,23152.5,0,0.3091,0,Medium,24433.98
15606330,Cust6330,704,France,Male,76,4,187142.58,4,1,1,27451.81,1,0.7235,1,High,135397.66
15606331,Cust6331,486,Spain,Female,19,1,243809.19,4,1,1,163081.27,0,0.293,0,Low,71436.09
15606332,Cust6332,380,Germany,Female,60,6,104122.27,2,1,0,102761.59,0,0.7777,1,High,80975.89
15606333,Cust6333,530,France,Male,89,5,7498.97,3,1,0,48277.62,0,0.4837,1,Medium,3627.25
15606334,Cust6334,544,Germany,Female,91,8,212222.89,3,1,1,184678.43,0,0.6345,1,High,134655.42
15606335,Cust6335,693,France,Male,70,4,68644.59,4,1,1,172528.67,0,0.2526,0,Low,17339.62
15606336,Cust6336,705,France,Male,54,4,37154.12,2,1,1,75748.78,0,0.2593,0,Low,9634.06
15606337,Cust6337,350,France,Male,78,2,0.0,1,0,1,40441.67,1,0.7613,1,High,0.0
15606338,Cust6338,729,France,Female,19,5,58132.43,4,1,1,70974.64,0,0.122,0,Low,7092.16
15606339,Cust6339,724,Germany,Male,76,0,151321.32,3,1,0,138588.62,0,0.7203,1,High,108996.75
15606340,Cust6340,436,Spain,Female,32,6,63495.91,1,0,0,65336.4,0,0.2954,0,Low,18756.69
15606341,Cust6341,519,Spain,Female,72,4,178114.55,4,1,1,95096.13,0,0.6594,1,High,117448.73
15606342,Cust6342,734,Spain,Male,43,3,0.0,1,1,1,189883.28,0,0.1725,0,Low,0.0
15606343,Cust6343,638,France,Male,73,4,0.0,1,1,1,188512.13,0,0.3243,0,Medium,0.0
15606344,Cust6344,520,France,Male,62,9,138756.23,3,1,1,90738.46,1,0.6179,1,High,85737.47
15606345,Cust6345,731,Germany,Female,86,7,56810.88,1,1,1,179916.85,0,0.3734,0,Medium,21213.18
15606346,Cust6346,666,Spain,Male,76,9,0.0,2,1,0,77133.73,0,0.4489,1,Medium,0.0
15606347,Cust6347,605,Germany,Male,85,4,200177.23,2,0,1,96385.04,1,0.6876,1,High,137641.86
15606348,Cust6348,353,France,Female,29,4,0.0,4,1,1,42503.61,0,0.2672,0,Low,0.0
15606349,Cust6349,674,Germany,Male,46,0,194467.32,3,0,0,49398.25,0,0.432,1,Medium,84009.88
15606350,Cust6350,440,Spain,Male,50,7,0.0,4,0,1,139044.56,0,0.1665,0,Low,0.0
15606351,Cust6351,810,Spain,Male,20,0,117981.03,3,0,1,155831.28,0,0.1323,0,Low,15608.89
15606352,Cust6352,444,Spain,Male,19,10,0.0,2,1,1,114146.02,0,0.0968,0,Low,0.0
15606353,Cust6353,364,France,Female,20,7,172906.8,3,1,1,128032.68,1,0.6528,1,High,112873.56
15606354,Cust6354,538,France,Female,74,5,6557.04,2,0,1,62244.85,0,0.4762,1,Medium,3122.46
15606355,Cust6355,525,France,Male,51,7,0.0,1,1,1,180223.91,0,0.2753,0,Low,0.0
15606356,Cust6356,526,France,Male,73,10,0.0,3,1,0,138424.78,0,0.4895,1,Medium,0.0
15606357,Cust6357,814,Spain,Male,79,1,0.0,4,0,0,173971.88,0,0.596,1,Medium,0.0
15606358,Cust6358,487,Germany,Female,20,8,0.0,4,1,1,154461.14,0,0.0793,0,Low,0.0
15606359,Cust6359,769,France,Female,80,9,90846.59,2,1,1,93730.1,0,0.4288,1,Medium,38955.02
15606360,Cust6360,431,France,Female,34,6,184773.69,2,1,0,134665.25,1,0.5537,1,Medium,102309.19
15606361,Cust6361,659,Germany,Male,47,7,242957.87,4,1,1,27895.95,1,0.7849,1,High,190697.63
15606362,Cust6362,415,Germany,Male,89,5,230845.7,3,0,1,73102.49,1,0.7452,1,High,172026.22
15606363,Cust6363,464,France,Female,40,1,206931.21,2,1,1,119835.3,1,0.5127,1,Medium,106093.63
15606364,Cust6364,424,Spain,Male,87,10,0.0,4,0,1,34661.56,1,0.7414,1,High,0.0
15606365,Cust6365,515,France,Male,55,3,98483.08,1,0,1,164245.48,0,0.322,0,Medium,31711.55
15606366,Cust6366,580,France,Female,18,4,182895.6,4,0,0,75622.32,0,0.3503,0,Medium,64068.33
15606367,Cust6367,779,France,Male,79,10,0.0,2,0,0,183524.74,0,0.375,0,Medium,0.0
15606368,Cust6368,728,Germany,Male,21,0,0.0,2,1,0,165321.45,0,0.173,0,Low,0.0
15606369,Cust6369,699,Germany,Female,65,4,0.0,3,1,1,54077.63,1,0.3188,0,Medium,0.0
15606370,Cust6370,594,Spain,Male,51,6,107441.52,1,0,0,1857.48,1,0.6895,1,High,74080.93
15606371,Cust6371,493,France,Male,28,2,209316.71,4,1,1,13384.27,0,0.3245,0,Medium,67923.27
15606372,Cust6372,498,Spain,Female,56,7,187393.34,1,1,0,15930.3,0,0.6203,1,High,116240.09
15606373,Cust6373,416,Germany,Male,44,5,0.0,3,1,1,58349.66,0,0.2427,0,Low,0.0
15606374,Cust6374,682,France,Female,25,2,0.0,2,1,0,4200.78,1,0.2188,0,Low,0.0
15606375,Cust6375,741,France,Male,59,2,148076.67,4,0,0,93241.2,0,0.4925,1,Medium,72927.76
15606376,Cust6376,624,France,Female,21,3,157906.21,3,1,1,116637.84,0,0.1594,0,Low,25170.25
15606377,Cust6377,638,Spain,Male,57,8,0.0,2,1,1,156639.87,0,0.1738,0,Low,0.0
15606378,Cust6378,536,France,Female,34,5,0.0,2,1,1,178140.6,0,0.1116,0,Low,0.0
15606379,Cust6379,832,France,Female,79,8,0.0,1,1,1,5355.66,0,0.3798,0,Medium,0.0
15606380,Cust6380,794,Germany,Female,88,7,89595.2,1,1,0,196811.18,0,0.5124,1,Medium,45908.58
15606381,Cust6381,553,Spain,Male,86,8,14344.74,2,1,1,114426.45,1,0.5373,1,Medium,7707.43
15606382,Cust6382,728,Germany,Male,87,9,0.0,1,1,1,130375.16,0,0.3925,1,Medium,0.0
15606383,Cust6383,524,Spain,Female,25,6,133167.35,3,1,0,44994.43,0,0.2312,0,Low,30788.29
15606384,Cust6384,412,France,Female,55,3,208330.34,4,1,0,95008.53,0,0.6536,1,High,136164.71
15606385,Cust6385,495,Spain,Male,34,7,0.0,1,1,0,68852.55,0,0.1728,0,Low,0.0
15606386,Cust6386,768,France,Male,25,10,0.0,4,1,1,80763.34,0,0.0308,0,Low,0.0
15606387,Cust6387,591,France,Male,47,3,115468.15,1,0,0,73343.82,0,0.502,1,Medium,57965.01
15606388,Cust6388,783,Spain,Female,49,5,0.0,2,1,0,32868.77,0,0.3252,0,Medium,0.0
15606389,Cust6389,511,France,Male,39,9,0.0,3,0,1,65871.07,0,0.1821,0,Low,0.0
15606390,Cust6390,580,France,Female,26,6,51379.02,3,1,1,147863.75,0,0.1144,0,Low,5877.76
15606391,Cust6391,386,Germany,Female,48,1,156320.37,2,1,1,54355.05,0,0.3336,0,Medium,52148.48
15606392,Cust6392,741,France,Female,29,3,175351.37,1,0,1,148476.8,0,0.1794,0,Low,31458.04
15606393,Cust6393,506,France,Female,21,2,0.0,4,0,1,93035.57,0,0.2678,0,Low,0.0
15606394,Cust6394,395,Germany,Male,51,5,8032.95,2,0,1,194506.69,0,0.2012,0,Low,1616.23
15606395,Cust6395,459,Spain,Female,22,10,130502.99,2,1,1,72169.91,0,0.2271,0,Low,29637.23
15606396,Cust6396,683,Spain,Male,89,9,0.0,2,1,1,192773.3,0,0.3,0,Medium,0.0
15606397,Cust6397,758,France,Male,80,10,0.0,2,1,1,10064.42,0,0.3393,0,Medium,0.0
15606398,Cust6398,828,Germany,Male,86,8,86189.91,3,1,1,19679.49,0,0.3817,0,Medium,32898.69
15606399,Cust6399,468,Spain,Male,25,5,0.0,3,1,0,51978.94,0,0.2955,0,Low,0.0
15606400,Cust6400,645,France,Female,52,7,109749.24,3,1,1,176365.32,0,0.1754,0,Low,19250.02
15606401,Cust6401,579,France,Female,78,5,0.0,4,1,1,146644.01,0,0.5073,1,Medium,0.0
15606402,Cust6402,708,France,Male,60,0,11761.51,4,1,1,54765.01,1,0.2796,0,Low,3288.52
15606403,Cust6403,687,Germany,Male,40,1,0.0,1,1,0,1505.07,0,0.2309,0,Low,0.0
15606404,Cust6404,385,France,Female,79,6,0.0,3,1,0,164043.07,0,0.7036,1,High,0.0
15606405,Cust6405,424,Germany,Female,40,7,0.0,1,1,0,170660.32,0,0.2371,0,Low,0.0
15606406,Cust6406,645,Spain,Female,90,2,0.0,1,1,1,52112.48,0,0.434,1,Medium,0.0
15606407,Cust6407,616,France,Male,25,0,22433.98,1,0,1,4766.35,0,0.111,0,Low,2490.17
15606408,Cust6408,793,Germany,Female,70,0,233013.83,3,0,1,194190.07,0,0.4084,1,Medium,95162.85
15606409,Cust6409,774,France,Male,18,3,159841.13,4,1,0,74442.28,0,0.2451,0,Low,39177.06
15606410,Cust6410,379,France,Male,85,9,71954.03,4,0,1,45523.55,1,0.8124,1,Critical,58455.45
15606411,Cust6411,642,Spain,Male,44,4,231320.25,1,1,1,193437.33,0,0.2744,0,Low,63474.28
15606412,Cust6412,553,France,Female,19,10,100115.13,1,0,1,148498.39,0,0.1604,0,Low,16058.47
15606413,Cust6413,591,Spain,Male,79,9,0.0,4,1,1,33531.58,0,0.5112,1,Medium,0.0
15606414,Cust6414,382,Germany,Female,89,9,96125.19,3,1,1,91558.03,0,0.7217,1,High,69373.55
15606415,Cust6415,770,France,Female,86,10,152896.74,3,0,0,84328.02,1,0.8142,1,Critical,124488.53
15606416,Cust6416,432,France,Male,53,2,0.0,1,1,1,78320.16,0,0.2202,0,Low,0.0
15606417,Cust6417,824,France,Female,22,10,165455.51,4,0,1,134871.39,0,0.0989,0,Low,16363.55
15606418,Cust6418,816,Spain,Female,34,10,230309.17,4,1,1,25907.11,0,0.1821,0,Low,41939.3
15606419,Cust6419,761,Germany,Female,20,8,0.0,2,1,0,88183.16,0,0.0973,0,Low,0.0
15606420,Cust6420,408,France,Male,21,2,49265.7,4,1,0,107860.97,1,0.5705,1,Medium,28106.08
15606421,Cust6421,554,Germany,Female,29,3,228135.6,2,1,0,124553.47,0,0.3505,0,Medium,79961.53
15606422,Cust6422,361,Germany,Female,59,7,26670.47,1,1,1,30068.86,0,0.246,0,Low,6560.94
15606423,Cust6423,656,Spain,Male,74,0,0.0,4,1,0,166301.1,1,0.7296,1,High,0.0
15606424,Cust6424,782,France,Female,61,9,0.0,1,0,1,111316.66,0,0.2922,0,Low,0.0
15606425,Cust6425,613,France,Male,33,4,0.0,1,0,1,191719.48,0,0.1153,0,Low,0.0
15606426,Cust6426,361,France,Female,62,0,105386.39,2,0,0,73466.57,0,0.6985,1,High,73612.39
15606427,Cust6427,501,France,Male,35,3,0.0,3,1,0,183000.58,0,0.2988,0,Low,0.0
15606428,Cust6428,435,France,Male,52,4,206929.66,3,0,1,19408.36,1,0.4986,1,Medium,103175.13
15606429,Cust6429,568,France,Female,83,7,0.0,4,1,0,194206.78,0,0.6532,1,High,0.0
15606430,Cust6430,536,France,Male,27,6,0.0,2,0,1,155414.42,0,0.0728,0,Low,0.0
15606431,Cust6431,765,France,Male,82,4,226789.0,1,1,0,86897.92,0,0.7702,1,High,174672.89
15606432,Cust6432,460,France,Female,38,6,158847.27,2,0,1,15176.43,0,0.208,0,Low,33040.23
15606433,Cust6433,500,Spain,Female,67,9,151791.21,4,1,1,161042.99,0,0.4691,1,Medium,71205.26
15606434,Cust6434,469,Germany,Female,37,3,248661.06,1,0,0,84364.77,1,0.7028,1,High,174758.99
15606435,Cust6435,795,France,Female,30,4,5637.27,2,1,0,126637.99,1,0.4378,1,Medium,2468.0
15606436,Cust6436,497,Germany,Male,51,1,0.0,3,1,1,87734.52,0,0.2179,0,Low,0.0
15606437,Cust6437,846,France,Female,46,4,0.0,1,1,1,45343.91,0,0.1306,0,Low,0.0
15606438,Cust6438,683,Spain,Female,55,3,0.0,2,0,0,15769.17,0,0.291,0,Low,0.0
15606439,Cust6439,503,Germany,Female,35,8,54001.12,1,1,0,197588.7,0,0.2077,0,Low,11216.03
15606440,Cust6440,647,France,Female,90,1,0.0,1,1,0,50942.39,1,0.6917,1,High,0.0
15606441,Cust6441,411,Spain,Female,67,6,68026.76,3,1,0,90215.91,1,0.7696,1,High,52353.39
15606442,Cust6442,802,Spain,Female,80,8,0.0,4,0,1,114208.78,1,0.5915,1,Medium,0.0
15606443,Cust6443,829,Spain,Female,75,2,184517.41,1,0,0,156090.09,0,0.6764,1,High,124807.58
15606444,Cust6444,497,France,Male,71,0,100478.2,3,1,0,54790.13,0,0.6576,1,High,66074.46
15606445,Cust6445,435,France,Female,28,7,134081.82,2,1,0,153412.22,0,0.2528,0,Low,33895.88
15606446,Cust6446,564,Germany,Male,61,6,33023.04,2,1,1,25043.91,0,0.3998,1,Medium,13202.61
15606447,Cust6447,736,France,Male,84,6,188159.84,3,0,0,163491.5,1,0.8449,1,Critical,158976.25
15606448,Cust6448,664,Germany,Female,25,9,104779.57,3,1,1,180772.56,0,0.1221,0,Low,12793.59
15606449,Cust6449,369,Spain,Female,52,1,208658.8,1,1,0,180649.33,0,0.6129,1,High,127886.98
15606450,Cust6450,354,France,Male,31,2,0.0,4,1,1,8556.54,0,0.2225,0,Low,0.0
15606451,Cust6451,468,France,Male,76,5,174191.16,1,1,1,99611.83,1,0.8001,1,Critical,139370.35
15606452,Cust6452,727,France,Female,86,6,89645.67,3,1,1,178001.63,0,0.2622,0,Low,23505.09
15606453,Cust6453,480,France,Female,21,10,92942.41,1,1,1,158544.64,0,0.1468,0,Low,13643.95
15606454,Cust6454,798,Germany,Female,77,6,0.0,3,0,1,176166.85,0,0.4512,1,Medium,0.0
15606455,Cust6455,498,Germany,Female,44,2,159008.55,1,0,1,143123.13,0,0.3133,0,Medium,49817.38
15606456,Cust6456,797,France,Male,89,9,126633.4,2,1,1,170340.29,0,0.4126,1,Medium,52248.94
15606457,Cust6457,810,Germany,Male,19,4,201069.11,2,1,1,12018.96,0,0.0989,0,Low,19885.73
15606458,Cust6458,714,Germany,Male,32,9,0.0,1,1,1,39556.37,0,0.0899,0,Low,0.0
15606459,Cust6459,437,Germany,Female,71,3,0.0,2,1,0,144768.93,0,0.5861,1,Medium,0.0
15606460,Cust6460,386,France,Female,75,8,0.0,3,0,1,162777.04,0,0.5184,1,Medium,0.0
15606461,Cust6461,436,Germany,Male,23,5,61018.92,4,1,1,36586.62,0,0.2193,0,Low,13381.45
15606462,Cust6462,667,Germany,Female,29,6,25194.09,2,1,1,160934.19,0,0.0652,0,Low,1642.65
15606463,Cust6463,696,France,Female,43,10,0.0,3,1,1,45695.13,0,0.0814,0,Low,0.0
15606464,Cust6464,843,Germany,Female,20,1,16042.54,2,1,0,132869.59,0,0.1212,0,Low,1944.36
15606465,Cust6465,827,Spain,Female,75,3,57428.91,4,1,0,103551.11,1,0.8267,1,Critical,47476.48
15606466,Cust6466,504,France,Male,67,2,126891.51,4,1,0,153865.26,1,0.8436,1,Critical,107045.68
15606467,Cust6467,545,Germany,Female,73,9,153452.86,4,1,1,86582.36,1,0.7435,1,High,114092.2
15606468,Cust6468,736,Spain,Male,52,9,48576.21,1,1,0,40627.76,1,0.6925,1,High,33639.03
15606469,Cust6469,737,Spain,Female,65,9,233184.49,4,1,0,164478.89,0,0.618,1,High,144108.01
15606470,Cust6470,507,France,Female,60,2,45330.77,2,0,1,185344.0,0,0.3071,0,Medium,13921.08
15606471,Cust6471,365,Germany,Male,69,2,0.0,1,0,1,124844.68,0,0.4768,1,Medium,0.0
15606472,Cust6472,398,Spain,Female,51,4,0.0,2,1,0,172937.78,0,0.4294,1,Medium,0.0
15606473,Cust6473,762,Germany,Male,66,8,232381.19,1,1,0,4412.37,1,0.7787,1,High,180955.23
15606474,Cust6474,524,France,Male,65,8,219692.75,2,1,0,109073.31,1,0.7336,1,High,161166.6
15606475,Cust6475,712,France,Female,65,10,8260.22,2,1,0,77099.73,1,0.4566,1,Medium,3771.62
15606476,Cust6476,751,Spain,Male,82,8,181653.83,4,1,0,142297.14,1,0.916,1,Critical,166394.91
15606477,Cust6477,799,France,Male,43,10,18372.18,2,0,0,65750.87,0,0.1937,0,Low,3558.69
15606478,Cust6478,596,France,Male,83,2,18827.64,3,0,1,2726.14,0,0.4442,1,Medium,8363.24
15606479,Cust6479,669,France,Male,20,6,0.0,4,1,0,94524.88,0,0.2267,0,Low,0.0
15606480,Cust6480,447,Spain,Female,53,5,207405.24,4,1,1,118894.92,1,0.7569,1,High,156985.03
15606481,Cust6481,821,France,Male,50,1,106858.91,3,1,1,135571.84,0,0.2241,0,Low,23947.08
15606482,Cust6482,792,Spain,Male,82,10,139257.37,3,1,1,166587.02,0,0.3649,0,Medium,50815.01
15606483,Cust6483,545,Germany,Male,21,1,7703.42,4,0,0,199966.0,0,0.2237,0,Low,1723.26
15606484,Cust6484,533,Spain,Female,34,9,0.0,3,0,1,152500.86,0,0.1096,0,Low,0.0
15606485,Cust6485,716,Spain,Female,52,2,245505.67,2,1,1,61104.47,1,0.5233,1,Medium,128473.12
15606486,Cust6486,557,France,Male,78,2,0.0,3,1,1,188051.27,0,0.3898,1,Medium,0.0
15606487,Cust6487,713,Germany,Male,52,6,0.0,3,0,0,135637.48,0,0.4519,1,Medium,0.0
15606488,Cust6488,395,France,Female,65,5,169700.74,3,0,1,178937.85,0,0.519,1,Medium,88074.68
15606489,Cust6489,484,Spain,Male,31,4,0.0,3,1,1,83145.35,0,0.1762,0,Low,0.0
15606490,Cust6490,740,France,Female,87,9,120941.54,2,1,1,28407.99,1,0.717,1,High,86715.08
15606491,Cust6491,811,Germany,Female,76,7,59478.65,1,0,0,136353.81,1,0.7473,1,High,44448.4
15606492,Cust6492,363,Spain,Male,21,6,90070.66,2,1,1,27139.49,0,0.1754,0,Low,15798.39
15606493,Cust6493,740,France,Female,70,8,0.0,4,1,1,174016.91,0,0.3885,1,Medium,0.0
15606494,Cust6494,384,Spain,Male,27,8,0.0,4,1,0,128360.62,0,0.2852,0,Low,0.0
15606495,Cust6495,784,France,Male,59,1,19851.86,3,0,1,88529.18,1,0.4003,1,Medium,7946.7
15606496,Cust6496,476,France,Female,70,4,201841.56,4,0,0,25720.44,1,0.8764,1,Critical,176893.94
15606497,Cust6497,531,France,Female,86,9,216067.19,1,1,0,56251.19,1,0.8832,1,Critical,190830.54
15606498,Cust6498,709,France,Female,23,8,119583.04,4,1,1,56542.94,0,0.0919,0,Low,10989.68
15606499,Cust6499,771,Germany,Male,39,0,0.0,2,1,0,9237.94,0,0.1897,0,Low,0.0
15606500,Cust6500,557,Spain,Male,69,2,122893.32,3,1,1,29238.63,0,0.4083,1,Medium,50177.34
15606501,Cust6501,507,France,Female,37,2,132436.55,3,0,0,121710.78,0,0.371,0,Medium,49133.96
15606502,Cust6502,840,Germany,Female,70,5,25655.58,4,1,0,7645.41,1,0.8282,1,Critical,21247.95
15606503,Cust6503,833,Spain,Male,31,8,0.0,3,0,1,94793.73,0,0.047,0,Low,0.0
15606504,Cust6504,612,Spain,Female,30,5,111968.83,3,1,0,119115.67,0,0.2211,0,Low,24756.31
15606505,Cust6505,361,France,Male,58,2,249428.58,2,0,0,49325.67,1,0.6139,1,High,153124.21
15606506,Cust6506,835,Spain,Male,68,6,12163.29,4,1,0,199024.58,1,0.8022,1,Critical,9757.39
15606507,Cust6507,660,France,Male,33,2,78034.73,3,1,1,91533.49,0,0.1242,0,Low,9691.91
15606508,Cust6508,626,Germany,Female,82,7,123998.82,1,1,1,150798.53,0,0.5937,1,Medium,73618.1
15606509,Cust6509,406,Germany,Female,82,10,211808.84,2,1,0,44505.29,1,0.7929,1,High,167943.23
15606510,Cust6510,847,Spain,Male,24,6,0.0,2,1,0,6836.64,0,0.1171,0,Low,0.0
15606511,Cust6511,710,France,Male,40,10,0.0,2,1,0,14647.72,0,0.1744,0,Low,0.0
15606512,Cust6512,459,France,Male,59,5,0.0,3,1,0,58499.2,0,0.3674,0,Medium,0.0
15606513,Cust6513,532,Spain,Male,54,8,0.0,1,1,1,60812.83,0,0.2006,0,Low,0.0
15606514,Cust6514,522,France,Male,36,10,137080.37,2,1,1,38363.29,0,0.1774,0,Low,24318.06
15606515,Cust6515,786,France,Female,57,1,0.0,2,0,0,66952.05,0,0.2686,0,Low,0.0
15606516,Cust6516,588,Germany,Male,89,7,0.0,1,0,0,24332.98,1,0.7191,1,High,0.0
15606517,Cust6517,787,Germany,Male,40,2,152408.8,1,1,0,177268.93,0,0.3425,0,Medium,52200.01
15606518,Cust6518,694,France,Female,34,0,9679.36,2,1,1,60883.09,0,0.0779,0,Low,754.02
15606519,Cust6519,534,France,Female,72,2,164700.02,3,0,1,146250.35,0,0.5251,1,Medium,86483.98
15606520,Cust6520,553,Spain,Male,60,1,242418.85,2,0,1,182858.28,1,0.6046,1,High,146566.44
15606521,Cust6521,755,France,Male,69,2,0.0,4,1,0,187187.39,0,0.3106,0,Medium,0.0
15606522,Cust6522,600,France,Female,65,0,200677.06,2,1,1,113213.07,1,0.5362,1,Medium,107603.04
15606523,Cust6523,691,France,Male,74,10,137226.34,4,1,1,65267.1,1,0.6766,1,High,92847.34
15606524,Cust6524,411,France,Female,71,4,0.0,3,1,1,181244.2,0,0.3848,1,Medium,0.0
15606525,Cust6525,563,Spain,Male,62,1,0.0,2,1,0,194479.99,0,0.4391,1,Medium,0.0
15606526,Cust6526,639,France,Female,51,3,0.0,1,1,0,150531.95,0,0.5199,1,Medium,0.0
15606527,Cust6527,521,France,Male,52,8,0.0,3,1,1,115721.59,0,0.1778,0,Low,0.0
15606528,Cust6528,774,Germany,Female,37,6,0.0,3,1,1,33262.85,0,0.0914,0,Low,0.0
15606529,Cust6529,455,France,Male,51,0,0.0,4,1,1,125367.11,0,0.2749,0,Low,0.0
15606530,Cust6530,775,France,Male,62,1,135297.64,4,1,0,47042.91,0,0.5346,1,Medium,72330.12
15606531,Cust6531,381,Spain,Female,71,5,0.0,3,1,0,35676.98,0,0.5746,1,Medium,0.0
15606532,Cust6532,564,Germany,Female,75,10,162380.49,1,1,0,80124.95,1,0.798,1,High,129579.63
15606533,Cust6533,609,France,Female,45,0,0.0,2,1,1,79965.69,0,0.1622,0,Low,0.0
15606534,Cust6534,477,France,Female,72,9,162859.27,1,0,0,101591.45,0,0.7829,1,High,127502.52
15606535,Cust6535,620,France,Male,50,0,41276.64,1,1,1,76995.38,0,0.301,0,Medium,12424.27
15606536,Cust6536,801,France,Male,44,5,188748.29,2,1,1,7612.94,1,0.6002,1,High,113286.72
15606537,Cust6537,572,Germany,Male,30,2,0.0,1,1,1,96327.34,0,0.1518,0,Low,0.0
15606538,Cust6538,620,Germany,Female,37,4,0.0,4,1,1,60184.96,0,0.2119,0,Low,0.0
15606539,Cust6539,826,Germany,Female,68,10,0.0,4,1,0,118196.34,0,0.5973,1,Medium,0.0
15606540,Cust6540,812,Spain,Female,34,2,0.0,1,1,1,83829.37,0,0.0797,0,Low,0.0
15606541,Cust6541,356,France,Male,23,7,180235.87,2,1,0,80942.25,0,0.208,0,Low,37489.06
15606542,Cust6542,713,Spain,Female,38,3,249443.23,4,1,1,171178.91,0,0.3252,0,Medium,81118.94
15606543,Cust6543,776,Germany,Female,91,7,131832.44,2,1,1,148231.94,0,0.5584,1,Medium,73615.23
15606544,Cust6544,822,France,Female,29,0,100259.72,2,0,1,158358.01,0,0.1484,0,Low,14878.54
15606545,Cust6545,751,Spain,Female,28,3,73424.78,3,1,0,126874.76,0,0.2039,0,Low,14971.31
15606546,Cust6546,391,France,Female,47,10,0.0,2,1,1,176011.98,0,0.1327,0,Low,0.0
15606547,Cust6547,730,Germany,Male,46,7,112795.8,4,1,0,126309.8,1,0.7002,1,High,78979.62
15606548,Cust6548,773,Germany,Male,86,10,0.0,3,0,1,5776.83,0,0.4351,1,Medium,0.0
15606549,Cust6549,612,France,Female,35,7,151672.28,1,0,1,100514.41,0,0.2054,0,Low,31153.49
15606550,Cust6550,360,Spain,Female,48,2,102980.35,1,1,0,114913.76,1,0.6808,1,High,70109.02
15606551,Cust6551,445,France,Female,39,5,238252.81,3,1,0,178255.72,1,0.6813,1,High,162321.64
15606552,Cust6552,487,Spain,Female,36,9,2816.14,2,1,0,103162.66,0,0.2268,0,Low,638.7
15606553,Cust6553,782,France,Female,41,7,172372.01,2,1,1,47277.42,0,0.1586,0,Low,27338.2
15606554,Cust6554,413,France,Female,37,5,0.0,3,0,1,90090.54,0,0.1682,0,Low,0.0
15606555,Cust6555,723,France,Female,71,9,30405.46,2,1,1,84562.89,0,0.2617,0,Low,7957.11
15606556,Cust6556,439,Spain,Male,76,1,23173.86,4,0,1,111377.81,0,0.522,1,Medium,12096.75
15606557,Cust6557,767,France,Male,31,10,162329.75,3,0,1,52967.0,0,0.1165,0,Low,18911.42
15606558,Cust6558,355,Spain,Male,54,1,0.0,4,1,1,65995.65,0,0.278,0,Low,0.0
15606559,Cust6559,468,France,Female,37,10,214019.01,4,1,1,192177.19,0,0.1999,0,Low,42782.4
15606560,Cust6560,400,France,Male,82,8,77732.0,3,1,0,97672.7,1,0.7584,1,High,58951.95
15606561,Cust6561,627,France,Male,25,5,85960.72,1,1,1,169637.04,0,0.1572,0,Low,13513.03
15606562,Cust6562,741,France,Male,48,5,0.0,3,1,0,192304.41,0,0.2741,0,Low,0.0
15606563,Cust6563,558,Spain,Male,42,0,55040.97,1,0,0,161999.23,0,0.2167,0,Low,11927.38
15606564,Cust6564,617,France,Male,44,3,0.0,3,0,1,79093.81,0,0.1812,0,Low,0.0
15606565,Cust6565,670,Germany,Female,87,2,111457.34,4,1,1,39665.13,0,0.5257,1,Medium,58593.12
15606566,Cust6566,577,Germany,Male,58,7,131969.94,3,0,1,160851.6,0,0.3416,0,Medium,45080.93
15606567,Cust6567,727,Germany,Male,46,2,111473.88,4,1,1,123147.58,0,0.3131,0,Medium,34902.47
15606568,Cust6568,492,Germany,Male,77,8,114497.93,3,0,0,63626.82,1,0.828,1,Critical,94804.29
15606569,Cust6569,437,Spain,Female,75,3,166434.72,3,1,1,161737.1,0,0.5659,1,Medium,94185.41
15606570,Cust6570,443,Germany,Female,28,9,211422.2,3,0,1,115128.69,0,0.1145,0,Low,24207.84
15606571,Cust6571,437,Germany,Female,52,3,0.0,1,0,1,156181.0,0,0.222,0,Low,0.0
15606572,Cust6572,368,Germany,Male,48,8,197523.39,1,1,0,101435.08,0,0.5424,1,Medium,107136.69
15606573,Cust6573,371,Germany,Female,51,7,15670.94,1,1,0,122506.45,0,0.4431,1,Medium,6943.79
15606574,Cust6574,376,France,Male,43,10,120065.21,4,1,1,73022.28,1,0.4853,1,Medium,58267.65
15606575,Cust6575,428,Germany,Female,78,5,94037.98,1,1,1,69186.84,0,0.6001,1,High,56432.19
15606576,Cust6576,667,France,Female,91,3,0.0,3,1,1,144136.43,0,0.3783,0,Medium,0.0
15606577,Cust6577,470,Spain,Female,19,7,0.0,2,0,0,76509.45,0,0.1728,0,Low,0.0
15606578,Cust6578,642,Spain,Female,81,0,34707.33,2,1,1,81125.62,0,0.3662,0,Medium,12709.82
15606579,Cust6579,386,Spain,Female,82,10,0.0,3,0,1,59631.02,1,0.6248,1,High,0.0
15606580,Cust6580,751,Spain,Female,45,7,0.0,4,1,1,159329.03,0,0.1313,0,Low,0.0
15606581,Cust6581,528,Germany,Female,53,0,96274.15,1,1,1,165586.49,0,0.2676,0,Low,25762.96
15606582,Cust6582,571,Germany,Female,25,1,114314.72,3,1,1,31457.51,0,0.1758,0,Low,20096.53
15606583,Cust6583,688,France,Female,43,0,0.0,1,1,1,137261.11,0,0.1269,0,Low,0.0
15606584,Cust6584,849,France,Male,35,7,0.0,1,0,1,49126.9,0,0.0841,0,Low,0.0
15606585,Cust6585,747,France,Female,85,7,93955.39,3,1,0,48760.67,1,0.7838,1,High,73642.23
15606586,Cust6586,551,France,Male,25,1,0.0,1,0,0,38111.66,0,0.2943,0,Low,0.0
15606587,Cust6587,523,Spain,Male,43,6,0.0,2,0,1,44422.76,0,0.1499,0,Low,0.0
15606588,Cust6588,519,Spain,Male,53,5,0.0,3,1,1,79128.23,0,0.2163,0,Low,0.0
15606589,Cust6589,391,Germany,Male,90,5,151719.29,1,1,0,58580.92,1,0.8579,1,Critical,130159.98
15606590,Cust6590,519,France,Female,78,6,199915.22,2,1,1,41298.3,1,0.6975,1,High,139440.87
15606591,Cust6591,730,Germany,Male,87,9,0.0,3,0,1,125591.25,1,0.5928,1,Medium,0.0
15606592,Cust6592,488,France,Female,40,10,140553.74,4,0,0,158978.42,0,0.4175,1,Medium,58681.19
15606593,Cust6593,545,Spain,Male,37,1,0.0,1,1,0,86585.38,1,0.3105,0,Medium,0.0
15606594,Cust6594,384,Spain,Male,60,10,212128.79,3,0,1,1556.46,1,0.7431,1,High,157632.9
15606595,Cust6595,475,France,Male,43,6,0.0,3,1,0,119758.6,0,0.3401,0,Medium,0.0
15606596,Cust6596,384,France,Female,19,1,0.0,2,0,1,165825.67,0,0.1171,0,Low,0.0
15606597,Cust6597,585,France,Female,78,10,239693.54,1,0,1,122697.64,0,0.6217,1,High,149017.47
15606598,Cust6598,498,France,Male,25,4,0.0,4,1,1,169074.08,0,0.1417,0,Low,0.0
15606599,Cust6599,835,France,Female,32,4,0.0,1,0,1,2327.66,0,0.0805,0,Low,0.0
15606600,Cust6600,645,France,Female,87,10,71305.26,1,0,1,44711.19,0,0.4486,1,Medium,31987.54
15606601,Cust6601,536,France,Female,72,6,117234.71,2,1,1,130273.39,0,0.4792,1,Medium,56178.87
15606602,Cust6602,619,France,Male,65,1,137615.95,1,1,0,75206.42,0,0.6496,1,High,89395.32
15606603,Cust6603,830,France,Female,27,0,15897.93,3,1,1,39507.4,1,0.5505,1,Medium,8751.81
15606604,Cust6604,440,Germany,Female,36,9,0.0,3,1,1,183027.24,0,0.1526,0,Low,0.0
15606605,Cust6605,476,France,Female,33,3,26177.59,1,1,0,80720.86,0,0.2711,0,Low,7096.74
15606606,Cust6606,623,Spain,Male,65,1,41040.69,4,1,0,168837.51,1,0.7594,1,High,31166.3
15606607,Cust6607,402,France,Female,55,0,72560.55,4,0,1,193140.88,1,0.3021,0,Medium,21920.54
15606608,Cust6608,610,France,Male,44,10,240186.57,2,0,1,5437.6,1,0.6338,1,High,152230.25
15606609,Cust6609,428,France,Female,73,6,243279.07,4,1,1,189575.84,0,0.5476,1,Medium,133219.62
15606610,Cust6610,782,Germany,Female,75,5,122329.11,2,0,0,144066.38,0,0.742,1,High,90768.2
15606611,Cust6611,737,France,Male,72,6,133330.28,2,1,1,155357.69,0,0.3807,0,Medium,50758.84
15606612,Cust6612,374,Germany,Male,25,4,52960.78,3,0,0,37064.52,0,0.2721,0,Low,14410.63
15606613,Cust6613,619,France,Female,63,10,104510.41,2,1,0,35312.65,1,0.5369,1,Medium,56111.64
15606614,Cust6614,455,Spain,Female,33,6,246104.57,3,1,0,94659.66,0,0.3631,0,Medium,89360.57
15606615,Cust6615,641,France,Male,38,7,197698.02,1,1,1,30553.33,0,0.1743,0,Low,34458.76
15606616,Cust6616,622,France,Female,90,9,0.0,3,1,0,143409.32,1,0.6637,1,High,0.0
15606617,Cust6617,834,Spain,Male,48,0,69603.73,4,1,0,180533.81,1,0.7411,1,High,51583.32
15606618,Cust6618,438,France,Female,76,3,190764.81,2,1,1,190255.49,1,0.7372,1,High,140631.82
15606619,Cust6619,602,France,Male,36,9,0.0,1,1,0,60663.94,0,0.2113,0,Low,0.0
15606620,Cust6620,833,Spain,Female,89,1,246988.31,3,1,1,103409.7,0,0.5219,1,Medium,128903.2
15606621,Cust6621,408,France,Female,38,3,149948.04,2,0,0,37909.77,0,0.4215,1,Medium,63203.1
15606622,Cust6622,477,France,Male,31,1,40183.01,3,1,0,67279.79,0,0.1589,0,Low,6385.08
15606623,Cust6623,709,France,Female,41,7,241017.51,2,1,1,55318.89,0,0.1604,0,Low,38659.21
15606624,Cust6624,404,France,Male,30,9,135344.69,1,1,0,103219.18,0,0.268,0,Low,36272.38
15606625,Cust6625,454,Spain,Male,62,2,0.0,2,0,1,52905.99,0,0.3007,0,Medium,0.0
15606626,Cust6626,829,Germany,Female,28,7,20374.26,4,1,1,3615.65,0,0.0891,0,Low,1815.35
15606627,Cust6627,641,Germany,Female,33,8,0.0,1,0,0,53079.38,0,0.1825,0,Low,0.0
15606628,Cust6628,378,France,Male,69,9,208823.46,4,1,1,27032.0,1,0.7094,1,High,148139.36
15606629,Cust6629,778,Germany,Male,21,10,235380.36,1,1,0,7896.96,0,0.1972,0,Low,46417.01
15606630,Cust6630,612,Germany,Male,50,5,236109.03,2,1,1,94433.36,1,0.5187,1,Medium,122469.75
15606631,Cust6631,589,France,Male,69,0,0.0,3,1,0,128262.21,1,0.6077,1,High,0.0
15606632,Cust6632,847,Spain,Female,50,8,245352.3,4,0,1,181022.28,0,0.2492,0,Low,61141.79
15606633,Cust6633,507,Germany,Male,19,5,37399.02,1,1,1,41224.67,0,0.1261,0,Low,4716.02
15606634,Cust6634,539,Spain,Female,29,5,0.0,4,0,1,15191.92,0,0.1619,0,Low,0.0
15606635,Cust6635,638,France,Male,89,5,7569.47,4,1,1,145628.43,0,0.6208,1,High,4699.13
15606636,Cust6636,471,France,Male,75,7,193533.03,1,1,1,103489.39,1,0.7713,1,High,149272.03
15606637,Cust6637,413,Germany,Female,43,3,0.0,2,1,0,182988.86,0,0.4967,1,Medium,0.0
15606638,Cust6638,419,Spain,Female,82,3,209958.43,2,1,0,93342.43,1,0.8173,1,Critical,171599.02
15606639,Cust6639,504,France,Male,18,3,234909.05,1,1,0,173575.71,0,0.3342,0,Medium,78506.6
15606640,Cust6640,389,France,Male,21,5,137016.96,4,0,1,13018.39,1,0.5231,1,Medium,71673.57
15606641,Cust6641,602,Spain,Male,83,7,190760.36,4,1,1,198803.61,1,0.6429,1,High,122639.84
15606642,Cust6642,847,France,Female,67,0,0.0,4,1,0,82447.66,0,0.3408,0,Medium,0.0
15606643,Cust6643,477,France,Male,62,3,0.0,3,0,0,173412.76,0,0.416,1,Medium,0.0
15606644,Cust6644,370,Germany,Male,43,8,188261.5,3,0,0,7314.51,0,0.349,0,Medium,65703.26
15606645,Cust6645,369,France,Female,78,0,108900.72,3,1,1,37492.74,0,0.5325,1,Medium,57989.63
15606646,Cust6646,433,France,Female,63,8,10941.41,1,1,0,117621.42,0,0.5434,1,Medium,5945.56
15606647,Cust6647,643,France,Female,50,8,66565.74,1,0,1,3052.11,0,0.2328,0,Low,15496.5
15606648,Cust6648,585,Spain,Male,46,3,0.0,4,1,1,111861.27,0,0.2455,0,Low,0.0
15606649,Cust6649,551,France,Female,44,6,0.0,3,1,1,54178.36,0,0.1871,0,Low,0.0
15606650,Cust6650,728,Germany,Male,60,5,101273.31,2,1,1,106041.67,0,0.2847,0,Low,28832.51
15606651,Cust6651,545,Spain,Female,66,2,0.0,4,0,0,149750.54,0,0.6544,1,High,0.0
15606652,Cust6652,658,Germany,Male,77,1,0.0,3,1,0,125358.1,0,0.4933,1,Medium,0.0
15606653,Cust6653,849,Germany,Female,48,10,82020.73,4,1,1,149022.7,0,0.1674,0,Low,13730.27
15606654,Cust6654,434,Germany,Male,36,9,192624.01,2,0,1,69443.27,0,0.1423,0,Low,27410.4
15606655,Cust6655,406,France,Male,59,9,0.0,3,1,1,143318.82,0,0.2813,0,Low,0.0
15606656,Cust6656,459,Germany,Female,61,1,111558.31,4,0,1,107405.03,1,0.6635,1,High,74018.94
15606657,Cust6657,427,Spain,Male,38,10,180614.51,2,0,0,101659.86,1,0.4074,1,Medium,73582.35
15606658,Cust6658,765,Spain,Female,23,6,107530.05,4,1,1,125238.41,0,0.0978,0,Low,10516.44
15606659,Cust6659,789,France,Female,42,5,0.0,4,1,1,100762.34,0,0.1336,0,Low,0.0
15606660,Cust6660,630,France,Female,23,3,3847.21,1,1,0,89274.99,0,0.2236,0,Low,860.24
15606661,Cust6661,415,Spain,Male,24,2,215142.42,1,0,0,63217.41,1,0.6478,1,High,139369.26
15606662,Cust6662,776,France,Female,89,3,0.0,1,0,0,120337.23,0,0.5148,1,Medium,0.0
15606663,Cust6663,809,Spain,Male,75,1,0.0,2,1,1,59270.36,0,0.3774,0,Medium,0.0
15606664,Cust6664,554,France,Male,20,8,154460.53,4,1,1,91.15,0,0.1446,0,Low,22334.99
15606665,Cust6665,686,Germany,Male,43,10,0.0,3,1,1,12512.17,0,0.1687,0,Low,0.0
15606666,Cust6666,654,Spain,Male,36,10,0.0,3,1,0,175881.41,0,0.2252,0,Low,0.0
15606667,Cust6667,614,France,Male,90,9,104314.54,2,1,0,169270.65,0,0.5856,1,Medium,61086.59
15606668,Cust6668,526,France,Male,50,1,184931.5,1,0,0,191502.56,1,0.7031,1,High,130025.34
15606669,Cust6669,489,Spain,Male,37,8,137043.3,1,1,1,89404.88,0,0.2292,0,Low,31410.32
15606670,Cust6670,488,France,Male,64,9,159125.88,1,0,0,54255.37,1,0.7632,1,High,121444.87
15606671,Cust6671,530,France,Male,53,5,188270.04,1,1,1,199733.78,1,0.6082,1,High,114505.84
15606672,Cust6672,730,Germany,Female,31,6,68465.33,4,1,1,121668.41,0,0.1541,0,Low,10550.51
15606673,Cust6673,763,France,Male,40,4,220497.95,1,1,0,181621.0,0,0.2304,0,Low,50802.73
15606674,Cust6674,406,Germany,Female,27,9,113319.24,2,1,0,71466.9,0,0.2316,0,Low,26244.74
15606675,Cust6675,378,France,Female,69,7,165280.47,4,1,0,154518.47,1,0.8758,1,Critical,144752.64
15606676,Cust6676,589,France,Male,89,6,54550.57,1,1,0,155939.82,0,0.6623,1,High,36128.84
15606677,Cust6677,735,Spain,Female,77,0,58343.09,3,1,1,131604.12,0,0.2583,0,Low,15070.02
15606678,Cust6678,631,France,Male,45,10,183747.35,2,1,1,48546.09,0,0.2204,0,Low,40497.92
15606679,Cust6679,764,France,Male,54,5,0.0,4,0,0,166358.93,0,0.2337,0,Low,0.0
15606680,Cust6680,707,Germany,Female,22,10,218989.44,2,1,0,93872.03,0,0.382,0,Medium,83653.97
15606681,Cust6681,703,Spain,Male,45,7,166186.77,4,0,0,150818.4,1,0.64,1,High,106359.53
15606682,Cust6682,619,Germany,Male,20,5,0.0,3,1,1,108458.79,0,0.0743,0,Low,0.0
15606683,Cust6683,377,Spain,Male,73,8,0.0,2,1,1,21300.98,0,0.4681,1,Medium,0.0
15606684,Cust6684,440,France,Male,85,2,0.0,3,1,0,87474.16,1,0.6583,1,High,0.0
15606685,Cust6685,722,France,Male,32,4,0.0,3,1,0,75796.4,0,0.2173,0,Low,0.0
15606686,Cust6686,504,Spain,Female,67,0,64484.81,4,1,0,185349.07,0,0.6914,1,High,44584.8
15606687,Cust6687,712,Spain,Male,62,8,128640.64,2,1,1,167395.94,1,0.4323,1,Medium,55611.35
15606688,Cust6688,519,Germany,Female,48,3,226732.96,4,0,0,63433.3,1,0.7877,1,High,178597.55
15606689,Cust6689,356,France,Male,72,1,25320.14,4,1,1,122059.95,1,0.7272,1,High,18412.81
15606690,Cust6690,688,France,Female,68,8,74394.75,2,1,0,88285.92,0,0.6455,1,High,48021.81
15606691,Cust6691,797,France,Female,37,2,238606.63,3,1,0,131243.45,0,0.2475,0,Low,59055.14
15606692,Cust6692,573,Spain,Female,77,2,121243.4,3,1,1,86758.15,0,0.4826,1,Medium,58512.06
15606693,Cust6693,416,Spain,Female,66,1,237884.29,4,1,1,81476.72,0,0.476,1,Medium,113232.92
15606694,Cust6694,557,France,Male,41,6,95042.07,1,1,1,155509.81,0,0.1681,0,Low,15976.57
15606695,Cust6695,831,France,Female,72,3,0.0,4,1,0,189974.74,0,0.3988,1,Medium,0.0
15606696,Cust6696,509,France,Male,65,6,113530.72,4,1,0,9081.26,1,0.864,1,Critical,98090.54
15606697,Cust6697,385,France,Female,26,3,114303.54,1,0,1,4324.73,0,0.2282,0,Low,26084.07
15606698,Cust6698,734,Germany,Female,30,8,0.0,3,0,0,104458.06,0,0.195,0,Low,0.0
15606699,Cust6699,469,Germany,Female,41,4,0.0,3,0,0,144491.09,0,0.3658,0,Medium,0.0
15606700,Cust6700,368,France,Male,21,8,236432.87,4,1,0,183214.07,1,0.3861,1,Medium,91286.73
15606701,Cust6701,695,Germany,Female,48,5,82383.0,1,1,1,58253.42,0,0.2402,0,Low,19788.4
15606702,Cust6702,519,Spain,Female,52,0,248473.47,2,0,0,95384.89,0,0.4868,1,Medium,120956.89
15606703,Cust6703,418,France,Female,75,4,176916.11,3,0,0,165386.77,1,0.8373,1,Critical,148131.86
15606704,Cust6704,377,France,Female,30,2,0.0,3,1,0,68276.9,0,0.225,0,Low,0.0
15606705,Cust6705,442,France,Female,59,5,103235.78,1,1,1,13145.03,1,0.4878,1,Medium,50358.41
15606706,Cust6706,424,France,Female,67,1,62166.95,4,1,0,169513.69,1,0.8141,1,Critical,50610.11
15606707,Cust6707,355,Germany,Female,51,8,58864.84,2,0,1,53354.09,1,0.291,0,Low,17129.67
15606708,Cust6708,535,Germany,Male,85,6,232388.21,2,1,1,197655.17,0,0.541,1,Medium,125722.02
15606709,Cust6709,764,France,Female,41,1,0.0,4,0,0,50642.69,0,0.1907,0,Low,0.0
15606710,Cust6710,548,France,Male,48,10,3541.68,3,1,1,125503.05,0,0.1616,0,Low,572.34
15606711,Cust6711,368,Spain,Female,18,3,34509.18,2,1,1,185857.45,0,0.1015,0,Low,3502.68
15606712,Cust6712,791,France,Male,48,2,0.0,2,1,0,52345.2,0,0.2202,0,Low,0.0
15606713,Cust6713,666,Germany,Male,19,0,0.0,1,0,1,85265.25,0,0.0611,0,Low,0.0
15606714,Cust6714,833,Germany,Male,90,2,152776.44,4,0,1,85983.78,0,0.5249,1,Medium,80192.35
15606715,Cust6715,641,Spain,Male,35,0,141356.93,2,0,1,106346.78,0,0.1658,0,Low,23436.98
15606716,Cust6716,589,Germany,Male,78,5,0.0,2,1,0,73866.31,0,0.5591,1,Medium,0.0
15606717,Cust6717,606,Spain,Male,26,6,237646.76,1,0,1,106670.37,0,0.1217,0,Low,28921.61
15606718,Cust6718,353,Germany,Male,38,4,68947.61,2,0,0,125611.25,1,0.6921,1,High,47718.64
15606719,Cust6719,537,France,Male,26,9,30830.53,1,1,0,60650.75,0,0.1946,0,Low,5999.62
15606720,Cust6720,571,France,Female,45,10,151953.84,1,1,0,124574.75,0,0.4668,1,Medium,70932.05
15606721,Cust6721,500,France,Male,62,3,0.0,3,0,0,41448.5,0,0.3531,0,Medium,0.0
15606722,Cust6722,769,France,Female,49,7,0.0,2,0,0,52124.87,1,0.5835,1,Medium,0.0
15606723,Cust6723,829,France,Male,62,4,223029.09,3,0,1,15670.13,0,0.3411,0,Medium,76075.22
15606724,Cust6724,589,France,Male,77,3,0.0,1,0,1,172042.39,1,0.5343,1,Medium,0.0
15606725,Cust6725,743,France,Male,21,2,0.0,3,0,0,85714.04,0,0.1036,0,Low,0.0
15606726,Cust6726,461,France,Male,49,5,0.0,1,1,0,58350.37,1,0.3742,0,Medium,0.0
15606727,Cust6727,812,France,Female,61,1,0.0,2,1,0,134196.91,0,0.2495,0,Low,0.0
15606728,Cust6728,702,Spain,Female,56,7,25335.22,4,0,0,72589.93,0,0.2979,0,Low,7547.36
15606729,Cust6729,717,Germany,Male,28,9,162869.57,3,0,0,99065.9,0,0.2158,0,Low,35147.25
15606730,Cust6730,647,Spain,Female,33,4,0.0,1,0,1,73407.07,0,0.0957,0,Low,0.0
15606731,Cust6731,765,Germany,Male,45,6,0.0,4,0,0,54310.8,1,0.5994,1,Medium,0.0
15606732,Cust6732,617,Spain,Female,66,10,55801.9,4,1,1,193960.4,0,0.2668,0,Low,14887.95
15606733,Cust6733,833,Spain,Male,91,7,93355.12,2,1,1,1909.35,0,0.4114,1,Medium,38406.3
15606734,Cust6734,681,France,Male,45,4,169185.65,1,1,0,64662.39,0,0.3785,0,Medium,64036.77
15606735,Cust6735,577,Spain,Male,56,9,138956.54,2,0,1,133017.93,0,0.2983,0,Low,41450.74
15606736,Cust6736,454,France,Male,40,0,0.0,4,0,0,92395.92,1,0.4563,1,Medium,0.0
15606737,Cust6737,804,Germany,Female,20,6,56323.79,2,0,1,99279.99,0,0.0794,0,Low,4472.11
15606738,Cust6738,378,Spain,Female,47,2,221460.02,1,1,0,116481.36,1,0.7013,1,High,155309.91
15606739,Cust6739,371,France,Female,43,1,0.0,1,1,1,152475.24,0,0.2116,0,Low,0.0
15606740,Cust6740,365,Germany,Female,29,5,173493.01,4,0,0,20496.73,0,0.3173,0,Medium,55049.33
15606741,Cust6741,404,France,Male,67,7,2441.17,1,0,1,12033.36,0,0.4048,1,Medium,988.19
15606742,Cust6742,473,France,Female,37,8,185850.16,3,1,0,66757.72,0,0.3457,0,Medium,64248.4
15606743,Cust6743,595,France,Female,34,8,0.0,3,1,0,91412.66,0,0.2189,0,Low,0.0
15606744,Cust6744,488,France,Female,46,3,0.0,1,0,0,163538.97,0,0.378,0,Medium,0.0
15606745,Cust6745,577,France,Male,89,4,57011.45,1,1,0,2366.27,1,0.8261,1,Critical,47097.16
15606746,Cust6746,574,Germany,Female,65,1,0.0,2,1,1,126206.06,0,0.3772,0,Medium,0.0
15606747,Cust6747,569,Germany,Female,49,6,0.0,3,1,1,67248.17,0,0.2742,0,Low,0.0
15606748,Cust6748,379,France,Male,78,8,159817.59,4,1,1,89817.09,1,0.8153,1,Critical,130299.28
15606749,Cust6749,619,Germany,Female,19,5,0.0,2,1,1,113720.99,0,0.0671,0,Low,0.0
15606750,Cust6750,500,France,Female,42,3,0.0,2,1,1,43623.1,1,0.3234,0,Medium,0.0
15606751,Cust6751,619,France,Female,58,3,0.0,2,1,0,41184.02,0,0.3673,0,Medium,0.0
15606752,Cust6752,380,Spain,Female,54,7,0.0,4,1,1,153955.36,0,0.1981,0,Low,0.0
15606753,Cust6753,786,Spain,Male,68,7,0.0,3,0,1,166398.6,0,0.2644,0,Low,0.0
15606754,Cust6754,711,France,Female,69,5,129769.19,3,1,0,52347.96,1,0.6537,1,High,84830.12
15606755,Cust6755,523,France,Female,51,2,38779.44,1,0,0,125886.4,0,0.4259,1,Medium,16516.16
15606756,Cust6756,530,Spain,Male,86,4,0.0,3,0,1,103230.35,0,0.4364,1,Medium,0.0
15606757,Cust6757,508,Spain,Female,86,3,144046.2,2,1,1,119207.79,0,0.6047,1,High,87104.74
15606758,Cust6758,846,France,Male,53,1,0.0,4,1,1,172760.59,0,0.3281,0,Medium,0.0
15606759,Cust6759,701,France,Female,84,4,0.0,3,0,0,119585.84,0,0.5964,1,Medium,0.0
15606760,Cust6760,580,France,Male,65,9,107516.41,1,1,0,171802.77,1,0.5177,1,Medium,55661.25
15606761,Cust6761,674,Germany,Male,28,6,28385.51,3,0,0,94442.72,0,0.2046,0,Low,5807.68
15606762,Cust6762,382,Spain,Male,26,1,0.0,1,0,1,12649.42,0,0.1334,0,Low,0.0
15606763,Cust6763,765,Germany,Male,23,9,165538.61,4,1,1,31824.1,0,0.078,0,Low,12912.01
15606764,Cust6764,648,France,Female,33,2,0.0,2,1,1,129195.71,0,0.1063,0,Low,0.0
15606765,Cust6765,504,Germany,Male,41,6,152415.58,4,1,0,75852.79,0,0.5648,1,Medium,86084.32
15606766,Cust6766,697,Spain,Female,23,6,32335.16,4,1,0,94221.0,0,0.2231,0,Low,7213.97
15606767,Cust6767,353,France,Male,63,7,203534.91,2,1,1,148466.64,0,0.6169,1,High,125560.69
15606768,Cust6768,595,Spain,Male,48,8,93159.93,1,1,0,124890.38,0,0.3533,0,Medium,32913.4
15606769,Cust6769,822,France,Female,62,3,153268.0,1,1,0,146802.42,0,0.4093,1,Medium,62732.59
15606770,Cust6770,730,France,Male,55,8,116413.3,2,1,1,7425.73,0,0.2439,0,Low,28393.2
15606771,Cust6771,372,Germany,Male,38,6,117080.77,1,1,1,185907.46,0,0.1821,0,Low,21320.41
15606772,Cust6772,645,France,Female,63,3,194645.12,3,1,1,72940.75,0,0.4312,1,Medium,83930.98
15606773,Cust6773,690,Spain,Male,88,1,27587.22,1,0,0,142179.28,0,0.6371,1,High,17575.82
15606774,Cust6774,613,Germany,Female,41,6,18697.55,3,1,0,83092.05,0,0.3079,0,Medium,5756.98
15606775,Cust6775,511,France,Female,40,5,25264.58,1,1,1,42011.71,0,0.2061,0,Low,5207.03
15606776,Cust6776,690,France,Female,56,5,248825.03,1,1,0,109951.44,0,0.4028,1,Medium,100226.72
15606777,Cust6777,562,Germany,Male,77,7,231787.03,1,0,1,17319.26,0,0.5489,1,Medium,127227.9
15606778,Cust6778,825,France,Male,57,7,0.0,4,1,1,9576.07,0,0.2425,0,Low,0.0
15606779,Cust6779,769,Germany,Female,79,1,0.0,3,1,1,55695.61,0,0.435,1,Medium,0.0
15606780,Cust6780,805,France,Female,23,3,0.0,4,1,1,85549.59,0,0.1471,0,Low,0.0
15606781,Cust6781,560,France,Female,25,9,0.0,3,1,0,49113.7,0,0.2074,0,Low,0.0
15606782,Cust6782,689,Germany,Male,48,6,0.0,3,0,0,198014.34,0,0.4751,1,Medium,0.0
15606783,Cust6783,422,France,Female,35,4,68210.51,1,1,1,5637.15,0,0.1762,0,Low,12018.69
15606784,Cust6784,726,Germany,Female,19,10,210197.99,1,1,0,173654.96,0,0.3133,0,Medium,65855.03
15606785,Cust6785,727,Germany,Female,33,7,0.0,3,1,1,84744.48,0,0.078,0,Low,0.0
15606786,Cust6786,738,France,Female,38,9,0.0,3,1,0,151116.16,0,0.2183,0,Low,0.0
15606787,Cust6787,360,Germany,Male,86,5,0.0,4,0,1,181805.58,1,0.7562,1,High,0.0
15606788,Cust6788,578,Spain,Male,75,1,209322.56,3,1,0,117578.61,0,0.7588,1,High,158833.96
15606789,Cust6789,487,Spain,Male,43,8,168572.8,1,0,1,99682.25,0,0.2007,0,Low,33832.56
15606790,Cust6790,808,France,Female,88,8,88031.46,3,1,0,126042.88,1,0.6049,1,High,53250.23
15606791,Cust6791,619,France,Female,79,6,163291.97,1,1,0,194615.91,1,0.8754,1,Critical,142945.79
15606792,Cust6792,656,Germany,Male,36,4,207276.93,4,1,1,16202.96,0,0.2456,0,Low,50907.21
15606793,Cust6793,569,Germany,Male,53,1,0.0,2,0,1,113163.03,0,0.1937,0,Low,0.0
15606794,Cust6794,407,Germany,Male,86,2,215507.02,2,0,1,96490.46,0,0.7029,1,High,151479.88
15606795,Cust6795,660,Germany,Male,51,10,245882.74,1,0,1,163875.71,0,0.3053,0,Medium,75068.0
15606796,Cust6796,656,Spain,Male,45,1,172536.32,2,0,0,21122.04,0,0.4311,1,Medium,74380.41
15606797,Cust6797,541,France,Female,84,7,232031.8,1,1,0,128216.44,1,0.8878,1,Critical,205997.83
15606798,Cust6798,665,Germany,Female,66,7,67944.45,1,1,1,60113.85,0,0.4085,1,Medium,27755.31
15606799,Cust6799,545,France,Male,50,5,243370.69,3,1,0,152197.64,0,0.5229,1,Medium,127258.53
15606800,Cust6800,680,France,Male,82,10,227581.14,2,1,1,13210.55,1,0.6526,1,High,148519.45
15606801,Cust6801,524,Germany,Male,73,7,10310.74,3,1,1,167872.42,1,0.6215,1,High,6408.12
15606802,Cust6802,737,France,Male,43,10,0.0,4,0,0,97.98,1,0.6862,1,High,0.0
15606803,Cust6803,794,France,Male,49,2,125742.92,4,1,1,176906.38,0,0.2387,0,Low,30014.84
15606804,Cust6804,592,Spain,Male,21,8,203901.31,4,1,1,96544.67,0,0.1259,0,Low,25671.17
15606805,Cust6805,358,Spain,Male,25,8,31585.03,1,1,0,185020.06,0,0.1501,0,Low,4740.91
15606806,Cust6806,691,Germany,Male,88,10,131909.82,1,1,1,1839.09,1,0.8033,1,Critical,105963.16
15606807,Cust6807,820,Spain,Female,21,4,125315.95,4,0,0,184282.89,0,0.2612,0,Low,32732.53
15606808,Cust6808,705,France,Male,79,3,98884.76,4,1,0,108659.89,1,0.7895,1,High,78069.52
15606809,Cust6809,529,Spain,Male,33,8,248045.69,1,1,1,13272.11,0,0.2045,0,Low,50725.34
15606810,Cust6810,632,France,Male,58,7,134886.6,1,1,0,197040.37,0,0.465,1,Medium,62722.27
15606811,Cust6811,532,France,Male,71,3,103311.1,2,1,0,56208.86,0,0.6987,1,High,72183.47
15606812,Cust6812,737,France,Female,91,3,0.0,3,1,1,36836.89,0,0.363,0,Medium,0.0
15606813,Cust6813,713,France,Male,45,8,34763.6,1,0,1,13484.09,1,0.4902,1,Medium,17041.12
15606814,Cust6814,663,Germany,Male,86,6,0.0,2,0,0,103475.01,0,0.5261,1,Medium,0.0
15606815,Cust6815,544,France,Female,51,9,69722.98,1,1,1,135175.98,0,0.2321,0,Low,16182.7
15606816,Cust6816,436,Germany,Male,82,6,233425.17,4,1,0,60081.17,1,0.9141,1,Critical,213373.95
15606817,Cust6817,658,France,Male,25,10,0.0,4,0,0,138981.5,0,0.1575,0,Low,0.0
15606818,Cust6818,518,France,Male,37,3,151671.09,3,1,0,168968.86,0,0.3494,0,Medium,52993.88
15606819,Cust6819,802,Spain,Male,64,8,0.0,1,1,1,90835.3,0,0.2813,0,Low,0.0
15606820,Cust6820,381,Germany,Female,70,2,0.0,2,1,0,192925.06,1,0.6099,1,High,0.0
15606821,Cust6821,773,Spain,Female,77,7,0.0,1,0,1,21342.5,0,0.374,0,Medium,0.0
15606822,Cust6822,740,France,Male,44,4,0.0,4,1,0,145806.36,0,0.2883,0,Low,0.0
15606823,Cust6823,608,France,Male,64,5,63983.84,3,1,1,147323.01,0,0.295,0,Low,18875.23
15606824,Cust6824,847,Germany,Male,63,8,32621.9,2,0,1,111463.08,1,0.5669,1,Medium,18493.36
15606825,Cust6825,709,Germany,Female,90,1,226909.09,1,1,0,27919.97,0,0.6418,1,High,145630.25
15606826,Cust6826,370,France,Female,26,2,160211.84,4,1,0,108756.15,0,0.4921,1,Medium,78840.25
15606827,Cust6827,546,Spain,Male,19,6,36273.1,3,0,0,33055.63,1,0.5518,1,Medium,20015.5
15606828,Cust6828,771,Germany,Female,60,4,247460.87,1,1,1,17025.6,0,0.336,0,Medium,83146.85
15606829,Cust6829,738,Germany,Male,19,6,102819.33,4,1,1,108175.55,0,0.1132,0,Low,11639.15
15606830,Cust6830,430,France,Female,32,4,0.0,4,1,1,121456.88,1,0.4813,1,Medium,0.0
15606831,Cust6831,435,Germany,Male,55,0,44178.68,1,0,1,160599.24,1,0.4749,1,Medium,20980.46
15606832,Cust6832,812,France,Male,37,10,233191.42,1,0,1,40916.17,0,0.1352,0,Low,31527.48
15606833,Cust6833,372,Spain,Female,37,7,19801.83,1,1,1,186413.61,0,0.1712,0,Low,3390.07
15606834,Cust6834,825,France,Female,43,6,238955.41,2,0,0,114205.24,0,0.2476,0,Low,59165.36
15606835,Cust6835,620,France,Male,68,1,181780.65,2,1,0,129001.0,0,0.6487,1,High,117921.11
15606836,Cust6836,754,France,Female,45,2,56811.14,4,1,0,33441.05,0,0.3982,1,Medium,22622.2
15606837,Cust6837,457,Germany,Male,76,6,0.0,4,0,1,160151.5,1,0.7663,1,High,0.0
15606838,Cust6838,522,Spain,Male,29,0,209275.23,4,1,1,131504.92,0,0.4456,1,Medium,93253.04
15606839,Cust6839,715,Spain,Female,25,5,9980.99,4,1,1,36991.88,0,0.1311,0,Low,1308.51
15606840,Cust6840,431,Germany,Female,30,9,28570.03,1,1,1,100290.21,0,0.1072,0,Low,3062.71
15606841,Cust6841,400,Spain,Male,85,9,168214.02,4,0,0,77222.38,1,0.9083,1,Critical,152788.79
15606842,Cust6842,655,Germany,Female,38,5,0.0,4,0,1,199610.73,0,0.1407,0,Low,0.0
15606843,Cust6843,354,France,Female,20,2,0.0,3,0,1,196868.3,0,0.1744,0,Low,0.0
15606844,Cust6844,820,Germany,Male,41,0,143513.2,4,1,0,118240.36,1,0.8325,1,Critical,119474.74
15606845,Cust6845,688,France,Female,68,1,4467.87,2,1,1,77137.24,1,0.4959,1,Medium,2215.62
15606846,Cust6846,707,France,Male,44,3,94290.8,4,1,0,95342.2,0,0.5272,1,Medium,49710.11
15606847,Cust6847,600,France,Female,46,6,7132.66,4,0,1,53078.06,1,0.1764,0,Low,1258.2
15606848,Cust6848,662,France,Male,24,7,241721.34,1,0,1,154685.35,0,0.1536,0,Low,37128.4
15606849,Cust6849,826,Spain,Male,67,5,0.0,4,1,0,100661.04,0,0.3762,0,Medium,0.0
15606850,Cust6850,352,Spain,Male,34,9,0.0,2,0,1,111326.34,0,0.1792,0,Low,0.0
15606851,Cust6851,473,France,Male,25,1,168441.41,1,0,1,9052.15,1,0.6489,1,High,109301.63
15606852,Cust6852,699,Germany,Male,70,4,193057.97,1,1,1,17034.66,0,0.4431,1,Medium,85543.99
15606853,Cust6853,411,France,Female,87,6,83831.89,3,1,1,42931.29,0,0.5755,1,Medium,48245.25
15606854,Cust6854,472,France,Male,63,0,46099.5,4,0,0,87642.57,1,0.8415,1,Critical,38792.73
15606855,Cust6855,361,France,Male,87,9,0.0,4,1,0,87582.7,1,0.7222,1,High,0.0
15606856,Cust6856,377,France,Male,47,10,0.0,4,1,0,169888.32,1,0.7157,1,High,0.0
15606857,Cust6857,572,France,Male,56,8,188825.33,4,1,0,155905.98,0,0.6084,1,High,114881.33
15606858,Cust6858,680,France,Male,44,7,0.0,1,0,0,126886.47,0,0.2641,0,Low,0.0
15606859,Cust6859,400,France,Female,55,2,0.0,3,1,1,6303.9,0,0.1696,0,Low,0.0
15606860,Cust6860,842,France,Male,84,2,28108.06,1,1,0,110278.77,1,0.6774,1,High,19040.4
15606861,Cust6861,738,Spain,Female,64,2,131161.46,3,1,1,196977.41,1,0.3155,0,Medium,41381.44
15606862,Cust6862,682,France,Female,19,1,138852.76,2,1,1,99756.93,0,0.1402,0,Low,19467.16
15606863,Cust6863,386,France,Male,60,6,31762.55,4,1,0,110359.12,0,0.5088,1,Medium,16160.79
15606864,Cust6864,609,Germany,Female,45,10,240999.48,1,1,0,9435.75,0,0.4446,1,Medium,107148.37
15606865,Cust6865,811,France,Male,58,7,159504.1,1,1,0,52444.22,1,0.6944,1,High,110759.65
15606866,Cust6866,469,Germany,Female,59,9,55972.86,3,0,1,121128.74,1,0.5994,1,Medium,33550.13
15606867,Cust6867,620,France,Female,61,10,0.0,3,0,0,172968.85,0,0.3528,0,Medium,0.0
15606868,Cust6868,632,Germany,Female,82,7,193755.86,4,1,0,152245.63,1,0.9148,1,Critical,177247.86
15606869,Cust6869,698,Germany,Female,81,1,210328.91,4,0,1,167280.96,1,0.7996,1,High,168179.0
15606870,Cust6870,810,Germany,Male,89,10,22657.52,2,1,1,158324.86,0,0.3813,0,Medium,8639.31
15606871,Cust6871,415,Germany,Male,63,6,64357.67,3,1,0,125200.88,0,0.5834,1,Medium,37546.26
15606872,Cust6872,381,France,Female,39,6,160594.47,4,1,1,106380.53,0,0.4528,1,Medium,72717.18
15606873,Cust6873,394,France,Male,32,10,0.0,4,1,0,71673.16,1,0.5589,1,Medium,0.0
15606874,Cust6874,483,France,Female,80,7,85628.07,2,1,1,161772.66,0,0.376,0,Medium,32196.15
15606875,Cust6875,527,Germany,Male,85,1,106112.82,1,1,1,86941.02,1,0.7011,1,High,74395.7
15606876,Cust6876,790,France,Male,20,8,0.0,2,1,0,108009.97,0,0.1156,0,Low,0.0
15606877,Cust6877,610,France,Male,33,10,46165.65,1,0,1,199780.01,0,0.11,0,Low,5078.22
15606878,Cust6878,723,Germany,Female,68,2,97015.8,1,1,1,56597.42,1,0.3593,0,Medium,34857.78
15606879,Cust6879,638,France,Male,30,5,17456.36,1,0,0,84797.24,0,0.185,0,Low,3229.43
15606880,Cust6880,827,France,Male,21,1,1513.91,1,1,1,16232.0,0,0.1097,0,Low,166.08
15606881,Cust6881,515,Germany,Female,91,7,243798.33,1,1,0,67248.75,1,0.871,1,Critical,212348.35
15606882,Cust6882,685,France,Male,25,1,13701.97,4,1,0,179056.56,1,0.7,1,High,9591.38
15606883,Cust6883,486,Spain,Male,33,4,0.0,3,0,1,53833.67,0,0.1616,0,Low,0.0
15606884,Cust6884,466,Spain,Male,91,7,222490.49,1,1,0,167239.73,1,0.9056,1,Critical,201487.39
15606885,Cust6885,841,Spain,Male,25,9,0.0,2,1,1,107368.9,0,0.0585,0,Low,0.0
15606886,Cust6886,362,France,Male,77,3,0.0,4,0,0,108439.11,1,0.7833,1,High,0.0
15606887,Cust6887,486,France,Female,59,9,0.0,1,1,1,196524.36,1,0.5368,1,Medium,0.0
15606888,Cust6888,543,Germany,Male,57,0,0.0,1,1,1,93406.86,0,0.2331,0,Low,0.0
15606889,Cust6889,419,Germany,Male,79,1,174231.13,3,1,1,60824.88,0,0.6336,1,High,110392.84
15606890,Cust6890,736,Germany,Male,19,1,0.0,2,1,0,128823.66,0,0.1226,0,Low,0.0
15606891,Cust6891,530,France,Male,22,8,0.0,3,0,0,100381.55,0,0.2374,0,Low,0.0
15606892,Cust6892,579,France,Male,32,3,97688.18,1,0,1,94970.98,0,0.1928,0,Low,18834.28
15606893,Cust6893,502,France,Female,54,0,69024.23,1,1,0,178496.21,0,0.4074,1,Medium,28120.47
15606894,Cust6894,796,France,Female,89,8,163629.0,3,0,1,147509.44,0,0.4514,1,Medium,73862.13
15606895,Cust6895,561,France,Male,23,3,85900.38,2,1,0,83504.67,0,0.2426,0,Low,20839.43
15606896,Cust6896,744,Spain,Male,49,7,127205.65,4,0,1,36388.16,0,0.2119,0,Low,26954.88
15606897,Cust6897,662,France,Female,49,6,156609.36,3,0,0,14560.35,1,0.6432,1,High,100731.14
15606898,Cust6898,828,Germany,Male,32,1,216452.65,2,1,1,49584.86,0,0.151,0,Low,32684.35
15606899,Cust6899,652,Spain,Male,43,6,230229.21,1,1,1,195208.08,0,0.2289,0,Low,52699.47
15606900,Cust6900,843,France,Male,32,9,173361.96,3,1,1,23123.26,0,0.1287,0,Low,22311.68
15606901,Cust6901,699,Germany,Male,28,4,0.0,4,0,0,199508.7,0,0.2308,0,Low,0.0
15606902,Cust6902,379,Germany,Female,56,9,0.0,2,0,0,126906.41,0,0.3487,0,Medium,0.0
15606903,Cust6903,428,France,Female,86,2,51128.89,3,1,0,98259.3,1,0.8177,1,Critical,41808.09
15606904,Cust6904,745,France,Male,47,3,0.0,1,1,0,169709.07,0,0.2813,0,Low,0.0
15606905,Cust6905,373,Spain,Male,64,1,0.0,3,1,0,60501.28,0,0.4439,1,Medium,0.0
15606906,Cust6906,445,Germany,Male,67,2,171159.56,4,1,1,10997.99,0,0.631,1,High,108001.68
15606907,Cust6907,746,Spain,Female,80,2,37341.09,2,1,1,35422.17,1,0.6012,1,High,22449.46
15606908,Cust6908,527,Spain,Male,79,7,74841.43,3,1,1,160017.8,1,0.4412,1,Medium,33020.04
15606909,Cust6909,458,France,Male,85,1,20014.99,3,1,0,116066.22,1,0.7115,1,High,14240.67
15606910,Cust6910,449,Germany,Female,78,5,0.0,1,0,1,93817.93,0,0.5831,1,Medium,0.0
15606911,Cust6911,508,Germany,Female,86,2,177059.45,1,1,0,151640.07,1,0.8244,1,Critical,145967.81
15606912,Cust6912,769,Germany,Male,89,1,0.0,2,0,0,96078.01,1,0.587,1,Medium,0.0
15606913,Cust6913,578,Germany,Male,73,9,0.0,4,1,0,94387.69,1,0.8141,1,Critical,0.0
15606914,Cust6914,827,Germany,Male,54,5,211925.42,2,0,1,183297.47,0,0.3115,0,Medium,66014.77
15606915,Cust6915,708,Spain,Female,40,3,104796.44,1,1,0,114335.74,0,0.3488,0,Medium,36553.0
15606916,Cust6916,484,France,Female,60,7,0.0,2,1,0,129848.25,0,0.4359,1,Medium,0.0
15606917,Cust6917,431,Germany,Female,79,9,144332.02,2,0,0,127167.39,1,0.8329,1,Critical,120214.14
15606918,Cust6918,822,France,Male,73,3,175962.36,3,1,1,55044.12,0,0.4615,1,Medium,81206.63
15606919,Cust6919,802,Germany,Male,56,2,194257.64,3,1,1,199679.78,0,0.2951,0,Low,57325.43
15606920,Cust6920,411,Spain,Male,23,7,0.0,2,0,1,8193.64,0,0.0762,0,Low,0.0
15606921,Cust6921,511,Spain,Male,38,5,0.0,2,1,1,63639.52,0,0.1773,0,Low,0.0
15606922,Cust6922,722,France,Male,60,7,112830.46,2,0,0,68839.59,0,0.6175,1,High,69672.81
15606923,Cust6923,842,Germany,Male,46,1,226468.12,2,1,1,195846.72,0,0.3034,0,Medium,68710.43
15606924,Cust6924,802,France,Male,51,10,134085.8,2,1,1,119909.95,1,0.5455,1,Medium,73143.8
15606925,Cust6925,492,France,Female,40,0,0.0,1,1,1,74954.89,0,0.1354,0,Low,0.0
15606926,Cust6926,799,France,Female,23,3,48846.61,2,1,1,63947.18,0,0.1101,0,Low,5378.01
15606927,Cust6927,713,Spain,Male,52,6,0.0,4,1,0,17661.88,0,0.3018,0,Medium,0.0
15606928,Cust6928,581,France,Male,50,5,0.0,2,1,1,6543.33,0,0.1886,0,Low,0.0
15606929,Cust6929,538,Spain,Female,75,3,0.0,2,1,0,31415.1,0,0.527,1,Medium,0.0
15606930,Cust6930,757,France,Male,26,10,221771.54,3,0,1,92049.81,0,0.1653,0,Low,36658.84
15606931,Cust6931,769,Germany,Male,53,3,121603.67,2,0,1,57733.7,0,0.2958,0,Low,35970.37
15606932,Cust6932,807,Germany,Female,81,7,0.0,2,0,1,196939.49,0,0.4147,1,Medium,0.0
15606933,Cust6933,581,Germany,Male,37,4,213597.68,1,0,1,55608.04,0,0.1579,0,Low,33727.07
15606934,Cust6934,483,Germany,Male,41,4,0.0,4,1,1,166898.7,0,0.2119,0,Low,0.0
15606935,Cust6935,786,Germany,Female,24,8,90400.83,3,1,1,170582.81,1,0.4224,1,Medium,38185.31
15606936,Cust6936,501,Spain,Female,60,3,53057.03,1,1,0,43146.01,0,0.6198,1,High,32884.75
15606937,Cust6937,727,Germany,Male,81,4,0.0,3,0,0,45370.9,0,0.5527,1,Medium,0.0
15606938,Cust6938,605,France,Female,53,8,0.0,2,1,1,142505.2,0,0.1871,0,Low,0.0
15606939,Cust6939,643,France,Male,48,0,0.0,1,0,0,192424.57,0,0.313,0,Medium,0.0
15606940,Cust6940,455,Germany,Female,73,4,102864.57,3,1,1,106168.49,0,0.5327,1,Medium,54795.96
15606941,Cust6941,475,France,Female,50,3,21188.02,1,1,1,75229.9,0,0.2747,0,Low,5820.35
15606942,Cust6942,677,Germany,Female,47,5,0.0,1,1,1,6142.19,1,0.3782,0,Medium,0.0
15606943,Cust6943,480,Germany,Female,74,6,0.0,3,0,0,157945.68,0,0.6665,1,High,0.0
15606944,Cust6944,685,France,Female,39,4,0.0,3,1,1,51117.21,0,0.104,0,Low,0.0
15606945,Cust6945,846,Spain,Male,80,10,129177.92,2,1,0,39809.22,0,0.528,1,Medium,68205.94
15606946,Cust6946,391,Germany,Female,37,10,135716.61,4,1,0,42585.95,1,0.6,1,High,81429.97
15606947,Cust6947,813,Germany,Male,55,1,19115.37,4,0,1,134371.27,1,0.6622,1,High,12658.2
15606948,Cust6948,435,Germany,Male,36,7,0.0,1,1,1,82383.18,0,0.1135,0,Low,0.0
15606949,Cust6949,419,Spain,Male,64,3,115787.99,1,1,0,161762.78,1,0.8026,1,Critical,92931.44
15606950,Cust6950,767,Germany,Male,50,7,48370.63,1,0,0,18271.39,1,0.4625,1,Medium,22371.42
15606951,Cust6951,452,Spain,Female,35,5,222920.03,1,1,1,137331.44,1,0.4468,1,Medium,99600.67
15606952,Cust6952,674,France,Male,73,10,107728.14,2,1,1,173668.44,0,0.2499,0,Low,26921.26
15606953,Cust6953,403,Germany,Male,87,10,87998.08,1,0,1,170427.72,0,0.4281,1,Medium,37671.98
15606954,Cust6954,393,Germany,Male,20,0,136001.38,4,0,0,33728.52,0,0.3045,0,Medium,41412.42
15606955,Cust6955,450,France,Female,60,1,0.0,3,1,1,119634.2,1,0.4154,1,Medium,0.0
15606956,Cust6956,610,France,Female,71,0,20491.84,1,1,0,190956.94,1,0.7488,1,High,15344.29
15606957,Cust6957,495,Germany,Female,71,8,0.0,2,1,0,159767.48,1,0.6516,1,High,0.0
15606958,Cust6958,461,France,Male,34,2,0.0,3,1,1,172320.79,0,0.1476,0,Low,0.0
15606959,Cust6959,769,Spain,Female,26,7,96683.16,2,1,0,185673.12,0,0.187,0,Low,18079.75
15606960,Cust6960,437,France,Male,56,3,89216.91,2,0,1,22504.21,1,0.2836,0,Low,25301.92
15606961,Cust6961,397,France,Male,65,3,142290.46,1,0,1,36823.99,0,0.4949,1,Medium,70419.55
15606962,Cust6962,405,Germany,Female,39,6,172366.93,4,1,1,159090.67,1,0.7756,1,High,133687.79
15606963,Cust6963,791,France,Male,45,8,200204.61,1,0,0,158696.18,0,0.4481,1,Medium,89711.69
15606964,Cust6964,588,France,Female,57,6,131786.38,1,1,0,20328.41,1,0.7026,1,High,92593.11
15606965,Cust6965,836,Germany,Male,51,6,38847.95,1,1,1,171660.12,0,0.1904,0,Low,7396.65
15606966,Cust6966,754,Germany,Female,53,8,173988.45,2,0,1,61801.45,0,0.2628,0,Low,45724.16
15606967,Cust6967,491,France,Male,68,1,0.0,2,1,1,184830.28,0,0.3949,1,Medium,0.0
15606968,Cust6968,746,Germany,Female,90,6,147233.33,3,1,1,12405.65,0,0.4433,1,Medium,65268.54
15606969,Cust6969,578,Germany,Male,76,3,110926.86,3,1,1,121309.17,0,0.4407,1,Medium,48885.47
15606970,Cust6970,630,Spain,Female,18,1,0.0,1,0,0,196856.4,0,0.2412,0,Low,0.0
15606971,Cust6971,615,France,Female,43,3,175339.72,1,1,1,117740.81,1,0.4706,1,Medium,82514.87
15606972,Cust6972,729,France,Male,18,2,0.0,2,0,0,22978.95,0,0.1893,0,Low,0.0
15606973,Cust6973,453,Spain,Male,82,3,216949.38,2,1,1,17966.92,0,0.5763,1,Medium,125027.93
15606974,Cust6974,379,Germany,Female,65,0,185861.49,4,1,1,114509.24,1,0.8048,1,Critical,149581.33
15606975,Cust6975,716,France,Male,34,8,0.0,4,0,0,145408.3,0,0.2636,0,Low,0.0
15606976,Cust6976,827,Spain,Male,80,3,53552.08,2,1,0,160048.19,1,0.7547,1,High,40415.75
15606977,Cust6977,640,France,Female,59,7,4393.66,3,1,1,116453.64,0,0.3156,0,Medium,1386.64
15606978,Cust6978,408,Spain,Male,21,8,0.0,2,1,1,60944.15,0,0.0846,0,Low,0.0
15606979,Cust6979,406,Germany,Female,29,9,70317.49,4,0,1,20268.0,1,0.5472,1,Medium,38477.73
15606980,Cust6980,622,Spain,Female,77,0,29528.3,3,0,1,131550.32,0,0.3642,0,Medium,10754.21
15606981,Cust6981,798,Spain,Male,39,5,0.0,1,1,0,111127.01,0,0.1375,0,Low,0.0
15606982,Cust6982,657,France,Male,56,4,81519.43,1,1,1,51657.09,0,0.3025,0,Medium,24659.63
15606983,Cust6983,501,Spain,Female,84,3,0.0,2,1,0,190097.59,0,0.5751,1,Medium,0.0
15606984,Cust6984,661,France,Female,39,8,0.0,2,1,0,113307.32,0,0.1898,0,Low,0.0
15606985,Cust6985,428,Germany,Female,18,0,196078.46,1,0,1,156432.91,0,0.2332,0,Low,45725.5
15606986,Cust6986,590,Germany,Female,24,3,0.0,1,1,0,121367.01,0,0.2703,0,Low,0.0
15606987,Cust6987,841,France,Male,85,8,225582.92,4,0,0,30998.36,1,0.8858,1,Critical,199821.35
15606988,Cust6988,665,France,Male,62,4,0.0,3,1,0,186175.76,0,0.3691,0,Medium,0.0
15606989,Cust6989,401,France,Female,42,0,222344.59,4,1,1,115162.87,1,0.8112,1,Critical,180365.93
15606990,Cust6990,450,France,Female,23,1,0.0,2,1,1,129700.69,0,0.1235,0,Low,0.0
15606991,Cust6991,379,France,Male,69,3,201648.83,3,1,1,103365.5,1,0.61,1,High,123005.79
15606992,Cust6992,551,Spain,Male,20,2,97243.78,3,1,1,154214.1,0,0.1292,0,Low,12563.9
15606993,Cust6993,469,Germany,Male,24,7,0.0,2,1,0,188740.61,0,0.1287,0,Low,0.0
15606994,Cust6994,840,Spain,Female,61,1,0.0,3,1,0,65994.36,0,0.2288,0,Low,0.0
15606995,Cust6995,509,Spain,Male,65,8,51179.69,3,1,1,170143.32,0,0.2809,0,Low,14376.37
15606996,Cust6996,367,Germany,Male,60,3,235903.75,4,1,0,23534.95,0,0.5466,1,Medium,128944.99
15606997,Cust6997,567,France,Male,85,0,137204.27,4,0,1,85202.98,1,0.7245,1,High,99404.49
15606998,Cust6998,719,Spain,Female,37,0,17919.39,4,1,0,179319.64,0,0.3481,0,Medium,6237.74
15606999,Cust6999,693,Germany,Female,59,6,49325.26,3,1,1,116626.99,0,0.3085,0,Medium,15216.84
15607000,Cust7000,839,Germany,Female,40,8,0.0,1,1,1,7755.01,0,0.0672,0,Low,0.0
15607001,Cust7001,533,Spain,Female,44,1,211473.14,4,1,0,73411.61,0,0.5711,1,Medium,120772.31
15607002,Cust7002,611,Germany,Female,29,3,0.0,2,1,1,143868.41,0,0.1199,0,Low,0.0
15607003,Cust7003,630,Germany,Male,76,8,28364.43,3,0,0,64954.61,1,0.7373,1,High,20913.09
15607004,Cust7004,362,Spain,Female,70,9,15507.15,3,0,0,48211.1,1,0.5855,1,Medium,9079.44
15607005,Cust7005,352,France,Female,70,8,0.0,1,0,0,160322.3,0,0.5548,1,Medium,0.0
15607006,Cust7006,748,Spain,Female,28,6,0.0,1,0,1,49348.95,0,0.0435,0,Low,0.0
15607007,Cust7007,542,France,Male,26,8,133207.38,4,0,0,40761.54,0,0.3015,0,Medium,40162.03
15607008,Cust7008,694,France,Male,75,3,184472.78,3,1,1,138837.72,0,0.4607,1,Medium,84986.61
15607009,Cust7009,823,Germany,Male,67,0,148339.96,1,1,0,138495.32,1,0.7696,1,High,114162.43
15607010,Cust7010,472,France,Male,20,6,23971.32,4,1,0,320.08,0,0.3923,1,Medium,9403.95
15607011,Cust7011,738,Spain,Female,67,6,0.0,4,1,1,112418.53,1,0.4449,1,Medium,0.0
15607012,Cust7012,457,France,Male,90,8,82887.88,1,1,0,12672.54,0,0.7132,1,High,59115.64
15607013,Cust7013,721,Germany,Male,73,2,0.0,2,1,0,181948.35,0,0.454,1,Medium,0.0
15607014,Cust7014,430,France,Male,38,9,149213.0,1,1,1,147663.49,0,0.1991,0,Low,29708.31
15607015,Cust7015,502,Spain,Female,41,5,0.0,3,1,0,146939.79,0,0.3142,0,Medium,0.0
15607016,Cust7016,585,France,Male,73,4,0.0,4,1,1,148046.75,0,0.4542,1,Medium,0.0
15607017,Cust7017,594,France,Male,47,10,234656.58,2,1,0,37090.39,0,0.4632,1,Medium,108692.93
15607018,Cust7018,365,France,Male,72,5,55037.6,1,1,1,21223.91,1,0.7189,1,High,39566.53
15607019,Cust7019,773,Germany,Female,89,0,85866.75,1,1,1,89754.08,1,0.6974,1,High,59883.47
15607020,Cust7020,353,Spain,Male,48,2,8644.81,2,1,0,139887.59,0,0.3122,0,Medium,2698.91
15607021,Cust7021,790,Spain,Male,60,6,74131.85,4,1,0,198584.46,0,0.3827,1,Medium,28370.26
15607022,Cust7022,453,France,Female,54,2,49926.68,2,1,0,55709.67,0,0.4732,1,Medium,23625.3
15607023,Cust7023,705,France,Male,55,1,54312.79,3,1,0,181708.57,0,0.2923,0,Low,15875.63
15607024,Cust7024,706,France,Male,23,3,143050.96,4,1,1,15383.15,0,0.1538,0,Low,22001.24
15607025,Cust7025,578,Germany,Female,91,5,0.0,4,1,0,60184.02,0,0.6309,1,High,0.0
15607026,Cust7026,619,Germany,Male,58,1,0.0,2,1,0,82158.07,0,0.2872,0,Low,0.0
15607027,Cust7027,386,France,Female,34,5,207286.94,3,1,1,70756.83,0,0.2957,0,Low,61294.75
15607028,Cust7028,801,Germany,Female,60,7,0.0,3,0,0,166672.23,0,0.3521,0,Medium,0.0
15607029,Cust7029,409,Spain,Male,47,5,0.0,1,1,0,87337.91,0,0.3471,0,Medium,0.0
15607030,Cust7030,679,France,Male,78,7,0.0,3,1,0,153706.35,0,0.5225,1,Medium,0.0
15607031,Cust7031,350,France,Female,74,7,0.0,1,1,0,176741.23,1,0.7779,1,High,0.0
15607032,Cust7032,723,France,Male,46,5,102457.16,3,1,1,101239.23,0,0.1962,0,Low,20102.09
15607033,Cust7033,529,France,Male,70,10,0.0,2,1,0,76830.51,0,0.4719,1,Medium,0.0
15607034,Cust7034,591,France,Female,20,6,0.0,2,1,0,474.91,0,0.1339,0,Low,0.0
15607035,Cust7035,361,Germany,Male,89,8,2130.82,2,1,1,145837.62,0,0.6336,1,High,1350.09
15607036,Cust7036,459,France,Male,55,7,45427.5,2,1,1,192465.83,0,0.2616,0,Low,11883.83
15607037,Cust7037,567,Germany,Male,66,10,111492.65,2,1,0,47661.92,1,0.7205,1,High,80330.45
15607038,Cust7038,709,Spain,Female,65,4,192379.33,2,1,1,187239.37,1,0.5387,1,Medium,103634.75
15607039,Cust7039,649,Spain,Female,41,2,0.0,1,0,1,196207.45,0,0.121,0,Low,0.0
15607040,Cust7040,480,Germany,Female,69,1,36933.4,2,0,0,132534.99,0,0.4608,1,Medium,17018.91
15607041,Cust7041,648,France,Female,47,10,65746.64,4,1,1,127342.31,1,0.2599,0,Low,17087.55
15607042,Cust7042,461,France,Female,68,8,151842.6,3,1,1,167995.52,0,0.458,1,Medium,69543.91
15607043,Cust7043,628,France,Female,24,3,90245.76,1,1,0,194749.05,1,0.2981,0,Low,26902.26
15607044,Cust7044,620,Spain,Male,28,4,74478.28,1,1,0,124787.08,0,0.1765,0,Low,13145.42
15607045,Cust7045,463,Spain,Female,86,0,0.0,3,1,1,4516.32,0,0.4564,1,Medium,0.0
15607046,Cust7046,450,France,Female,72,10,175398.95,3,1,0,152028.27,0,0.6658,1,High,116780.62
15607047,Cust7047,610,France,Male,27,4,49650.02,3,1,0,59814.6,0,0.2099,0,Low,10421.54
15607048,Cust7048,644,Germany,Female,33,4,15476.5,2,1,0,101851.02,0,0.2984,0,Low,4618.19
15607049,Cust7049,840,France,Male,58,2,0.0,3,1,0,124771.72,0,0.1879,0,Low,0.0
15607050,Cust7050,598,Spain,Female,18,0,0.0,3,1,0,73912.46,0,0.2083,0,Low,0.0
15607051,Cust7051,572,France,Male,47,8,0.0,3,1,1,23740.26,0,0.1679,0,Low,0.0
15607052,Cust7052,588,France,Female,42,2,140409.66,4,1,1,108430.01,0,0.4173,1,Medium,58592.95
15607053,Cust7053,788,France,Female,27,0,220247.88,4,1,1,95418.72,0,0.1636,0,Low,36032.55
15607054,Cust7054,503,France,Female,40,10,0.0,4,1,1,195349.57,0,0.3984,1,Medium,0.0
15607055,Cust7055,541,France,Male,39,6,45892.62,3,1,0,15712.33,0,0.3048,0,Medium,13988.07
15607056,Cust7056,534,Spain,Male,22,0,393.83,3,1,0,173707.37,0,0.1689,0,Low,66.52
15607057,Cust7057,662,France,Female,64,3,0.0,2,1,0,98863.55,0,0.3838,1,Medium,0.0
15607058,Cust7058,700,Germany,Female,38,6,0.0,4,1,1,42055.39,0,0.1412,0,Low,0.0
15607059,Cust7059,591,France,Female,20,2,200523.62,2,1,0,58936.29,1,0.3559,0,Medium,71366.36
15607060,Cust7060,482,France,Male,19,10,214524.87,1,1,0,1731.66,1,0.897,1,Critical,192428.81
15607061,Cust7061,694,France,Female,89,9,248803.62,4,0,0,108322.88,0,0.6179,1,High,153735.76
15607062,Cust7062,487,France,Male,26,9,214908.24,2,0,1,184689.49,0,0.1421,0,Low,30538.46
15607063,Cust7063,799,France,Male,85,5,73514.7,2,0,1,150388.03,0,0.4189,1,Medium,30795.31
15607064,Cust7064,662,France,Male,30,10,0.0,3,1,1,58150.14,0,0.0728,0,Low,0.0
15607065,Cust7065,570,Spain,Male,24,3,0.0,3,1,1,70759.42,0,0.1597,0,Low,0.0
15607066,Cust7066,466,Germany,Female,58,6,0.0,1,0,0,59381.03,0,0.4136,1,Medium,0.0
15607067,Cust7067,729,Spain,Female,82,8,192265.94,2,1,1,25210.24,0,0.5272,1,Medium,101362.6
15607068,Cust7068,655,France,Male,23,5,0.0,4,1,0,31713.95,0,0.2476,0,Low,0.0
15607069,Cust7069,792,Germany,Female,42,9,153413.25,3,1,1,143304.38,0,0.1697,0,Low,26034.23
15607070,Cust7070,704,Germany,Male,73,1,0.0,3,1,1,116509.54,1,0.3499,0,Medium,0.0
15607071,Cust7071,745,France,Male,22,4,147068.42,2,1,0,57694.99,0,0.1449,0,Low,21310.21
15607072,Cust7072,396,France,Male,30,9,84659.38,2,1,0,52552.51,0,0.2216,0,Low,18760.52
15607073,Cust7073,362,Germany,Female,40,2,62198.8,2,1,0,144791.87,0,0.368,0,Medium,22889.16
15607074,Cust7074,679,Spain,Male,77,4,158383.58,1,1,1,19060.26,0,0.4822,1,Medium,76372.56
15607075,Cust7075,350,France,Female,77,10,0.0,4,0,0,43368.67,1,0.717,1,High,0.0
15607076,Cust7076,796,France,Male,70,6,0.0,1,0,1,70593.26,0,0.3313,0,Medium,0.0
15607077,Cust7077,792,Spain,Male,67,3,52464.82,2,0,1,175042.16,0,0.2362,0,Low,12392.19
15607078,Cust7078,643,France,Female,19,3,0.0,4,0,0,163596.81,1,0.3385,0,Medium,0.0
15607079,Cust7079,715,Spain,Female,35,2,5276.93,1,1,0,16536.66,0,0.2737,0,Low,1444.3
15607080,Cust7080,561,Spain,Male,86,8,147362.21,4,1,0,111194.61,1,0.9042,1,Critical,133244.91
15607081,Cust7081,830,Spain,Male,71,1,0.0,3,1,1,167297.08,0,0.2907,0,Low,0.0
15607082,Cust7082,368,Spain,Female,35,2,0.0,1,1,1,108936.55,0,0.1848,0,Low,0.0
15607083,Cust7083,496,France,Female,70,1,0.0,1,1,1,92528.12,0,0.4162,1,Medium,0.0
15607084,Cust7084,699,Germany,Male,71,8,157703.57,2,1,0,178455.63,0,0.5832,1,Medium,91972.72
15607085,Cust7085,744,Spain,Male,72,10,0.0,2,1,0,146854.17,0,0.3492,0,Medium,0.0
15607086,Cust7086,471,Germany,Male,90,0,180909.61,1,1,1,101796.07,0,0.6394,1,High,115673.6
15607087,Cust7087,751,France,Male,58,10,61427.15,3,1,0,35109.71,0,0.4322,1,Medium,26548.81
15607088,Cust7088,580,France,Female,22,10,8467.8,3,1,1,35615.87,0,0.1053,0,Low,891.66
15607089,Cust7089,779,France,Male,78,5,208825.97,1,1,0,47361.22,1,0.8186,1,Critical,170944.94
15607090,Cust7090,483,France,Female,19,0,0.0,4,1,0,117267.47,1,0.5429,1,Medium,0.0
15607091,Cust7091,696,Germany,Female,65,7,166176.94,2,1,0,109431.18,1,0.7681,1,High,127640.51
15607092,Cust7092,454,Spain,Male,76,5,0.0,3,1,0,126631.59,0,0.58,1,Medium,0.0
15607093,Cust7093,419,Spain,Female,27,9,10814.23,3,1,0,39471.55,1,0.5337,1,Medium,5771.55
15607094,Cust7094,703,Germany,Female,77,3,39953.96,4,0,1,103745.82,1,0.697,1,High,27847.91
15607095,Cust7095,691,France,Male,77,6,0.0,1,1,0,122055.62,0,0.5334,1,Medium,0.0
15607096,Cust7096,496,France,Male,66,9,53601.35,1,1,1,171527.43,0,0.3236,0,Medium,17345.4
15607097,Cust7097,652,France,Male,41,7,158819.24,1,1,0,55115.69,0,0.348,0,Medium,55269.1
15607098,Cust7098,821,France,Male,32,7,0.0,3,0,1,55632.35,0,0.0595,0,Low,0.0
15607099,Cust7099,517,France,Male,70,10,108234.01,3,1,0,198557.61,0,0.4588,1,Medium,49657.76
15607100,Cust7100,601,France,Female,29,5,0.0,2,0,1,12476.2,0,0.0802,0,Low,0.0
15607101,Cust7101,454,France,Male,67,1,188269.48,4,1,0,97645.91,0,0.7447,1,High,140204.28
15607102,Cust7102,609,Germany,Male,30,10,170676.75,3,1,0,185703.1,0,0.2927,0,Low,49957.08
15607103,Cust7103,793,France,Female,42,1,149715.98,2,1,1,109909.73,0,0.2537,0,Low,37982.94
15607104,Cust7104,668,France,Male,55,6,174027.45,4,1,1,116041.59,0,0.3812,0,Medium,66339.26
15607105,Cust7105,421,France,Male,29,8,56648.47,1,0,1,53663.89,0,0.1715,0,Low,9715.21
15607106,Cust7106,721,Germany,Male,76,8,0.0,1,1,0,146899.98,0,0.4586,1,Medium,0.0
15607107,Cust7107,561,Germany,Female,69,7,0.0,4,1,1,192360.85,0,0.3955,1,Medium,0.0
15607108,Cust7108,359,France,Female,19,4,0.0,2,0,0,93145.78,0,0.1607,0,Low,0.0
15607109,Cust7109,662,France,Female,80,2,108068.67,4,1,0,173136.27,1,0.7922,1,High,85612.0
15607110,Cust7110,499,Spain,Female,71,0,239875.95,4,0,1,6952.8,0,0.4122,1,Medium,98876.87
15607111,Cust7111,836,Germany,Male,80,3,0.0,4,1,1,168294.63,1,0.704,1,High,0.0
15607112,Cust7112,848,Germany,Male,62,10,95791.7,4,0,0,191554.4,1,0.8195,1,Critical,78501.3
15607113,Cust7113,686,Germany,Female,64,7,38681.71,1,1,1,170026.19,1,0.6515,1,High,25201.13
15607114,Cust7114,666,Spain,Male,46,4,204080.17,3,1,1,17520.75,0,0.2617,0,Low,53407.78
15607115,Cust7115,502,Spain,Female,34,5,119902.19,4,1,1,127261.43,0,0.3191,0,Medium,38260.79
15607116,Cust7116,385,France,Female,35,3,0.0,4,1,1,14906.63,0,0.2097,0,Low,0.0
15607117,Cust7117,380,Germany,Female,41,9,0.0,4,1,0,13558.4,0,0.5033,1,Medium,0.0
15607118,Cust7118,582,France,Male,39,4,19766.55,4,1,0,15474.32,0,0.3567,0,Medium,7050.73
15607119,Cust7119,509,Germany,Female,73,9,195934.55,2,1,0,28590.67,0,0.7046,1,High,138055.48
15607120,Cust7120,831,France,Male,56,0,205494.2,4,0,0,107207.69,0,0.5569,1,Medium,114439.72
15607121,Cust7121,496,France,Male,48,5,0.0,3,0,1,149327.97,1,0.2636,0,Low,0.0
15607122,Cust7122,457,Spain,Female,71,6,70236.84,3,1,1,32592.9,0,0.4428,1,Medium,31100.87
15607123,Cust7123,760,Spain,Male,72,7,0.0,1,1,0,1336.0,1,0.6815,1,High,0.0
15607124,Cust7124,768,France,Male,87,0,175166.45,1,1,1,85297.79,1,0.5918,1,Medium,103663.51
15607125,Cust7125,538,Spain,Female,40,7,228134.73,2,1,0,85089.15,0,0.436,1,Medium,99466.74
15607126,Cust7126,390,France,Male,36,9,0.0,1,1,0,87633.48,0,0.1639,0,Low,0.0
15607127,Cust7127,399,France,Male,18,1,0.0,3,1,1,111460.88,1,0.3865,1,Medium,0.0
15607128,Cust7128,610,Spain,Male,29,3,221768.01,2,1,0,194338.63,0,0.3502,0,Medium,77663.16
15607129,Cust7129,785,France,Female,62,4,74381.85,1,0,1,56558.71,0,0.3202,0,Medium,23817.07
15607130,Cust7130,543,France,Female,77,2,179049.44,1,1,0,114038.42,1,0.8175,1,Critical,146372.92
15607131,Cust7131,359,Germany,Female,62,4,65927.04,4,0,0,168629.35,1,0.7169,1,High,47263.09
15607132,Cust7132,537,France,Male,91,9,58773.96,1,0,0,86999.01,0,0.6379,1,High,37491.91
15607133,Cust7133,351,France,Male,64,9,160383.73,4,1,1,2987.11,1,0.751,1,High,120448.18
15607134,Cust7134,562,France,Male,83,6,12508.33,3,1,0,70366.44,0,0.5654,1,Medium,7072.21
15607135,Cust7135,587,Germany,Male,37,9,24119.31,4,1,0,140708.1,1,0.6973,1,High,16818.39
15607136,Cust7136,716,France,Male,41,8,165035.91,4,1,0,37365.25,0,0.421,1,Medium,69480.12
15607137,Cust7137,384,France,Male,78,0,0.0,1,1,1,133302.2,0,0.5931,1,Medium,0.0
15607138,Cust7138,590,Germany,Female,66,4,8509.69,3,1,0,10417.19,0,0.3949,1,Medium,3360.48
15607139,Cust7139,438,France,Female,54,9,0.0,3,0,0,134236.71,0,0.4675,1,Medium,0.0
15607140,Cust7140,583,France,Male,88,4,18692.92,3,0,0,100011.14,0,0.5557,1,Medium,10387.66
15607141,Cust7141,843,Germany,Male,74,6,416.11,4,0,1,140524.29,1,0.4983,1,Medium,207.35
15607142,Cust7142,721,Spain,Male,39,4,232078.11,1,0,0,5569.74,0,0.3188,0,Medium,73986.5
15607143,Cust7143,773,France,Male,63,0,118510.49,1,1,1,190413.81,0,0.2403,0,Low,28478.07
15607144,Cust7144,369,Spain,Male,47,6,0.0,4,1,0,116044.53,1,0.5857,1,Medium,0.0
15607145,Cust7145,732,Germany,Female,48,4,104096.72,3,0,1,133727.86,0,0.2082,0,Low,21672.94
15607146,Cust7146,783,France,Male,77,8,249311.25,4,0,1,163079.25,0,0.5724,1,Medium,142705.76
15607147,Cust7147,686,Spain,Female,68,9,0.0,1,0,0,9870.99,0,0.4809,1,Medium,0.0
15607148,Cust7148,741,Germany,Male,18,1,0.0,1,0,1,31998.03,0,0.1028,0,Low,0.0
15607149,Cust7149,373,Germany,Female,60,3,162402.61,3,0,0,31550.02,1,0.8579,1,Critical,139325.2
15607150,Cust7150,720,Germany,Female,65,4,0.0,4,0,1,31489.71,0,0.3048,0,Medium,0.0
15607151,Cust7151,768,Germany,Female,55,7,123785.44,3,1,1,17459.42,0,0.2487,0,Low,30785.44
15607152,Cust7152,465,Spain,Female,40,4,0.0,1,1,1,184004.47,0,0.1815,0,Low,0.0
15607153,Cust7153,586,Germany,Male,65,6,0.0,4,1,1,69693.36,0,0.4299,1,Medium,0.0
15607154,Cust7154,561,Spain,Male,88,9,0.0,2,0,1,22743.63,0,0.4506,1,Medium,0.0
15607155,Cust7155,399,Germany,Female,24,6,154296.2,2,1,0,142463.17,1,0.5246,1,Medium,80943.79
15607156,Cust7156,414,Spain,Female,62,1,121709.04,1,1,1,73336.42,0,0.4496,1,Medium,54720.38
15607157,Cust7157,500,Spain,Female,85,5,125370.65,4,1,1,41116.27,0,0.6476,1,High,81190.03
15607158,Cust7158,404,France,Male,47,9,0.0,4,0,0,185742.63,1,0.6035,1,High,0.0
15607159,Cust7159,601,France,Male,42,5,0.0,1,1,1,169508.72,0,0.1646,0,Low,0.0
15607160,Cust7160,377,Germany,Male,36,10,0.0,1,0,1,118372.05,0,0.1121,0,Low,0.0
15607161,Cust7161,356,France,Male,34,9,37867.29,3,1,1,99511.44,0,0.1416,0,Low,5362.01
15607162,Cust7162,665,Germany,Male,46,2,0.0,3,1,0,20481.72,0,0.3181,0,Medium,0.0
15607163,Cust7163,476,Spain,Male,75,4,0.0,4,0,1,96215.92,0,0.502,1,Medium,0.0
15607164,Cust7164,539,Spain,Female,31,2,11279.3,2,0,1,82577.34,0,0.1397,0,Low,1575.72
15607165,Cust7165,518,France,Female,35,2,83205.05,3,0,1,100745.29,0,0.1804,0,Low,15010.19
15607166,Cust7166,585,Germany,Male,91,4,0.0,4,1,1,80999.72,1,0.5761,1,Medium,0.0
15607167,Cust7167,582,France,Female,91,4,205395.64,4,1,1,106379.68,1,0.799,1,High,164111.12
15607168,Cust7168,416,Germany,Female,34,3,77651.29,1,1,1,114045.27,1,0.3011,0,Medium,23380.8
15607169,Cust7169,350,France,Female,49,8,0.0,3,1,1,16915.2,0,0.1508,0,Low,0.0
15607170,Cust7170,572,Germany,Female,47,1,184141.99,2,1,0,41934.17,0,0.4975,1,Medium,91610.64
15607171,Cust7171,633,Germany,Female,39,5,0.0,3,1,1,91467.61,0,0.182,0,Low,0.0
15607172,Cust7172,735,Germany,Male,29,9,223999.67,3,1,1,180634.49,0,0.198,0,Low,44351.93
15607173,Cust7173,449,Germany,Male,22,8,197603.89,4,0,0,187874.74,0,0.2627,0,Low,51910.54
15607174,Cust7174,391,France,Male,63,2,223263.83,2,1,1,113487.12,0,0.5324,1,Medium,118865.66
15607175,Cust7175,649,France,Female,21,2,88436.43,2,0,1,114579.96,0,0.1253,0,Low,11081.08
15607176,Cust7176,802,France,Female,63,10,41433.98,1,1,1,106474.93,0,0.2274,0,Low,9422.09
15607177,Cust7177,469,Spain,Female,25,6,0.0,3,1,1,58212.78,0,0.1088,0,Low,0.0
15607178,Cust7178,392,Spain,Male,29,9,47492.24,2,0,1,91204.39,0,0.1081,0,Low,5133.91
15607179,Cust7179,551,France,Female,18,9,66528.29,3,0,1,113984.12,0,0.1158,0,Low,7703.98
15607180,Cust7180,630,France,Female,47,4,100141.9,2,0,1,173241.86,0,0.2128,0,Low,21310.2
15607181,Cust7181,662,France,Male,42,5,115682.12,4,1,1,68941.07,0,0.2363,0,Low,27335.68
15607182,Cust7182,406,Germany,Female,42,4,80603.33,3,1,1,41751.47,0,0.2602,0,Low,20972.99
15607183,Cust7183,678,France,Female,40,7,71179.98,2,1,1,29726.7,0,0.1686,0,Low,12000.94
15607184,Cust7184,521,France,Female,87,7,61681.74,4,1,1,63379.34,1,0.6482,1,High,39982.1
15607185,Cust7185,365,France,Female,49,7,172533.98,2,0,1,101108.22,0,0.2756,0,Low,47550.36
15607186,Cust7186,812,France,Female,77,9,76469.61,3,1,1,196950.54,0,0.2621,0,Low,20042.68
15607187,Cust7187,618,France,Male,35,8,173599.45,1,0,0,39126.54,0,0.3491,0,Medium,60603.57
15607188,Cust7188,502,France,Female,53,1,185721.19,3,1,1,9782.42,0,0.3928,1,Medium,72951.28
15607189,Cust7189,759,Germany,Female,22,3,0.0,4,1,0,54210.04,0,0.1638,0,Low,0.0
15607190,Cust7190,749,Germany,Female,37,6,228609.33,3,0,0,122014.71,0,0.313,0,Medium,71554.72
15607191,Cust7191,453,France,Male,23,6,0.0,2,1,0,190865.55,0,0.1461,0,Low,0.0
15607192,Cust7192,831,Germany,Female,19,9,36715.15,3,0,1,135198.22,0,0.0896,0,Low,3289.68
15607193,Cust7193,616,France,Male,31,4,80146.78,3,1,1,157304.03,0,0.1515,0,Low,12142.24
15607194,Cust7194,481,Spain,Male,29,9,0.0,1,1,1,123625.43,0,0.1503,0,Low,0.0
15607195,Cust7195,574,Spain,Female,41,4,195450.79,1,0,0,192679.86,0,0.4059,1,Medium,79333.48
15607196,Cust7196,444,France,Male,73,1,0.0,4,1,0,117503.28,0,0.5084,1,Medium,0.0
15607197,Cust7197,775,Spain,Male,28,5,240509.27,3,0,0,135605.21,0,0.1561,0,Low,37543.5
15607198,Cust7198,484,Germany,Female,63,1,214051.14,4,0,1,196733.76,1,0.5981,1,Medium,128023.99
15607199,Cust7199,569,Germany,Female,45,4,0.0,2,1,0,111559.91,0,0.4682,1,Medium,0.0
15607200,Cust7200,384,France,Female,47,2,51096.2,4,0,1,47381.5,0,0.4605,1,Medium,23529.8
15607201,Cust7201,822,France,Female,86,0,125229.99,3,0,0,189900.94,1,0.6847,1,High,85744.97
15607202,Cust7202,501,France,Male,52,7,110135.55,4,0,1,110233.43,0,0.2831,0,Low,31179.37
15607203,Cust7203,676,Spain,Male,37,8,90074.67,3,1,1,161563.74,0,0.1195,0,Low,10763.92
15607204,Cust7204,526,Germany,Female,35,1,56838.79,4,1,1,80520.73,0,0.371,0,Medium,21087.19
15607205,Cust7205,631,France,Male,30,6,0.0,3,1,1,192128.94,0,0.0895,0,Low,0.0
15607206,Cust7206,630,Germany,Male,77,5,0.0,4,1,0,157606.08,1,0.6529,1,High,0.0
15607207,Cust7207,496,France,Male,67,1,0.0,1,1,1,126801.2,0,0.4136,1,Medium,0.0
15607208,Cust7208,566,France,Male,37,6,0.0,3,1,1,153121.44,0,0.1,0,Low,0.0
15607209,Cust7209,648,Germany,Male,54,2,65400.29,4,1,0,163845.64,0,0.3643,0,Medium,23825.33
15607210,Cust7210,458,Germany,Female,55,9,0.0,4,1,1,170902.88,0,0.2915,0,Low,0.0
15607211,Cust7211,415,Spain,Female,21,6,234094.16,3,1,0,111086.06,0,0.2454,0,Low,57446.71
15607212,Cust7212,439,Germany,Female,85,1,167862.52,4,1,1,140569.98,1,0.8714,1,Critical,146275.4
15607213,Cust7213,558,Germany,Male,76,5,80138.25,1,1,0,193765.03,1,0.6008,1,High,48147.06
15607214,Cust7214,457,Spain,Female,57,1,58211.04,4,1,0,114482.44,0,0.4631,1,Medium,26957.53
15607215,Cust7215,492,France,Female,70,7,148817.83,2,0,1,1734.9,0,0.507,1,Medium,75450.64
15607216,Cust7216,693,Germany,Female,26,3,0.0,2,0,1,2325.42,0,0.1748,0,Low,0.0
15607217,Cust7217,685,Germany,Male,90,5,241745.95,4,1,1,154034.55,0,0.5506,1,Medium,133105.32
15607218,Cust7218,822,France,Female,65,7,0.0,4,1,1,9218.04,1,0.4658,1,Medium,0.0
15607219,Cust7219,732,France,Male,87,9,83549.13,4,1,1,136539.76,0,0.3269,0,Medium,27312.21
15607220,Cust7220,562,France,Female,81,5,97787.35,2,0,0,178193.34,1,0.6459,1,High,63160.85
15607221,Cust7221,815,France,Female,61,0,92256.34,4,1,1,112162.42,0,0.2061,0,Low,19014.03
15607222,Cust7222,811,Germany,Male,39,2,0.0,4,1,1,46594.87,0,0.1316,0,Low,0.0
15607223,Cust7223,461,France,Male,68,6,0.0,4,1,1,185729.9,0,0.3974,1,Medium,0.0
15607224,Cust7224,435,Germany,Male,55,0,0.0,2,1,1,101171.34,0,0.2188,0,Low,0.0
15607225,Cust7225,793,France,Female,48,4,55637.8,2,1,1,35769.05,0,0.2552,0,Low,14198.77
15607226,Cust7226,796,France,Male,70,3,99832.95,3,1,1,82523.8,0,0.2844,0,Low,28392.49
15607227,Cust7227,773,France,Female,83,3,135289.93,2,1,0,153406.65,1,0.8009,1,Critical,108353.7
15607228,Cust7228,580,France,Female,30,10,204199.19,4,1,1,115090.31,0,0.2386,0,Low,48721.93
15607229,Cust7229,782,Spain,Female,58,10,0.0,4,1,1,112243.71,0,0.1075,0,Low,0.0
15607230,Cust7230,735,France,Male,75,9,214843.06,1,1,1,8293.17,0,0.5762,1,Medium,123792.57
15607231,Cust7231,720,France,Male,42,9,0.0,2,1,1,83974.43,0,0.1293,0,Low,0.0
15607232,Cust7232,651,France,Female,43,9,0.0,3,0,1,137422.29,0,0.1387,0,Low,0.0
15607233,Cust7233,484,France,Male,18,2,181563.88,3,1,1,34086.83,0,0.2181,0,Low,39599.08
15607234,Cust7234,724,Germany,Male,41,4,0.0,3,0,0,196330.09,0,0.3678,0,Medium,0.0
15607235,Cust7235,789,Spain,Female,61,0,0.0,3,1,1,5390.14,0,0.2216,0,Low,0.0
15607236,Cust7236,793,France,Male,89,8,0.0,3,1,1,52535.89,0,0.3561,0,Medium,0.0
15607237,Cust7237,650,Germany,Male,56,9,0.0,1,0,1,7056.31,0,0.3881,1,Medium,0.0
15607238,Cust7238,369,France,Female,39,0,166616.97,2,1,1,51180.3,0,0.3176,0,Medium,52917.55
15607239,Cust7239,721,Spain,Female,78,1,0.0,2,1,1,62137.73,0,0.378,0,Medium,0.0
15607240,Cust7240,476,Germany,Male,31,1,33678.59,2,0,0,96031.63,0,0.1318,0,Low,4438.84
15607241,Cust7241,452,France,Female,31,10,49878.93,1,1,0,172699.91,0,0.157,0,Low,7830.99
15607242,Cust7242,389,Germany,Female,56,8,165555.65,4,0,1,60062.14,0,0.3774,0,Medium,62480.7
15607243,Cust7243,428,Spain,Female,78,3,0.0,1,1,0,40423.54,1,0.7419,1,High,0.0
15607244,Cust7244,595,France,Female,33,0,58307.73,2,1,0,40806.96,0,0.2217,0,Low,12926.82
15607245,Cust7245,488,Spain,Female,19,4,151455.81,2,0,0,16988.56,1,0.3913,1,Medium,59264.66
15607246,Cust7246,541,Spain,Male,71,6,13166.44,3,1,0,29711.39,0,0.4447,1,Medium,5855.12
15607247,Cust7247,606,France,Female,61,0,4050.7,1,1,1,59394.57,0,0.3416,0,Medium,1383.72
15607248,Cust7248,614,Spain,Female,68,5,65219.43,3,1,0,46122.48,0,0.6574,1,High,42875.25
15607249,Cust7249,558,Germany,Male,47,5,72379.69,1,0,1,15594.1,0,0.2341,0,Low,16944.09
15607250,Cust7250,576,Germany,Male,26,10,26092.11,1,0,0,191790.79,0,0.1959,0,Low,5111.44
15607251,Cust7251,794,Germany,Female,42,2,28716.58,1,1,1,15488.1,0,0.2578,0,Low,7403.13
15607252,Cust7252,491,Spain,Female,52,2,41950.76,1,1,1,147504.69,0,0.3328,0,Medium,13961.21
15607253,Cust7253,356,Germany,Female,50,4,181152.2,3,1,0,53191.61,0,0.5284,1,Medium,95720.82
15607254,Cust7254,750,Germany,Female,83,3,0.0,4,1,1,110589.99,0,0.605,1,High,0.0
15607255,Cust7255,390,France,Male,34,10,45401.24,4,0,1,293.76,0,0.1856,0,Low,8426.47
15607256,Cust7256,738,France,Male,41,8,0.0,1,1,0,1460.29,0,0.1605,0,Low,0.0
15607257,Cust7257,513,Spain,Female,31,2,58413.13,2,1,0,67400.26,0,0.2393,0,Low,13978.26
15607258,Cust7258,771,Germany,Female,60,3,0.0,1,1,0,140796.95,0,0.3392,0,Medium,0.0
15607259,Cust7259,434,France,Male,77,6,67231.95,3,1,1,194491.6,1,0.5686,1,Medium,38228.09
15607260,Cust7260,432,Spain,Female,83,9,0.0,2,1,0,90408.49,0,0.6993,1,High,0.0
15607261,Cust7261,553,Spain,Male,34,2,109786.49,3,1,1,136015.57,0,0.154,0,Low,16907.12
15607262,Cust7262,559,Germany,Male,49,3,38553.22,4,0,0,113383.12,0,0.3523,0,Medium,13582.3
15607263,Cust7263,709,France,Female,72,6,49591.71,3,0,0,187882.06,0,0.4301,1,Medium,21329.39
15607264,Cust7264,674,Germany,Male,21,9,0.0,1,1,1,112286.55,0,0.1131,0,Low,0.0
15607265,Cust7265,847,France,Female,70,3,165180.13,4,1,1,54904.89,0,0.3998,1,Medium,66039.02
15607266,Cust7266,689,France,Female,27,5,0.0,2,1,0,141044.92,0,0.2371,0,Low,0.0
15607267,Cust7267,451,Germany,Male,20,7,71027.25,3,0,1,171978.34,1,0.1464,0,Low,10398.39
15607268,Cust7268,394,Spain,Male,26,4,0.0,3,1,1,169683.01,0,0.1422,0,Low,0.0
15607269,Cust7269,483,France,Female,83,8,68442.34,3,0,0,160360.16,1,0.7342,1,High,50250.37
15607270,Cust7270,842,Spain,Male,68,5,0.0,4,1,1,18437.09,1,0.5368,1,Medium,0.0
15607271,Cust7271,735,Spain,Male,76,9,133404.11,4,0,1,93019.76,1,0.6001,1,High,80055.81
15607272,Cust7272,721,France,Male,69,6,8328.97,3,1,1,85781.34,0,0.2997,0,Low,2496.19
15607273,Cust7273,486,France,Male,76,10,200987.79,3,1,1,196895.86,0,0.5251,1,Medium,105538.69
15607274,Cust7274,584,Germany,Male,54,9,0.0,2,1,1,29489.97,0,0.3316,0,Medium,0.0
15607275,Cust7275,702,Spain,Male,77,2,33214.5,2,0,1,91819.33,0,0.317,0,Medium,10529.0
15607276,Cust7276,824,France,Male,22,9,0.0,1,1,1,146162.91,1,0.5741,1,Medium,0.0
15607277,Cust7277,642,Germany,Female,61,1,210688.73,3,0,1,12904.69,1,0.4645,1,Medium,97864.92
15607278,Cust7278,360,Germany,Female,73,3,0.0,1,1,1,178651.71,1,0.6953,1,High,0.0
15607279,Cust7279,778,Germany,Male,91,0,58649.22,1,1,0,141328.54,0,0.6869,1,High,40286.15
15607280,Cust7280,817,Germany,Male,44,1,131747.23,3,1,1,27321.33,0,0.2237,0,Low,29471.86
15607281,Cust7281,366,France,Male,31,7,0.0,3,1,0,137054.56,0,0.2495,0,Low,0.0
15607282,Cust7282,546,France,Male,71,1,119441.52,1,0,1,127325.45,1,0.5862,1,Medium,70016.62
15607283,Cust7283,840,France,Female,23,2,237409.93,4,1,0,24222.0,0,0.2874,0,Low,68231.61
15607284,Cust7284,827,Spain,Male,75,4,169092.1,1,0,0,192924.46,1,0.8354,1,Critical,141259.54
15607285,Cust7285,833,Spain,Male,70,8,211248.97,3,1,0,101459.82,1,0.6294,1,High,132960.1
15607286,Cust7286,838,Spain,Male,69,8,0.0,4,0,1,107081.57,0,0.3674,0,Medium,0.0
15607287,Cust7287,361,France,Male,39,10,231683.71,1,1,1,136773.9,0,0.1798,0,Low,41656.73
15607288,Cust7288,425,Germany,Male,26,0,213336.12,2,1,1,40216.26,0,0.3048,0,Medium,65024.85
15607289,Cust7289,600,France,Male,63,1,0.0,3,1,1,118778.18,0,0.3553,0,Medium,0.0
15607290,Cust7290,652,France,Male,44,4,235305.77,3,1,1,65200.78,0,0.2689,0,Low,63273.72
15607291,Cust7291,551,France,Female,46,3,197219.71,4,1,1,175986.76,1,0.6385,1,High,125924.78
15607292,Cust7292,484,Spain,Female,31,1,0.0,4,1,0,179188.04,0,0.2791,0,Low,0.0
15607293,Cust7293,477,France,Female,42,5,0.0,2,1,0,151307.08,0,0.3362,0,Medium,0.0
15607294,Cust7294,652,Germany,Female,79,5,205223.57,3,1,1,33943.3,1,0.7372,1,High,151290.82
15607295,Cust7295,839,Spain,Female,84,4,187289.48,4,1,0,94255.0,0,0.6774,1,High,126869.89
15607296,Cust7296,763,Germany,Female,43,0,147947.89,3,0,1,192520.9,0,0.2977,0,Low,44044.09
15607297,Cust7297,437,France,Male,28,4,149519.84,1,1,1,72342.65,0,0.1858,0,Low,27780.79
15607298,Cust7298,424,Spain,Female,20,5,220070.53,2,1,1,64920.42,0,0.1575,0,Low,34661.11
15607299,Cust7299,482,Germany,Male,31,2,0.0,3,1,1,43716.53,0,0.1302,0,Low,0.0
15607300,Cust7300,717,France,Female,18,8,179488.4,4,0,0,14410.01,1,0.6941,1,High,124582.9
15607301,Cust7301,354,Germany,Female,67,9,141415.25,1,0,0,15185.51,1,0.6267,1,High,88624.94
15607302,Cust7302,702,Spain,Male,65,10,209573.5,1,0,0,34975.33,1,0.7702,1,High,161413.51
15607303,Cust7303,640,France,Male,75,7,0.0,3,1,0,82323.67,0,0.4961,1,Medium,0.0
15607304,Cust7304,680,Germany,Male,42,7,131335.89,1,1,1,112328.33,1,0.5089,1,Medium,66836.83
15607305,Cust7305,781,France,Male,79,1,0.0,4,0,1,105992.47,0,0.4758,1,Medium,0.0
15607306,Cust7306,646,France,Male,30,4,164843.67,4,1,1,85296.96,0,0.2442,0,Low,40254.82
15607307,Cust7307,661,Spain,Male,35,0,190941.96,3,1,1,173871.23,0,0.2125,0,Low,40575.17
15607308,Cust7308,590,France,Female,85,6,0.0,2,1,0,165517.3,1,0.7165,1,High,0.0
15607309,Cust7309,676,France,Male,83,8,138692.82,2,0,0,78428.88,0,0.6745,1,High,93548.31
15607310,Cust7310,540,France,Female,62,7,85844.74,3,1,0,101829.8,0,0.682,1,High,58546.11
15607311,Cust7311,383,France,Male,63,0,0.0,4,1,1,177123.94,0,0.3417,0,Medium,0.0
15607312,Cust7312,362,France,Female,69,6,0.0,3,0,1,37478.97,0,0.4203,1,Medium,0.0
15607313,Cust7313,708,Germany,Female,78,9,180354.57,2,1,0,70586.18,1,0.8223,1,Critical,148305.56
15607314,Cust7314,669,France,Male,35,1,5738.26,3,1,0,119905.24,0,0.1778,0,Low,1020.26
15607315,Cust7315,554,France,Male,23,5,0.0,3,1,0,89309.57,0,0.2219,0,Low,0.0
15607316,Cust7316,723,Spain,Female,31,2,0.0,1,1,0,111575.54,0,0.2363,0,Low,0.0
15607317,Cust7317,587,Spain,Female,44,10,0.0,2,1,0,8084.31,0,0.1907,0,Low,0.0
15607318,Cust7318,477,France,Male,35,6,147837.51,1,1,0,97985.65,0,0.3746,0,Medium,55379.93
15607319,Cust7319,643,France,Male,56,8,227896.1,3,0,1,191508.79,0,0.2567,0,Low,58500.93
15607320,Cust7320,539,France,Female,28,5,218487.52,4,0,0,188172.09,0,0.5118,1,Medium,111821.91
15607321,Cust7321,838,France,Female,60,9,0.0,3,0,1,139026.27,0,0.2079,0,Low,0.0
15607322,Cust7322,711,France,Male,70,3,127638.3,3,1,0,186835.77,0,0.5003,1,Medium,63857.44
15607323,Cust7323,724,Spain,Female,25,8,155579.08,3,1,0,151420.24,0,0.2136,0,Low,33231.69
15607324,Cust7324,694,Germany,Female,39,4,0.0,2,1,0,37698.15,0,0.3128,0,Medium,0.0
15607325,Cust7325,692,France,Female,57,6,66375.15,1,1,1,137350.13,1,0.6235,1,High,41384.91
15607326,Cust7326,737,Spain,Male,22,7,34963.48,4,1,0,198027.3,0,0.3056,0,Medium,10684.84
15607327,Cust7327,566,France,Male,67,1,149288.65,1,0,1,130993.35,0,0.5351,1,Medium,79884.36
15607328,Cust7328,761,France,Female,73,9,116903.03,4,1,0,161138.32,1,0.6479,1,High,75741.47
15607329,Cust7329,367,France,Female,44,8,0.0,1,0,1,138952.84,0,0.193,0,Low,0.0
15607330,Cust7330,683,France,Female,18,4,235732.04,4,1,0,7460.25,0,0.2792,0,Low,65816.39
15607331,Cust7331,619,Spain,Male,55,6,79389.0,4,1,1,3708.27,0,0.2167,0,Low,17203.6
15607332,Cust7332,354,France,Female,82,7,0.0,4,1,1,149195.1,0,0.4751,1,Medium,0.0
15607333,Cust7333,681,Germany,Female,39,5,14699.81,4,1,1,61212.99,0,0.0975,0,Low,1433.23
15607334,Cust7334,351,France,Female,80,6,0.0,3,0,1,96152.57,0,0.5012,1,Medium,0.0
15607335,Cust7335,702,Spain,Female,82,6,29183.96,3,1,1,65849.01,0,0.2951,0,Low,8612.19
15607336,Cust7336,612,Germany,Male,38,8,98672.18,1,1,1,39665.12,1,0.2447,0,Low,24145.08
15607337,Cust7337,654,France,Female,62,2,20116.18,4,1,1,61023.99,0,0.3282,0,Medium,6602.13
15607338,Cust7338,655,France,Male,21,0,140291.3,3,1,1,87541.19,0,0.1131,0,Low,15866.95
15607339,Cust7339,500,Spain,Female,58,4,0.0,1,0,1,58497.57,0,0.2712,0,Low,0.0
15607340,Cust7340,661,Germany,Female,83,9,0.0,2,1,1,193145.29,0,0.3254,0,Medium,0.0
15607341,Cust7341,460,France,Female,87,1,247309.14,4,0,0,188864.36,1,0.9196,1,Critical,227425.49
15607342,Cust7342,730,Spain,Male,32,9,247975.4,2,1,0,21813.24,1,0.3095,0,Medium,76748.39
15607343,Cust7343,395,France,Female,67,4,0.0,2,1,0,47305.42,0,0.603,1,High,0.0
15607344,Cust7344,421,France,Female,22,2,91763.48,2,1,1,24280.17,0,0.193,0,Low,17710.35
15607345,Cust7345,702,Germany,Male,38,5,0.0,1,1,1,118621.05,1,0.1529,0,Low,0.0
15607346,Cust7346,378,France,Male,79,8,91919.9,3,0,0,109009.92,0,0.6399,1,High,58819.54
15607347,Cust7347,836,France,Male,65,9,194570.39,2,1,1,25612.4,1,0.8243,1,Critical,160384.37
15607348,Cust7348,365,France,Male,47,6,150411.5,3,1,1,129892.48,0,0.3704,0,Medium,55712.42
15607349,Cust7349,613,France,Female,89,5,49871.81,2,1,1,70555.9,0,0.435,1,Medium,21694.24
15607350,Cust7350,843,France,Female,74,8,0.0,3,1,0,93911.66,0,0.4517,1,Medium,0.0
15607351,Cust7351,687,France,Female,19,9,0.0,3,1,0,145095.56,0,0.2387,0,Low,0.0
15607352,Cust7352,666,Spain,Female,23,8,138338.32,1,1,1,5571.73,1,0.2484,0,Low,34363.24
15607353,Cust7353,696,Germany,Male,64,10,177479.68,1,1,0,177286.76,0,0.4482,1,Medium,79546.39
15607354,Cust7354,703,France,Female,82,9,0.0,2,0,1,22632.28,0,0.3274,0,Medium,0.0
15607355,Cust7355,430,France,Male,29,0,0.0,2,1,0,108321.23,0,0.1927,0,Low,0.0
15607356,Cust7356,504,Germany,Male,57,0,0.0,2,1,0,188579.8,1,0.494,1,Medium,0.0
15607357,Cust7357,446,France,Female,78,6,0.0,3,1,0,190716.54,0,0.5787,1,Medium,0.0
15607358,Cust7358,456,France,Female,81,10,28264.52,4,0,0,149913.12,1,0.726,1,High,20520.04
15607359,Cust7359,454,Germany,Male,65,3,149342.65,4,1,1,127494.22,0,0.6851,1,High,102314.65
15607360,Cust7360,669,France,Male,91,10,0.0,2,1,1,101250.97,0,0.3061,0,Medium,0.0
15607361,Cust7361,817,Spain,Male,87,9,0.0,1,0,0,31808.82,1,0.6901,1,High,0.0
15607362,Cust7362,630,Spain,Male,79,1,185967.87,2,1,1,97947.19,0,0.591,1,Medium,109907.01
15607363,Cust7363,357,Spain,Male,67,5,45302.49,1,1,0,66788.34,1,0.7786,1,High,35272.52
15607364,Cust7364,696,France,Male,90,2,196165.09,3,1,1,181617.26,0,0.442,1,Medium,86704.97
15607365,Cust7365,621,France,Male,19,0,0.0,3,1,1,2769.74,0,0.1083,0,Low,0.0
15607366,Cust7366,739,France,Male,24,7,0.0,2,1,1,120694.05,0,0.0632,0,Low,0.0
15607367,Cust7367,538,Spain,Female,55,2,83820.45,3,0,0,167617.67,0,0.3433,0,Medium,28775.56
15607368,Cust7368,564,Spain,Male,67,6,130685.22,2,0,1,9131.75,1,0.3846,1,Medium,50261.54
15607369,Cust7369,680,Spain,Male,84,7,146443.7,2,0,0,115372.97,0,0.6624,1,High,97004.31
15607370,Cust7370,704,France,Female,68,4,94244.57,1,1,1,108442.38,0,0.3309,0,Medium,31185.53
15607371,Cust7371,460,Spain,Male,35,0,140099.72,3,0,0,11194.23,1,0.3385,0,Medium,47423.76
15607372,Cust7372,643,Germany,Female,85,0,61004.1,1,0,1,140896.29,1,0.6234,1,High,38029.96
15607373,Cust7373,831,Spain,Female,24,4,0.0,2,1,1,83134.49,0,0.0385,0,Low,0.0
15607374,Cust7374,382,Germany,Female,25,0,0.0,2,1,1,88732.49,0,0.1108,0,Low,0.0
15607375,Cust7375,515,France,Male,71,9,0.0,2,0,0,10683.15,0,0.4528,1,Medium,0.0
15607376,Cust7376,617,France,Male,89,1,85599.4,4,1,0,78593.25,0,0.7676,1,High,65706.1
15607377,Cust7377,813,Spain,Male,55,0,0.0,4,1,0,20245.32,1,0.4409,1,Medium,0.0
15607378,Cust7378,835,France,Male,27,1,216194.83,3,1,0,143578.93,1,0.3856,1,Medium,83364.73
15607379,Cust7379,645,France,Male,21,7,40840.45,4,1,0,156322.67,1,0.3241,0,Medium,13236.39
15607380,Cust7380,623,France,Female,90,6,199714.71,3,1,0,32808.3,1,0.8182,1,Critical,163406.58
15607381,Cust7381,557,France,Male,38,7,208082.16,3,0,0,22792.22,1,0.5381,1,Medium,111969.01
15607382,Cust7382,573,Spain,Female,65,3,79054.74,2,1,1,193904.71,0,0.2647,0,Low,20925.79
15607383,Cust7383,717,France,Female,42,3,0.0,2,1,1,89946.12,0,0.1817,0,Low,0.0
15607384,Cust7384,622,France,Male,33,7,0.0,2,1,1,147586.1,1,0.3218,0,Medium,0.0
15607385,Cust7385,627,Spain,Male,67,1,0.0,4,0,1,45655.03,0,0.4685,1,Medium,0.0
15607386,Cust7386,772,Germany,Female,72,4,223344.61,3,1,0,32396.16,1,0.8305,1,Critical,185487.7
15607387,Cust7387,419,France,Male,52,1,113382.02,1,0,1,61777.57,0,0.3622,0,Medium,41066.97
15607388,Cust7388,829,France,Female,55,4,13807.42,1,1,1,149339.92,0,0.1954,0,Low,2697.97
15607389,Cust7389,702,France,Male,54,10,0.0,4,1,1,105773.75,0,0.1405,0,Low,0.0
15607390,Cust7390,643,France,Male,61,9,0.0,1,1,1,167009.76,1,0.5486,1,Medium,0.0
15607391,Cust7391,640,France,Male,77,7,158662.62,3,1,1,2089.21,0,0.4989,1,Medium,79156.78
15607392,Cust7392,638,France,Male,70,7,0.0,2,1,1,109953.15,0,0.3115,0,Medium,0.0
15607393,Cust7393,633,Germany,Male,38,4,169653.71,3,1,1,85409.34,0,0.1521,0,Low,25804.33
15607394,Cust7394,525,Spain,Female,36,7,72773.58,4,1,1,32515.96,0,0.2579,0,Low,18768.31
15607395,Cust7395,719,Spain,Male,67,9,116090.54,2,0,1,71502.14,0,0.3196,0,Medium,37102.54
15607396,Cust7396,476,France,Female,65,6,54176.68,1,1,0,98116.78,0,0.5711,1,Medium,30940.3
15607397,Cust7397,677,France,Male,45,1,153313.11,2,1,0,77085.22,0,0.4702,1,Medium,72087.82
15607398,Cust7398,613,Spain,Male,80,7,0.0,1,1,0,181714.39,0,0.6058,1,High,0.0
15607399,Cust7399,533,Spain,Male,48,1,24416.64,1,1,0,74062.73,0,0.3066,0,Medium,7486.14
15607400,Cust7400,752,Germany,Male,42,3,6753.09,2,1,1,174940.45,0,0.1823,0,Low,1231.09
15607401,Cust7401,509,France,Female,59,2,190283.6,1,0,1,116807.9,0,0.5809,1,Medium,110535.74
15607402,Cust7402,680,France,Male,32,0,0.0,1,1,0,163457.63,0,0.1836,0,Low,0.0
15607403,Cust7403,475,Germany,Male,69,8,80956.37,2,1,0,118241.21,0,0.5689,1,Medium,46056.08
15607404,Cust7404,450,Germany,Female,84,7,141184.88,1,0,0,155823.74,1,0.8952,1,Critical,126388.7
15607405,Cust7405,638,France,Male,87,4,0.0,2,0,1,43367.49,0,0.3725,0,Medium,0.0
15607406,Cust7406,838,Spain,Female,51,4,30390.01,1,0,0,18881.13,0,0.2811,0,Low,8542.63
15607407,Cust7407,500,Germany,Female,37,7,0.0,3,0,0,122850.56,0,0.3684,0,Medium,0.0
15607408,Cust7408,407,Germany,Female,53,5,44067.87,4,0,0,51714.99,1,0.738,1,High,32522.09
15607409,Cust7409,410,France,Male,25,2,206507.06,4,1,1,93297.66,0,0.4418,1,Medium,91234.82
15607410,Cust7410,596,Spain,Male,67,5,0.0,3,0,0,48278.55,0,0.4347,1,Medium,0.0
15607411,Cust7411,742,Germany,Female,49,8,41806.65,1,1,1,128170.52,0,0.1768,0,Low,7391.42
15607412,Cust7412,706,France,Male,27,6,0.0,1,1,1,145070.02,0,0.0706,0,Low,0.0
15607413,Cust7413,454,Germany,Male,58,8,165234.88,3,1,0,100790.6,0,0.6239,1,High,103090.04
15607414,Cust7414,768,Germany,Female,71,5,0.0,3,0,1,73019.37,0,0.4169,1,Medium,0.0
15607415,Cust7415,432,Spain,Male,34,4,177957.22,2,0,1,122161.8,0,0.2223,0,Low,39559.89
15607416,Cust7416,630,France,Female,47,8,97554.36,4,0,1,168920.93,0,0.2204,0,Low,21500.98
15607417,Cust7417,775,Spain,Female,83,2,155014.41,3,1,1,60169.42,0,0.537,1,Medium,83242.74
15607418,Cust7418,754,France,Female,70,6,165468.06,2,1,0,26774.45,0,0.6758,1,High,111823.31
15607419,Cust7419,701,France,Male,77,6,186412.58,3,1,0,114766.54,0,0.6707,1,High,125026.92
15607420,Cust7420,515,France,Female,51,3,117156.46,1,1,1,87558.06,0,0.3297,0,Medium,38626.48
15607421,Cust7421,733,France,Male,54,2,206923.61,3,1,0,108591.17,0,0.4867,1,Medium,100709.72
15607422,Cust7422,543,France,Female,54,0,71735.44,1,1,0,91257.49,1,0.5697,1,Medium,40867.68
15607423,Cust7423,525,France,Female,51,1,240835.08,1,0,0,121408.13,1,0.6439,1,High,155073.71
15607424,Cust7424,616,Germany,Male,28,1,77607.66,3,0,0,190485.37,0,0.1621,0,Low,12580.2
15607425,Cust7425,659,France,Female,21,6,9386.54,1,1,1,43245.44,0,0.0807,0,Low,757.49
15607426,Cust7426,454,Spain,Female,79,1,50033.73,1,1,1,48530.22,1,0.6923,1,High,34638.35
15607427,Cust7427,817,France,Male,57,5,0.0,1,1,0,199612.75,0,0.2849,0,Low,0.0
15607428,Cust7428,784,Germany,Male,57,1,0.0,4,1,0,195853.85,1,0.7326,1,High,0.0
15607429,Cust7429,491,Spain,Female,62,8,109842.72,4,0,1,92288.32,0,0.4175,1,Medium,45859.34
15607430,Cust7430,471,Spain,Male,48,7,226288.82,2,1,1,96413.76,0,0.3476,0,Medium,78657.99
15607431,Cust7431,384,Germany,Male,83,3,0.0,2,0,1,113089.5,1,0.6858,1,High,0.0
15607432,Cust7432,553,Germany,Male,52,8,0.0,2,0,0,111286.57,0,0.3605,0,Medium,0.0
15607433,Cust7433,435,France,Female,55,2,32239.58,3,0,0,145185.77,1,0.3465,0,Medium,11171.01
15607434,Cust7434,816,France,Female,57,6,0.0,3,1,1,105032.95,0,0.1891,0,Low,0.0
15607435,Cust7435,799,France,Male,29,7,128531.4,2,1,0,147009.5,0,0.1478,0,Low,18996.94
15607436,Cust7436,765,France,Male,30,4,0.0,2,0,0,153622.94,0,0.1507,0,Low,0.0
15607437,Cust7437,491,France,Female,31,7,0.0,2,1,0,68823.46,0,0.165,0,Low,0.0
15607438,Cust7438,695,France,Male,36,10,0.0,2,1,0,138501.77,0,0.1704,0,Low,0.0
15607439,Cust7439,596,Spain,Male,29,4,0.0,2,1,1,108481.98,0,0.1004,0,Low,0.0
15607440,Cust7440,486,Spain,Female,34,3,143566.0,1,0,0,191266.21,0,0.354,0,Medium,50822.36
15607441,Cust7441,617,Spain,Female,87,4,0.0,1,1,0,108332.59,0,0.6499,1,High,0.0
15607442,Cust7442,432,Germany,Male,44,6,40620.88,4,1,1,156150.43,1,0.2681,0,Low,10890.46
15607443,Cust7443,830,France,Male,76,1,0.0,2,1,0,22667.86,0,0.418,1,Medium,0.0
15607444,Cust7444,432,France,Male,47,10,161197.42,2,1,1,128853.01,0,0.2372,0,Low,38236.03
15607445,Cust7445,501,Germany,Female,79,5,0.0,1,1,0,22515.12,0,0.5957,1,Medium,0.0
15607446,Cust7446,460,Germany,Female,73,10,0.0,4,0,0,134067.26,0,0.6341,1,High,0.0
15607447,Cust7447,611,France,Female,80,10,143875.24,2,0,1,65322.73,0,0.6423,1,High,92411.07
15607448,Cust7448,686,France,Male,39,0,240427.86,2,1,0,126965.26,0,0.4037,1,Medium,97060.73
15607449,Cust7449,830,France,Female,25,1,191925.97,2,1,0,86846.4,0,0.2141,0,Low,41091.35
15607450,Cust7450,544,France,Male,40,1,0.0,4,1,1,163845.18,0,0.2185,0,Low,0.0
15607451,Cust7451,450,France,Female,69,6,212575.42,4,1,0,24550.8,1,0.8311,1,Critical,176671.43
15607452,Cust7452,360,France,Female,66,3,137123.06,1,1,0,48680.41,1,0.6409,1,High,87882.17
15607453,Cust7453,649,Germany,Male,70,0,130483.61,1,1,1,84873.21,0,0.4214,1,Medium,54985.79
15607454,Cust7454,840,Spain,Female,91,6,172967.98,2,1,1,70033.68,0,0.576,1,Medium,99629.56
15607455,Cust7455,381,Germany,Female,34,3,0.0,1,0,1,18259.42,0,0.1467,0,Low,0.0
15607456,Cust7456,849,Germany,Female,50,9,0.0,3,1,0,86217.06,0,0.3317,0,Medium,0.0
15607457,Cust7457,481,Spain,Male,54,8,0.0,1,1,1,114828.32,0,0.2019,0,Low,0.0
15607458,Cust7458,805,France,Male,29,9,0.0,1,1,1,146736.71,0,0.1703,0,Low,0.0
15607459,Cust7459,384,Germany,Female,67,6,16215.91,4,1,1,39723.14,0,0.4469,1,Medium,7246.89
15607460,Cust7460,796,France,Female,21,7,176348.57,2,0,1,56666.24,0,0.0868,0,Low,15307.06
15607461,Cust7461,515,Germany,Female,84,0,0.0,1,1,1,89788.75,0,0.5192,1,Medium,0.0
15607462,Cust7462,487,France,Male,24,8,0.0,1,1,1,167840.78,0,0.0927,0,Low,0.0
15607463,Cust7463,453,Spain,Male,26,4,221590.55,4,1,1,75188.8,0,0.2515,0,Low,55730.02
15607464,Cust7464,416,Spain,Male,30,0,46571.38,3,0,0,145134.58,0,0.1785,0,Low,8312.99
15607465,Cust7465,750,France,Male,84,0,562.88,2,1,0,176748.94,1,0.7145,1,High,402.18
15607466,Cust7466,384,France,Female,81,3,144529.95,4,1,0,36863.26,1,0.8598,1,Critical,124266.85
15607467,Cust7467,582,France,Female,86,4,109386.31,2,0,1,128540.87,1,0.4812,1,Medium,52636.69
15607468,Cust7468,825,Spain,Male,79,2,0.0,1,1,1,35241.57,1,0.5602,1,Medium,0.0
15607469,Cust7469,552,Germany,Female,86,8,74061.42,2,1,0,159904.54,1,0.7057,1,High,52265.14
15607470,Cust7470,764,France,Male,52,4,59776.51,1,0,1,72284.22,1,0.5997,1,Medium,35847.97
15607471,Cust7471,696,Spain,Female,18,2,65154.53,2,1,1,124045.78,0,0.1278,0,Low,8326.75
15607472,Cust7472,748,France,Female,50,7,197415.6,4,1,1,185265.51,0,0.2406,0,Low,47498.19
15607473,Cust7473,824,France,Female,34,4,76187.45,2,1,1,49854.3,0,0.1347,0,Low,10262.45
15607474,Cust7474,399,France,Male,36,8,0.0,3,1,0,127082.64,0,0.2817,0,Low,0.0
15607475,Cust7475,501,Germany,Male,69,5,66380.02,2,0,0,108752.33,1,0.7496,1,High,49758.46
15607476,Cust7476,511,France,Male,30,8,0.0,4,0,0,132239.3,0,0.3692,0,Medium,0.0
15607477,Cust7477,383,France,Female,41,9,0.0,4,1,1,20381.42,0,0.2341,0,Low,0.0
15607478,Cust7478,403,France,Male,47,0,105820.65,3,0,1,20453.25,0,0.2642,0,Low,27957.82
15607479,Cust7479,404,Spain,Female,22,1,0.0,3,1,1,169094.32,0,0.1386,0,Low,0.0
15607480,Cust7480,825,Germany,Female,69,8,78706.3,3,1,1,57374.35,0,0.2987,0,Low,23509.57
15607481,Cust7481,779,Spain,Female,74,6,20557.47,4,1,1,136138.32,0,0.4958,1,Medium,10192.39
15607482,Cust7482,644,Germany,Female,59,2,107630.55,4,1,0,138628.35,1,0.7756,1,High,83478.25
15607483,Cust7483,773,Spain,Female,20,0,0.0,4,1,1,37357.01,0,0.178,0,Low,0.0
15607484,Cust7484,522,France,Female,76,10,87338.67,1,1,1,80496.99,1,0.6369,1,High,55626.0
15607485,Cust7485,588,Spain,Female,51,1,0.0,2,0,1,23292.24,0,0.1648,0,Low,0.0
15607486,Cust7486,792,France,Female,37,5,178607.21,3,1,0,21728.3,0,0.2631,0,Low,46991.56
15607487,Cust7487,423,France,Female,88,2,0.0,4,1,0,177140.03,0,0.6769,1,High,0.0
15607488,Cust7488,423,France,Female,81,4,223526.51,3,1,0,129856.39,1,0.8466,1,Critical,189237.54
15607489,Cust7489,613,France,Female,50,7,0.0,2,1,0,65378.39,0,0.4261,1,Medium,0.0
15607490,Cust7490,476,Spain,Female,50,5,157372.59,3,1,1,111804.37,0,0.3027,0,Medium,47636.68
15607491,Cust7491,684,Spain,Female,85,0,133202.82,3,1,1,123861.28,0,0.3935,1,Medium,52415.31
15607492,Cust7492,668,Spain,Male,32,0,92808.93,3,1,0,3825.26,1,0.5206,1,Medium,48316.33
15607493,Cust7493,516,France,Female,48,10,184539.92,3,0,0,68822.86,0,0.4848,1,Medium,89464.95
15607494,Cust7494,408,Spain,Female,60,2,0.0,2,1,1,114431.1,0,0.3661,0,Medium,0.0
15607495,Cust7495,391,Germany,Male,43,4,0.0,3,1,1,70605.93,1,0.3193,0,Medium,0.0
15607496,Cust7496,571,France,Female,41,8,70929.87,1,1,0,58575.02,1,0.4439,1,Medium,31485.77
15607497,Cust7497,511,Germany,Male,25,9,54705.54,3,1,1,93529.35,0,0.1195,0,Low,6537.31
15607498,Cust7498,366,Germany,Female,37,3,0.0,2,1,0,146487.22,1,0.5886,1,Medium,0.0
15607499,Cust7499,695,France,Female,44,2,202929.23,1,1,1,147736.17,1,0.6012,1,High,122001.05
15607500,Cust7500,829,Germany,Female,79,4,0.0,1,1,1,118582.46,1,0.6762,1,High,0.0
15607501,Cust7501,840,Germany,Female,42,3,152384.65,4,1,1,153736.88,0,0.2794,0,Low,42576.27
15607502,Cust7502,409,France,Female,29,7,0.0,3,0,1,28520.23,0,0.1319,0,Low,0.0
15607503,Cust7503,445,France,Female,80,7,164100.93,1,1,1,31671.93,0,0.7038,1,High,115494.23
15607504,Cust7504,566,Germany,Female,44,2,147906.64,4,1,1,152112.7,0,0.4243,1,Medium,62756.79
15607505,Cust7505,808,Germany,Female,86,4,249441.63,1,1,0,54677.69,1,0.8061,1,Critical,201074.9
15607506,Cust7506,637,Spain,Female,26,8,0.0,3,1,0,39941.84,0,0.1904,0,Low,0.0
15607507,Cust7507,578,Spain,Male,19,5,87451.84,1,1,0,23020.71,1,0.2756,0,Low,24101.73
15607508,Cust7508,813,Germany,Female,86,6,0.0,4,0,1,87615.14,0,0.5519,1,Medium,0.0
15607509,Cust7509,682,Germany,Male,25,8,0.0,3,0,0,108675.63,0,0.2137,0,Low,0.0
15607510,Cust7510,843,Germany,Male,18,7,0.0,4,1,0,56625.98,0,0.1648,0,Low,0.0
15607511,Cust7511,782,Germany,Female,65,7,52749.51,2,0,0,71514.4,0,0.5767,1,Medium,30420.64
15607512,Cust7512,850,France,Female,41,5,0.0,4,1,0,193312.92,1,0.6774,1,High,0.0
15607513,Cust7513,629,Germany,Female,53,9,3289.32,4,0,1,51547.44,0,0.2416,0,Low,794.7
15607514,Cust7514,537,Germany,Male,48,0,0.0,2,0,1,82284.71,0,0.1735,0,Low,0.0
15607515,Cust7515,380,Germany,Male,39,0,172906.44,3,0,0,73161.1,0,0.3749,0,Medium,64822.62
15607516,Cust7516,715,Spain,Female,53,7,0.0,2,0,0,113874.62,0,0.3997,1,Medium,0.0
15607517,Cust7517,483,Germany,Male,37,6,0.0,4,0,1,165066.56,0,0.178,0,Low,0.0
15607518,Cust7518,355,France,Male,34,3,170241.09,3,1,1,182383.43,0,0.2389,0,Low,40670.6
15607519,Cust7519,752,France,Male,34,6,12356.02,1,1,1,81102.84,0,0.0644,0,Low,795.73
15607520,Cust7520,562,France,Female,26,1,0.0,2,0,0,83551.59,0,0.1898,0,Low,0.0
15607521,Cust7521,626,France,Male,56,6,192674.89,2,1,1,114822.81,1,0.3472,0,Medium,66896.72
15607522,Cust7522,742,France,Male,58,3,27245.42,2,1,0,177116.61,0,0.3154,0,Medium,8593.21
15607523,Cust7523,514,France,Female,19,6,195599.35,3,0,0,16021.02,0,0.2384,0,Low,46630.89
15607524,Cust7524,759,France,Female,52,3,0.0,2,1,0,194525.08,0,0.3434,0,Medium,0.0
15607525,Cust7525,642,France,Male,72,7,88247.28,1,1,0,153627.22,1,0.5227,1,Medium,46126.85
15607526,Cust7526,634,Spain,Male,18,1,0.0,2,0,1,91548.5,0,0.1084,0,Low,0.0
15607527,Cust7527,484,Spain,Male,40,9,19540.99,2,1,0,122408.08,1,0.3489,0,Medium,6817.85
15607528,Cust7528,745,France,Male,89,5,156156.53,4,1,0,192596.35,1,0.8684,1,Critical,135606.33
15607529,Cust7529,470,France,Female,49,2,228430.98,4,1,1,40099.53,1,0.6024,1,High,137606.82
15607530,Cust7530,660,France,Male,19,10,23441.07,1,1,1,188358.99,0,0.1099,0,Low,2576.17
15607531,Cust7531,765,France,Female,57,1,0.0,3,1,1,37364.19,0,0.2881,0,Low,0.0
15607532,Cust7532,408,France,Male,48,5,0.0,3,1,0,192503.72,0,0.4253,1,Medium,0.0
15607533,Cust7533,550,France,Female,33,0,129497.5,4,0,1,2862.76,0,0.2538,0,Low,32866.47
15607534,Cust7534,689,France,Male,23,9,182740.05,3,1,0,141748.43,0,0.3034,0,Medium,55443.33
15607535,Cust7535,487,Spain,Male,83,1,231599.55,3,1,1,6121.08,0,0.5524,1,Medium,127935.59
15607536,Cust7536,363,Germany,Female,78,2,92007.4,2,1,1,92383.85,1,0.7614,1,High,70054.43
15607537,Cust7537,554,Spain,Male,68,7,37187.81,1,1,1,1381.26,0,0.2934,0,Low,10910.9
15607538,Cust7538,598,France,Female,19,9,7271.14,2,0,0,8542.67,0,0.1642,0,Low,1193.92
15607539,Cust7539,811,France,Male,82,4,0.0,4,1,1,158211.89,0,0.464,1,Medium,0.0
15607540,Cust7540,754,Spain,Female,53,2,0.0,4,0,1,184006.17,0,0.1563,0,Low,0.0
15607541,Cust7541,440,France,Female,53,3,225193.35,4,1,0,142490.72,1,0.7747,1,High,174457.29
15607542,Cust7542,488,Germany,Female,82,10,54112.88,4,1,1,168134.35,1,0.7121,1,High,38533.78
15607543,Cust7543,442,Spain,Male,50,10,195324.78,2,1,1,31116.08,1,0.4547,1,Medium,88814.18
15607544,Cust7544,806,Germany,Male,35,1,0.0,3,0,1,119711.27,0,0.0647,0,Low,0.0
15607545,Cust7545,527,France,Female,35,9,216883.75,1,1,1,99536.37,1,0.2098,0,Low,45502.21
15607546,Cust7546,796,Germany,Female,86,9,0.0,1,1,1,171322.26,0,0.3871,1,Medium,0.0
15607547,Cust7547,380,France,Female,58,5,214423.65,2,1,1,111173.52,0,0.4829,1,Medium,103545.18
15607548,Cust7548,629,France,Female,60,2,0.0,1,0,1,183184.23,0,0.3052,0,Medium,0.0
15607549,Cust7549,387,France,Female,61,5,0.0,4,1,1,181851.5,0,0.2487,0,Low,0.0
15607550,Cust7550,627,Spain,Female,34,8,0.0,4,0,0,68698.93,0,0.2329,0,Low,0.0
15607551,Cust7551,355,Germany,Male,49,2,0.0,1,1,0,149145.42,1,0.5093,1,Medium,0.0
15607552,Cust7552,428,France,Male,88,3,154057.32,3,1,0,176946.12,1,0.8826,1,Critical,135970.99
15607553,Cust7553,423,France,Male,28,5,240485.29,2,1,1,73127.88,0,0.1843,0,Low,44321.44
15607554,Cust7554,705,Germany,Female,88,0,151489.71,2,1,0,154913.25,1,0.8111,1,Critical,122873.3
15607555,Cust7555,670,Spain,Female,38,4,0.0,2,0,0,116.84,0,0.2016,0,Low,0.0
15607556,Cust7556,629,France,Male,39,1,60605.5,1,0,0,85389.0,0,0.2984,0,Low,18084.68
15607557,Cust7557,448,France,Male,19,0,0.0,4,0,1,127423.43,0,0.2477,0,Low,0.0
15607558,Cust7558,483,Spain,Male,67,4,52736.35,2,1,1,72925.03,0,0.365,0,Medium,19248.77
15607559,Cust7559,539,Spain,Female,41,8,23344.02,2,0,0,176712.35,0,0.2683,0,Low,6263.2
15607560,Cust7560,840,Spain,Male,51,10,0.0,3,1,1,130458.0,0,0.0628,0,Low,0.0
15607561,Cust7561,703,France,Male,60,4,212614.84,3,1,1,107254.78,0,0.4377,1,Medium,93061.52
15607562,Cust7562,365,France,Male,64,8,95563.9,1,1,0,173109.34,0,0.4543,1,Medium,43414.68
15607563,Cust7563,365,France,Female,88,2,235085.03,3,0,0,149958.39,1,0.824,1,Critical,193710.06
15607564,Cust7564,524,France,Female,59,7,124185.44,1,1,0,48704.74,0,0.5989,1,Medium,74374.66
15607565,Cust7565,454,Spain,Female,31,7,172876.52,4,1,0,160382.28,0,0.3723,0,Medium,64361.93
15607566,Cust7566,553,France,Female,70,3,206737.93,3,1,0,102718.27,0,0.7122,1,High,147238.75
15607567,Cust7567,848,Germany,Male,22,4,218622.29,2,1,0,41071.8,0,0.1478,0,Low,32312.37
15607568,Cust7568,448,Spain,Male,80,7,40637.37,2,0,1,195320.93,0,0.3619,0,Medium,14706.66
15607569,Cust7569,649,Spain,Female,39,3,0.0,1,0,1,80024.99,0,0.131,0,Low,0.0
15607570,Cust7570,591,Germany,Female,71,6,0.0,2,1,0,7154.2,1,0.7193,1,High,0.0
15607571,Cust7571,680,Spain,Female,29,2,111387.65,1,0,0,184227.64,0,0.3361,0,Medium,37437.39
15607572,Cust7572,623,France,Female,48,5,0.0,3,0,0,25407.77,0,0.3708,0,Medium,0.0
15607573,Cust7573,608,France,Female,69,0,162716.34,1,1,0,91178.71,1,0.7718,1,High,125584.47
15607574,Cust7574,488,France,Female,63,4,90706.73,4,1,0,103597.92,1,0.8449,1,Critical,76638.12
15607575,Cust7575,833,Spain,Male,18,5,241017.88,1,1,0,152083.87,0,0.1474,0,Low,35526.04
15607576,Cust7576,483,Spain,Male,20,9,204146.8,3,0,0,15657.47,0,0.2928,0,Low,59774.18
15607577,Cust7577,422,France,Male,90,4,181070.03,2,1,1,149729.36,1,0.7617,1,High,137921.04
15607578,Cust7578,398,France,Male,57,0,0.0,2,1,1,140289.34,0,0.2151,0,Low,0.0
15607579,Cust7579,383,France,Female,81,0,0.0,1,1,0,61066.17,1,0.805,1,Critical,0.0
15607580,Cust7580,526,France,Female,23,5,0.0,3,0,0,158658.7,0,0.211,0,Low,0.0
15607581,Cust7581,758,Spain,Male,54,8,108027.75,4,0,0,36373.73,0,0.3165,0,Medium,34190.78
15607582,Cust7582,427,France,Female,60,9,228675.03,3,1,0,193289.56,0,0.551,1,Medium,125999.94
15607583,Cust7583,352,Spain,Female,86,8,23507.05,1,0,0,186718.55,1,0.6419,1,High,15089.18
15607584,Cust7584,615,Germany,Female,70,3,105034.87,4,1,0,132135.98,1,0.8269,1,Critical,86853.33
15607585,Cust7585,631,France,Male,64,5,198478.73,4,1,1,68425.49,0,0.512,1,Medium,101621.11
15607586,Cust7586,632,France,Male,39,9,0.0,3,1,1,84603.11,0,0.1342,0,Low,0.0
15607587,Cust7587,350,Spain,Female,91,9,0.0,1,1,1,152544.33,1,0.8003,1,Critical,0.0
15607588,Cust7588,451,Germany,Male,42,4,233674.96,3,1,1,41555.78,0,0.2983,0,Low,69705.24
15607589,Cust7589,524,France,Male,38,5,14243.5,2,1,1,62362.32,0,0.1514,0,Low,2156.47
15607590,Cust7590,720,France,Female,71,0,154100.76,3,1,0,88375.14,0,0.643,1,High,99086.79
15607591,Cust7591,676,Spain,Female,91,1,36393.03,4,1,0,156549.58,1,0.8193,1,Critical,29816.81
15607592,Cust7592,758,Spain,Male,81,5,110252.68,4,1,1,28919.47,1,0.7383,1,High,81399.55
15607593,Cust7593,624,Spain,Male,31,5,224451.11,4,1,1,23165.84,0,0.193,0,Low,43319.06
15607594,Cust7594,552,Germany,Female,78,6,18341.76,4,1,1,180710.12,0,0.6106,1,High,11199.48
15607595,Cust7595,630,Spain,Male,44,3,234340.15,1,0,0,193231.95,0,0.3914,1,Medium,91720.73
15607596,Cust7596,542,France,Female,34,2,248615.06,1,1,1,107130.35,0,0.3607,0,Medium,89675.45
15607597,Cust7597,428,Germany,Male,87,4,167561.41,4,1,1,142228.92,0,0.8241,1,Critical,138087.36
15607598,Cust7598,638,France,Male,88,9,89067.91,3,1,0,38720.03,1,0.7414,1,High,66034.95
15607599,Cust7599,497,Germany,Female,45,10,0.0,4,1,0,173275.57,0,0.6472,1,High,0.0
15607600,Cust7600,482,Spain,Male,19,0,108151.92,1,1,1,173461.96,0,0.1559,0,Low,16860.88
15607601,Cust7601,705,Spain,Male,33,3,44956.65,2,1,1,30694.89,0,0.1107,0,Low,4976.7
15607602,Cust7602,383,Germany,Female,58,5,5014.12,3,1,1,148198.42,1,0.4084,1,Medium,2047.77
15607603,Cust7603,361,Germany,Female,22,2,15684.66,3,0,1,41648.12,0,0.1528,0,Low,2396.62
15607604,Cust7604,528,Spain,Male,34,3,165891.4,4,0,1,90066.69,0,0.4236,1,Medium,70271.6
15607605,Cust7605,648,Spain,Male,29,1,5188.88,2,1,0,66156.35,0,0.1686,0,Low,874.85
15607606,Cust7606,770,Spain,Male,88,5,75365.44,4,0,0,174167.56,0,0.7774,1,High,58589.09
15607607,Cust7607,609,France,Female,44,9,0.0,2,1,1,93003.32,0,0.1598,0,Low,0.0
15607608,Cust7608,479,France,Female,46,10,43694.47,4,1,0,164358.98,1,0.7295,1,High,31875.12
15607609,Cust7609,522,Spain,Female,49,0,0.0,1,0,1,121504.3,0,0.1992,0,Low,0.0
15607610,Cust7610,539,Spain,Male,18,7,7860.4,1,0,0,97336.12,1,0.5775,1,Medium,4539.38
15607611,Cust7611,517,Germany,Male,58,9,28105.62,1,1,0,134341.09,0,0.5719,1,Medium,16073.6
15607612,Cust7612,685,Germany,Male,85,8,0.0,1,1,0,651.91,0,0.5081,1,Medium,0.0
15607613,Cust7613,750,France,Male,78,0,0.0,3,1,1,108308.19,1,0.5267,1,Medium,0.0
15607614,Cust7614,705,France,Male,36,4,0.0,4,0,1,38121.21,0,0.1376,0,Low,0.0
15607615,Cust7615,541,Spain,Male,18,8,31736.87,1,0,0,156744.77,0,0.2189,0,Low,6947.2
15607616,Cust7616,494,France,Male,75,10,0.0,3,1,0,173253.3,0,0.5447,1,Medium,0.0
15607617,Cust7617,390,Germany,Female,80,3,180892.08,1,1,0,149474.69,1,0.8528,1,Critical,154264.77
15607618,Cust7618,749,Germany,Male,86,3,163463.18,1,0,1,187786.61,0,0.4557,1,Medium,74490.17
15607619,Cust7619,831,Spain,Female,60,2,95749.77,1,1,0,28758.81,0,0.3707,0,Medium,35494.44
15607620,Cust7620,377,France,Male,53,9,232772.01,3,1,0,43586.37,0,0.472,1,Medium,109868.39
15607621,Cust7621,415,Germany,Male,73,1,196805.64,3,0,0,142478.19,1,0.8396,1,Critical,165238.02
15607622,Cust7622,457,France,Female,69,4,151794.14,2,1,0,27409.3,1,0.8071,1,Critical,122513.05
15607623,Cust7623,749,France,Female,74,1,109194.68,3,1,0,102063.57,0,0.6882,1,High,75147.78
15607624,Cust7624,458,France,Female,39,10,15009.04,2,1,1,136744.65,0,0.116,0,Low,1741.05
15607625,Cust7625,356,France,Female,84,0,103213.18,4,1,1,41939.12,1,0.7388,1,High,76253.9
15607626,Cust7626,518,Spain,Male,20,5,0.0,3,1,0,80324.48,1,0.4508,1,Medium,0.0
15607627,Cust7627,532,Spain,Female,24,1,0.0,4,0,0,162150.77,0,0.2293,0,Low,0.0
15607628,Cust7628,548,France,Female,66,4,237901.58,3,1,0,72551.4,1,0.7024,1,High,167102.07
15607629,Cust7629,608,Spain,Female,60,6,28052.89,4,0,0,138161.97,0,0.4988,1,Medium,13992.78
15607630,Cust7630,471,Germany,Female,59,7,244816.54,4,0,0,190544.87,0,0.4405,1,Medium,107841.69
15607631,Cust7631,364,Germany,Female,85,6,188654.41,1,1,0,152705.44,1,0.8895,1,Critical,167808.1
15607632,Cust7632,403,Spain,Female,82,4,0.0,2,0,0,158867.6,1,0.7368,1,High,0.0
15607633,Cust7633,717,Germany,Female,71,3,225890.24,2,1,0,62925.85,0,0.6436,1,High,145382.96
15607634,Cust7634,680,France,Male,30,8,81263.87,3,1,0,33611.34,0,0.2264,0,Low,18398.14
15607635,Cust7635,480,France,Female,25,7,0.0,3,1,1,148327.58,0,0.1213,0,Low,0.0
15607636,Cust7636,821,France,Female,28,7,217736.74,2,0,1,89105.13,1,0.31,0,Medium,67498.39
15607637,Cust7637,621,Spain,Male,63,8,25997.83,1,1,0,138715.9,1,0.7167,1,High,18632.64
15607638,Cust7638,749,Germany,Male,70,2,177289.96,2,1,1,61136.58,1,0.5481,1,Medium,97172.63
15607639,Cust7639,746,France,Female,77,10,0.0,1,1,0,41719.12,0,0.3892,1,Medium,0.0
15607640,Cust7640,500,France,Male,25,10,0.0,4,1,0,100392.46,0,0.2406,0,Low,0.0
15607641,Cust7641,646,Spain,Female,38,4,0.0,4,1,1,23112.3,0,0.1526,0,Low,0.0
15607642,Cust7642,647,France,Male,43,2,169811.62,1,1,0,112997.39,1,0.4198,1,Medium,71286.92
15607643,Cust7643,578,Germany,Female,64,4,0.0,2,0,1,48893.89,0,0.4011,1,Medium,0.0
15607644,Cust7644,668,Germany,Female,21,4,0.0,3,1,0,29932.98,1,0.6352,1,High,0.0
15607645,Cust7645,518,France,Male,80,10,120449.84,2,1,0,96026.16,1,0.8046,1,Critical,96913.94
15607646,Cust7646,399,France,Male,23,3,156041.25,1,0,1,117962.65,1,0.2144,0,Low,33455.24
15607647,Cust7647,372,France,Female,56,10,0.0,3,0,1,158845.76,0,0.1291,0,Low,0.0
15607648,Cust7648,573,France,Male,87,2,126505.93,4,0,1,56963.73,0,0.6428,1,High,81318.01
15607649,Cust7649,807,Germany,Male,32,10,0.0,4,1,0,114945.27,0,0.1797,0,Low,0.0
15607650,Cust7650,457,Spain,Female,68,10,0.0,2,1,1,116251.23,0,0.295,0,Low,0.0
15607651,Cust7651,646,France,Female,58,6,150173.28,4,1,0,33306.75,1,0.764,1,High,114732.39
15607652,Cust7652,432,Germany,Male,78,1,179330.81,4,1,1,3990.99,0,0.5386,1,Medium,96587.57
15607653,Cust7653,666,France,Male,61,6,201292.06,4,1,0,121288.69,0,0.6146,1,High,123714.1
15607654,Cust7654,442,France,Female,80,10,0.0,4,1,1,107663.78,0,0.4984,1,Medium,0.0
15607655,Cust7655,570,Spain,Female,47,10,87019.32,2,0,1,189399.34,0,0.1475,0,Low,12835.35
15607656,Cust7656,754,Spain,Male,30,5,0.0,3,0,0,119664.51,0,0.1499,0,Low,0.0
15607657,Cust7657,536,Spain,Male,68,5,24673.35,3,0,0,40040.17,0,0.4024,1,Medium,9928.56
15607658,Cust7658,818,France,Male,89,4,187905.33,4,1,1,148747.88,1,0.6398,1,High,120221.83
15607659,Cust7659,373,Germany,Male,50,2,130718.93,1,0,0,4361.79,1,0.7502,1,High,98065.34
15607660,Cust7660,392,France,Female,78,7,470.7,1,1,0,140849.74,1,0.7621,1,High,358.72
15607661,Cust7661,434,Spain,Male,82,10,0.0,4,0,1,162525.51,1,0.7276,1,High,0.0
15607662,Cust7662,472,Germany,Female,65,2,84755.5,3,1,1,34059.11,0,0.4409,1,Medium,37368.7
15607663,Cust7663,563,Spain,Male,76,9,181713.59,2,0,1,54933.02,1,0.7869,1,High,142990.42
15607664,Cust7664,807,France,Female,59,1,44923.78,4,1,1,19270.57,0,0.2482,0,Low,11150.08
15607665,Cust7665,471,France,Male,77,0,0.0,2,1,1,39414.74,1,0.4947,1,Medium,0.0
15607666,Cust7666,528,Spain,Female,42,9,0.0,3,1,1,50439.16,1,0.2905,0,Low,0.0
15607667,Cust7667,372,France,Female,56,1,110100.02,4,1,1,55982.12,0,0.4343,1,Medium,47816.44
15607668,Cust7668,707,Germany,Male,23,4,187002.44,4,1,0,91405.81,0,0.4042,1,Medium,75586.39
15607669,Cust7669,623,Germany,Female,32,9,150978.51,3,0,0,188998.8,0,0.2744,0,Low,41428.5
15607670,Cust7670,372,Spain,Male,60,3,3741.65,3,0,1,14683.73,0,0.225,0,Low,841.87
15607671,Cust7671,582,France,Female,71,3,147902.07,2,0,1,68188.0,0,0.5208,1,Medium,77027.4
15607672,Cust7672,459,Spain,Female,20,0,0.0,1,1,0,43736.31,0,0.2014,0,Low,0.0
15607673,Cust7673,561,France,Female,23,7,199136.26,1,0,0,150733.93,1,0.3456,0,Medium,68821.49
15607674,Cust7674,492,France,Female,18,3,0.0,1,0,1,186943.11,0,0.0689,0,Low,0.0
15607675,Cust7675,742,Germany,Male,56,1,179732.83,2,0,0,86709.39,0,0.5085,1,Medium,91394.14
15607676,Cust7676,378,France,Male,42,5,157944.19,2,0,1,180166.83,0,0.1896,0,Low,29946.22
15607677,Cust7677,650,Spain,Female,21,1,0.0,3,1,1,171461.41,0,0.0736,0,Low,0.0
15607678,Cust7678,747,Spain,Male,76,9,101388.86,3,1,0,71488.96,0,0.7265,1,High,73659.01
15607679,Cust7679,350,Spain,Female,57,8,0.0,3,0,1,20466.93,0,0.1885,0,Low,0.0
15607680,Cust7680,803,Spain,Female,18,10,0.0,1,1,1,193915.1,0,0.1257,0,Low,0.0
15607681,Cust7681,731,Germany,Male,68,10,211062.38,1,1,0,161927.28,1,0.7978,1,High,168385.57
15607682,Cust7682,489,France,Female,85,9,154211.05,1,0,0,143759.11,1,0.8767,1,Critical,135196.83
15607683,Cust7683,591,Spain,Female,49,5,144535.19,3,1,1,88409.88,0,0.2198,0,Low,31768.83
15607684,Cust7684,691,France,Male,88,1,0.0,4,1,1,42182.24,0,0.4318,1,Medium,0.0
15607685,Cust7685,608,Spain,Female,48,0,19232.88,2,1,0,67261.7,0,0.2392,0,Low,4600.5
15607686,Cust7686,729,France,Male,23,1,86917.33,1,1,1,91919.45,0,0.1386,0,Low,12046.74
15607687,Cust7687,795,Germany,Female,27,2,0.0,4,1,1,125620.58,0,0.0782,0,Low,0.0
15607688,Cust7688,529,France,Female,22,9,0.0,1,1,1,22623.88,0,0.1498,0,Low,0.0
15607689,Cust7689,404,France,Female,40,2,0.0,3,0,1,143095.95,0,0.1375,0,Low,0.0
15607690,Cust7690,566,France,Male,46,1,18162.01,4,0,1,145487.03,0,0.2686,0,Low,4878.32
15607691,Cust7691,650,France,Male,50,10,169946.51,4,1,1,197859.1,0,0.3751,0,Medium,63746.94
15607692,Cust7692,738,France,Male,53,4,75310.5,1,1,1,155738.79,0,0.311,0,Medium,23421.57
15607693,Cust7693,491,France,Female,81,4,0.0,1,1,1,197967.88,0,0.3623,0,Medium,0.0
15607694,Cust7694,815,France,Female,18,3,206709.25,2,1,0,12768.96,0,0.1773,0,Low,36649.55
15607695,Cust7695,368,Germany,Male,84,10,83302.83,4,0,0,185736.48,1,0.8888,1,Critical,74039.56
15607696,Cust7696,640,France,Male,35,3,0.0,2,1,1,159557.84,0,0.1146,0,Low,0.0
15607697,Cust7697,569,Spain,Female,88,9,239777.85,4,0,1,113287.23,0,0.6679,1,High,160147.63
15607698,Cust7698,698,France,Male,28,10,151975.42,4,0,1,70639.25,0,0.0802,0,Low,12188.43
15607699,Cust7699,492,Germany,Male,25,4,1500.58,3,1,0,28917.68,0,0.2486,0,Low,373.04
15607700,Cust7700,816,France,Female,26,7,0.0,4,0,0,13745.6,0,0.2185,0,Low,0.0
15607701,Cust7701,350,Germany,Male,39,0,0.0,4,0,0,71995.38,1,0.7744,1,High,0.0
15607702,Cust7702,758,Germany,Female,87,8,68960.18,3,1,1,82019.61,0,0.4212,1,Medium,29046.03
15607703,Cust7703,596,Germany,Male,52,10,208035.23,3,1,1,151517.42,0,0.2458,0,Low,51135.06
15607704,Cust7704,608,France,Female,30,2,241881.79,2,1,1,51094.23,0,0.1513,0,Low,36596.71
15607705,Cust7705,505,Germany,Male,65,0,0.0,4,1,1,55845.03,0,0.2707,0,Low,0.0
15607706,Cust7706,546,France,Female,55,0,97589.06,2,1,1,36907.21,0,0.237,0,Low,23128.61
15607707,Cust7707,567,France,Male,70,9,0.0,4,1,0,190249.33,0,0.5482,1,Medium,0.0
15607708,Cust7708,505,France,Female,72,2,0.0,4,1,1,29887.29,0,0.4554,1,Medium,0.0
15607709,Cust7709,355,Germany,Male,76,4,216923.74,4,1,0,105016.55,1,0.8447,1,Critical,183235.48
15607710,Cust7710,550,France,Male,29,3,225279.28,4,1,1,71783.8,0,0.3432,0,Medium,77315.85
15607711,Cust7711,551,Spain,Female,54,3,10664.91,1,1,0,113581.45,1,0.4135,1,Medium,4409.94
15607712,Cust7712,711,France,Male,64,1,0.0,4,1,0,1844.18,0,0.3101,0,Medium,0.0
15607713,Cust7713,585,France,Female,59,4,0.0,1,1,0,172158.38,0,0.4363,1,Medium,0.0
15607714,Cust7714,625,France,Female,89,10,41725.37,1,0,1,80639.64,1,0.4934,1,Medium,20587.3
15607715,Cust7715,583,France,Male,89,3,28164.64,3,0,1,52187.64,0,0.3871,1,Medium,10902.53
15607716,Cust7716,562,Germany,Male,78,8,65089.59,1,0,1,62580.98,1,0.6462,1,High,42060.89
15607717,Cust7717,709,Spain,Female,35,7,177350.15,3,0,0,193558.86,0,0.2907,0,Low,51555.69
15607718,Cust7718,688,Spain,Male,57,8,167913.52,4,1,1,73750.29,0,0.3283,0,Medium,55126.01
15607719,Cust7719,846,France,Female,77,6,196298.03,2,1,0,94069.53,1,0.797,1,High,156449.53
15607720,Cust7720,598,France,Male,37,4,0.0,2,1,0,172786.42,0,0.2843,0,Low,0.0
15607721,Cust7721,363,Spain,Male,70,2,191603.32,2,0,0,199088.3,0,0.6627,1,High,126975.52
15607722,Cust7722,643,France,Male,36,3,122654.38,1,0,1,194618.41,0,0.2385,0,Low,29253.07
15607723,Cust7723,548,France,Female,28,5,78248.8,1,1,1,26921.0,0,0.1361,0,Low,10649.66
15607724,Cust7724,397,Spain,Male,35,4,0.0,4,1,1,111580.26,1,0.4229,1,Medium,0.0
15607725,Cust7725,779,France,Male,86,4,199882.53,4,1,1,119756.44,1,0.6836,1,High,136639.7
15607726,Cust7726,667,France,Female,91,4,0.0,3,1,0,156586.44,0,0.5858,1,Medium,0.0
15607727,Cust7727,663,France,Male,81,10,201823.11,3,1,1,96945.87,0,0.5871,1,Medium,118490.35
15607728,Cust7728,668,Germany,Male,38,7,142359.97,1,0,0,94276.73,0,0.3722,0,Medium,52986.38
15607729,Cust7729,842,France,Male,75,9,155013.51,1,1,1,71883.73,1,0.7537,1,High,116833.68
15607730,Cust7730,694,Germany,Female,34,10,0.0,4,1,1,146141.84,0,0.0863,0,Low,0.0
15607731,Cust7731,707,France,Male,27,6,177496.9,1,1,1,130814.42,0,0.1971,0,Low,34984.64
15607732,Cust7732,726,France,Male,37,1,0.0,3,1,1,196832.51,0,0.0734,0,Low,0.0
15607733,Cust7733,712,France,Female,28,10,84005.66,4,1,0,117366.79,0,0.329,0,Medium,27637.86
15607734,Cust7734,702,Spain,Male,65,5,0.0,4,1,0,183785.46,0,0.418,1,Medium,0.0
15607735,Cust7735,388,France,Female,68,4,209141.65,2,1,1,193474.75,1,0.7202,1,High,150623.82
15607736,Cust7736,551,Germany,Female,20,4,248901.81,3,1,0,7456.86,0,0.2161,0,Low,53787.68
15607737,Cust7737,487,France,Male,25,0,0.0,3,0,1,7562.45,0,0.1306,0,Low,0.0
15607738,Cust7738,796,France,Female,53,7,197540.64,2,1,1,196366.49,0,0.2816,0,Low,55627.44
15607739,Cust7739,642,France,Female,26,0,174854.51,4,1,1,119896.16,0,0.2271,0,Low,39709.46
15607740,Cust7740,608,Germany,Male,79,7,0.0,1,1,0,56646.38,1,0.714,1,High,0.0
15607741,Cust7741,611,France,Male,47,9,0.0,4,1,1,88304.15,1,0.2677,0,Low,0.0
15607742,Cust7742,691,Spain,Male,48,4,105958.24,4,1,1,88718.67,0,0.3609,0,Medium,38240.33
15607743,Cust7743,732,Spain,Male,18,4,138999.0,1,1,0,20818.47,0,0.1867,0,Low,25951.11
15607744,Cust7744,451,Spain,Male,69,7,137366.03,3,1,1,182141.7,1,0.595,1,Medium,81732.79
15607745,Cust7745,847,Germany,Female,71,9,0.0,3,1,1,64259.05,0,0.364,0,Medium,0.0
15607746,Cust7746,731,Germany,Female,73,1,243383.7,4,1,0,109800.35,1,0.7872,1,High,191591.65
15607747,Cust7747,453,Germany,Female,57,5,0.0,4,1,0,173908.24,0,0.3751,0,Medium,0.0
15607748,Cust7748,653,France,Male,37,3,0.0,2,0,0,177890.78,0,0.3076,0,Medium,0.0
15607749,Cust7749,564,Spain,Female,23,0,207592.54,1,1,0,37398.76,0,0.3635,0,Medium,75459.89
15607750,Cust7750,538,Spain,Male,41,0,198333.3,4,0,0,33883.73,0,0.39,1,Medium,77349.99
15607751,Cust7751,784,France,Male,58,5,169800.88,3,1,1,27619.76,1,0.5726,1,Medium,97227.98
15607752,Cust7752,493,Spain,Female,26,8,0.0,3,1,0,46797.34,0,0.2386,0,Low,0.0
15607753,Cust7753,769,Spain,Male,22,6,213941.65,4,0,1,63936.62,0,0.0733,0,Low,15681.92
15607754,Cust7754,669,France,Female,34,2,0.0,1,0,1,145542.94,0,0.0918,0,Low,0.0
15607755,Cust7755,759,Spain,Male,23,4,0.0,1,0,1,30386.09,0,0.0526,0,Low,0.0
15607756,Cust7756,723,France,Male,19,10,27745.93,2,1,0,43410.18,0,0.2052,0,Low,5693.46
15607757,Cust7757,660,France,Female,53,9,136819.62,2,0,0,75538.79,0,0.456,1,Medium,62389.75
15607758,Cust7758,445,France,Male,73,1,79700.15,1,1,1,4679.13,1,0.7159,1,High,57057.34
15607759,Cust7759,847,Germany,Male,54,7,176114.31,1,1,0,50404.72,0,0.3558,0,Medium,62661.47
15607760,Cust7760,671,France,Male,24,6,0.0,2,1,1,92886.4,0,0.0563,0,Low,0.0
15607761,Cust7761,529,Spain,Female,43,4,3881.79,1,1,1,111333.11,1,0.4677,1,Medium,1815.51
15607762,Cust7762,478,France,Female,20,4,28580.48,3,1,1,126874.45,0,0.0965,0,Low,2758.02
15607763,Cust7763,408,France,Male,64,7,231379.21,1,0,1,78488.32,0,0.5395,1,Medium,124829.08
15607764,Cust7764,508,Germany,Male,35,10,59817.75,3,1,0,112515.4,0,0.2273,0,Low,13596.57
15607765,Cust7765,416,France,Male,46,3,182697.35,2,1,0,171904.13,1,0.7244,1,High,132345.96
15607766,Cust7766,794,Germany,Female,84,10,0.0,1,1,0,145107.21,0,0.3144,0,Medium,0.0
15607767,Cust7767,568,France,Male,61,9,0.0,3,1,0,114947.25,0,0.3989,1,Medium,0.0
15607768,Cust7768,663,Spain,Female,74,0,8026.83,3,0,0,155322.2,0,0.4836,1,Medium,3881.77
15607769,Cust7769,753,Germany,Female,43,3,183855.91,4,0,0,58654.46,1,0.6101,1,High,112170.49
15607770,Cust7770,831,France,Male,86,4,240392.81,2,1,0,191372.26,1,0.8652,1,Critical,207987.86
15607771,Cust7771,576,France,Female,70,7,0.0,4,0,0,137939.05,1,0.7145,1,High,0.0
15607772,Cust7772,376,France,Female,56,2,177563.78,2,1,0,134349.59,1,0.7112,1,High,126283.36
15607773,Cust7773,656,Spain,Female,60,4,0.0,4,1,0,157070.11,1,0.6078,1,High,0.0
15607774,Cust7774,824,Germany,Female,64,1,249363.84,2,1,1,795.45,0,0.3953,1,Medium,98573.53
15607775,Cust7775,529,France,Female,29,1,0.0,4,1,1,28280.29,0,0.2443,0,Low,0.0
15607776,Cust7776,401,France,Male,36,4,0.0,1,0,1,114640.42,0,0.187,0,Low,0.0
15607777,Cust7777,708,Spain,Female,68,6,41976.4,1,1,1,121564.92,0,0.2778,0,Low,11661.04
15607778,Cust7778,660,France,Female,50,4,238794.32,1,1,1,179406.24,0,0.3788,0,Medium,90455.29
15607779,Cust7779,426,Germany,Male,76,4,142856.59,2,1,0,106459.12,1,0.8222,1,Critical,117456.69
15607780,Cust7780,351,Spain,Female,56,5,61746.24,1,0,0,53661.92,1,0.7096,1,High,43815.13
15607781,Cust7781,610,France,Female,22,6,33626.42,4,0,0,97845.62,0,0.2197,0,Low,7387.72
15607782,Cust7782,424,Germany,Female,67,7,218701.7,1,1,0,63110.22,1,0.7742,1,High,169318.86
15607783,Cust7783,442,France,Female,63,5,0.0,4,1,0,136075.86,0,0.4921,1,Medium,0.0
15607784,Cust7784,504,France,Male,44,1,0.0,2,0,1,122408.1,0,0.1623,0,Low,0.0
15607785,Cust7785,584,Spain,Female,76,0,152532.18,2,0,0,37900.79,1,0.7408,1,High,112995.84
15607786,Cust7786,759,Germany,Female,43,3,192948.74,3,1,1,74252.58,0,0.2693,0,Low,51961.1
15607787,Cust7787,565,Spain,Male,26,2,170461.56,3,1,1,135354.46,0,0.2306,0,Low,39308.44
15607788,Cust7788,768,Germany,Male,26,5,0.0,4,1,1,188849.12,0,0.0456,0,Low,0.0
15607789,Cust7789,652,France,Male,84,7,0.0,4,0,0,79151.82,0,0.6637,1,High,0.0
15607790,Cust7790,546,Germany,Male,45,2,0.0,2,1,1,144427.78,0,0.1903,0,Low,0.0
15607791,Cust7791,605,Germany,Female,48,5,20241.52,3,0,0,84380.11,0,0.3722,0,Medium,7533.89
15607792,Cust7792,420,France,Male,40,2,101304.33,3,0,1,76141.77,0,0.2116,0,Low,21436.0
15607793,Cust7793,838,France,Male,72,5,0.0,4,1,0,126620.65,0,0.3827,1,Medium,0.0
15607794,Cust7794,501,Germany,Male,62,4,148443.72,2,0,1,192079.5,0,0.4896,1,Medium,72678.05
15607795,Cust7795,801,Germany,Male,84,0,231192.07,4,1,1,64382.35,0,0.4442,1,Medium,102695.52
15607796,Cust7796,673,France,Female,84,7,0.0,1,0,1,88769.52,0,0.3804,0,Medium,0.0
15607797,Cust7797,497,Spain,Male,91,3,0.0,3,0,0,10799.38,0,0.4839,1,Medium,0.0
15607798,Cust7798,593,France,Male,42,8,174767.18,4,1,1,125909.35,0,0.2756,0,Low,48165.83
15607799,Cust7799,410,France,Female,61,7,0.0,1,1,0,75086.39,0,0.4961,1,Medium,0.0
15607800,Cust7800,658,France,Female,43,2,0.0,3,1,1,23944.93,0,0.1089,0,Low,0.0
15607801,Cust7801,382,Spain,Male,70,9,20983.55,4,0,0,123960.9,1,0.8347,1,Critical,17514.97
15607802,Cust7802,670,France,Male,73,0,154287.89,1,1,1,136007.24,1,0.6731,1,High,103851.18
15607803,Cust7803,449,France,Female,36,6,101815.89,4,1,0,24727.99,1,0.5958,1,Medium,60661.91
15607804,Cust7804,414,France,Female,81,8,86832.06,4,1,1,119899.79,1,0.5952,1,Medium,51682.44
15607805,Cust7805,461,Germany,Female,39,5,0.0,2,1,0,168804.9,0,0.3623,0,Medium,0.0
15607806,Cust7806,394,Spain,Female,90,6,69884.25,3,1,1,108302.38,1,0.5235,1,Medium,36584.4
15607807,Cust7807,795,France,Female,80,5,8966.64,4,1,0,159317.44,0,0.5517,1,Medium,4946.9
15607808,Cust7808,818,Spain,Female,19,0,194448.16,2,1,1,98482.49,0,0.1689,0,Low,32842.29
15607809,Cust7809,813,France,Male,47,7,21699.4,1,1,0,46468.12,0,0.1734,0,Low,3762.68
15607810,Cust7810,709,France,Male,46,10,82049.56,2,1,1,30891.08,0,0.1673,0,Low,13726.89
15607811,Cust7811,465,Germany,Female,78,8,0.0,4,1,1,46073.99,0,0.5288,1,Medium,0.0
15607812,Cust7812,730,Germany,Female,71,0,0.0,4,1,1,128297.47,0,0.2169,0,Low,0.0
15607813,Cust7813,730,France,Male,21,2,166566.27,4,1,0,58374.41,0,0.4199,1,Medium,69941.18
15607814,Cust7814,468,Germany,Female,80,9,248625.88,3,0,1,109371.52,0,0.5608,1,Medium,139429.39
15607815,Cust7815,768,France,Male,34,7,100346.78,2,0,0,160742.84,0,0.118,0,Low,11840.92
15607816,Cust7816,849,Germany,Female,45,4,0.0,3,0,1,19752.52,0,0.1507,0,Low,0.0
15607817,Cust7817,539,Germany,Male,30,2,0.0,4,0,1,23461.0,0,0.2463,0,Low,0.0
15607818,Cust7818,644,Spain,Female,29,5,0.0,4,1,0,147303.73,0,0.2264,0,Low,0.0
15607819,Cust7819,786,France,Male,57,0,95934.86,1,1,1,6034.14,0,0.2801,0,Low,26871.35
15607820,Cust7820,481,Germany,Male,24,0,0.0,3,1,1,41397.19,0,0.1177,0,Low,0.0
15607821,Cust7821,845,Germany,Female,23,0,0.0,4,1,1,86411.12,0,0.1416,0,Low,0.0
15607822,Cust7822,501,France,Male,76,9,112988.52,1,1,0,193482.97,1,0.6119,1,High,69137.68
15607823,Cust7823,834,France,Male,43,0,215589.24,3,0,1,104802.33,0,0.3603,0,Medium,77676.8
15607824,Cust7824,467,Spain,Male,65,6,199027.09,3,1,1,28511.33,1,0.6778,1,High,134900.56
15607825,Cust7825,721,France,Female,90,3,0.0,3,0,0,116714.36,0,0.5813,1,Medium,0.0
15607826,Cust7826,613,Spain,Male,21,8,131838.63,4,0,0,75286.8,0,0.2659,0,Low,35055.89
15607827,Cust7827,536,France,Male,76,1,58668.03,4,1,0,11645.25,1,0.731,1,High,42886.33
15607828,Cust7828,569,Spain,Female,26,10,141868.64,3,1,0,100786.71,0,0.247,0,Low,35041.55
15607829,Cust7829,463,France,Female,74,0,28941.29,1,0,0,127159.47,1,0.8162,1,Critical,23621.88
15607830,Cust7830,686,Spain,Male,40,9,134203.1,3,0,1,192088.71,0,0.1492,0,Low,20023.1
15607831,Cust7831,847,Germany,Female,27,1,0.0,3,0,1,145102.35,0,0.0659,0,Low,0.0
15607832,Cust7832,643,France,Female,34,0,0.0,2,1,0,156116.54,0,0.2078,0,Low,0.0
15607833,Cust7833,488,Germany,Male,44,0,17119.07,3,1,1,182385.76,0,0.1818,0,Low,3112.25
15607834,Cust7834,685,Germany,Male,72,8,7829.48,3,0,0,64705.07,1,0.7378,1,High,5776.59
15607835,Cust7835,569,France,Female,68,3,0.0,1,1,1,113101.19,1,0.45,1,Medium,0.0
15607836,Cust7836,811,France,Female,71,4,0.0,4,1,1,194263.06,0,0.3135,0,Medium,0.0
15607837,Cust7837,482,Germany,Male,19,9,131424.75,1,1,0,110582.01,0,0.2797,0,Low,36759.5
15607838,Cust7838,609,Germany,Male,90,2,0.0,4,1,0,26134.21,1,0.7025,1,High,0.0
15607839,Cust7839,598,France,Female,50,6,63302.77,3,1,0,191636.92,1,0.5836,1,Medium,36943.5
15607840,Cust7840,793,Spain,Female,26,3,0.0,4,0,0,70575.51,0,0.1183,0,Low,0.0
15607841,Cust7841,405,France,Female,86,0,0.0,2,1,1,50434.58,1,0.6284,1,High,0.0
15607842,Cust7842,659,France,Male,76,10,187153.32,1,1,0,126103.45,1,0.8554,1,Critical,160090.95
15607843,Cust7843,755,Germany,Female,24,4,0.0,2,1,1,70507.27,0,0.0444,0,Low,0.0
15607844,Cust7844,531,France,Male,50,9,69284.89,4,1,1,82268.28,1,0.3214,0,Medium,22268.16
15607845,Cust7845,603,France,Male,85,4,0.0,3,1,1,43144.3,0,0.3849,1,Medium,0.0
15607846,Cust7846,497,Germany,Female,68,9,222853.74,2,1,0,7577.39,1,0.7719,1,High,172020.8
15607847,Cust7847,560,France,Female,32,1,133620.0,2,1,1,14589.04,0,0.1834,0,Low,24505.91
15607848,Cust7848,825,France,Female,69,5,0.0,4,0,0,55406.41,0,0.4141,1,Medium,0.0
15607849,Cust7849,531,Germany,Female,31,4,145569.9,1,1,1,84574.49,0,0.1745,0,Low,25401.95
15607850,Cust7850,451,Germany,Male,44,10,201726.27,1,1,1,165314.36,1,0.3597,0,Medium,72560.94
15607851,Cust7851,640,Spain,Female,32,3,0.0,1,0,0,42876.65,0,0.2463,0,Low,0.0
15607852,Cust7852,585,Germany,Female,69,8,0.0,1,1,1,130873.73,0,0.4991,1,Medium,0.0
15607853,Cust7853,740,France,Male,86,5,164494.27,1,0,1,185201.34,0,0.4464,1,Medium,73430.24
15607854,Cust7854,368,France,Female,21,4,0.0,2,1,0,81288.01,0,0.2028,0,Low,0.0
15607855,Cust7855,802,Spain,Male,62,7,229684.29,3,1,1,195772.09,0,0.355,0,Medium,81537.92
15607856,Cust7856,701,France,Male,36,7,227034.18,1,1,1,127499.01,0,0.1827,0,Low,41479.14
15607857,Cust7857,771,France,Female,73,5,0.0,1,1,1,191407.04,0,0.35,0,Medium,0.0
15607858,Cust7858,554,Spain,Male,28,0,0.0,2,1,1,58998.43,0,0.121,0,Low,0.0
15607859,Cust7859,573,Germany,Female,45,0,0.0,4,1,1,131006.18,0,0.2052,0,Low,0.0
15607860,Cust7860,517,Germany,Female,33,6,0.0,4,1,0,31775.74,0,0.2826,0,Low,0.0
15607861,Cust7861,767,France,Female,82,0,205776.1,1,0,1,182685.87,0,0.4982,1,Medium,102517.65
15607862,Cust7862,385,France,Female,24,6,0.0,1,1,1,67549.86,0,0.0784,0,Low,0.0
15607863,Cust7863,614,France,Female,61,9,28163.83,2,1,0,31733.09,0,0.4182,1,Medium,11778.11
15607864,Cust7864,480,Germany,Male,26,8,0.0,1,1,1,105869.99,0,0.0761,0,Low,0.0
15607865,Cust7865,669,France,Female,62,7,110607.21,4,1,1,33476.88,1,0.5914,1,Medium,65413.1
15607866,Cust7866,832,France,Female,74,3,121670.86,1,1,1,56019.18,1,0.7022,1,High,85437.28
15607867,Cust7867,687,France,Male,73,7,190465.28,1,1,1,76323.41,1,0.6346,1,High,120869.27
15607868,Cust7868,372,Germany,Female,20,2,63449.0,1,1,0,29388.2,0,0.3176,0,Medium,20151.4
15607869,Cust7869,550,Germany,Female,75,10,0.0,3,1,1,8079.1,1,0.6492,1,High,0.0
15607870,Cust7870,365,France,Male,39,0,239434.93,1,0,1,74987.75,0,0.3871,1,Medium,92685.26
15607871,Cust7871,593,France,Male,68,5,174914.79,2,1,1,41462.09,1,0.5147,1,Medium,90028.64
15607872,Cust7872,437,France,Male,89,5,163033.64,3,1,0,134279.72,1,0.8674,1,Critical,141415.38
15607873,Cust7873,696,France,Female,26,0,83235.55,4,1,1,54.42,0,0.1364,0,Low,11353.33
15607874,Cust7874,617,Germany,Male,44,2,0.0,4,1,0,129552.8,0,0.3214,0,Medium,0.0
15607875,Cust7875,504,France,Male,82,7,0.0,1,1,1,108679.0,0,0.4761,1,Medium,0.0
15607876,Cust7876,779,Germany,Female,28,6,44524.71,2,1,0,104665.89,0,0.1309,0,Low,5828.28
15607877,Cust7877,724,Spain,Female,37,1,0.0,1,1,1,101541.26,0,0.0858,0,Low,0.0
15607878,Cust7878,664,Spain,Female,58,1,184738.64,2,1,0,108454.53,0,0.5633,1,Medium,104063.28
15607879,Cust7879,527,Spain,Female,91,7,59252.59,3,1,0,101321.99,0,0.593,1,Medium,35136.79
15607880,Cust7880,486,France,Female,39,7,78190.37,3,1,0,89278.54,0,0.3282,0,Medium,25662.08
15607881,Cust7881,643,France,Female,46,4,0.0,2,1,0,67969.09,1,0.4956,1,Medium,0.0
15607882,Cust7882,745,France,Male,76,0,0.0,1,1,1,72627.16,0,0.4834,1,Medium,0.0
15607883,Cust7883,769,Germany,Male,26,0,37304.03,4,1,1,19414.18,0,0.188,0,Low,7013.16
15607884,Cust7884,739,France,Female,42,1,0.0,2,0,1,78857.07,0,0.1267,0,Low,0.0
15607885,Cust7885,361,France,Female,41,0,95263.8,4,1,1,98079.1,0,0.3533,0,Medium,33656.7
15607886,Cust7886,843,France,Female,47,6,86538.81,3,1,1,152663.98,0,0.2181,0,Low,18874.11
15607887,Cust7887,470,France,Male,60,4,19754.51,4,1,1,87646.28,0,0.3884,1,Medium,7672.65
15607888,Cust7888,355,Germany,Male,34,2,0.0,2,0,0,153990.4,0,0.3125,0,Medium,0.0
15607889,Cust7889,631,Germany,Male,46,6,173280.14,1,1,0,155861.55,1,0.5461,1,Medium,94628.28
15607890,Cust7890,578,Germany,Male,85,7,0.0,1,1,1,65362.28,0,0.5763,1,Medium,0.0
15607891,Cust7891,403,Spain,Female,79,1,91559.2,3,0,0,99219.63,1,0.8105,1,Critical,74208.73
15607892,Cust7892,457,France,Female,88,6,0.0,3,1,1,65186.66,1,0.5449,1,Medium,0.0
15607893,Cust7893,453,France,Female,68,1,135383.02,1,1,0,14499.17,1,0.735,1,High,99506.52
15607894,Cust7894,570,France,Female,61,6,175036.6,4,1,0,170951.61,0,0.6881,1,High,120442.68
15607895,Cust7895,725,Germany,Male,33,4,0.0,1,1,1,164105.19,0,0.1096,0,Low,0.0
15607896,Cust7896,691,Germany,Female,29,1,0.0,2,1,1,16969.57,0,0.0715,0,Low,0.0
15607897,Cust7897,362,France,Female,57,8,93533.79,1,1,0,130918.95,1,0.5345,1,Medium,49993.81
15607898,Cust7898,437,Spain,Female,47,2,58698.31,1,1,0,169038.6,1,0.4834,1,Medium,28374.76
15607899,Cust7899,655,France,Male,76,8,0.0,2,0,1,8007.21,0,0.299,0,Low,0.0
15607900,Cust7900,752,France,Male,18,4,0.0,2,1,1,78130.67,0,0.058,0,Low,0.0
15607901,Cust7901,367,Germany,Female,83,7,212449.14,2,1,0,48827.78,0,0.7236,1,High,153728.2
15607902,Cust7902,518,Spain,Male,30,7,120012.44,4,0,1,95027.78,0,0.2006,0,Low,24074.5
15607903,Cust7903,408,Germany,Female,47,4,199612.21,4,1,1,30787.42,1,0.7635,1,High,152403.92
15607904,Cust7904,593,Spain,Female,44,7,0.0,2,0,1,6798.76,0,0.1138,0,Low,0.0
15607905,Cust7905,545,France,Female,86,4,79488.18,3,1,0,4209.27,1,0.8288,1,Critical,65879.8
15607906,Cust7906,437,Germany,Female,71,6,0.0,2,1,1,189741.18,0,0.4341,1,Medium,0.0
15607907,Cust7907,833,Spain,Female,20,2,113629.53,2,0,1,13423.26,0,0.1287,0,Low,14624.12
15607908,Cust7908,732,Germany,Female,81,4,24419.82,2,1,0,43627.0,0,0.4616,1,Medium,11272.19
15607909,Cust7909,623,France,Female,68,1,11250.66,1,0,1,125212.09,0,0.3879,1,Medium,4364.13
15607910,Cust7910,733,Spain,Male,23,4,0.0,1,1,1,127710.65,0,0.0604,0,Low,0.0
15607911,Cust7911,506,France,Female,75,0,0.0,3,1,0,19179.78,0,0.5068,1,Medium,0.0
15607912,Cust7912,818,France,Female,20,4,13692.4,3,1,1,109102.45,0,0.0579,0,Low,792.79
15607913,Cust7913,556,Spain,Male,49,9,193141.28,3,1,1,91722.47,0,0.2688,0,Low,51916.38
15607914,Cust7914,543,Spain,Male,29,3,90278.49,4,1,0,44751.37,0,0.4862,1,Medium,43893.4
15607915,Cust7915,634,Spain,Male,18,5,199115.1,1,0,1,161070.9,0,0.1521,0,Low,30285.41
15607916,Cust7916,639,Spain,Male,59,9,237450.52,1,1,0,193124.52,1,0.8101,1,Critical,192358.67
15607917,Cust7917,660,France,Female,68,0,6643.3,3,0,0,58897.76,1,0.6023,1,High,4001.26
15607918,Cust7918,767,Spain,Female,53,7,241073.19,3,1,1,41198.7,1,0.3784,0,Medium,91222.1
15607919,Cust7919,484,France,Male,43,5,41440.21,4,0,0,72831.02,1,0.6872,1,High,28477.71
15607920,Cust7920,704,Germany,Male,55,3,74308.14,1,0,0,176593.85,0,0.3678,0,Medium,27330.53
15607921,Cust7921,448,France,Female,29,2,156736.34,1,0,0,153178.86,0,0.4612,1,Medium,72286.8
15607922,Cust7922,470,Spain,Female,21,6,0.0,2,1,0,150250.56,0,0.1434,0,Low,0.0
15607923,Cust7923,598,Germany,Male,29,4,42557.83,4,1,1,180578.73,0,0.1781,0,Low,7579.55
15607924,Cust7924,612,Spain,Female,22,4,0.0,1,1,0,46477.42,1,0.1973,0,Low,0.0
15607925,Cust7925,673,France,Female,74,7,71636.52,4,0,0,172713.41,1,0.7657,1,High,54852.08
15607926,Cust7926,419,France,Male,63,4,81399.83,1,1,0,183464.86,0,0.5676,1,Medium,46202.54
15607927,Cust7927,759,France,Male,31,8,79555.53,4,0,1,139262.36,0,0.141,0,Low,11217.33
15607928,Cust7928,629,France,Female,60,3,42827.95,3,0,0,81366.46,0,0.4,1,Medium,17131.18
15607929,Cust7929,646,Germany,Female,53,7,0.0,1,1,1,181577.12,0,0.3312,0,Medium,0.0
15607930,Cust7930,724,France,Female,26,6,199518.02,4,1,0,7159.56,0,0.3991,1,Medium,79627.64
15607931,Cust7931,696,Germany,Female,89,9,245005.16,1,1,1,56778.56,1,0.7981,1,High,195538.62
15607932,Cust7932,564,France,Female,87,4,0.0,2,1,1,19184.34,0,0.4441,1,Medium,0.0
15607933,Cust7933,592,France,Male,74,2,18894.48,3,1,1,76732.77,0,0.368,0,Medium,6953.17
15607934,Cust7934,466,Germany,Male,77,4,0.0,2,1,1,148215.83,0,0.5387,1,Medium,0.0
15607935,Cust7935,633,France,Female,58,7,153616.97,2,1,0,80329.99,0,0.5881,1,Medium,90342.14
15607936,Cust7936,451,France,Male,77,4,0.0,2,0,0,111711.23,0,0.5995,1,Medium,0.0
15607937,Cust7937,668,France,Male,57,9,23314.26,1,0,0,82657.2,1,0.6529,1,High,15221.88
15607938,Cust7938,559,France,Male,30,1,210948.96,3,1,1,6617.51,1,0.2232,0,Low,47083.81
15607939,Cust7939,468,Germany,Female,30,3,122428.4,2,1,1,12737.47,0,0.2203,0,Low,26970.98
15607940,Cust7940,588,France,Female,81,10,0.0,4,1,0,8993.5,0,0.6134,1,High,0.0
15607941,Cust7941,817,France,Female,51,8,0.0,3,0,1,161940.31,0,0.0908,0,Low,0.0
15607942,Cust7942,631,Germany,Male,71,0,0.0,3,0,1,16675.97,0,0.3284,0,Medium,0.0
15607943,Cust7943,523,Germany,Male,28,10,53769.14,1,1,1,66463.06,0,0.1739,0,Low,9350.45
15607944,Cust7944,575,Germany,Male,51,4,249622.51,2,1,1,111291.53,1,0.5066,1,Medium,126458.76
15607945,Cust7945,652,France,Male,24,7,0.0,1,1,0,107096.78,0,0.1425,0,Low,0.0
15607946,Cust7946,426,Spain,Male,34,0,19635.23,4,0,1,123067.22,0,0.2687,0,Low,5275.99
15607947,Cust7947,631,France,Male,26,1,0.0,4,1,0,105139.7,0,0.2457,0,Low,0.0
15607948,Cust7948,366,France,Female,33,7,46193.68,2,1,1,98651.29,0,0.1525,0,Low,7044.54
15607949,Cust7949,777,Spain,Male,62,2,0.0,2,1,1,134046.49,0,0.2902,0,Low,0.0
15607950,Cust7950,655,Germany,Female,18,1,201552.6,3,1,0,58390.78,0,0.2722,0,Low,54862.62
15607951,Cust7951,406,Germany,Female,32,7,136725.89,1,1,1,91257.31,0,0.2093,0,Low,28616.73
15607952,Cust7952,583,Spain,Male,69,2,0.0,1,1,1,86388.45,0,0.3915,1,Medium,0.0
15607953,Cust7953,792,France,Male,29,9,0.0,4,1,1,70941.65,0,0.0646,0,Low,0.0
15607954,Cust7954,833,Spain,Male,59,1,216241.93,2,1,1,199362.74,0,0.3253,0,Medium,70343.5
15607955,Cust7955,418,Germany,Female,82,0,116885.5,4,1,0,180595.18,1,0.696,1,High,81352.31
15607956,Cust7956,485,France,Female,75,4,0.0,3,1,0,135055.3,0,0.5676,1,Medium,0.0
15607957,Cust7957,422,France,Female,27,3,225172.07,2,0,0,147943.97,0,0.364,0,Medium,81962.63
15607958,Cust7958,534,France,Male,28,7,115741.12,3,1,0,174512.35,0,0.1957,0,Low,22650.54
15607959,Cust7959,781,Spain,Female,70,2,0.0,2,1,1,71742.86,0,0.3469,0,Medium,0.0
15607960,Cust7960,703,France,Female,43,10,0.0,2,1,0,105951.0,0,0.2234,0,Low,0.0
15607961,Cust7961,478,France,Female,48,4,72215.74,3,0,0,70763.06,0,0.4213,1,Medium,30424.49
15607962,Cust7962,512,Germany,Male,53,7,0.0,4,1,0,178394.47,0,0.4684,1,Medium,0.0
15607963,Cust7963,656,Germany,Male,60,8,97063.41,3,1,1,121549.74,0,0.3138,0,Medium,30458.5
15607964,Cust7964,649,France,Male,51,9,126670.28,3,1,1,112261.7,0,0.2687,0,Low,34036.3
15607965,Cust7965,582,Spain,Female,19,5,21778.4,4,0,0,90291.58,0,0.2604,0,Low,5671.1
15607966,Cust7966,561,Germany,Male,24,2,227410.8,2,1,0,114500.32,0,0.3703,0,Medium,84210.22
15607967,Cust7967,818,Spain,Female,18,5,0.0,1,1,0,58009.22,0,0.0909,0,Low,0.0
15607968,Cust7968,602,France,Male,37,4,34572.59,2,1,1,102934.55,0,0.1289,0,Low,4456.41
15607969,Cust7969,741,France,Female,78,6,0.0,3,0,1,41219.87,0,0.3751,0,Medium,0.0
15607970,Cust7970,830,Germany,Female,89,2,246632.06,3,1,0,48327.41,0,0.5707,1,Medium,140752.92
15607971,Cust7971,517,France,Male,53,5,0.0,2,1,0,36164.38,0,0.4297,1,Medium,0.0
15607972,Cust7972,740,Germany,Male,20,10,0.0,4,1,1,39206.35,0,0.0723,0,Low,0.0
15607973,Cust7973,757,France,Male,23,7,0.0,4,1,0,95449.53,0,0.1084,0,Low,0.0
15607974,Cust7974,459,Spain,Male,78,10,0.0,1,0,1,11749.81,0,0.3571,0,Medium,0.0
15607975,Cust7975,463,Spain,Female,43,1,243974.78,1,1,1,66335.21,0,0.4758,1,Medium,116083.2
15607976,Cust7976,430,Spain,Female,83,7,137181.28,3,0,1,95839.67,0,0.5676,1,Medium,77864.09
15607977,Cust7977,658,Spain,Female,55,0,88554.38,2,1,1,29911.38,0,0.1942,0,Low,17197.26
15607978,Cust7978,731,Spain,Female,83,2,0.0,3,1,1,71102.45,1,0.4643,1,Medium,0.0
15607979,Cust7979,726,France,Male,28,9,29334.14,3,1,1,109149.4,0,0.0728,0,Low,2135.53
15607980,Cust7980,544,France,Male,81,1,129251.8,1,0,0,181134.47,1,0.8702,1,Critical,112474.92
15607981,Cust7981,702,Spain,Female,58,5,106048.05,4,1,1,64525.99,0,0.2743,0,Low,29088.98
15607982,Cust7982,364,Spain,Male,50,0,182212.8,1,0,1,1025.19,1,0.8154,1,Critical,148576.32
15607983,Cust7983,678,Spain,Male,57,3,0.0,3,0,1,134881.5,0,0.168,0,Low,0.0
15607984,Cust7984,587,Spain,Male,42,1,34334.39,4,1,0,191782.59,0,0.3671,0,Medium,12604.15
15607985,Cust7985,765,France,Female,62,4,0.0,2,1,1,197697.38,0,0.3174,0,Medium,0.0
15607986,Cust7986,834,Spain,Female,74,7,185501.87,2,1,0,92598.56,1,0.8046,1,Critical,149254.8
15607987,Cust7987,628,Spain,Male,77,7,124375.07,4,0,0,35207.07,1,0.8435,1,Critical,104910.37
15607988,Cust7988,661,Germany,Female,90,10,197508.27,2,1,1,134758.08,1,0.8187,1,Critical,161700.02
15607989,Cust7989,815,Spain,Male,48,1,0.0,3,1,1,161477.05,0,0.0964,0,Low,0.0
15607990,Cust7990,522,Germany,Female,74,4,229157.42,1,0,0,111277.55,1,0.8297,1,Critical,190131.91
15607991,Cust7991,422,Spain,Male,83,5,0.0,3,1,0,70306.62,0,0.589,1,Medium,0.0
15607992,Cust7992,603,France,Female,19,0,0.0,1,0,1,66771.29,0,0.0904,0,Low,0.0
15607993,Cust7993,528,Spain,Male,53,1,177263.47,4,0,1,88302.97,0,0.4672,1,Medium,82817.49
15607994,Cust7994,668,France,Female,69,3,156228.12,3,1,0,40814.14,1,0.7455,1,High,116468.06
15607995,Cust7995,742,France,Male,51,9,0.0,2,0,1,84986.21,0,0.189,0,Low,0.0
15607996,Cust7996,602,France,Male,25,6,4929.93,3,1,1,164653.93,0,0.0824,0,Low,406.23
15607997,Cust7997,504,France,Male,66,6,0.0,3,1,1,111053.68,0,0.3762,0,Medium,0.0
15607998,Cust7998,632,France,Male,48,6,194747.81,2,1,0,51043.75,0,0.5023,1,Medium,97821.82
15607999,Cust7999,571,Spain,Male,63,8,247091.91,2,1,1,139984.65,0,0.4672,1,Medium,115441.34
15608000,Cust8000,443,Germany,Male,18,5,108278.67,1,1,1,69933.55,0,0.128,0,Low,13859.67
15608001,Cust8001,737,Spain,Female,18,7,247539.46,1,1,1,37438.29,0,0.1766,0,Low,43715.47
15608002,Cust8002,516,France,Female,62,3,42772.16,2,1,1,10015.69,0,0.3173,0,Medium,13571.61
15608003,Cust8003,619,France,Female,90,8,239549.99,2,1,1,173346.54,1,0.7883,1,High,188837.26
15608004,Cust8004,805,Spain,Male,65,0,147413.78,4,1,1,112435.22,0,0.3087,0,Medium,45506.63
15608005,Cust8005,443,Germany,Female,87,3,0.0,2,1,1,5966.33,1,0.5585,1,Medium,0.0
15608006,Cust8006,564,Germany,Female,80,2,0.0,2,1,1,98929.3,1,0.5869,1,Medium,0.0
15608007,Cust8007,437,Spain,Male,38,1,245711.6,1,1,1,57024.43,1,0.5691,1,Medium,139834.47
15608008,Cust8008,568,Spain,Male,25,5,11074.33,1,1,0,52240.0,0,0.166,0,Low,1838.34
15608009,Cust8009,500,Germany,Male,59,9,0.0,2,1,1,184797.49,0,0.2977,0,Low,0.0
15608010,Cust8010,808,Spain,Female,63,1,218808.08,2,0,1,191360.34,0,0.3186,0,Medium,69712.25
15608011,Cust8011,501,Germany,Female,75,9,0.0,3,1,1,147781.12,1,0.5745,1,Medium,0.0
15608012,Cust8012,657,Germany,Male,56,9,142398.5,4,1,1,49648.73,1,0.3481,0,Medium,49568.92
15608013,Cust8013,418,France,Female,86,9,0.0,1,1,1,19823.21,0,0.4849,1,Medium,0.0
15608014,Cust8014,578,France,Female,80,0,201857.52,1,1,0,10920.88,0,0.6542,1,High,132055.19
15608015,Cust8015,768,France,Female,61,10,229563.24,3,1,0,9678.59,1,0.7764,1,High,178232.9
15608016,Cust8016,686,Spain,Female,58,4,64708.75,1,0,0,194539.53,0,0.3472,0,Medium,22466.88
15608017,Cust8017,491,Germany,Female,19,6,0.0,2,1,1,34900.29,0,0.0535,0,Low,0.0
15608018,Cust8018,836,France,Male,75,3,136922.0,3,1,1,146221.75,0,0.3729,0,Medium,51058.21
15608019,Cust8019,751,Germany,Female,68,5,165696.59,1,0,0,62742.72,0,0.6528,1,High,108166.73
15608020,Cust8020,551,France,Male,84,6,50094.45,3,0,1,152947.18,0,0.4522,1,Medium,22652.71
15608021,Cust8021,837,France,Female,24,8,0.0,1,1,1,163285.18,0,0.0909,0,Low,0.0
15608022,Cust8022,443,Spain,Male,28,3,0.0,4,0,0,52633.71,0,0.3307,0,Medium,0.0
15608023,Cust8023,516,France,Male,67,1,736.39,3,1,0,67616.55,0,0.4372,1,Medium,321.95
15608024,Cust8024,816,France,Female,54,6,179106.32,1,1,0,99045.79,0,0.3499,0,Medium,62669.3
15608025,Cust8025,836,France,Female,61,8,40392.05,3,1,1,10377.46,0,0.2273,0,Low,9181.11
15608026,Cust8026,762,France,Female,50,0,232825.46,2,1,1,4838.52,0,0.3039,0,Medium,70755.66
15608027,Cust8027,445,Germany,Female,65,8,0.0,4,1,1,163094.3,1,0.5053,1,Medium,0.0
15608028,Cust8028,459,Spain,Female,66,8,155837.79,1,1,1,91203.48,0,0.5009,1,Medium,78059.15
15608029,Cust8029,674,Germany,Female,32,6,0.0,3,1,0,99670.27,0,0.2276,0,Low,0.0
15608030,Cust8030,378,Germany,Female,74,10,0.0,3,0,1,121497.29,0,0.4573,1,Medium,0.0
15608031,Cust8031,846,France,Male,54,4,193739.12,4,0,0,65789.21,0,0.3872,1,Medium,75015.79
15608032,Cust8032,821,Germany,Female,60,1,0.0,3,1,1,152478.0,0,0.3089,0,Medium,0.0
15608033,Cust8033,754,France,Male,63,7,0.0,2,1,1,4551.92,1,0.3036,0,Medium,0.0
15608034,Cust8034,835,France,Female,73,6,0.0,1,1,1,25491.93,0,0.3075,0,Medium,0.0
15608035,Cust8035,465,Spain,Male,40,10,0.0,3,1,1,185572.84,0,0.1202,0,Low,0.0
15608036,Cust8036,791,France,Male,18,2,118160.0,4,1,1,175269.34,0,0.1513,0,Low,17877.61
15608037,Cust8037,478,France,Male,31,1,125008.67,3,0,0,15334.79,0,0.2459,0,Low,30739.63
15608038,Cust8038,410,France,Male,89,7,57233.99,3,1,1,110847.92,0,0.4799,1,Medium,27466.59
15608039,Cust8039,481,Spain,Female,34,3,197147.52,3,1,1,146640.21,0,0.3247,0,Medium,64013.8
15608040,Cust8040,738,France,Female,36,2,219582.7,2,1,1,51443.28,0,0.1438,0,Low,31575.99
15608041,Cust8041,822,France,Female,81,7,0.0,4,1,1,3200.96,0,0.3454,0,Medium,0.0
15608042,Cust8042,656,Spain,Male,35,2,0.0,1,0,1,131945.68,0,0.1026,0,Low,0.0
15608043,Cust8043,472,France,Male,52,9,247808.94,3,1,0,154952.21,0,0.5554,1,Medium,137633.09
15608044,Cust8044,651,Spain,Male,45,3,44526.88,4,1,1,146454.12,0,0.2413,0,Low,10744.34
15608045,Cust8045,605,France,Female,66,7,0.0,2,1,1,33908.06,0,0.3279,0,Medium,0.0
15608046,Cust8046,609,Germany,Female,61,6,0.0,2,1,0,113365.68,1,0.5338,1,Medium,0.0
15608047,Cust8047,525,Spain,Male,56,6,130337.8,3,0,1,45537.57,0,0.3006,0,Medium,39179.54
15608048,Cust8048,419,Germany,Male,55,3,27094.38,1,0,1,122900.87,1,0.4372,1,Medium,11845.66
15608049,Cust8049,530,Germany,Female,79,0,34461.94,2,1,1,96432.43,1,0.5499,1,Medium,18950.62
15608050,Cust8050,796,France,Female,61,7,0.0,3,1,0,114014.6,0,0.3065,0,Medium,0.0
15608051,Cust8051,554,Spain,Male,55,4,94407.44,1,1,1,62938.72,0,0.3154,0,Medium,29776.11
15608052,Cust8052,360,Spain,Male,83,10,199365.52,2,1,0,105401.35,0,0.6155,1,High,122709.48
15608053,Cust8053,522,Germany,Female,24,9,242994.52,3,0,0,103080.64,0,0.2103,0,Low,51101.75
15608054,Cust8054,580,Spain,Female,79,0,203079.21,4,0,1,34344.44,1,0.7986,1,High,162179.06
15608055,Cust8055,650,Germany,Female,32,3,101479.0,1,1,1,3820.77,0,0.1596,0,Low,16196.05
15608056,Cust8056,671,Germany,Female,42,4,120545.15,3,1,1,131838.72,0,0.2248,0,Low,27098.55
15608057,Cust8057,563,France,Female,18,4,0.0,3,0,0,48766.68,0,0.2275,0,Low,0.0
15608058,Cust8058,421,Germany,Male,60,7,0.0,2,0,1,106182.11,0,0.3469,0,Medium,0.0
15608059,Cust8059,570,Spain,Female,79,3,111839.61,2,1,0,3592.77,1,0.6982,1,High,78086.42
15608060,Cust8060,351,Germany,Male,46,1,214345.93,2,1,0,53469.46,1,0.7313,1,High,156751.18
15608061,Cust8061,603,France,Male,67,3,163007.41,4,0,1,8103.55,0,0.41,1,Medium,66833.04
15608062,Cust8062,573,Germany,Male,47,8,42635.81,3,1,0,58900.08,0,0.4651,1,Medium,19829.92
15608063,Cust8063,528,Spain,Female,74,4,0.0,2,1,1,145998.0,0,0.4695,1,Medium,0.0
15608064,Cust8064,681,Spain,Male,91,3,169237.25,1,1,1,125433.85,0,0.5346,1,Medium,90474.23
15608065,Cust8065,728,France,Male,70,8,0.0,2,1,0,32906.07,1,0.5008,1,Medium,0.0
15608066,Cust8066,482,France,Female,43,0,0.0,4,1,0,24262.78,0,0.3451,0,Medium,0.0
15608067,Cust8067,602,France,Male,79,5,167373.56,2,1,0,23617.43,1,0.7909,1,High,132375.75
15608068,Cust8068,605,France,Female,20,1,0.0,2,1,1,169904.45,0,0.0907,0,Low,0.0
15608069,Cust8069,605,Spain,Female,91,6,0.0,3,0,0,56948.15,0,0.5724,1,Medium,0.0
15608070,Cust8070,552,France,Female,80,9,0.0,4,1,1,199057.15,0,0.3675,0,Medium,0.0
15608071,Cust8071,455,Germany,Female,66,4,0.0,1,1,0,110961.63,1,0.7293,1,High,0.0
15608072,Cust8072,435,France,Female,63,10,99212.86,4,1,0,199763.55,1,0.7446,1,High,73873.9
15608073,Cust8073,365,France,Female,36,9,235135.3,2,1,0,48156.39,0,0.3045,0,Medium,71598.7
15608074,Cust8074,376,Spain,Female,49,8,0.0,3,1,1,189774.37,0,0.17,0,Low,0.0
15608075,Cust8075,755,France,Male,25,1,0.0,2,0,0,184548.02,0,0.0991,0,Low,0.0
15608076,Cust8076,385,France,Male,43,0,137546.38,1,1,1,34161.59,0,0.348,0,Medium,47866.14
15608077,Cust8077,778,France,Female,61,1,0.0,2,1,1,197228.98,0,0.2633,0,Low,0.0
15608078,Cust8078,799,Spain,Male,44,3,208339.89,4,1,1,70015.45,0,0.3245,0,Medium,67606.29
15608079,Cust8079,470,Spain,Male,75,4,195706.1,4,0,0,29515.85,1,0.8468,1,Critical,165723.93
15608080,Cust8080,571,France,Male,81,2,123636.3,2,1,1,72945.1,1,0.5773,1,Medium,71375.24
15608081,Cust8081,530,Germany,Female,59,10,75481.66,3,1,0,16331.32,1,0.5591,1,Medium,42201.8
15608082,Cust8082,547,France,Female,43,8,213171.74,4,1,0,119479.9,0,0.6343,1,High,135214.83
15608083,Cust8083,529,Germany,Female,40,7,212621.08,3,1,1,119938.84,0,0.2297,0,Low,48839.06
15608084,Cust8084,521,France,Female,58,7,126308.97,4,1,1,66415.61,1,0.4109,1,Medium,51900.36
15608085,Cust8085,692,Spain,Female,71,6,179314.23,1,1,0,62823.98,0,0.6689,1,High,119943.29
15608086,Cust8086,556,Spain,Female,27,9,71375.16,4,0,1,7196.62,0,0.115,0,Low,8208.14
15608087,Cust8087,443,France,Female,51,4,87212.47,3,1,1,133173.22,0,0.2817,0,Low,24567.75
15608088,Cust8088,539,France,Female,50,1,236014.0,1,1,0,50119.27,1,0.5514,1,Medium,130138.12
15608089,Cust8089,840,France,Female,39,3,184069.21,4,0,0,94662.39,1,0.6451,1,High,118743.05
15608090,Cust8090,844,France,Male,35,2,18030.13,4,1,1,101256.72,0,0.1456,0,Low,2625.19
15608091,Cust8091,380,France,Male,80,10,114433.36,2,1,1,157528.27,0,0.4686,1,Medium,53623.47
15608092,Cust8092,638,France,Male,50,6,98936.22,2,1,0,126641.92,0,0.4203,1,Medium,41582.89
15608093,Cust8093,837,Spain,Female,60,4,57747.31,4,1,0,194133.93,1,0.8416,1,Critical,48600.14
15608094,Cust8094,447,France,Female,20,0,248735.45,3,1,1,126415.18,0,0.2968,0,Low,73824.68
15608095,Cust8095,384,Spain,Female,38,7,33947.75,2,1,0,71450.72,0,0.2079,0,Low,7057.74
15608096,Cust8096,456,France,Female,34,7,78566.75,3,1,1,173960.25,0,0.1745,0,Low,13709.9
15608097,Cust8097,509,Germany,Male,42,8,0.0,1,0,0,103182.64,1,0.2426,0,Low,0.0
15608098,Cust8098,818,France,Male,80,1,33068.67,2,0,0,37539.92,0,0.5161,1,Medium,17066.74
15608099,Cust8099,475,Spain,Male,60,7,0.0,4,1,0,113022.05,1,0.6184,1,High,0.0
15608100,Cust8100,516,France,Female,84,3,158548.14,1,1,0,24563.92,0,0.7177,1,High,113790.0
15608101,Cust8101,480,France,Male,49,2,84223.94,3,0,0,69063.97,0,0.414,1,Medium,34868.71
15608102,Cust8102,546,Germany,Male,74,2,102205.18,3,0,0,6111.59,1,0.7931,1,High,81058.93
15608103,Cust8103,848,Germany,Female,29,3,137528.36,3,1,1,15665.07,1,0.4434,1,Medium,60980.07
15608104,Cust8104,391,Germany,Male,78,8,0.0,2,0,0,43709.76,0,0.6446,1,High,0.0
15608105,Cust8105,579,France,Female,63,0,217726.73,4,1,1,124398.45,0,0.5295,1,Medium,115286.3
15608106,Cust8106,657,France,Female,20,10,0.0,4,1,1,98654.29,0,0.0346,0,Low,0.0
15608107,Cust8107,409,Spain,Female,68,10,142357.38,4,1,0,86601.6,1,0.7785,1,High,110825.22
15608108,Cust8108,372,Germany,Male,53,10,0.0,1,1,1,114249.79,0,0.1984,0,Low,0.0
15608109,Cust8109,842,Germany,Male,18,9,81440.46,4,1,0,39101.71,0,0.1715,0,Low,13967.04
15608110,Cust8110,484,France,Male,80,3,66049.26,3,0,1,136459.81,0,0.4176,1,Medium,27582.17
15608111,Cust8111,471,France,Male,57,4,149433.29,3,1,0,108842.32,1,0.685,1,High,102361.8
15608112,Cust8112,524,Spain,Female,62,1,103744.53,2,1,1,27899.68,0,0.3416,0,Medium,35439.13
15608113,Cust8113,386,Germany,Female,60,9,226266.22,3,1,0,110823.51,0,0.5607,1,Medium,126867.47
15608114,Cust8114,423,France,Male,24,8,40888.61,3,1,0,22559.65,0,0.3131,0,Medium,12802.22
15608115,Cust8115,362,Spain,Male,42,1,0.0,3,1,1,134860.18,0,0.1547,0,Low,0.0
15608116,Cust8116,617,Germany,Male,69,10,0.0,3,1,1,45189.44,0,0.3881,1,Medium,0.0
15608117,Cust8117,582,France,Male,43,0,224031.22,2,1,0,9785.55,0,0.3869,1,Medium,86677.68
15608118,Cust8118,487,France,Female,83,8,104192.54,4,1,1,37516.71,0,0.5838,1,Medium,60827.6
15608119,Cust8119,810,Germany,Male,41,1,188472.28,1,1,1,96593.88,0,0.2152,0,Low,40559.23
15608120,Cust8120,502,France,Male,52,8,211428.79,2,0,0,142324.38,0,0.5309,1,Medium,112247.54
15608121,Cust8121,358,Germany,Male,50,9,0.0,4,1,0,74153.92,0,0.4493,1,Medium,0.0
15608122,Cust8122,399,Germany,Female,19,10,163611.02,2,1,1,73102.65,1,0.8051,1,Critical,131723.23
15608123,Cust8123,713,France,Male,78,1,184287.48,1,1,1,87877.78,1,0.6966,1,High,128374.66
15608124,Cust8124,617,Spain,Male,28,1,89373.06,1,1,0,173289.64,0,0.2358,0,Low,21074.17
15608125,Cust8125,480,France,Female,52,0,0.0,4,0,0,160120.73,0,0.3116,0,Medium,0.0
15608126,Cust8126,473,France,Female,85,9,0.0,4,1,0,185342.48,0,0.6076,1,High,0.0
15608127,Cust8127,459,Germany,Male,91,2,0.0,2,1,1,157121.64,0,0.474,1,Medium,0.0
15608128,Cust8128,561,Germany,Female,35,4,18999.97,1,1,1,89058.04,0,0.1603,0,Low,3045.7
15608129,Cust8129,702,France,Male,45,4,229742.16,1,0,1,114390.78,0,0.3557,0,Medium,81719.29
15608130,Cust8130,669,Germany,Male,59,3,130743.61,4,1,0,110347.26,1,0.755,1,High,98711.43
15608131,Cust8131,724,Spain,Female,69,5,34706.78,1,1,1,197701.81,0,0.3489,0,Medium,12109.2
15608132,Cust8132,370,Spain,Male,36,3,0.0,1,1,1,147498.89,0,0.2007,0,Low,0.0
15608133,Cust8133,630,Spain,Female,58,2,171788.4,2,0,1,106703.28,0,0.3845,1,Medium,66052.64
15608134,Cust8134,732,France,Male,79,4,34964.58,4,1,1,129131.78,0,0.3615,0,Medium,12639.7
15608135,Cust8135,451,France,Female,74,8,68713.86,1,0,1,191628.49,1,0.4284,1,Medium,29437.02
15608136,Cust8136,641,Germany,Male,78,1,216065.33,2,0,0,38184.08,1,0.77,1,High,166370.3
15608137,Cust8137,353,France,Female,83,10,0.0,1,1,1,188559.43,0,0.3978,1,Medium,0.0
15608138,Cust8138,805,Spain,Female,81,4,101313.02,2,1,0,70560.05,1,0.7986,1,High,80908.58
15608139,Cust8139,719,France,Female,55,3,0.0,3,1,1,69696.31,0,0.2173,0,Low,0.0
15608140,Cust8140,662,France,Male,90,4,87995.02,1,1,1,44938.62,0,0.5095,1,Medium,44833.46
15608141,Cust8141,650,France,Female,54,10,0.0,2,1,0,70844.04,0,0.3354,0,Medium,0.0
15608142,Cust8142,685,France,Male,70,8,75105.98,1,1,1,101210.41,0,0.3031,0,Medium,22764.62
15608143,Cust8143,561,France,Female,87,8,152825.06,1,0,0,34179.15,1,0.8278,1,Critical,126508.58
15608144,Cust8144,834,Germany,Female,21,2,1980.88,2,1,1,33749.05,0,0.1217,0,Low,241.07
15608145,Cust8145,457,Germany,Male,87,9,204119.1,2,1,1,57603.04,1,0.8263,1,Critical,168663.61
15608146,Cust8146,756,France,Male,78,7,211164.04,3,1,0,1567.57,1,0.8326,1,Critical,175815.18
15608147,Cust8147,731,France,Female,91,0,0.0,1,1,1,129269.14,0,0.3354,0,Medium,0.0
15608148,Cust8148,769,Spain,Female,75,4,75858.67,1,1,1,40259.49,1,0.6961,1,High,52805.22
15608149,Cust8149,385,France,Male,29,9,0.0,4,1,1,174622.75,1,0.6061,1,High,0.0
15608150,Cust8150,573,Germany,Male,40,5,0.0,2,1,0,75697.44,0,0.3765,0,Medium,0.0
15608151,Cust8151,671,Germany,Male,18,6,0.0,4,1,1,90969.14,0,0.0575,0,Low,0.0
15608152,Cust8152,660,Germany,Female,62,4,0.0,1,1,1,185602.96,0,0.408,1,Medium,0.0
15608153,Cust8153,694,Spain,Male,50,0,210885.16,2,1,1,5071.77,0,0.3411,0,Medium,71932.93
15608154,Cust8154,667,Germany,Female,53,9,207747.91,3,1,1,141481.68,0,0.288,0,Low,59831.4
15608155,Cust8155,461,Spain,Male,72,8,0.0,1,1,0,101168.37,0,0.6541,1,High,0.0
15608156,Cust8156,764,Spain,Female,78,2,164507.18,1,0,0,127314.7,1,0.8256,1,Critical,135817.13
15608157,Cust8157,592,France,Male,23,2,0.0,1,1,1,194011.41,0,0.1249,0,Low,0.0
15608158,Cust8158,836,France,Male,85,5,157110.17,2,1,1,25907.73,0,0.5092,1,Medium,80000.5
15608159,Cust8159,610,France,Female,45,8,0.0,3,0,1,135046.66,0,0.1513,0,Low,0.0
15608160,Cust8160,619,France,Female,73,0,0.0,2,0,1,140886.06,1,0.6166,1,High,0.0
15608161,Cust8161,646,Germany,Male,61,6,234367.07,1,0,0,90649.67,1,0.7995,1,High,187376.47
15608162,Cust8162,786,France,Male,50,9,72495.28,3,1,1,35912.14,0,0.1994,0,Low,14455.56
15608163,Cust8163,801,France,Male,33,5,217203.58,3,1,1,34419.84,0,0.1567,0,Low,34035.8
15608164,Cust8164,642,France,Female,32,0,185000.14,2,0,0,84061.93,0,0.3023,0,Medium,55925.54
15608165,Cust8165,623,Germany,Male,72,0,0.0,2,1,0,135037.92,1,0.6168,1,High,0.0
15608166,Cust8166,377,Germany,Female,41,1,131242.48,3,0,1,109992.46,1,0.2906,0,Low,38139.06
15608167,Cust8167,383,Spain,Male,34,9,0.0,3,1,1,20596.79,0,0.1287,0,Low,0.0
15608168,Cust8168,718,France,Female,18,5,0.0,3,1,0,10648.73,0,0.189,0,Low,0.0
15608169,Cust8169,522,France,Female,80,1,0.0,2,1,1,74157.07,0,0.5082,1,Medium,0.0
15608170,Cust8170,568,Spain,Male,47,9,0.0,3,1,1,22430.21,0,0.1788,0,Low,0.0
15608171,Cust8171,664,Germany,Male,43,9,55610.3,1,0,1,28026.27,1,0.4885,1,Medium,27165.63
15608172,Cust8172,461,Germany,Female,45,1,123846.94,1,1,0,135901.44,1,0.626,1,High,77528.18
15608173,Cust8173,516,Germany,Male,62,7,222453.73,2,0,1,95093.6,1,0.6546,1,High,145618.21
15608174,Cust8174,371,France,Male,53,3,0.0,3,1,1,129623.54,0,0.2245,0,Low,0.0
15608175,Cust8175,734,Spain,Male,58,0,0.0,3,0,0,69477.01,1,0.5494,1,Medium,0.0
15608176,Cust8176,604,Germany,Male,38,0,183613.46,1,1,1,18869.46,0,0.1875,0,Low,34427.52
15608177,Cust8177,445,Germany,Male,39,5,0.0,3,1,1,12922.2,0,0.2005,0,Low,0.0
15608178,Cust8178,648,Germany,Male,81,9,0.0,2,0,0,3363.16,0,0.513,1,Medium,0.0
15608179,Cust8179,421,France,Male,50,10,0.0,3,1,1,172613.24,0,0.1522,0,Low,0.0
15608180,Cust8180,741,France,Male,89,7,35427.29,1,1,0,192903.82,0,0.6059,1,High,21465.4
15608181,Cust8181,465,Spain,Male,80,10,233547.59,2,0,0,29990.22,0,0.6411,1,High,149727.36
15608182,Cust8182,485,Germany,Male,70,2,0.0,1,1,1,189228.64,0,0.3961,1,Medium,0.0
15608183,Cust8183,788,France,Female,58,1,37658.95,3,0,0,52715.93,0,0.2842,0,Low,10702.67
15608184,Cust8184,722,France,Male,79,1,53726.96,3,0,1,128989.26,0,0.2538,0,Low,13635.9
15608185,Cust8185,691,Spain,Female,22,1,0.0,1,1,0,75941.95,0,0.186,0,Low,0.0
15608186,Cust8186,651,France,Female,54,8,0.0,2,1,1,123741.85,0,0.1592,0,Low,0.0
15608187,Cust8187,610,France,Female,70,1,38130.31,3,0,1,168596.72,0,0.3429,0,Medium,13074.88
15608188,Cust8188,446,Germany,Female,26,4,3937.68,3,1,1,172145.45,0,0.1039,0,Low,409.12
15608189,Cust8189,500,Spain,Male,31,8,216247.87,4,1,1,173798.85,0,0.2307,0,Low,49888.38
15608190,Cust8190,832,Germany,Female,22,10,0.0,4,1,1,52933.49,0,0.0895,0,Low,0.0
15608191,Cust8191,810,Spain,Male,53,1,0.0,1,0,1,155375.26,0,0.1038,0,Low,0.0
15608192,Cust8192,713,France,Male,58,2,6941.68,3,1,1,69854.04,0,0.227,0,Low,1575.76
15608193,Cust8193,795,Spain,Female,52,0,224894.33,4,1,1,36075.84,0,0.302,0,Medium,67918.09
15608194,Cust8194,752,Spain,Male,22,1,130785.1,3,0,0,61696.84,0,0.1808,0,Low,23645.95
15608195,Cust8195,550,Germany,Male,54,4,0.0,4,1,0,69621.4,0,0.4326,1,Medium,0.0
15608196,Cust8196,708,Germany,Female,83,3,0.0,4,1,1,112699.05,1,0.515,1,Medium,0.0
15608197,Cust8197,727,France,Female,20,10,130548.46,4,0,0,123452.81,0,0.3046,0,Medium,39765.06
15608198,Cust8198,419,France,Female,75,4,192315.32,4,1,1,79766.86,1,0.7675,1,High,147602.01
15608199,Cust8199,807,France,Female,38,3,226521.5,1,1,1,165457.27,1,0.2694,0,Low,61024.89
15608200,Cust8200,597,France,Female,23,5,160269.33,2,1,1,10674.71,0,0.113,0,Low,18110.43
15608201,Cust8201,506,Spain,Male,21,7,210971.04,4,1,1,173443.54,0,0.1699,0,Low,35843.98
15608202,Cust8202,587,France,Male,18,3,2403.95,1,1,1,146009.88,0,0.0782,0,Low,187.99
15608203,Cust8203,514,Germany,Male,48,1,0.0,1,1,0,72809.65,0,0.391,1,Medium,0.0
15608204,Cust8204,516,France,Male,54,4,151011.89,2,1,1,123177.62,0,0.3723,0,Medium,56221.73
15608205,Cust8205,623,France,Female,63,6,0.0,2,0,1,86134.48,0,0.3776,0,Medium,0.0
15608206,Cust8206,849,France,Female,24,3,40074.23,3,1,0,21673.15,0,0.2075,0,Low,8315.4
15608207,Cust8207,554,France,Female,66,6,0.0,3,1,1,192763.84,0,0.3617,0,Medium,0.0
15608208,Cust8208,457,Germany,Female,72,3,71205.02,3,0,0,70641.59,1,0.8538,1,Critical,60794.85
15608209,Cust8209,731,Spain,Female,22,9,205852.77,1,1,1,168420.57,0,0.1991,0,Low,40985.29
15608210,Cust8210,497,France,Male,67,9,0.0,2,1,1,155747.47,0,0.3997,1,Medium,0.0
15608211,Cust8211,619,Spain,Male,26,7,150606.94,2,1,0,151912.34,0,0.2599,0,Low,39142.74
15608212,Cust8212,477,Germany,Male,50,9,17038.47,4,1,1,7085.5,0,0.3487,0,Medium,5941.31
15608213,Cust8213,456,Germany,Female,66,1,148299.08,4,1,1,166738.29,0,0.5098,1,Medium,75602.87
15608214,Cust8214,476,France,Female,82,7,0.0,4,0,1,95596.82,1,0.6295,1,High,0.0
15608215,Cust8215,528,France,Male,57,4,0.0,1,0,0,174861.06,0,0.4078,1,Medium,0.0
15608216,Cust8216,828,Spain,Male,50,8,116458.19,1,1,1,78257.7,0,0.2738,0,Low,31886.25
15608217,Cust8217,686,Germany,Male,79,0,0.0,3,0,0,129753.2,0,0.5234,1,Medium,0.0
15608218,Cust8218,698,France,Male,33,2,94566.77,3,0,1,60111.03,0,0.1022,0,Low,9664.72
15608219,Cust8219,376,Spain,Female,33,2,0.0,4,1,1,144559.73,0,0.2375,0,Low,0.0
15608220,Cust8220,355,France,Female,52,6,234057.5,4,0,0,198372.1,0,0.5901,1,Medium,138117.33
15608221,Cust8221,521,Spain,Female,26,10,154455.35,1,1,1,64133.73,1,0.5132,1,Medium,79266.49
15608222,Cust8222,794,France,Male,19,9,126767.05,2,0,1,66473.09,0,0.0782,0,Low,9913.18
15608223,Cust8223,358,Spain,Male,44,5,139250.02,4,1,0,149030.54,0,0.583,1,Medium,81182.76
15608224,Cust8224,733,France,Female,29,0,118023.25,3,1,1,96462.02,0,0.1162,0,Low,13714.3
15608225,Cust8225,761,France,Male,65,9,140702.66,4,0,0,55978.12,0,0.5971,1,Medium,84013.56
15608226,Cust8226,489,Germany,Male,58,6,142544.35,1,1,1,194015.15,0,0.5199,1,Medium,74108.81
15608227,Cust8227,408,France,Male,53,0,123048.76,2,0,1,13290.57,1,0.5077,1,Medium,62471.86
15608228,Cust8228,426,Spain,Male,54,7,197093.0,3,1,1,174868.13,0,0.3803,0,Medium,74954.47
15608229,Cust8229,388,Germany,Male,25,9,97686.33,2,0,0,10357.47,0,0.1819,0,Low,17769.14
15608230,Cust8230,772,France,Male,47,9,27136.84,4,1,1,128957.28,0,0.1141,0,Low,3096.31
15608231,Cust8231,744,France,Male,23,9,160763.04,1,1,1,70816.25,0,0.1886,0,Low,30319.91
15608232,Cust8232,687,Spain,Female,44,10,199024.09,3,1,1,135830.58,0,0.2055,0,Low,40899.45
15608233,Cust8233,394,Germany,Female,68,7,195004.44,4,1,1,132451.56,0,0.647,1,High,126167.87
15608234,Cust8234,826,Spain,Female,90,6,63032.91,3,1,1,57669.05,0,0.3815,0,Medium,24047.06
15608235,Cust8235,692,France,Male,39,1,161755.24,1,1,1,70275.34,0,0.2266,0,Low,36653.74
15608236,Cust8236,764,Spain,Female,37,6,0.0,1,0,1,149005.38,0,0.0546,0,Low,0.0
15608237,Cust8237,540,Germany,Female,67,9,26141.27,2,1,0,2304.86,0,0.6088,1,High,15914.81
15608238,Cust8238,449,Germany,Male,85,8,130688.83,4,1,0,74596.3,1,0.9096,1,Critical,118874.56
15608239,Cust8239,761,France,Male,39,9,76346.86,3,1,1,38989.34,0,0.1001,0,Low,7642.32
15608240,Cust8240,375,France,Female,80,1,197805.81,1,1,0,99401.04,1,0.8161,1,Critical,161429.32
15608241,Cust8241,441,Spain,Male,41,2,81181.92,3,1,1,42272.73,0,0.2338,0,Low,18980.33
15608242,Cust8242,426,Spain,Male,65,9,0.0,4,1,1,139004.46,0,0.3955,1,Medium,0.0
15608243,Cust8243,392,France,Male,33,10,40113.57,3,0,0,158059.17,0,0.2127,0,Low,8532.16
15608244,Cust8244,626,Spain,Male,37,5,16741.87,2,0,1,59763.81,0,0.1083,0,Low,1813.14
15608245,Cust8245,464,France,Male,90,9,26025.58,1,0,1,112106.1,0,0.4463,1,Medium,11615.22
15608246,Cust8246,834,France,Male,46,7,0.0,3,1,1,96533.67,0,0.0871,0,Low,0.0
15608247,Cust8247,816,France,Female,19,2,0.0,3,0,1,47211.78,0,0.0993,0,Low,0.0
15608248,Cust8248,434,France,Male,75,5,37608.45,4,1,1,149494.52,1,0.7825,1,High,29428.61
15608249,Cust8249,765,France,Female,27,4,8347.62,3,1,1,57977.85,0,0.0609,0,Low,508.37
15608250,Cust8250,369,France,Male,26,8,0.0,2,0,1,118812.29,0,0.0869,0,Low,0.0
15608251,Cust8251,493,France,Female,79,3,93720.56,3,1,1,172224.74,0,0.345,0,Medium,32333.59
15608252,Cust8252,680,Germany,Female,43,1,0.0,1,1,0,131312.07,1,0.3766,0,Medium,0.0
15608253,Cust8253,453,Spain,Male,28,5,0.0,3,1,0,77462.86,1,0.3585,0,Medium,0.0
15608254,Cust8254,389,Germany,Male,90,5,0.0,3,1,1,106457.67,1,0.6507,1,High,0.0
15608255,Cust8255,428,France,Female,38,9,0.0,1,1,1,177306.1,0,0.128,0,Low,0.0
15608256,Cust8256,679,Spain,Male,64,0,22392.4,2,1,0,126838.62,0,0.3391,0,Medium,7593.26
15608257,Cust8257,460,France,Female,37,9,158452.81,1,0,1,109827.19,0,0.1623,0,Low,25716.89
15608258,Cust8258,473,Spain,Male,61,2,91391.43,4,0,0,81839.63,1,0.8655,1,Critical,79099.28
15608259,Cust8259,452,Germany,Male,69,1,88351.76,1,1,1,151012.66,1,0.4947,1,Medium,43707.62
15608260,Cust8260,791,France,Male,74,4,102054.65,3,1,0,34433.33,1,0.7587,1,High,77428.86
15608261,Cust8261,794,France,Female,48,6,127030.83,2,1,0,143083.28,1,0.6015,1,High,76409.04
15608262,Cust8262,753,Spain,Male,63,10,154831.49,4,0,0,111937.23,1,0.5581,1,Medium,86411.45
15608263,Cust8263,360,Spain,Female,80,5,36603.22,1,1,0,18029.04,0,0.5842,1,Medium,21383.6
15608264,Cust8264,475,Germany,Male,80,1,188591.57,4,1,1,167245.83,0,0.7784,1,High,146799.68
15608265,Cust8265,790,Spain,Female,73,4,0.0,1,1,0,115259.76,0,0.4674,1,Medium,0.0
15608266,Cust8266,627,Spain,Female,47,10,0.0,1,1,0,122431.95,1,0.5869,1,Medium,0.0
15608267,Cust8267,370,France,Female,57,7,0.0,2,1,0,115613.4,0,0.4527,1,Medium,0.0
15608268,Cust8268,474,Germany,Male,89,2,111706.01,2,1,1,182833.06,0,0.4479,1,Medium,50033.12
15608269,Cust8269,764,France,Female,36,7,0.0,3,1,1,109315.57,0,0.049,0,Low,0.0
15608270,Cust8270,790,France,Female,69,8,161844.96,3,1,1,153048.34,0,0.3119,0,Medium,50479.44
15608271,Cust8271,563,France,Male,76,3,197758.85,3,0,0,107439.92,1,0.8149,1,Critical,161153.69
15608272,Cust8272,425,Spain,Male,53,5,129049.13,2,0,1,160015.09,0,0.2596,0,Low,33501.15
15608273,Cust8273,388,Germany,Female,82,3,220031.79,4,1,1,157165.96,1,0.8373,1,Critical,184232.62
15608274,Cust8274,462,France,Male,49,1,0.0,3,1,0,198341.57,0,0.2838,0,Low,0.0
15608275,Cust8275,750,France,Female,79,9,244011.71,2,1,1,119172.55,0,0.5947,1,Medium,145113.76
15608276,Cust8276,764,France,Male,65,3,0.0,1,0,1,72055.07,0,0.312,0,Medium,0.0
15608277,Cust8277,478,Germany,Male,21,3,8043.55,2,1,1,181092.01,0,0.081,0,Low,651.53
15608278,Cust8278,839,Spain,Female,78,1,0.0,2,1,1,130437.15,0,0.3479,0,Medium,0.0
15608279,Cust8279,789,France,Female,69,4,62974.42,1,1,0,122698.26,0,0.4518,1,Medium,28451.84
15608280,Cust8280,844,France,Male,34,7,191921.63,4,1,1,148612.73,0,0.178,0,Low,34162.05
15608281,Cust8281,726,Germany,Female,70,10,0.0,4,1,0,100959.62,1,0.841,1,Critical,0.0
15608282,Cust8282,637,France,Male,55,8,0.0,1,1,0,142438.71,0,0.3903,1,Medium,0.0
15608283,Cust8283,841,Germany,Male,87,9,17536.02,3,1,1,196701.51,0,0.2955,0,Low,5181.89
15608284,Cust8284,695,France,Female,40,10,219836.76,1,0,1,143310.0,0,0.2111,0,Low,46407.54
15608285,Cust8285,766,France,Female,37,7,162828.07,1,1,1,152323.42,0,0.2239,0,Low,36457.2
15608286,Cust8286,551,France,Male,22,9,0.0,3,1,1,140053.64,0,0.1371,0,Low,0.0
15608287,Cust8287,470,Spain,Female,76,3,0.0,1,1,0,127666.83,0,0.6212,1,High,0.0
15608288,Cust8288,637,France,Male,90,7,126300.34,4,1,1,127733.36,0,0.5683,1,Medium,71776.48
15608289,Cust8289,555,France,Female,68,6,0.0,1,1,0,197274.73,1,0.5476,1,Medium,0.0
15608290,Cust8290,525,Germany,Female,45,4,133084.18,3,0,1,131787.46,0,0.2561,0,Low,34082.86
15608291,Cust8291,699,Spain,Female,83,7,0.0,2,1,0,9338.01,1,0.6977,1,High,0.0
15608292,Cust8292,655,France,Male,36,7,79749.97,1,1,0,42443.33,0,0.2414,0,Low,19251.64
15608293,Cust8293,508,France,Male,69,4,182126.07,1,1,0,55126.04,1,0.798,1,High,145336.6
15608294,Cust8294,471,Germany,Male,62,9,12574.55,1,1,0,135901.94,0,0.4977,1,Medium,6258.35
15608295,Cust8295,623,France,Female,81,0,241988.27,4,1,1,32571.61,1,0.6571,1,High,159010.49
15608296,Cust8296,513,Germany,Female,89,3,0.0,4,0,0,178643.57,1,0.7858,1,High,0.0
15608297,Cust8297,469,France,Female,44,4,211416.32,2,1,0,33766.09,1,0.4375,1,Medium,92494.64
15608298,Cust8298,461,France,Male,25,9,0.0,2,1,0,167583.11,0,0.1381,0,Low,0.0
15608299,Cust8299,682,France,Female,29,5,54538.11,4,0,1,183288.76,0,0.1193,0,Low,6506.4
15608300,Cust8300,558,Germany,Female,72,10,0.0,2,1,0,198423.14,0,0.4071,1,Medium,0.0
15608301,Cust8301,521,France,Male,44,10,69502.81,2,0,0,3231.75,0,0.3907,1,Medium,27154.75
15608302,Cust8302,407,France,Male,28,5,56379.52,3,0,0,96270.62,0,0.2215,0,Low,12488.06
15608303,Cust8303,377,France,Male,78,8,0.0,2,1,1,158153.37,0,0.5464,1,Medium,0.0
15608304,Cust8304,698,Spain,Male,66,2,206737.86,2,0,1,184219.78,0,0.3961,1,Medium,81888.87
15608305,Cust8305,834,France,Female,27,1,134463.12,4,0,0,103046.68,0,0.3086,0,Medium,41495.32
15608306,Cust8306,512,Germany,Female,70,5,147796.01,3,1,1,48213.5,1,0.6253,1,High,92416.85
15608307,Cust8307,772,Germany,Male,65,3,122925.85,1,0,1,69706.23,0,0.3761,0,Medium,46232.41
15608308,Cust8308,651,France,Female,90,8,31090.9,3,1,1,80879.0,0,0.2929,0,Low,9106.52
15608309,Cust8309,502,Spain,Male,91,5,0.0,4,1,1,158549.36,0,0.5947,1,Medium,0.0
15608310,Cust8310,633,Spain,Female,90,1,73408.3,2,1,0,186811.18,0,0.6477,1,High,47546.56
15608311,Cust8311,414,France,Female,84,4,0.0,1,1,1,91840.9,0,0.58,1,Medium,0.0
15608312,Cust8312,519,France,Female,76,4,175302.03,2,1,0,191677.16,0,0.7472,1,High,130985.68
15608313,Cust8313,718,France,Female,67,0,40664.35,2,1,0,138477.52,0,0.3552,0,Medium,14443.98
15608314,Cust8314,776,France,Female,58,5,175479.33,1,1,1,92461.98,0,0.4565,1,Medium,80106.31
15608315,Cust8315,460,Germany,Female,76,10,137091.94,4,0,1,21454.97,0,0.5008,1,Medium,68655.64
15608316,Cust8316,806,Spain,Male,89,9,20419.33,1,0,0,101090.9,0,0.4749,1,Medium,9697.14
15608317,Cust8317,653,Spain,Female,26,9,17387.78,1,0,1,78397.58,0,0.1754,0,Low,3049.82
15608318,Cust8318,464,France,Female,28,9,36859.33,1,0,1,25761.17,0,0.1864,0,Low,6870.58
15608319,Cust8319,740,France,Female,54,10,0.0,1,1,1,176711.98,0,0.128,0,Low,0.0
15608320,Cust8320,791,France,Male,39,1,207487.26,2,1,1,23978.06,0,0.1303,0,Low,27035.59
15608321,Cust8321,486,Germany,Male,57,4,152045.18,1,1,1,187225.82,1,0.6252,1,High,95058.65
15608322,Cust8322,402,France,Female,41,5,3906.58,4,0,1,4964.95,0,0.234,0,Low,914.14
15608323,Cust8323,492,Spain,Female,75,9,79280.41,2,1,1,37883.88,1,0.5405,1,Medium,42851.06
15608324,Cust8324,729,Spain,Female,84,4,100227.18,1,1,0,142722.54,1,0.8725,1,Critical,87448.21
15608325,Cust8325,380,France,Female,38,7,71096.32,2,1,1,190842.44,0,0.1164,0,Low,8275.61
15608326,Cust8326,494,Germany,Female,75,8,145281.9,1,1,1,12035.71,0,0.538,1,Medium,78161.66
15608327,Cust8327,510,Germany,Female,25,5,0.0,3,1,0,50345.7,0,0.2353,0,Low,0.0
15608328,Cust8328,358,Spain,Female,76,2,4992.49,4,0,0,119427.51,1,0.8532,1,Critical,4259.59
15608329,Cust8329,649,France,Male,69,0,0.0,1,1,1,188558.68,0,0.4019,1,Medium,0.0
15608330,Cust8330,753,France,Female,70,4,66132.59,3,1,0,85208.99,0,0.6116,1,High,40446.69
15608331,Cust8331,428,Germany,Male,54,1,171632.31,3,1,0,116135.96,0,0.4928,1,Medium,84580.4
15608332,Cust8332,794,France,Female,25,7,0.0,4,0,0,71045.46,0,0.1151,0,Low,0.0
15608333,Cust8333,827,Germany,Female,80,2,152764.29,3,1,1,25198.33,1,0.4944,1,Medium,75526.66
15608334,Cust8334,786,France,Female,26,9,247423.87,4,1,0,4412.24,0,0.1533,0,Low,37930.08
15608335,Cust8335,711,Germany,Female,53,9,160731.71,4,1,0,134480.54,0,0.5922,1,Medium,95185.32
15608336,Cust8336,574,Spain,Male,30,9,193187.58,3,1,1,175497.6,0,0.1633,0,Low,31547.53
15608337,Cust8337,452,France,Female,80,7,0.0,4,1,1,32867.6,0,0.4676,1,Medium,0.0
15608338,Cust8338,807,France,Female,60,1,201360.43,3,1,0,116401.0,1,0.5276,1,Medium,106237.76
15608339,Cust8339,615,Germany,Female,55,10,97650.48,4,0,0,148249.49,0,0.4257,1,Medium,41569.81
15608340,Cust8340,576,France,Male,41,0,108589.41,2,0,1,59761.65,0,0.177,0,Low,19220.33
15608341,Cust8341,546,Germany,Female,75,6,83796.87,1,1,1,76713.06,1,0.5893,1,Medium,49381.5
15608342,Cust8342,459,Germany,Male,33,8,144119.48,3,1,1,184835.17,0,0.1459,0,Low,21027.03
15608343,Cust8343,541,France,Male,71,0,93660.74,1,0,0,67197.75,1,0.7969,1,High,74638.24
15608344,Cust8344,749,Spain,Female,89,5,246965.49,3,1,0,53755.35,1,0.7707,1,High,190336.3
15608345,Cust8345,630,Germany,Female,37,5,150750.93,3,1,0,17663.43,1,0.3732,0,Medium,56260.25
15608346,Cust8346,548,Germany,Female,68,2,0.0,4,1,0,121092.22,1,0.71,1,High,0.0
15608347,Cust8347,404,France,Female,40,1,127041.51,1,0,0,93606.93,1,0.7134,1,High,90631.41
15608348,Cust8348,557,France,Female,86,10,195153.22,4,0,1,191849.06,0,0.5038,1,Medium,98318.19
15608349,Cust8349,457,France,Male,84,9,201529.31,1,0,1,118540.24,1,0.7512,1,High,151388.82
15608350,Cust8350,549,Spain,Male,41,1,0.0,4,1,1,47358.78,0,0.2646,0,Low,0.0
15608351,Cust8351,424,Spain,Male,35,3,0.0,4,0,0,11627.05,0,0.2527,0,Low,0.0
15608352,Cust8352,824,Spain,Female,24,4,217153.27,3,0,0,179916.21,0,0.1894,0,Low,41128.83
15608353,Cust8353,437,France,Female,69,2,0.0,2,1,1,149299.15,0,0.393,1,Medium,0.0
15608354,Cust8354,412,Germany,Female,86,0,217912.28,3,1,1,119570.52,1,0.8074,1,Critical,175942.37
15608355,Cust8355,678,Spain,Female,28,5,167779.0,2,1,1,90328.41,0,0.0878,0,Low,14731.0
15608356,Cust8356,522,Germany,Female,78,4,0.0,1,1,1,8276.61,0,0.5636,1,Medium,0.0
15608357,Cust8357,849,France,Male,73,8,237695.06,2,1,0,115479.22,0,0.5877,1,Medium,139693.39
15608358,Cust8358,552,Spain,Male,52,3,0.0,1,1,0,25064.69,0,0.3947,1,Medium,0.0
15608359,Cust8359,676,France,Male,34,5,0.0,2,1,1,151570.43,0,0.0924,0,Low,0.0
15608360,Cust8360,767,France,Male,66,3,156975.28,4,0,1,178439.76,0,0.2346,0,Low,36826.4
15608361,Cust8361,843,Spain,Male,61,0,115452.34,1,1,0,184942.16,1,0.7058,1,High,81486.26
15608362,Cust8362,755,France,Female,78,8,188689.52,1,0,0,11418.99,0,0.6523,1,High,123082.17
15608363,Cust8363,639,France,Female,59,8,158286.07,4,1,1,86344.44,0,0.333,0,Medium,52709.26
15608364,Cust8364,758,Germany,Male,21,7,1047.49,3,1,1,120691.28,0,0.062,0,Low,64.94
15608365,Cust8365,491,Spain,Female,33,0,0.0,2,0,1,90249.93,0,0.1362,0,Low,0.0
15608366,Cust8366,785,France,Female,46,7,0.0,1,0,0,132078.11,0,0.2693,0,Low,0.0
15608367,Cust8367,787,Spain,Male,54,6,0.0,3,1,1,101701.56,0,0.1962,0,Low,0.0
15608368,Cust8368,542,France,Male,43,4,0.0,4,1,1,21660.35,0,0.2641,0,Low,0.0
15608369,Cust8369,383,France,Female,83,6,86840.39,1,1,0,30723.08,1,0.8017,1,Critical,69619.94
15608370,Cust8370,693,France,Female,38,1,29882.35,4,1,0,128242.5,0,0.2572,0,Low,7685.74
15608371,Cust8371,401,Germany,Male,68,2,187870.58,1,1,0,160137.13,1,0.8145,1,Critical,153020.59
15608372,Cust8372,358,France,Male,44,1,156890.12,4,1,0,3219.81,1,0.6316,1,High,99091.8
15608373,Cust8373,824,France,Male,91,4,0.0,1,1,0,68346.31,0,0.4608,1,Medium,0.0
15608374,Cust8374,634,Germany,Male,85,9,74939.74,2,0,0,44456.82,0,0.7043,1,High,52780.06
15608375,Cust8375,675,Germany,Male,76,0,196774.54,1,1,1,189136.5,0,0.4119,1,Medium,81051.43
15608376,Cust8376,791,Germany,Female,74,4,0.0,2,0,1,66095.82,0,0.4478,1,Medium,0.0
15608377,Cust8377,815,Spain,Female,65,3,122795.03,3,1,0,89928.56,0,0.4906,1,Medium,60243.24
15608378,Cust8378,829,France,Female,61,10,0.0,1,1,0,146321.29,0,0.2513,0,Low,0.0
15608379,Cust8379,416,France,Female,59,6,116339.76,1,1,1,23423.12,0,0.4101,1,Medium,47710.94
15608380,Cust8380,512,France,Male,19,2,224016.7,1,1,0,57119.76,0,0.4692,1,Medium,105108.64
15608381,Cust8381,734,Germany,Male,87,3,146021.35,2,0,0,179876.6,1,0.86,1,Critical,125578.36
15608382,Cust8382,364,France,Male,90,6,188500.2,3,0,1,129060.3,1,0.7807,1,High,147162.11
15608383,Cust8383,467,France,Female,56,0,0.0,3,1,1,98482.91,0,0.2362,0,Low,0.0
15608384,Cust8384,607,France,Male,82,0,0.0,4,1,1,128535.17,0,0.3944,1,Medium,0.0
15608385,Cust8385,522,France,Female,47,7,29280.2,2,0,0,127214.99,0,0.3318,0,Medium,9715.17
15608386,Cust8386,436,Spain,Male,26,8,85701.27,3,0,1,49177.0,0,0.1447,0,Low,12400.97
15608387,Cust8387,800,Germany,Female,79,8,42403.38,1,1,0,189811.13,1,0.4983,1,Medium,21129.6
15608388,Cust8388,574,France,Female,55,1,134744.96,2,1,1,67923.93,0,0.2855,0,Low,38469.69
15608389,Cust8389,556,Germany,Female,87,9,98451.37,1,1,0,83003.69,0,0.71,1,High,69900.47
15608390,Cust8390,679,Germany,Male,33,2,208937.92,1,1,0,22310.31,0,0.3175,0,Medium,66337.79
15608391,Cust8391,685,France,Female,53,9,95682.03,1,0,1,104898.97,0,0.2382,0,Low,22791.46
15608392,Cust8392,596,France,Female,67,3,53084.59,1,0,0,120961.4,0,0.6083,1,High,32291.36
15608393,Cust8393,794,Germany,Male,28,5,0.0,2,1,1,100621.09,0,0.0489,0,Low,0.0
15608394,Cust8394,498,France,Male,91,10,0.0,1,1,0,151615.95,1,0.6621,1,High,0.0
15608395,Cust8395,786,Germany,Male,63,4,174340.83,2,1,1,67371.81,0,0.4312,1,Medium,75175.77
15608396,Cust8396,785,Germany,Male,30,7,156557.72,1,1,1,119229.66,0,0.1799,0,Low,28164.73
15608397,Cust8397,354,Spain,Female,72,6,154986.49,2,1,0,43208.32,1,0.6907,1,High,107049.17
15608398,Cust8398,728,Spain,Male,83,0,0.0,4,0,1,188300.92,0,0.3546,0,Medium,0.0
15608399,Cust8399,429,Spain,Female,45,8,63202.35,1,1,1,148811.69,0,0.1885,0,Low,11913.64
15608400,Cust8400,593,Germany,Female,63,3,117698.15,1,1,0,49572.92,1,0.6833,1,High,80423.15
15608401,Cust8401,810,France,Female,73,5,42046.11,1,1,1,18217.23,0,0.4655,1,Medium,19572.46
15608402,Cust8402,447,Germany,Female,28,3,0.0,2,1,1,33457.73,0,0.1608,0,Low,0.0
15608403,Cust8403,631,Spain,Female,57,10,0.0,3,1,1,29942.04,0,0.173,0,Low,0.0
15608404,Cust8404,739,Spain,Female,59,6,0.0,3,1,1,141459.33,1,0.2763,0,Low,0.0
15608405,Cust8405,590,Spain,Female,40,7,208427.35,1,1,1,1859.27,0,0.2589,0,Low,53961.84
15608406,Cust8406,389,France,Male,40,5,76803.5,4,1,1,52438.17,1,0.5638,1,Medium,43301.81
15608407,Cust8407,382,Germany,Female,64,3,99441.07,2,1,0,80400.78,1,0.8256,1,Critical,82098.55
15608408,Cust8408,609,Spain,Male,73,6,221915.17,2,1,0,5660.54,0,0.5527,1,Medium,122652.51
15608409,Cust8409,362,Germany,Female,46,8,195060.02,4,0,1,50372.93,0,0.3677,0,Medium,71723.57
15608410,Cust8410,357,Germany,Male,28,1,0.0,1,0,1,156323.23,0,0.1369,0,Low,0.0
15608411,Cust8411,827,Germany,Male,76,1,101785.85,4,1,0,170439.15,0,0.4531,1,Medium,46119.17
15608412,Cust8412,616,Germany,Female,30,1,85264.76,4,1,0,93092.07,0,0.3183,0,Medium,27139.77
15608413,Cust8413,587,France,Female,18,10,180857.42,2,1,0,142731.57,1,0.642,1,High,116110.46
15608414,Cust8414,400,France,Male,41,6,0.0,2,1,0,168873.78,0,0.2159,0,Low,0.0
15608415,Cust8415,743,Spain,Female,78,3,135866.58,3,0,1,16284.73,0,0.3588,0,Medium,48748.93
15608416,Cust8416,605,Spain,Male,73,2,15201.31,4,1,1,161930.91,0,0.4938,1,Medium,7506.41
15608417,Cust8417,460,Spain,Male,40,7,155834.4,4,1,0,167628.78,0,0.435,1,Medium,67787.96
15608418,Cust8418,727,France,Female,56,5,142102.86,3,1,1,143120.01,0,0.2616,0,Low,37174.11
15608419,Cust8419,468,France,Male,89,6,14948.18,3,1,1,81796.45,1,0.5517,1,Medium,8246.91
15608420,Cust8420,602,France,Male,71,7,104966.28,4,1,1,103116.88,0,0.4913,1,Medium,51569.93
15608421,Cust8421,630,Spain,Female,74,1,48112.48,3,1,0,30880.71,1,0.7899,1,High,38004.05
15608422,Cust8422,489,Germany,Female,24,7,199530.55,4,1,0,150163.73,1,0.4018,1,Medium,80171.37
15608423,Cust8423,788,Spain,Female,35,7,228320.69,3,1,0,143743.05,0,0.2373,0,Low,54180.5
15608424,Cust8424,702,France,Female,25,3,0.0,3,0,0,124581.94,0,0.186,0,Low,0.0
15608425,Cust8425,494,Germany,Male,90,3,0.0,4,1,1,166430.87,1,0.6965,1,High,0.0
15608426,Cust8426,428,Spain,Female,43,6,0.0,2,1,0,16547.36,0,0.2191,0,Low,0.0
15608427,Cust8427,514,France,Male,54,4,0.0,1,1,1,105372.41,0,0.2511,0,Low,0.0
15608428,Cust8428,583,Spain,Female,58,10,199212.18,3,1,1,63473.89,0,0.2821,0,Low,56197.76
15608429,Cust8429,625,Germany,Male,56,1,0.0,3,1,0,119047.17,0,0.3123,0,Medium,0.0
15608430,Cust8430,550,France,Male,21,1,19926.64,3,1,1,2129.43,0,0.1209,0,Low,2409.13
15608431,Cust8431,370,France,Male,85,8,243717.75,2,0,0,57107.26,1,0.83,1,Critical,202285.73
15608432,Cust8432,688,Spain,Female,46,7,0.0,3,1,1,17345.42,0,0.1144,0,Low,0.0
15608433,Cust8433,539,Germany,Female,85,9,89152.81,2,1,1,87436.55,0,0.5471,1,Medium,48775.5
15608434,Cust8434,518,Spain,Male,74,0,0.0,3,1,1,184616.78,0,0.3745,0,Medium,0.0
15608435,Cust8435,628,Spain,Female,69,1,167675.28,1,0,1,9149.9,0,0.3991,1,Medium,66919.2
15608436,Cust8436,768,France,Female,70,9,10466.39,4,1,1,184007.01,0,0.2962,0,Low,3100.14
15608437,Cust8437,352,Spain,Female,90,8,0.0,4,1,0,139764.69,1,0.7835,1,High,0.0
15608438,Cust8438,831,Spain,Female,40,9,139015.93,2,1,1,176567.93,0,0.1688,0,Low,23465.89
15608439,Cust8439,669,France,Male,42,9,0.0,1,1,0,158500.59,0,0.272,0,Low,0.0
15608440,Cust8440,623,Spain,Male,67,2,3992.41,4,0,1,85371.83,1,0.5386,1,Medium,2150.31
15608441,Cust8441,375,France,Male,35,1,0.0,3,0,1,89346.23,0,0.1497,0,Low,0.0
15608442,Cust8442,706,France,Female,77,3,148510.06,2,0,0,3299.38,0,0.5267,1,Medium,78220.25
15608443,Cust8443,710,France,Male,20,10,0.0,4,0,1,100494.31,0,0.0417,0,Low,0.0
15608444,Cust8444,630,Spain,Male,84,5,136232.01,4,1,0,100653.58,1,0.8691,1,Critical,118399.24
15608445,Cust8445,751,France,Female,43,0,0.0,2,1,1,151766.8,0,0.0927,0,Low,0.0
15608446,Cust8446,770,France,Male,18,8,109406.73,3,1,0,113898.47,0,0.1269,0,Low,13883.71
15608447,Cust8447,770,Germany,Female,62,9,0.0,2,0,1,56898.03,0,0.2829,0,Low,0.0
15608448,Cust8448,513,France,Male,38,1,0.0,1,0,0,45391.97,0,0.3335,0,Medium,0.0
15608449,Cust8449,687,Spain,Male,40,6,221040.14,2,1,1,154617.45,0,0.1794,0,Low,39654.6
15608450,Cust8450,378,Spain,Female,53,8,86129.8,1,1,0,101285.57,0,0.447,1,Medium,38500.02
15608451,Cust8451,631,France,Female,60,10,44875.43,3,1,1,20086.06,0,0.2621,0,Low,11761.85
15608452,Cust8452,423,France,Female,28,6,38066.5,2,0,0,159786.26,0,0.1664,0,Low,6334.27
15608453,Cust8453,504,Spain,Male,21,3,235159.51,1,1,1,79165.79,1,0.2767,0,Low,65068.64
15608454,Cust8454,689,France,Female,52,10,5822.99,2,0,1,55641.41,0,0.1472,0,Low,857.14
15608455,Cust8455,562,France,Male,44,3,0.0,3,1,0,22769.77,0,0.2959,0,Low,0.0
15608456,Cust8456,782,Spain,Female,61,6,85118.49,3,1,0,38767.14,1,0.6728,1,High,57267.72
15608457,Cust8457,393,Spain,Female,73,9,164199.98,3,0,0,10456.39,0,0.5571,1,Medium,91475.81
15608458,Cust8458,836,Germany,Male,63,5,0.0,1,1,1,144226.64,0,0.2924,0,Low,0.0
15608459,Cust8459,704,Germany,Male,25,7,5103.39,1,1,0,123327.73,0,0.1738,0,Low,886.97
15608460,Cust8460,565,Spain,Female,91,9,129239.92,3,1,1,192632.67,0,0.3854,1,Medium,49809.07
15608461,Cust8461,362,Germany,Female,70,6,221116.42,3,1,1,33260.88,0,0.6315,1,High,139635.02
15608462,Cust8462,370,Germany,Female,21,4,0.0,3,0,0,61355.55,0,0.3208,0,Medium,0.0
15608463,Cust8463,557,Spain,Male,74,7,247898.81,2,1,0,127876.85,1,0.8077,1,Critical,200227.87
15608464,Cust8464,636,Germany,Male,83,4,85598.13,1,1,1,111109.16,0,0.5284,1,Medium,45230.05
15608465,Cust8465,603,Germany,Female,60,7,30615.7,2,1,1,108926.42,0,0.3419,0,Medium,10467.51
15608466,Cust8466,498,France,Female,79,0,17384.63,3,1,1,18600.88,1,0.4471,1,Medium,7772.67
15608467,Cust8467,675,Germany,Male,83,0,216772.92,4,1,1,4157.0,1,0.4738,1,Medium,102707.01
15608468,Cust8468,657,Germany,Male,89,5,187053.45,3,1,0,144378.2,1,0.871,1,Critical,162923.55
15608469,Cust8469,521,France,Male,88,1,156893.42,2,1,1,141521.97,0,0.6193,1,High,97164.1
15608470,Cust8470,513,France,Male,32,8,124190.09,2,1,1,5719.02,1,0.1799,0,Low,22341.8
15608471,Cust8471,571,Spain,Male,20,1,114335.17,1,1,0,166209.17,0,0.3106,0,Medium,35512.5
15608472,Cust8472,722,France,Female,66,5,123487.97,1,0,1,153348.02,1,0.691,1,High,85330.19
15608473,Cust8473,644,France,Female,68,1,90961.16,2,0,1,43437.49,0,0.3198,0,Medium,29089.38
15608474,Cust8474,413,France,Female,60,10,118669.29,3,1,1,113252.32,0,0.4792,1,Medium,56866.32
15608475,Cust8475,812,France,Female,35,9,52582.37,3,0,1,52576.93,0,0.1028,0,Low,5405.47
15608476,Cust8476,451,Spain,Male,88,0,29441.99,2,1,0,166822.24,1,0.8597,1,Critical,25311.28
15608477,Cust8477,686,France,Female,48,4,0.0,3,1,0,34871.84,0,0.3369,0,Medium,0.0
15608478,Cust8478,358,France,Female,72,10,242741.0,1,1,1,166065.74,1,0.6195,1,High,150378.05
15608479,Cust8479,477,Spain,Male,64,5,0.0,1,1,1,131651.71,0,0.367,0,Medium,0.0
15608480,Cust8480,632,France,Male,84,9,0.0,2,1,1,37106.79,0,0.341,0,Medium,0.0
15608481,Cust8481,774,France,Male,70,0,209297.8,1,1,1,173105.91,0,0.3604,0,Medium,75430.93
15608482,Cust8482,631,Spain,Male,64,4,25891.59,3,1,0,165872.45,0,0.4264,1,Medium,11040.17
15608483,Cust8483,377,Germany,Male,80,9,30756.65,4,1,1,127099.16,1,0.7968,1,High,24506.9
15608484,Cust8484,828,Spain,Female,22,2,23163.66,1,1,1,99806.53,1,0.3352,0,Medium,7764.46
15608485,Cust8485,486,Spain,Female,70,0,15798.92,1,1,0,125805.74,1,0.6554,1,High,10354.61
15608486,Cust8486,532,Spain,Female,61,8,0.0,1,1,1,133994.2,0,0.3888,1,Medium,0.0
15608487,Cust8487,404,France,Male,75,0,0.0,1,1,1,20557.62,0,0.5056,1,Medium,0.0
15608488,Cust8488,698,Spain,Female,34,3,237260.14,1,1,1,80200.95,0,0.1994,0,Low,47309.67
15608489,Cust8489,573,Germany,Male,62,8,163509.26,4,1,1,187172.07,1,0.5421,1,Medium,88638.37
15608490,Cust8490,460,France,Male,39,9,0.0,1,1,0,154608.22,0,0.1708,0,Low,0.0
15608491,Cust8491,669,Spain,Female,26,1,204380.64,3,1,1,15401.42,0,0.1424,0,Low,29103.8
15608492,Cust8492,448,France,Female,60,5,0.0,3,0,1,171504.18,0,0.3056,0,Medium,0.0
15608493,Cust8493,616,Spain,Female,19,8,140972.2,1,1,1,12543.73,0,0.1638,0,Low,23091.25
15608494,Cust8494,682,Germany,Male,24,4,22746.0,1,1,1,136893.89,0,0.0878,0,Low,1997.1
15608495,Cust8495,756,Germany,Male,57,3,100194.53,1,1,0,67389.62,1,0.8179,1,Critical,81949.11
15608496,Cust8496,698,France,Male,84,5,137134.33,4,1,0,54276.83,0,0.6287,1,High,86216.35
15608497,Cust8497,634,Spain,Male,70,8,0.0,2,0,0,96122.97,0,0.4645,1,Medium,0.0
15608498,Cust8498,367,Germany,Male,19,0,0.0,1,1,0,15829.09,1,0.4492,1,Medium,0.0
15608499,Cust8499,466,France,Male,26,0,0.0,3,0,0,193367.78,1,0.3847,1,Medium,0.0
15608500,Cust8500,639,France,Male,49,1,62684.49,2,1,1,191254.69,0,0.221,0,Low,13853.27
15608501,Cust8501,618,Spain,Female,49,3,0.0,1,1,0,34077.63,0,0.4331,1,Medium,0.0
15608502,Cust8502,617,France,Male,20,3,28763.83,1,1,1,191921.6,0,0.0712,0,Low,2047.98
15608503,Cust8503,718,Germany,Male,36,5,208237.4,3,0,0,191470.71,0,0.37,0,Medium,77047.84
15608504,Cust8504,803,Germany,Female,27,3,33054.22,2,1,0,24433.61,1,0.573,1,Medium,18940.07
15608505,Cust8505,601,France,Female,59,6,0.0,1,1,0,2723.52,0,0.332,0,Medium,0.0
15608506,Cust8506,417,Germany,Female,66,3,215575.31,4,1,1,93820.02,1,0.693,1,High,149393.69
15608507,Cust8507,571,France,Male,46,9,78229.63,1,1,0,67556.14,0,0.4378,1,Medium,34248.93
15608508,Cust8508,476,Spain,Male,60,3,0.0,4,1,0,96401.4,1,0.6059,1,High,0.0
15608509,Cust8509,615,Spain,Female,32,2,249977.29,3,1,1,102990.72,0,0.2108,0,Low,52695.21
15608510,Cust8510,645,France,Female,81,9,242763.06,3,1,1,150749.0,1,0.6711,1,High,162918.29
15608511,Cust8511,624,Germany,Female,18,7,189205.27,3,1,0,126341.2,0,0.243,0,Low,45976.88
15608512,Cust8512,641,Germany,Female,55,0,96622.59,1,1,1,102146.84,0,0.2471,0,Low,23875.44
15608513,Cust8513,505,Spain,Male,41,1,33600.16,3,1,1,100409.81,0,0.195,0,Low,6552.03
15608514,Cust8514,438,France,Female,51,0,104512.57,1,0,1,187905.01,0,0.2882,0,Low,30120.52
15608515,Cust8515,777,Germany,Male,56,8,180085.64,2,0,1,59279.16,0,0.2446,0,Low,44048.95
15608516,Cust8516,551,Spain,Female,65,6,38090.99,3,1,1,38072.51,0,0.2974,0,Low,11328.26
15608517,Cust8517,454,France,Male,86,10,4200.09,2,0,1,62792.2,0,0.4865,1,Medium,2043.34
15608518,Cust8518,848,Germany,Female,59,3,226008.81,4,0,1,157505.32,0,0.3247,0,Medium,73385.06
15608519,Cust8519,366,France,Female,34,0,174997.46,1,0,1,59601.71,0,0.3379,0,Medium,59131.64
15608520,Cust8520,523,Germany,Female,56,5,0.0,1,1,0,130222.21,0,0.4177,1,Medium,0.0
15608521,Cust8521,721,France,Female,55,0,236796.44,1,0,0,75862.7,1,0.5883,1,Medium,139307.35
15608522,Cust8522,555,Spain,Male,81,1,0.0,4,0,0,79687.99,0,0.5334,1,Medium,0.0
15608523,Cust8523,771,France,Female,59,8,0.0,2,1,0,148661.82,0,0.4188,1,Medium,0.0
15608524,Cust8524,529,France,Male,82,4,0.0,4,0,0,37345.59,0,0.5996,1,Medium,0.0
15608525,Cust8525,672,Spain,Male,66,9,246452.89,3,0,1,123450.52,0,0.3412,0,Medium,84089.73
15608526,Cust8526,564,Spain,Female,60,5,5114.98,4,1,0,114060.04,0,0.4556,1,Medium,2330.38
15608527,Cust8527,584,Germany,Male,42,7,82668.22,4,1,0,161251.29,1,0.566,1,Medium,46790.21
15608528,Cust8528,599,Germany,Male,36,9,90601.4,1,1,0,182693.62,1,0.5954,1,Medium,53944.07
15608529,Cust8529,838,France,Female,25,5,27806.95,4,1,0,28606.32,0,0.1696,0,Low,4716.06
15608530,Cust8530,730,Germany,Female,58,3,55393.31,3,0,1,51449.78,0,0.2928,0,Low,16219.16
15608531,Cust8531,535,France,Female,86,8,6114.4,3,1,0,28445.75,0,0.5126,1,Medium,3134.24
15608532,Cust8532,558,France,Female,18,9,174104.04,1,0,1,199688.4,0,0.1753,0,Low,30520.44
15608533,Cust8533,553,Spain,Female,88,3,26726.29,4,1,1,121690.72,0,0.5537,1,Medium,14798.35
15608534,Cust8534,718,Germany,Male,81,9,0.0,1,1,0,187683.8,0,0.3543,0,Medium,0.0
15608535,Cust8535,646,France,Female,50,10,145993.86,1,1,0,192700.27,0,0.4985,1,Medium,72777.94
15608536,Cust8536,617,France,Male,41,2,0.0,1,1,1,180853.66,0,0.144,0,Low,0.0
15608537,Cust8537,565,Spain,Female,60,9,202221.76,4,1,0,53293.99,1,0.7584,1,High,153364.98
15608538,Cust8538,549,France,Male,81,0,162667.6,4,0,0,101326.65,1,0.8764,1,Critical,142561.88
15608539,Cust8539,628,France,Female,20,9,0.0,2,1,1,46712.33,0,0.0715,0,Low,0.0
15608540,Cust8540,766,France,Female,51,9,0.0,3,0,1,86092.51,0,0.1564,0,Low,0.0
15608541,Cust8541,834,France,Female,21,9,201916.26,2,0,0,85202.99,0,0.1614,0,Low,32589.28
15608542,Cust8542,380,France,Female,65,3,194785.65,3,1,0,182805.1,1,0.7489,1,High,145874.97
15608543,Cust8543,468,Spain,Female,23,10,182460.86,1,1,1,138988.39,0,0.2605,0,Low,47531.05
15608544,Cust8544,693,France,Female,41,6,94372.1,2,1,0,148330.23,0,0.2677,0,Low,25263.41
15608545,Cust8545,424,Germany,Female,72,0,0.0,2,1,1,147997.23,0,0.4541,1,Medium,0.0
15608546,Cust8546,655,Germany,Male,73,9,0.0,1,1,1,109335.71,0,0.3598,0,Medium,0.0
15608547,Cust8547,562,Germany,Female,34,9,240861.47,3,1,1,69060.1,0,0.1283,0,Low,30902.53
15608548,Cust8548,445,Germany,Male,55,3,125233.88,2,0,1,167751.5,0,0.308,0,Medium,38572.04
15608549,Cust8549,602,Germany,Male,31,2,55454.46,2,1,1,69437.84,0,0.138,0,Low,7652.72
15608550,Cust8550,605,Germany,Female,61,6,114432.09,4,1,1,104192.37,0,0.4598,1,Medium,52615.87
15608551,Cust8551,707,Germany,Female,18,3,0.0,4,0,0,30343.86,1,0.6211,1,High,0.0
15608552,Cust8552,763,Spain,Female,78,7,0.0,2,1,1,118471.61,0,0.4112,1,Medium,0.0
15608553,Cust8553,828,Germany,Female,19,4,145257.61,4,0,1,94027.56,0,0.1175,0,Low,17067.77
15608554,Cust8554,569,Spain,Female,63,2,237005.63,1,1,0,175711.5,0,0.613,1,High,145284.45
15608555,Cust8555,695,France,Male,47,2,70270.08,3,1,0,60573.91,0,0.4256,1,Medium,29906.95
15608556,Cust8556,744,Germany,Female,34,7,242282.2,3,1,1,60827.94,0,0.1334,0,Low,32320.45
15608557,Cust8557,844,Germany,Female,58,4,0.0,1,1,0,24856.36,0,0.2565,0,Low,0.0
15608558,Cust8558,675,France,Female,28,0,45730.23,2,0,0,96415.03,0,0.155,0,Low,7088.19
15608559,Cust8559,473,Spain,Male,60,5,0.0,3,1,0,153274.71,0,0.4421,1,Medium,0.0
15608560,Cust8560,521,France,Female,65,8,0.0,2,0,0,129440.52,0,0.5042,1,Medium,0.0
15608561,Cust8561,454,France,Male,51,1,200335.77,2,0,1,17777.79,0,0.4054,1,Medium,81216.12
15608562,Cust8562,449,Spain,Male,44,2,35840.2,3,1,1,60061.24,0,0.2761,0,Low,9895.48
15608563,Cust8563,503,France,Male,52,3,146142.15,1,1,0,65017.54,1,0.5926,1,Medium,86603.84
15608564,Cust8564,599,France,Female,88,10,69248.31,3,1,0,120150.66,1,0.6014,1,High,41645.93
15608565,Cust8565,744,France,Female,73,3,157437.59,2,0,1,157687.51,0,0.3745,0,Medium,58960.38
15608566,Cust8566,495,Spain,Male,18,9,43395.5,2,1,0,198681.1,0,0.1599,0,Low,6938.94
15608567,Cust8567,443,France,Female,39,7,87978.23,2,1,0,51003.62,1,0.4476,1,Medium,39379.06
15608568,Cust8568,413,Germany,Female,19,10,97132.12,3,1,0,38702.2,0,0.3861,1,Medium,37502.71
15608569,Cust8569,448,Spain,Female,35,6,0.0,1,0,1,84585.56,1,0.1059,0,Low,0.0
15608570,Cust8570,566,Germany,Female,75,3,59829.24,3,0,1,135230.75,1,0.5586,1,Medium,33420.61
15608571,Cust8571,556,Spain,Male,81,7,181936.59,2,1,1,143657.65,1,0.7382,1,High,134305.59
15608572,Cust8572,549,Spain,Male,51,0,0.0,4,0,0,165994.32,0,0.2952,0,Low,0.0
15608573,Cust8573,509,France,Female,69,8,0.0,2,1,0,62439.66,0,0.5448,1,Medium,0.0
15608574,Cust8574,577,Spain,Male,45,2,225770.38,2,1,0,168199.49,0,0.5281,1,Medium,119229.34
15608575,Cust8575,673,Germany,Male,53,7,197623.8,4,1,0,134011.75,1,0.8001,1,Critical,158118.8
15608576,Cust8576,372,France,Male,79,6,11003.61,1,1,1,3853.63,0,0.484,1,Medium,5325.75
15608577,Cust8577,795,France,Male,38,2,21180.31,4,0,1,194562.8,0,0.1081,0,Low,2289.59
15608578,Cust8578,503,Germany,Male,41,5,0.0,2,0,0,50602.77,0,0.339,0,Medium,0.0
15608579,Cust8579,419,France,Male,28,5,0.0,4,0,0,15120.35,1,0.6971,1,High,0.0
15608580,Cust8580,437,Germany,Male,34,8,241976.24,2,0,1,88644.57,0,0.1433,0,Low,34675.2
15608581,Cust8581,623,France,Female,20,5,833.14,1,0,0,106933.59,0,0.1678,0,Low,139.8
15608582,Cust8582,610,Germany,Male,78,0,59240.13,1,0,0,93538.49,1,0.8012,1,Critical,47463.19
15608583,Cust8583,394,France,Male,81,0,207937.74,4,0,0,153586.05,1,0.9027,1,Critical,187705.4
15608584,Cust8584,600,Spain,Male,49,7,222883.39,1,0,1,23381.73,0,0.2114,0,Low,47117.55
15608585,Cust8585,460,France,Female,61,9,0.0,3,1,1,162407.29,0,0.3602,0,Medium,0.0
15608586,Cust8586,806,France,Male,36,4,0.0,3,1,1,97004.31,0,0.075,0,Low,0.0
15608587,Cust8587,504,France,Female,21,1,213404.84,1,1,1,15458.73,0,0.3355,0,Medium,71597.32
15608588,Cust8588,850,France,Male,56,1,114992.17,4,1,0,195036.52,0,0.4862,1,Medium,55909.19
15608589,Cust8589,640,Germany,Male,29,10,196857.08,2,1,1,178824.11,0,0.1705,0,Low,33564.13
15608590,Cust8590,833,Germany,Male,80,7,237182.53,4,1,1,63612.0,0,0.5661,1,Medium,134269.03
15608591,Cust8591,627,France,Female,38,0,65461.56,2,1,0,101003.54,0,0.1865,0,Low,12208.58
15608592,Cust8592,413,Spain,Male,72,2,68599.98,4,1,1,48725.27,1,0.6738,1,High,46222.67
15608593,Cust8593,672,France,Male,37,8,234650.68,2,1,0,101475.48,0,0.3151,0,Medium,73938.43
15608594,Cust8594,589,France,Male,27,6,106074.82,2,0,1,49769.06,0,0.0915,0,Low,9705.85
15608595,Cust8595,760,Spain,Male,58,3,3931.78,4,1,0,74054.9,0,0.2435,0,Low,957.39
15608596,Cust8596,546,Germany,Female,31,7,0.0,1,1,0,54648.38,0,0.1358,0,Low,0.0
15608597,Cust8597,443,Germany,Male,47,9,154190.04,2,0,0,89627.89,0,0.4566,1,Medium,70403.17
15608598,Cust8598,406,France,Male,39,9,61184.44,1,1,1,13551.98,0,0.1657,0,Low,10138.26
15608599,Cust8599,722,France,Female,83,9,181852.6,1,0,0,106953.08,1,0.8667,1,Critical,157611.65
15608600,Cust8600,466,Germany,Male,55,3,58235.66,1,1,1,43972.05,0,0.3265,0,Medium,19013.94
15608601,Cust8601,684,France,Female,71,0,0.0,3,1,1,33785.03,0,0.3153,0,Medium,0.0
15608602,Cust8602,417,France,Female,61,4,0.0,4,1,1,69912.83,0,0.2974,0,Low,0.0
15608603,Cust8603,389,Spain,Female,85,0,0.0,4,0,0,145553.47,1,0.8685,1,Critical,0.0
15608604,Cust8604,705,Germany,Male,50,6,213947.04,4,1,1,71189.96,1,0.7125,1,High,152437.27
15608605,Cust8605,522,France,Female,81,6,0.0,3,0,1,150807.72,0,0.4929,1,Medium,0.0
15608606,Cust8606,634,France,Female,84,3,212246.38,1,1,1,195762.31,1,0.7799,1,High,165530.95
15608607,Cust8607,363,Germany,Male,86,1,16046.6,2,1,1,188780.52,0,0.4329,1,Medium,6946.57
15608608,Cust8608,444,France,Male,69,5,0.0,3,0,1,44201.45,0,0.3886,1,Medium,0.0
15608609,Cust8609,395,France,Female,90,0,0.0,4,1,1,186112.42,0,0.3511,0,Medium,0.0
15608610,Cust8610,490,France,Female,73,3,200431.43,2,1,0,172702.91,1,0.7729,1,High,154913.45
15608611,Cust8611,492,Germany,Male,41,10,152661.7,1,1,1,5662.04,0,0.1664,0,Low,25402.91
15608612,Cust8612,537,Germany,Female,29,10,196259.16,4,1,1,194275.96,1,0.4171,1,Medium,81859.7
15608613,Cust8613,471,France,Male,33,6,84639.19,3,1,0,191529.99,0,0.2201,0,Low,18629.09
15608614,Cust8614,578,France,Male,60,4,233508.19,1,1,1,148390.68,1,0.6865,1,High,160303.37
15608615,Cust8615,800,Germany,Female,30,0,203414.13,4,1,1,120696.17,0,0.2688,0,Low,54677.72
15608616,Cust8616,393,Germany,Female,35,7,228871.39,2,0,0,198018.8,1,0.6961,1,High,159317.37
15608617,Cust8617,797,Germany,Male,64,5,65699.02,4,1,1,39080.79,0,0.3243,0,Medium,21306.19
15608618,Cust8618,556,France,Female,42,7,1642.31,3,1,0,154965.36,0,0.3839,1,Medium,630.48
15608619,Cust8619,639,Germany,Male,68,1,0.0,2,0,0,180856.11,0,0.3752,0,Medium,0.0
15608620,Cust8620,686,Spain,Female,91,9,123144.73,4,1,1,99978.5,0,0.4106,1,Medium,50563.23
15608621,Cust8621,718,Germany,Male,24,8,194738.54,4,1,0,59630.65,0,0.4223,1,Medium,82238.09
15608622,Cust8622,822,France,Female,65,4,24373.47,4,1,1,88970.99,1,0.5041,1,Medium,12286.67
15608623,Cust8623,850,Germany,Male,78,0,148861.65,1,0,1,194399.4,1,0.676,1,High,100630.48
15608624,Cust8624,399,France,Male,28,5,49724.59,1,0,1,148507.1,0,0.1137,0,Low,5653.69
15608625,Cust8625,555,France,Female,75,4,0.0,3,1,0,109393.5,0,0.5541,1,Medium,0.0
15608626,Cust8626,620,France,Male,55,8,0.0,1,0,1,22058.74,0,0.2372,0,Low,0.0
15608627,Cust8627,611,Spain,Male,64,2,0.0,3,1,1,138341.89,1,0.4245,1,Medium,0.0
15608628,Cust8628,846,France,Female,21,0,45819.28,3,1,1,52914.56,0,0.1886,0,Low,8641.52
15608629,Cust8629,676,Spain,Female,50,10,143769.17,1,1,1,197761.56,1,0.7666,1,High,110213.45
15608630,Cust8630,551,Germany,Male,45,2,1402.42,4,0,0,103411.02,0,0.311,0,Medium,436.15
15608631,Cust8631,811,Germany,Male,29,0,0.0,1,1,1,122874.11,0,0.065,0,Low,0.0
15608632,Cust8632,716,France,Male,74,9,124833.55,3,0,1,199865.01,0,0.2655,0,Low,33143.31
15608633,Cust8633,749,Germany,Female,55,7,10240.41,3,1,0,150553.42,0,0.4226,1,Medium,4327.6
15608634,Cust8634,664,France,Male,82,2,135695.66,1,1,0,97286.68,1,0.8101,1,Critical,109927.05
15608635,Cust8635,382,France,Female,29,5,46083.51,1,0,0,110212.15,0,0.1862,0,Low,8580.75
15608636,Cust8636,836,France,Female,72,7,181634.81,3,1,1,180959.03,1,0.6699,1,High,121677.16
15608637,Cust8637,707,France,Female,62,8,217072.87,2,1,1,187350.65,1,0.6807,1,High,147761.5
15608638,Cust8638,424,Germany,Female,66,4,0.0,2,1,0,96827.92,1,0.6991,1,High,0.0
15608639,Cust8639,476,France,Female,40,2,15847.59,3,1,1,69519.0,0,0.1706,0,Low,2703.6
15608640,Cust8640,520,France,Male,69,0,124086.55,3,1,1,156321.39,0,0.4286,1,Medium,53183.5
15608641,Cust8641,477,Spain,Female,36,9,27794.22,3,1,1,31860.87,0,0.1733,0,Low,4816.74
15608642,Cust8642,661,France,Female,74,8,102264.39,3,1,0,79520.42,0,0.703,1,High,71891.87
15608643,Cust8643,624,France,Female,50,10,0.0,4,1,0,4298.24,0,0.5166,1,Medium,0.0
15608644,Cust8644,456,France,Female,53,8,10290.08,1,1,1,167698.38,0,0.2441,0,Low,2511.81
15608645,Cust8645,698,France,Female,60,2,62913.0,4,1,1,9750.51,0,0.3359,0,Medium,21132.48
15608646,Cust8646,493,Germany,Male,24,2,206642.51,2,0,0,109241.01,0,0.4014,1,Medium,82946.3
15608647,Cust8647,429,France,Male,45,2,101481.89,4,0,0,198843.24,0,0.401,1,Medium,40694.24
15608648,Cust8648,829,France,Female,33,5,0.0,3,1,0,65322.92,0,0.1077,0,Low,0.0
15608649,Cust8649,507,Germany,Male,89,10,237352.61,2,1,1,160645.26,1,0.7958,1,High,188885.21
15608650,Cust8650,466,France,Female,49,7,38932.58,1,1,0,26990.35,1,0.6092,1,High,23717.73
15608651,Cust8651,708,Spain,Female,18,4,197151.98,1,0,0,25889.41,0,0.226,0,Low,44556.35
15608652,Cust8652,732,Spain,Male,19,8,44519.4,3,0,1,45282.22,0,0.1097,0,Low,4883.78
15608653,Cust8653,426,France,Male,85,9,240763.02,3,1,0,160443.98,1,0.877,1,Critical,211149.17
15608654,Cust8654,377,France,Male,29,4,196517.8,1,0,1,125306.87,0,0.2559,0,Low,50288.91
15608655,Cust8655,775,France,Male,18,9,0.0,4,0,0,166301.42,0,0.1261,0,Low,0.0
15608656,Cust8656,602,France,Female,33,0,245903.55,2,1,0,57136.38,0,0.288,0,Low,70820.22
15608657,Cust8657,578,France,Female,34,3,28614.91,4,0,0,34959.24,0,0.3885,1,Medium,11116.89
15608658,Cust8658,560,Germany,Female,23,1,0.0,4,1,0,109464.12,0,0.2482,0,Low,0.0
15608659,Cust8659,643,France,Male,91,1,174857.35,3,1,1,6973.8,0,0.4663,1,Medium,81535.98
15608660,Cust8660,687,France,Male,22,2,43471.09,4,0,0,97474.93,0,0.3584,0,Medium,15580.04
15608661,Cust8661,390,France,Male,71,4,136592.85,4,1,1,191746.12,1,0.6628,1,High,90533.74
15608662,Cust8662,482,Spain,Male,79,7,0.0,1,1,0,129739.95,1,0.6961,1,High,0.0
15608663,Cust8663,828,Spain,Female,65,6,143281.92,2,1,1,101221.36,0,0.3623,0,Medium,51911.04
15608664,Cust8664,433,France,Female,27,4,145550.89,3,1,1,39244.01,0,0.1957,0,Low,28484.31
15608665,Cust8665,804,Germany,Male,71,5,0.0,3,0,0,91895.24,0,0.4516,1,Medium,0.0
15608666,Cust8666,551,France,Female,42,2,206103.95,3,1,1,110045.23,0,0.3623,0,Medium,74671.46
15608667,Cust8667,445,Germany,Male,48,8,232686.76,1,1,0,100338.61,1,0.6615,1,High,153922.29
15608668,Cust8668,647,Germany,Female,36,8,133440.47,4,0,0,109142.53,0,0.3261,0,Medium,43514.94
15608669,Cust8669,682,Spain,Male,76,6,168488.39,3,1,1,193309.21,0,0.3682,0,Medium,62037.43
15608670,Cust8670,525,France,Male,60,8,36463.97,4,1,0,38689.25,1,0.7874,1,High,28711.73
15608671,Cust8671,747,France,Male,29,8,249524.51,2,0,0,79647.87,0,0.1934,0,Low,48258.04
15608672,Cust8672,381,Spain,Male,48,8,0.0,3,1,0,29709.66,0,0.4212,1,Medium,0.0
15608673,Cust8673,411,France,Male,76,1,237256.94,2,0,1,82339.69,0,0.5826,1,Medium,138225.89
15608674,Cust8674,661,France,Female,87,0,0.0,3,0,1,19193.31,0,0.3986,1,Medium,0.0
15608675,Cust8675,639,Germany,Female,87,4,80728.6,2,1,0,70929.35,1,0.8333,1,Critical,67271.14
15608676,Cust8676,700,Spain,Female,27,0,55420.36,4,1,0,77416.7,0,0.2984,0,Low,16537.44
15608677,Cust8677,776,Germany,Male,81,0,0.0,3,1,0,145451.52,0,0.5594,1,Medium,0.0
15608678,Cust8678,815,Spain,Female,59,1,0.0,2,1,0,182792.17,0,0.2183,0,Low,0.0
15608679,Cust8679,603,Germany,Male,72,1,137954.62,3,1,0,101252.07,1,0.7741,1,High,106790.67
15608680,Cust8680,601,France,Male,46,3,0.0,1,1,1,155240.07,0,0.2193,0,Low,0.0
15608681,Cust8681,812,Germany,Female,66,3,0.0,4,1,0,81221.72,0,0.4092,1,Medium,0.0
15608682,Cust8682,831,Spain,Female,37,9,0.0,2,0,0,56537.07,0,0.1257,0,Low,0.0
15608683,Cust8683,373,Spain,Male,56,9,61630.03,4,1,1,30015.93,0,0.2754,0,Low,16972.91
15608684,Cust8684,603,France,Female,34,1,183360.47,4,1,0,78841.57,1,0.5958,1,Medium,109246.17
15608685,Cust8685,810,France,Male,47,4,77778.23,2,1,1,151608.37,0,0.1978,0,Low,15384.53
15608686,Cust8686,375,Spain,Male,48,5,62148.06,3,1,0,120101.11,1,0.384,1,Medium,23864.86
15608687,Cust8687,839,France,Male,82,3,104638.39,2,1,1,43653.89,0,0.4772,1,Medium,49933.44
15608688,Cust8688,725,France,Male,64,3,39463.35,1,0,1,149555.43,0,0.3325,0,Medium,13121.56
15608689,Cust8689,428,Spain,Male,65,7,0.0,2,0,1,17740.14,0,0.2996,0,Low,0.0
15608690,Cust8690,671,Germany,Female,38,4,64962.15,4,0,0,31207.64,0,0.3998,1,Medium,25971.87
15608691,Cust8691,565,France,Male,50,7,0.0,2,1,0,36304.68,1,0.4764,1,Medium,0.0
15608692,Cust8692,517,France,Female,52,0,75219.07,4,0,0,136703.23,1,0.7162,1,High,53871.9
15608693,Cust8693,661,France,Male,76,5,0.0,3,0,1,56798.59,0,0.3618,0,Medium,0.0
15608694,Cust8694,718,Spain,Male,31,3,207434.59,2,1,1,176417.9,0,0.2021,0,Low,41922.53
15608695,Cust8695,797,France,Female,22,3,45119.13,3,1,0,18396.8,0,0.1999,0,Low,9019.31
15608696,Cust8696,559,France,Female,55,5,0.0,4,1,0,187334.96,0,0.3829,1,Medium,0.0
15608697,Cust8697,429,France,Female,78,3,0.0,1,0,0,1011.12,1,0.7515,1,High,0.0
15608698,Cust8698,782,France,Male,72,8,0.0,4,1,0,183468.23,0,0.3264,0,Medium,0.0
15608699,Cust8699,517,France,Female,77,2,0.0,3,0,1,26127.84,1,0.5268,1,Medium,0.0
15608700,Cust8700,730,France,Male,47,9,124982.09,4,0,0,4689.07,0,0.4167,1,Medium,52080.04
15608701,Cust8701,749,Germany,Male,34,3,0.0,4,1,1,53744.03,0,0.1247,0,Low,0.0
15608702,Cust8702,379,France,Male,66,5,0.0,4,1,0,67308.72,0,0.5834,1,Medium,0.0
15608703,Cust8703,555,France,Female,20,1,228494.68,1,1,1,147072.0,0,0.3212,0,Medium,73392.49
15608704,Cust8704,392,France,Female,84,10,0.0,2,1,1,179649.49,0,0.4897,1,Medium,0.0
15608705,Cust8705,653,France,Female,70,7,25374.92,4,0,1,77159.98,0,0.4187,1,Medium,10624.48
15608706,Cust8706,748,France,Female,55,8,0.0,2,1,1,50276.58,0,0.218,0,Low,0.0
15608707,Cust8707,630,France,Male,32,9,0.0,2,0,1,56055.05,0,0.1195,0,Low,0.0
15608708,Cust8708,512,France,Male,36,10,0.0,3,0,1,175160.7,0,0.0933,0,Low,0.0
15608709,Cust8709,837,France,Female,91,2,0.0,2,0,0,10811.17,0,0.4839,1,Medium,0.0
15608710,Cust8710,392,Germany,Female,19,3,0.0,3,1,0,86890.66,0,0.2537,0,Low,0.0
15608711,Cust8711,420,France,Female,18,2,0.0,2,1,1,44135.55,1,0.1719,0,Low,0.0
15608712,Cust8712,533,Spain,Female,43,5,0.0,2,1,1,71385.29,0,0.2339,0,Low,0.0
15608713,Cust8713,825,Germany,Male,35,9,233827.74,1,1,1,52212.18,0,0.1465,0,Low,34255.76
15608714,Cust8714,798,France,Female,68,8,247047.84,4,0,1,156186.86,0,0.363,0,Medium,89678.37
15608715,Cust8715,632,France,Female,21,6,111005.48,1,1,0,50461.23,0,0.1827,0,Low,20280.7
15608716,Cust8716,827,France,Male,76,5,33441.06,1,0,1,180135.46,0,0.3803,0,Medium,12717.64
15608717,Cust8717,802,France,Male,75,8,81479.51,1,0,1,141301.43,1,0.58,1,Medium,47258.12
15608718,Cust8718,644,Germany,Male,34,5,0.0,2,1,0,58543.71,0,0.224,0,Low,0.0
15608719,Cust8719,409,France,Male,60,9,222081.99,1,0,0,13093.72,1,0.8082,1,Critical,179486.66
15608720,Cust8720,800,Spain,Female,67,6,240424.31,4,1,1,34434.2,0,0.5616,1,Medium,135022.29
15608721,Cust8721,671,France,Male,80,7,42413.53,3,1,1,104152.96,0,0.2702,0,Low,11460.14
15608722,Cust8722,420,Germany,Female,72,7,0.0,2,1,0,165184.27,0,0.6573,1,High,0.0
15608723,Cust8723,770,Spain,Male,89,8,207665.77,1,1,1,76764.21,1,0.7508,1,High,155915.46
15608724,Cust8724,549,Germany,Male,26,5,0.0,3,1,0,80099.5,0,0.2449,0,Low,0.0
15608725,Cust8725,744,Spain,Female,63,4,0.0,1,1,0,182990.37,1,0.4914,1,Medium,0.0
15608726,Cust8726,481,Spain,Male,75,4,82917.78,2,1,0,85363.45,0,0.6973,1,High,57818.57
15608727,Cust8727,354,France,Female,35,10,39629.94,3,0,1,34044.34,0,0.1906,0,Low,7553.47
15608728,Cust8728,577,France,Male,34,1,66165.09,4,1,1,36539.4,0,0.2841,0,Low,18797.5
15608729,Cust8729,576,France,Male,24,7,12119.83,3,1,1,170022.22,0,0.0825,0,Low,999.89
15608730,Cust8730,782,France,Female,90,10,96461.61,2,1,0,95985.36,1,0.6984,1,High,67368.79
15608731,Cust8731,407,Germany,Female,82,0,24806.72,3,0,1,156730.06,1,0.5089,1,Medium,12624.14
15608732,Cust8732,807,France,Male,26,6,0.0,3,1,1,114497.8,0,0.0411,0,Low,0.0
15608733,Cust8733,426,France,Female,36,6,199806.12,3,1,1,41994.06,0,0.2239,0,Low,44736.59
15608734,Cust8734,818,Spain,Male,51,3,11907.58,2,0,1,49771.59,0,0.1697,0,Low,2020.72
15608735,Cust8735,703,France,Female,84,1,0.0,4,1,1,27394.13,0,0.36,0,Medium,0.0
15608736,Cust8736,530,Germany,Female,79,7,0.0,2,1,1,20197.4,1,0.5941,1,Medium,0.0
15608737,Cust8737,829,France,Female,82,5,163995.21,1,1,0,122254.43,0,0.7833,1,High,128457.45
15608738,Cust8738,529,Spain,Female,79,8,0.0,2,0,1,158095.54,0,0.465,1,Medium,0.0
15608739,Cust8739,667,Germany,Female,64,0,0.0,4,1,1,137040.73,0,0.2287,0,Low,0.0
15608740,Cust8740,358,France,Female,39,10,2588.01,1,0,1,180699.31,0,0.2958,0,Low,765.53
15608741,Cust8741,401,Germany,Female,62,6,0.0,2,0,1,181303.89,0,0.4255,1,Medium,0.0
15608742,Cust8742,527,France,Female,54,4,240475.52,1,1,0,189190.92,1,0.5685,1,Medium,136710.33
15608743,Cust8743,472,Germany,Male,88,5,0.0,4,1,0,153887.52,1,0.8055,1,Critical,0.0
15608744,Cust8744,463,Germany,Female,51,10,0.0,2,1,0,95610.52,0,0.279,0,Low,0.0
15608745,Cust8745,539,France,Female,73,6,0.0,1,1,0,69574.43,1,0.63,1,High,0.0
15608746,Cust8746,654,Germany,Female,30,6,0.0,3,0,1,15771.31,0,0.0808,0,Low,0.0
15608747,Cust8747,412,Spain,Male,68,7,15113.65,4,1,1,187190.57,0,0.3921,1,Medium,5926.06
15608748,Cust8748,726,Spain,Male,51,3,208273.84,1,1,1,57097.42,1,0.63,1,High,131212.52
15608749,Cust8749,774,Germany,Male,50,2,226219.67,4,1,1,30805.24,1,0.5807,1,Medium,131365.76
15608750,Cust8750,768,Germany,Female,73,8,31957.67,2,0,1,16982.88,0,0.3358,0,Medium,10731.39
15608751,Cust8751,447,France,Male,53,3,0.0,1,1,1,48932.76,0,0.2305,0,Low,0.0
15608752,Cust8752,791,Spain,Female,22,0,208305.84,1,1,0,170844.53,0,0.2562,0,Low,53367.96
15608753,Cust8753,414,Spain,Male,46,5,0.0,2,0,1,189819.11,0,0.182,0,Low,0.0
15608754,Cust8754,403,France,Male,89,0,0.0,1,0,0,50039.82,0,0.6352,1,High,0.0
15608755,Cust8755,713,France,Female,88,6,9869.72,1,1,0,167817.17,0,0.6715,1,High,6627.52
15608756,Cust8756,730,France,Male,63,7,124044.25,1,1,0,117623.72,0,0.6341,1,High,78656.46
15608757,Cust8757,413,France,Female,65,10,0.0,1,0,1,57903.13,0,0.2974,0,Low,0.0
15608758,Cust8758,558,France,Male,37,6,0.0,4,0,0,58783.94,0,0.3006,0,Medium,0.0
15608759,Cust8759,555,France,Male,75,3,67033.6,2,1,1,79821.77,0,0.4649,1,Medium,31163.92
15608760,Cust8760,712,Germany,Female,62,7,155882.8,4,1,0,28608.34,1,0.6728,1,High,104877.95
15608761,Cust8761,608,France,Female,20,6,53137.45,3,1,1,129963.66,0,0.0996,0,Low,5292.49
15608762,Cust8762,650,France,Female,88,8,55531.39,1,1,1,6766.36,0,0.4531,1,Medium,25161.27
15608763,Cust8763,390,Germany,Male,81,10,0.0,2,0,0,178099.83,0,0.5283,1,Medium,0.0
15608764,Cust8764,839,France,Female,24,1,47495.4,1,0,1,151456.45,0,0.1507,0,Low,7157.56
15608765,Cust8765,628,France,Female,48,7,0.0,2,1,1,68737.58,0,0.1616,0,Low,0.0
15608766,Cust8766,684,Spain,Female,72,8,77449.61,4,0,0,98981.61,1,0.8439,1,Critical,65359.73
15608767,Cust8767,590,Spain,Male,72,3,194489.85,2,1,0,82978.64,0,0.7228,1,High,140577.26
15608768,Cust8768,473,Germany,Female,30,4,223527.94,1,1,1,190382.24,0,0.2489,0,Low,55636.1
15608769,Cust8769,684,France,Male,20,4,0.0,1,1,0,98160.01,0,0.192,0,Low,0.0
15608770,Cust8770,494,France,Male,90,4,47828.73,1,1,0,189434.59,0,0.6224,1,High,29768.6
15608771,Cust8771,459,Spain,Female,84,9,0.0,1,0,1,156157.98,1,0.5842,1,Medium,0.0
15608772,Cust8772,626,Germany,Female,72,3,11758.06,4,1,1,155181.09,0,0.529,1,Medium,6220.01
15608773,Cust8773,528,Spain,Female,66,4,0.0,3,0,0,141825.23,1,0.5576,1,Medium,0.0
15608774,Cust8774,798,Germany,Male,68,6,0.0,4,0,0,135292.45,0,0.3487,0,Medium,0.0
15608775,Cust8775,680,France,Male,51,2,0.0,1,0,1,79330.81,0,0.2056,0,Low,0.0
15608776,Cust8776,537,France,Female,68,7,81240.81,3,1,1,20357.45,0,0.371,0,Medium,30140.34
15608777,Cust8777,367,Spain,Male,40,5,0.0,4,1,1,100721.37,0,0.273,0,Low,0.0
15608778,Cust8778,520,Spain,Female,24,1,243200.31,4,1,1,156621.2,0,0.2773,0,Low,67439.45
15608779,Cust8779,408,France,Male,41,2,0.0,3,1,0,24640.86,0,0.2346,0,Low,0.0
15608780,Cust8780,459,Germany,Female,39,0,198181.2,4,1,1,94632.17,0,0.657,1,High,130205.05
15608781,Cust8781,492,France,Female,40,6,185303.9,4,1,0,50806.92,0,0.5378,1,Medium,99656.44
15608782,Cust8782,676,Spain,Female,52,8,0.0,2,1,0,90515.31,0,0.3975,1,Medium,0.0
15608783,Cust8783,403,France,Male,27,10,55917.49,2,1,1,40651.21,0,0.2073,0,Low,11591.7
15608784,Cust8784,431,Germany,Female,48,7,202475.58,1,1,0,135471.04,1,0.7453,1,High,150905.05
15608785,Cust8785,369,France,Male,52,10,28371.97,1,1,0,129109.94,1,0.6211,1,High,17621.83
15608786,Cust8786,809,Germany,Female,31,10,0.0,2,0,0,85895.77,0,0.1418,0,Low,0.0
15608787,Cust8787,844,Germany,Female,51,6,0.0,1,1,0,50326.26,1,0.3018,0,Medium,0.0
15608788,Cust8788,499,France,Female,67,4,248831.61,4,0,0,55784.17,1,0.84,1,Critical,209018.55
15608789,Cust8789,578,Spain,Female,48,9,0.0,2,1,0,39485.64,0,0.324,0,Medium,0.0
15608790,Cust8790,500,Spain,Female,18,6,0.0,2,1,0,193298.79,0,0.1302,0,Low,0.0
15608791,Cust8791,617,Spain,Male,70,8,0.0,4,1,1,46007.08,0,0.4214,1,Medium,0.0
15608792,Cust8792,626,France,Female,60,2,169459.73,1,1,1,85168.26,0,0.4712,1,Medium,79849.42
15608793,Cust8793,477,Germany,Female,49,10,30037.57,3,1,0,100379.57,0,0.3037,0,Medium,9122.41
15608794,Cust8794,673,Germany,Female,19,4,139781.58,3,0,1,134193.38,0,0.1488,0,Low,20799.5
15608795,Cust8795,353,Germany,Male,24,9,158680.42,4,1,1,150255.34,0,0.1532,0,Low,24309.84
15608796,Cust8796,672,France,Female,23,4,225837.13,2,1,1,77083.22,0,0.1193,0,Low,26942.37
15608797,Cust8797,726,Germany,Male,81,9,239323.34,4,1,0,103441.45,1,0.8642,1,Critical,206823.23
15608798,Cust8798,376,France,Male,40,7,58756.8,3,1,1,180044.87,0,0.1899,0,Low,11157.92
15608799,Cust8799,712,France,Female,49,2,52629.71,2,0,0,22990.11,1,0.5148,1,Medium,27093.77
15608800,Cust8800,719,France,Male,69,1,170936.58,3,1,0,88384.24,1,0.7687,1,High,131398.95
15608801,Cust8801,837,France,Male,66,1,0.0,2,1,1,37880.05,0,0.2567,0,Low,0.0
15608802,Cust8802,753,France,Female,22,4,185891.72,3,0,0,9231.17,0,0.1698,0,Low,31564.41
15608803,Cust8803,360,France,Male,86,0,212117.99,2,1,1,31001.67,0,0.599,1,Medium,127058.68
15608804,Cust8804,390,Spain,Female,37,6,0.0,2,1,0,49806.68,0,0.1884,0,Low,0.0
15608805,Cust8805,418,Germany,Female,74,7,219682.63,3,1,1,112733.51,0,0.6276,1,High,137872.82
15608806,Cust8806,641,France,Male,79,8,66358.7,4,0,1,153363.01,0,0.5003,1,Medium,33199.26
15608807,Cust8807,706,Spain,Female,57,10,242349.23,3,1,1,188148.75,0,0.243,0,Low,58890.86
15608808,Cust8808,679,Spain,Male,29,8,107565.5,2,1,1,191630.24,0,0.0939,0,Low,10100.4
15608809,Cust8809,515,Spain,Female,58,10,0.0,1,1,0,175760.14,1,0.4331,1,Medium,0.0
15608810,Cust8810,450,Spain,Male,36,6,49983.87,4,1,0,103011.57,0,0.2948,0,Low,14735.24
15608811,Cust8811,381,Spain,Female,80,9,0.0,4,1,1,84790.44,0,0.5255,1,Medium,0.0
15608812,Cust8812,537,Germany,Female,73,8,0.0,1,1,1,90034.23,0,0.5507,1,Medium,0.0
15608813,Cust8813,500,Spain,Male,78,9,183710.72,4,1,1,193054.89,0,0.4617,1,Medium,84819.24
15608814,Cust8814,502,Spain,Female,79,4,235524.96,3,1,1,117882.52,1,0.6036,1,High,142162.87
15608815,Cust8815,393,France,Female,31,5,210780.76,4,1,0,149055.38,0,0.547,1,Medium,115297.08
15608816,Cust8816,495,Spain,Female,20,10,170088.27,3,0,1,13002.48,0,0.1285,0,Low,21856.34
15608817,Cust8817,769,Spain,Male,64,4,29734.52,1,1,0,194770.64,0,0.3885,1,Medium,11551.86
15608818,Cust8818,470,Spain,Male,63,6,245989.95,2,1,1,104129.53,0,0.4653,1,Medium,114459.12
15608819,Cust8819,789,Spain,Female,82,7,85990.61,4,1,1,120536.74,0,0.516,1,Medium,44371.15
15608820,Cust8820,393,France,Male,65,2,0.0,1,0,1,161573.7,0,0.4818,1,Medium,0.0
15608821,Cust8821,669,France,Male,77,0,68245.02,3,1,1,16907.53,1,0.6497,1,High,44338.79
15608822,Cust8822,404,Germany,Male,43,7,206830.54,4,1,1,2534.08,1,0.7555,1,High,156260.47
15608823,Cust8823,543,Germany,Male,27,8,94605.08,1,1,0,191074.17,0,0.166,0,Low,15704.44
15608824,Cust8824,827,Spain,Male,20,6,97669.38,3,1,1,42672.24,0,0.0638,0,Low,6231.31
15608825,Cust8825,735,Spain,Male,50,7,1120.01,2,0,1,21164.86,0,0.1537,0,Low,172.15
15608826,Cust8826,607,Germany,Female,18,0,0.0,2,1,0,187142.69,1,0.568,1,Medium,0.0
15608827,Cust8827,666,Spain,Female,56,1,0.0,1,1,1,75069.9,0,0.2827,0,Low,0.0
15608828,Cust8828,680,France,Female,47,8,230462.39,2,1,0,170874.12,1,0.4872,1,Medium,112281.28
15608829,Cust8829,746,Spain,Male,37,6,195787.47,1,1,1,186249.41,0,0.2014,0,Low,39431.6
15608830,Cust8830,647,France,Female,61,2,238018.01,2,1,1,39302.2,0,0.4328,1,Medium,103014.19
15608831,Cust8831,605,Germany,Female,68,6,97436.32,3,1,1,13852.84,0,0.3845,1,Medium,37464.27
15608832,Cust8832,387,France,Female,20,0,165432.51,2,0,1,7862.66,0,0.2513,0,Low,41573.19
15608833,Cust8833,830,Germany,Female,53,8,112950.49,4,0,0,55277.22,0,0.4251,1,Medium,48015.25
15608834,Cust8834,633,France,Male,87,0,0.0,3,1,0,35662.06,1,0.7171,1,High,0.0
15608835,Cust8835,495,France,Female,40,9,81065.29,4,1,1,180307.85,1,0.4564,1,Medium,36998.2
15608836,Cust8836,417,Germany,Female,75,2,0.0,3,1,1,185750.07,0,0.4546,1,Medium,0.0
15608837,Cust8837,652,Germany,Male,42,2,91485.88,1,1,0,88401.21,0,0.4761,1,Medium,43556.43
15608838,Cust8838,742,France,Male,38,10,0.0,3,1,0,70555.59,0,0.2112,0,Low,0.0
15608839,Cust8839,754,Germany,Male,81,8,0.0,3,0,1,81592.83,0,0.492,1,Medium,0.0
15608840,Cust8840,793,France,Male,44,3,51866.87,2,1,0,166751.95,0,0.2443,0,Low,12671.08
15608841,Cust8841,797,France,Female,82,2,162826.98,1,1,0,28960.22,0,0.6766,1,High,110168.73
15608842,Cust8842,662,France,Female,66,1,76489.33,1,1,0,30171.54,0,0.5617,1,Medium,42964.06
15608843,Cust8843,824,Germany,Female,78,4,20665.31,1,1,1,56012.38,1,0.5983,1,Medium,12364.05
15608844,Cust8844,387,Spain,Female,78,6,0.0,2,1,0,116570.87,1,0.7567,1,High,0.0
15608845,Cust8845,547,Germany,Male,85,5,196444.78,4,0,1,142465.79,0,0.6613,1,High,129908.93
15608846,Cust8846,592,Spain,Male,59,9,0.0,1,1,1,198099.6,0,0.2968,0,Low,0.0
15608847,Cust8847,700,Germany,Female,88,8,100067.42,4,1,0,8177.06,1,0.7085,1,High,70897.77
15608848,Cust8848,499,Spain,Female,22,2,189245.06,3,1,1,71381.65,1,0.3112,0,Medium,58893.06
15608849,Cust8849,495,Spain,Male,54,9,0.0,4,0,0,61587.92,0,0.3764,0,Medium,0.0
15608850,Cust8850,802,France,Female,47,5,154754.3,3,0,1,8443.53,0,0.3054,0,Medium,47261.96
15608851,Cust8851,675,France,Male,25,0,10067.59,2,1,1,158377.8,0,0.0745,0,Low,750.04
15608852,Cust8852,668,France,Female,82,9,0.0,1,1,1,85186.51,0,0.3383,0,Medium,0.0
15608853,Cust8853,442,Germany,Male,77,8,48815.7,3,1,0,122835.58,1,0.73,1,High,35635.46
15608854,Cust8854,600,Germany,Male,73,3,187413.49,3,1,1,90456.37,1,0.5872,1,Medium,110049.2
15608855,Cust8855,561,France,Male,64,9,0.0,2,1,0,73230.49,0,0.4926,1,Medium,0.0
15608856,Cust8856,660,Spain,Female,62,9,161805.22,4,1,1,27524.13,1,0.6926,1,High,112066.3
15608857,Cust8857,811,Spain,Male,46,10,48017.18,3,1,1,178193.37,0,0.1076,0,Low,5166.65
15608858,Cust8858,489,France,Male,68,10,194404.32,2,1,1,23890.39,0,0.5101,1,Medium,99165.64
15608859,Cust8859,756,France,Female,90,2,0.0,1,1,0,115705.3,1,0.5039,1,Medium,0.0
15608860,Cust8860,667,France,Female,36,6,223505.85,3,1,0,195229.21,0,0.4001,1,Medium,89424.69
15608861,Cust8861,598,France,Male,43,1,96193.53,1,1,1,57322.76,0,0.2436,0,Low,23432.74
15608862,Cust8862,825,Spain,Female,26,7,181771.92,3,1,0,95475.56,0,0.1703,0,Low,30955.76
15608863,Cust8863,423,Germany,Female,85,5,42373.76,4,0,0,149131.69,1,0.903,1,Critical,38263.51
15608864,Cust8864,689,France,Male,57,9,78570.63,3,1,0,51353.81,1,0.6599,1,High,51848.76
15608865,Cust8865,549,France,Female,61,9,123818.29,2,0,1,45033.2,0,0.482,1,Medium,59680.42
15608866,Cust8866,691,France,Male,37,3,124088.75,4,1,1,22148.79,0,0.1994,0,Low,24743.3
15608867,Cust8867,419,France,Female,20,3,0.0,4,1,0,4545.32,0,0.311,0,Medium,0.0
15608868,Cust8868,718,France,Male,77,0,137079.73,2,1,1,56543.49,1,0.6617,1,High,90705.66
15608869,Cust8869,384,Germany,Male,81,5,0.0,1,1,1,135837.07,1,0.6298,1,High,0.0
15608870,Cust8870,524,Germany,Female,43,4,230920.0,4,1,1,15037.42,0,0.4076,1,Medium,94122.99
15608871,Cust8871,804,Spain,Female,74,10,0.0,4,1,1,153563.28,0,0.33,0,Medium,0.0
15608872,Cust8872,666,France,Female,60,8,109769.75,4,0,1,85468.7,0,0.3486,0,Medium,38265.73
15608873,Cust8873,596,Spain,Male,65,5,0.0,4,0,1,110799.6,0,0.4691,1,Medium,0.0
15608874,Cust8874,515,France,Female,30,6,195418.68,2,1,0,62443.73,0,0.3064,0,Medium,59876.28
15608875,Cust8875,394,France,Female,63,6,17383.71,1,1,0,131852.56,0,0.6385,1,High,11099.5
15608876,Cust8876,405,Spain,Female,29,9,175744.51,2,1,1,151214.05,0,0.2443,0,Low,42934.38
15608877,Cust8877,709,Germany,Male,34,10,0.0,2,0,0,17032.41,0,0.138,0,Low,0.0
15608878,Cust8878,487,France,Female,44,4,109799.18,2,0,1,177542.47,0,0.2051,0,Low,22519.81
15608879,Cust8879,387,France,Female,33,4,3316.34,4,1,1,117652.04,0,0.2968,0,Low,984.29
15608880,Cust8880,569,Germany,Male,85,7,61842.13,4,0,0,129904.18,0,0.7226,1,High,44687.12
15608881,Cust8881,548,Spain,Male,20,3,235261.5,1,1,0,105345.73,0,0.4078,1,Medium,95939.64
15608882,Cust8882,829,Germany,Female,84,1,29504.89,4,1,0,18678.14,1,0.6927,1,High,20438.04
15608883,Cust8883,465,France,Female,29,3,0.0,2,1,1,89158.54,0,0.1811,0,Low,0.0
15608884,Cust8884,484,France,Male,82,3,0.0,1,1,1,35337.7,0,0.5152,1,Medium,0.0
15608885,Cust8885,432,France,Male,42,6,215756.43,2,0,0,102179.58,0,0.4409,1,Medium,95127.01
15608886,Cust8886,444,France,Female,86,8,115098.01,1,1,1,180267.88,0,0.4083,1,Medium,46994.52
15608887,Cust8887,617,Germany,Male,58,1,1348.75,1,1,1,94247.22,0,0.3334,0,Medium,449.67
15608888,Cust8888,461,Spain,Male,54,0,145942.63,2,0,1,41834.96,0,0.3219,0,Medium,46978.93
15608889,Cust8889,710,France,Female,27,1,204190.47,1,1,0,101057.82,1,0.5201,1,Medium,106199.46
15608890,Cust8890,759,Spain,Female,50,10,71517.7,1,1,1,67551.49,0,0.3023,0,Medium,21619.8
15608891,Cust8891,594,Germany,Male,59,2,43183.86,1,1,0,185746.36,0,0.428,1,Medium,18482.69
15608892,Cust8892,469,Spain,Female,90,5,226164.68,4,1,1,85233.61,1,0.8254,1,Critical,186676.33
15608893,Cust8893,761,France,Female,37,5,0.0,1,1,1,159391.42,0,0.0825,0,Low,0.0
15608894,Cust8894,834,France,Female,24,3,0.0,4,1,1,96364.39,0,0.1336,0,Low,0.0
15608895,Cust8895,809,France,Female,36,9,0.0,4,0,1,47225.05,0,0.0706,0,Low,0.0
15608896,Cust8896,810,France,Male,35,0,0.0,2,0,0,132653.86,0,0.0951,0,Low,0.0
15608897,Cust8897,754,France,Female,88,5,236022.15,1,1,0,3784.11,0,0.6957,1,High,164200.61
15608898,Cust8898,719,France,Male,29,4,25790.25,2,0,1,163294.41,0,0.0718,0,Low,1851.74
15608899,Cust8899,829,France,Female,91,8,109103.73,1,1,0,178408.0,1,0.7982,1,High,87086.6
15608900,Cust8900,520,France,Female,26,2,169804.19,1,1,1,109533.46,0,0.3173,0,Medium,53878.87
15608901,Cust8901,815,Spain,Female,78,10,0.0,4,1,0,49518.83,0,0.5638,1,Medium,0.0
15608902,Cust8902,360,Spain,Male,48,8,0.0,1,1,1,34872.71,0,0.1906,0,Low,0.0
15608903,Cust8903,767,France,Female,22,8,0.0,4,0,0,144298.59,0,0.1336,0,Low,0.0
15608904,Cust8904,517,Spain,Male,63,5,151421.86,3,0,0,42891.38,1,0.7199,1,High,109008.6
15608905,Cust8905,496,France,Male,71,7,70634.79,2,1,1,102207.96,0,0.4673,1,Medium,33007.64
15608906,Cust8906,688,France,Female,80,2,0.0,2,1,0,172587.54,1,0.5995,1,Medium,0.0
15608907,Cust8907,437,Spain,Female,31,0,0.0,2,1,1,152815.81,0,0.1071,0,Low,0.0
15608908,Cust8908,847,France,Male,63,8,156726.46,2,1,0,2947.19,0,0.3575,0,Medium,56029.71
15608909,Cust8909,714,France,Female,60,4,0.0,2,1,1,140706.69,0,0.3087,0,Medium,0.0
15608910,Cust8910,359,France,Female,50,3,0.0,2,0,0,2398.84,0,0.3266,0,Medium,0.0
15608911,Cust8911,773,Germany,Male,84,2,28647.16,4,1,1,64825.47,1,0.6005,1,High,17202.62
15608912,Cust8912,404,Germany,Female,49,6,210043.79,4,1,1,74872.22,1,0.7714,1,High,162027.78
15608913,Cust8913,762,France,Male,46,5,205078.39,4,1,1,94397.43,0,0.3644,0,Medium,74730.57
15608914,Cust8914,757,France,Male,56,7,153325.67,4,1,0,130966.89,0,0.4515,1,Medium,69226.54
15608915,Cust8915,672,France,Male,86,10,142835.54,2,1,0,198208.76,1,0.8556,1,Critical,122210.09
15608916,Cust8916,650,Germany,Female,82,9,34082.45,4,1,0,35416.56,1,0.8461,1,Critical,28837.16
15608917,Cust8917,765,France,Female,70,3,111682.88,2,1,1,134248.48,0,0.2916,0,Low,32566.73
15608918,Cust8918,776,Spain,Male,23,2,120966.32,1,1,1,36314.89,0,0.1544,0,Low,18677.2
15608919,Cust8919,704,Germany,Male,40,1,115353.74,3,1,0,66488.92,0,0.307,0,Medium,35413.6
15608920,Cust8920,435,France,Female,19,6,60522.9,4,1,1,162827.49,0,0.1335,0,Low,8079.81
15608921,Cust8921,683,Germany,Female,25,9,30952.92,4,1,1,14344.8,0,0.0659,0,Low,2039.8
15608922,Cust8922,450,France,Female,79,2,0.0,1,1,1,3990.36,1,0.4989,1,Medium,0.0
15608923,Cust8923,373,France,Female,78,10,139086.16,1,1,1,72076.0,1,0.7054,1,High,98111.38
15608924,Cust8924,426,France,Female,25,4,215642.35,1,1,1,87945.47,0,0.2374,0,Low,51193.49
15608925,Cust8925,580,France,Female,51,8,167996.27,4,0,1,82369.49,1,0.6081,1,High,102158.53
15608926,Cust8926,832,Germany,Male,38,3,0.0,3,1,0,117338.74,0,0.1937,0,Low,0.0
15608927,Cust8927,366,Spain,Male,23,1,53999.4,4,0,0,146966.69,0,0.27,0,Low,14579.84
15608928,Cust8928,387,France,Male,46,5,26508.55,1,1,0,128556.17,1,0.3642,0,Medium,9654.41
15608929,Cust8929,396,France,Female,25,6,153467.57,3,1,0,147656.98,0,0.3273,0,Medium,50229.94
15608930,Cust8930,445,Germany,Female,72,5,137336.63,2,1,1,103998.3,0,0.6071,1,High,83377.07
15608931,Cust8931,621,France,Female,89,4,24115.78,3,1,1,88367.82,0,0.376,0,Medium,9067.53
15608932,Cust8932,761,France,Male,49,7,152823.84,3,0,0,26190.52,1,0.6201,1,High,94766.06
15608933,Cust8933,373,Spain,Male,35,6,0.0,3,1,0,197128.84,0,0.2594,0,Low,0.0
15608934,Cust8934,753,Spain,Female,54,1,0.0,1,1,1,131345.54,0,0.1851,0,Low,0.0
15608935,Cust8935,807,Spain,Male,89,7,246307.14,4,0,1,46047.65,1,0.8555,1,Critical,210715.76
15608936,Cust8936,389,France,Female,29,3,138929.09,4,1,1,137475.6,0,0.3691,0,Medium,51278.73
15608937,Cust8937,575,France,Male,68,8,82441.82,3,0,0,107533.83,1,0.6601,1,High,54419.85
15608938,Cust8938,758,France,Female,24,5,24513.95,1,0,1,80791.64,0,0.0566,0,Low,1387.49
15608939,Cust8939,700,Spain,Female,40,2,0.0,4,1,0,123022.55,1,0.2539,0,Low,0.0
15608940,Cust8940,442,France,Male,50,1,235644.79,3,1,1,44552.64,0,0.4042,1,Medium,95247.62
15608941,Cust8941,424,France,Male,46,10,0.0,4,1,1,194330.41,1,0.5372,1,Medium,0.0
15608942,Cust8942,573,France,Female,31,7,0.0,3,1,0,87565.32,0,0.2108,0,Low,0.0
15608943,Cust8943,774,Spain,Male,75,2,161386.89,3,0,0,114345.48,1,0.808,1,Critical,130400.61
15608944,Cust8944,825,Spain,Female,67,5,27789.2,4,0,1,20582.89,0,0.2985,0,Low,8295.08
15608945,Cust8945,589,Germany,Male,50,1,0.0,1,1,0,175906.9,1,0.6016,1,High,0.0
15608946,Cust8946,615,France,Male,48,9,54660.5,1,1,1,136083.96,0,0.1821,0,Low,9953.68
15608947,Cust8947,629,Germany,Male,23,9,56315.96,2,1,0,19888.3,0,0.1679,0,Low,9455.45
15608948,Cust8948,595,France,Male,66,8,150765.42,3,0,1,85537.92,0,0.4523,1,Medium,68191.2
15608949,Cust8949,674,France,Male,35,5,0.0,2,0,1,52156.05,0,0.0892,0,Low,0.0
15608950,Cust8950,487,France,Male,40,1,137588.24,2,0,0,96812.04,0,0.4365,1,Medium,60057.27
15608951,Cust8951,620,Germany,Female,81,5,0.0,1,0,1,83282.18,0,0.5809,1,Medium,0.0
15608952,Cust8952,657,France,Female,65,5,0.0,3,0,1,155345.64,0,0.3427,0,Medium,0.0
15608953,Cust8953,632,Spain,Male,69,3,0.0,3,1,0,113559.48,0,0.3978,1,Medium,0.0
15608954,Cust8954,838,France,Male,37,4,0.0,3,1,1,88252.36,0,0.0711,0,Low,0.0
15608955,Cust8955,723,France,Female,55,0,0.0,3,1,0,34831.16,1,0.5074,1,Medium,0.0
15608956,Cust8956,717,Germany,Female,19,5,0.0,4,0,0,189084.27,1,0.4804,1,Medium,0.0
15608957,Cust8957,754,Germany,Male,36,2,214140.6,1,0,1,60659.24,0,0.1802,0,Low,38588.14
15608958,Cust8958,614,France,Female,77,9,0.0,3,1,0,12427.29,1,0.6055,1,High,0.0
15608959,Cust8959,503,Germany,Male,53,8,0.0,3,1,1,59323.06,0,0.228,0,Low,0.0
15608960,Cust8960,618,France,Female,64,6,29488.53,2,1,1,36718.79,0,0.2813,0,Low,8295.12
15608961,Cust8961,811,France,Female,76,2,144471.94,1,1,0,73427.09,0,0.6561,1,High,94788.04
15608962,Cust8962,790,Germany,Female,87,7,190045.22,4,1,0,163447.56,0,0.8391,1,Critical,159466.94
15608963,Cust8963,527,Germany,Female,24,10,0.0,4,0,1,75648.27,0,0.097,0,Low,0.0
15608964,Cust8964,592,France,Male,60,6,125696.15,2,0,1,91715.91,0,0.445,1,Medium,55934.79
15608965,Cust8965,486,France,Female,91,8,160623.81,3,0,1,159044.14,1,0.7379,1,High,118524.31
15608966,Cust8966,356,Germany,Female,32,9,0.0,1,1,1,101731.46,0,0.1431,0,Low,0.0
15608967,Cust8967,506,France,Male,81,9,173376.79,1,0,1,144987.48,0,0.7676,1,High,133084.02
15608968,Cust8968,400,Spain,Male,60,1,85656.59,4,1,0,96521.4,1,0.813,1,Critical,69638.81
15608969,Cust8969,529,Germany,Female,41,9,155754.68,4,1,1,68966.23,1,0.2732,0,Low,42552.18
15608970,Cust8970,376,Spain,Male,75,8,0.0,1,0,1,100632.28,0,0.5609,1,Medium,0.0
15608971,Cust8971,508,France,Female,82,7,0.0,1,1,0,195698.35,0,0.5326,1,Medium,0.0
15608972,Cust8972,707,Spain,Male,28,2,159723.79,1,1,1,21574.83,0,0.1496,0,Low,23894.68
15608973,Cust8973,772,France,Male,68,5,87894.86,1,1,0,177179.85,0,0.414,1,Medium,36388.47
15608974,Cust8974,794,France,Male,87,9,180310.16,2,1,1,125142.26,0,0.6082,1,High,109664.64
15608975,Cust8975,631,France,Female,67,10,0.0,2,0,0,193615.2,0,0.3455,0,Medium,0.0
15608976,Cust8976,623,France,Female,58,1,0.0,3,1,1,49960.7,0,0.2862,0,Low,0.0
15608977,Cust8977,834,Spain,Male,28,4,90641.76,1,1,1,76312.61,0,0.1014,0,Low,9191.07
15608978,Cust8978,628,Germany,Female,51,6,38117.0,4,0,1,21930.89,0,0.2706,0,Low,10314.46
15608979,Cust8979,392,Germany,Male,85,1,169224.91,4,1,0,10498.22,0,0.7345,1,High,124295.7
15608980,Cust8980,818,Germany,Female,77,2,0.0,3,1,0,92914.72,0,0.5236,1,Medium,0.0
15608981,Cust8981,657,Germany,Female,51,6,33227.17,4,1,1,17929.68,0,0.2247,0,Low,7466.15
15608982,Cust8982,683,Germany,Male,40,7,140364.31,1,1,1,120519.63,0,0.3441,0,Medium,48299.36
15608983,Cust8983,398,Spain,Female,77,1,247469.69,4,1,1,112772.44,1,0.6335,1,High,156772.05
15608984,Cust8984,585,Germany,Male,89,4,12832.42,2,1,0,189065.4,1,0.5621,1,Medium,7213.1
15608985,Cust8985,579,Germany,Female,40,7,128879.59,2,1,1,182289.93,0,0.2956,0,Low,38096.81
15608986,Cust8986,758,France,Male,78,10,233956.4,3,1,1,58998.55,0,0.4942,1,Medium,115621.25
15608987,Cust8987,541,Spain,Female,40,10,239781.84,2,1,0,184849.18,0,0.4372,1,Medium,104832.62
15608988,Cust8988,521,France,Female,79,3,0.0,1,0,1,10920.15,1,0.4994,1,Medium,0.0
15608989,Cust8989,691,France,Male,89,7,42901.53,2,1,0,146584.01,0,0.4705,1,Medium,20185.17
15608990,Cust8990,357,Spain,Male,67,6,0.0,4,0,1,116091.51,0,0.3958,1,Medium,0.0
15608991,Cust8991,723,France,Female,54,2,0.0,1,0,1,71011.39,0,0.2009,0,Low,0.0
15608992,Cust8992,353,France,Male,41,5,0.0,4,1,0,164309.28,0,0.3975,1,Medium,0.0
15608993,Cust8993,469,France,Female,22,1,148990.03,4,0,1,70689.51,0,0.2734,0,Low,40733.87
15608994,Cust8994,599,France,Male,21,1,192060.07,2,1,1,106080.37,1,0.1732,0,Low,33264.8
15608995,Cust8995,447,Spain,Male,79,3,158539.35,1,1,1,137066.73,0,0.6883,1,High,109122.63
15608996,Cust8996,367,Spain,Female,66,2,0.0,4,0,1,53561.01,1,0.3873,1,Medium,0.0
15608997,Cust8997,560,France,Male,34,1,0.0,2,0,0,23298.05,1,0.3229,0,Medium,0.0
15608998,Cust8998,704,Spain,Male,58,0,0.0,1,1,0,138983.39,1,0.4624,1,Medium,0.0
15608999,Cust8999,471,Germany,Female,83,6,0.0,3,0,1,37150.21,1,0.6702,1,High,0.0
15609000,Cust9000,487,Spain,Male,65,0,0.0,2,1,0,42454.36,1,0.4729,1,Medium,0.0
15609001,Cust9001,688,France,Male,85,8,0.0,3,1,1,40006.84,0,0.3489,0,Medium,0.0
15609002,Cust9002,824,France,Female,26,0,84042.3,1,1,0,149479.63,0,0.1562,0,Low,13127.41
15609003,Cust9003,609,France,Female,23,7,57989.32,4,0,1,62926.35,1,0.4245,1,Medium,24616.47
15609004,Cust9004,630,France,Male,67,1,164519.89,1,1,1,148120.42,1,0.6859,1,High,112844.19
15609005,Cust9005,764,Germany,Male,61,6,21056.43,4,1,1,113498.42,1,0.5451,1,Medium,11477.86
15609006,Cust9006,383,France,Female,68,1,196812.74,4,1,1,101426.15,1,0.7358,1,High,144814.81
15609007,Cust9007,841,Germany,Female,90,4,56721.17,2,1,0,180823.13,1,0.7996,1,High,45354.25
15609008,Cust9008,588,Germany,Male,26,7,148368.8,3,1,1,115602.28,0,0.1259,0,Low,18679.63
15609009,Cust9009,539,France,Female,86,1,75890.49,4,1,1,47334.68,1,0.7364,1,High,55885.76
15609010,Cust9010,659,France,Female,22,1,0.0,3,1,1,196719.75,0,0.0687,0,Low,0.0
15609011,Cust9011,806,Germany,Female,56,7,0.0,4,1,0,62055.16,0,0.4494,1,Medium,0.0
15609012,Cust9012,819,Spain,Female,79,7,0.0,4,1,1,94776.52,0,0.4161,1,Medium,0.0
15609013,Cust9013,739,France,Female,68,4,8272.67,4,1,1,75329.53,0,0.3485,0,Medium,2883.03
15609014,Cust9014,592,Spain,Male,34,1,19348.14,4,1,0,147841.07,0,0.3473,0,Medium,6719.61
15609015,Cust9015,424,Spain,Male,62,3,0.0,4,0,0,92873.41,0,0.6193,1,High,0.0
15609016,Cust9016,445,Germany,Female,84,2,114754.96,1,1,1,70018.83,1,0.7403,1,High,84953.1
15609017,Cust9017,768,France,Female,33,7,20820.23,3,1,0,129466.07,0,0.1866,0,Low,3885.05
15609018,Cust9018,412,Germany,Female,87,3,103167.31,3,1,1,98460.61,1,0.7812,1,High,80594.3
15609019,Cust9019,591,Spain,Female,66,4,174463.83,1,1,1,3519.42,0,0.4089,1,Medium,71338.26
15609020,Cust9020,554,France,Male,24,2,219967.16,3,0,0,128987.03,0,0.3273,0,Medium,71995.25
15609021,Cust9021,705,Spain,Female,42,1,55357.94,4,1,1,31826.51,0,0.2589,0,Low,14332.17
15609022,Cust9022,521,Spain,Male,81,8,219166.98,3,1,1,192109.72,0,0.5979,1,Medium,131039.94
15609023,Cust9023,702,France,Female,43,5,244521.02,2,1,1,148866.16,0,0.2659,0,Low,65018.14
15609024,Cust9024,604,Germany,Male,88,6,0.0,2,0,1,74726.28,1,0.6007,1,High,0.0
15609025,Cust9025,793,Germany,Female,49,3,184305.14,4,0,0,12048.92,0,0.473,1,Medium,87176.33
15609026,Cust9026,443,Spain,Female,43,0,120759.37,2,1,1,65542.98,0,0.2885,0,Low,34839.08
15609027,Cust9027,731,Spain,Female,81,8,18711.99,3,1,0,130288.09,0,0.4573,1,Medium,8556.99
15609028,Cust9028,711,France,Female,76,7,0.0,4,0,0,179730.49,1,0.7808,1,High,0.0
15609029,Cust9029,763,France,Female,35,0,0.0,2,0,1,149535.76,0,0.0564,0,Low,0.0
15609030,Cust9030,595,France,Male,75,9,80693.76,1,0,1,154033.98,1,0.4192,1,Medium,33826.82
15609031,Cust9031,510,Spain,Female,36,9,48935.26,4,1,0,26077.02,0,0.3583,0,Medium,17533.5
15609032,Cust9032,609,France,Male,84,9,16371.17,2,1,0,45879.95,0,0.474,1,Medium,7759.93
15609033,Cust9033,837,Spain,Female,18,5,0.0,2,0,0,158090.69,0,0.0906,0,Low,0.0
15609034,Cust9034,447,France,Male,67,7,231192.23,4,1,1,75279.69,0,0.5874,1,Medium,135802.32
15609035,Cust9035,681,France,Male,29,0,10235.34,1,1,0,171679.87,0,0.196,0,Low,2006.13
15609036,Cust9036,462,Spain,Female,68,6,152886.96,3,0,0,8089.91,1,0.8034,1,Critical,122829.38
15609037,Cust9037,737,Germany,Male,90,1,208890.5,4,0,1,123404.47,1,0.789,1,High,164814.6
15609038,Cust9038,562,France,Male,67,10,94925.63,4,0,0,101788.06,1,0.723,1,High,68631.23
15609039,Cust9039,780,France,Female,50,10,0.0,2,1,1,160968.72,0,0.1079,0,Low,0.0
15609040,Cust9040,431,France,Female,78,1,0.0,1,1,1,33914.46,1,0.6322,1,High,0.0
15609041,Cust9041,412,France,Male,32,5,16349.9,4,0,1,39624.63,0,0.2027,0,Low,3314.12
15609042,Cust9042,826,France,Male,58,6,0.0,1,1,0,98542.81,0,0.2472,0,Low,0.0
15609043,Cust9043,518,Germany,Male,89,8,0.0,4,1,1,120851.78,0,0.58,1,Medium,0.0
15609044,Cust9044,392,France,Female,44,5,171242.37,3,1,0,32502.82,0,0.4275,1,Medium,73206.11
15609045,Cust9045,768,France,Male,20,9,77524.39,2,1,1,181262.89,0,0.1317,0,Low,10209.96
15609046,Cust9046,557,France,Female,50,3,200625.74,2,1,0,168619.28,1,0.666,1,High,133616.74
15609047,Cust9047,811,France,Female,53,3,146759.02,3,1,0,25135.0,1,0.6816,1,High,100030.95
15609048,Cust9048,569,Spain,Male,78,8,0.0,4,0,1,169909.32,0,0.5373,1,Medium,0.0
15609049,Cust9049,728,France,Female,77,6,0.0,1,0,1,182898.2,0,0.3188,0,Medium,0.0
15609050,Cust9050,639,France,Female,43,0,181213.38,1,1,1,48907.87,0,0.224,0,Low,40591.8
15609051,Cust9051,591,Germany,Female,75,7,0.0,4,0,0,172922.84,1,0.8083,1,Critical,0.0
15609052,Cust9052,593,Spain,Female,28,3,110479.2,2,1,1,112620.31,0,0.1235,0,Low,13644.18
15609053,Cust9053,475,Spain,Female,32,9,0.0,2,1,1,160481.16,0,0.0925,0,Low,0.0
15609054,Cust9054,719,Spain,Female,62,9,180502.09,1,1,1,120510.74,0,0.43,1,Medium,77615.9
15609055,Cust9055,613,Spain,Female,70,4,173072.48,2,1,1,59619.98,0,0.4517,1,Medium,78176.84
15609056,Cust9056,350,Germany,Male,77,9,1987.77,3,0,1,138453.88,0,0.4896,1,Medium,973.21
15609057,Cust9057,549,Spain,Male,64,10,4330.37,4,1,0,139933.51,0,0.4154,1,Medium,1798.84
15609058,Cust9058,553,France,Female,27,8,0.0,1,1,1,144235.57,0,0.0868,0,Low,0.0
15609059,Cust9059,793,Spain,Male,67,6,0.0,2,1,0,152023.03,0,0.3481,0,Medium,0.0
15609060,Cust9060,563,Spain,Male,49,10,193212.26,3,1,1,129270.79,0,0.2457,0,Low,47472.25
15609061,Cust9061,634,Spain,Male,37,9,136723.66,4,0,0,86820.32,1,0.5277,1,Medium,72149.08
15609062,Cust9062,391,France,Male,43,5,126223.89,2,1,1,66505.23,0,0.2781,0,Low,35102.86
15609063,Cust9063,546,Spain,Male,77,0,21399.85,2,0,0,181921.4,1,0.7322,1,High,15668.97
15609064,Cust9064,492,France,Female,31,6,193655.82,4,1,0,162809.86,1,0.7367,1,High,142666.24
15609065,Cust9065,599,Germany,Female,59,5,23211.09,4,0,1,167041.8,0,0.2689,0,Low,6241.46
15609066,Cust9066,800,France,Male,24,4,55453.43,4,0,0,18265.77,1,0.2476,0,Low,13730.27
15609067,Cust9067,817,Germany,Male,71,1,0.0,3,1,1,81302.27,0,0.2776,0,Low,0.0
15609068,Cust9068,493,Germany,Female,29,7,173144.29,3,1,1,70860.73,0,0.1395,0,Low,24153.63
15609069,Cust9069,657,France,Female,87,10,0.0,3,0,1,175166.42,0,0.2942,0,Low,0.0
15609070,Cust9070,828,France,Male,83,6,0.0,3,0,0,66276.26,0,0.5373,1,Medium,0.0
15609071,Cust9071,464,France,Female,81,2,0.0,1,1,0,188075.22,0,0.557,1,Medium,0.0
15609072,Cust9072,569,Germany,Male,43,0,0.0,4,0,0,161942.96,0,0.3594,0,Medium,0.0
15609073,Cust9073,600,Germany,Male,75,7,61690.19,3,1,1,173733.18,1,0.4617,1,Medium,28482.36
15609074,Cust9074,351,Germany,Female,27,1,0.0,2,1,0,21294.71,0,0.2698,0,Low,0.0
15609075,Cust9075,583,France,Female,39,0,89850.76,3,0,0,195176.21,0,0.2922,0,Low,26254.39
15609076,Cust9076,410,Spain,Female,27,2,147157.8,1,0,0,73973.74,1,0.5618,1,Medium,82673.25
15609077,Cust9077,505,Germany,Female,22,2,0.0,3,1,1,16060.29,0,0.1511,0,Low,0.0
15609078,Cust9078,407,France,Female,45,3,0.0,2,1,1,124709.56,0,0.2245,0,Low,0.0
15609079,Cust9079,718,France,Female,60,3,0.0,4,1,1,172919.03,1,0.3942,1,Medium,0.0
15609080,Cust9080,768,France,Female,81,2,21280.12,1,1,1,145606.31,0,0.4407,1,Medium,9378.15
15609081,Cust9081,484,France,Female,20,8,29595.04,3,1,0,141060.13,0,0.261,0,Low,7724.31
15609082,Cust9082,370,France,Male,48,9,0.0,2,1,0,188234.54,0,0.335,0,Medium,0.0
15609083,Cust9083,596,France,Female,70,2,0.0,2,0,1,193450.42,0,0.348,0,Medium,0.0
15609084,Cust9084,407,France,Female,32,4,0.0,2,0,0,164780.24,1,0.2604,0,Low,0.0
15609085,Cust9085,570,France,Female,72,8,208134.67,4,1,0,156810.95,0,0.8368,1,Critical,174167.09
15609086,Cust9086,622,France,Female,60,10,212263.78,1,0,1,70101.98,0,0.4791,1,Medium,101695.58
15609087,Cust9087,583,Spain,Female,59,8,178288.8,3,1,0,92542.13,0,0.5592,1,Medium,99699.1
15609088,Cust9088,611,Germany,Male,27,6,89120.57,1,1,1,105988.47,1,0.3328,0,Medium,29659.33
15609089,Cust9089,633,France,Male,30,10,0.0,4,0,1,95817.94,0,0.1372,0,Low,0.0
15609090,Cust9090,431,Germany,Female,82,7,143651.65,2,1,0,161406.72,1,0.8432,1,Critical,121127.07
15609091,Cust9091,692,Germany,Female,82,7,165586.38,4,1,0,198641.94,1,0.7221,1,High,119569.92
15609092,Cust9092,684,France,Female,51,0,21970.93,2,1,0,41148.14,0,0.3022,0,Medium,6639.62
15609093,Cust9093,421,France,Female,62,7,218679.2,1,1,0,157749.74,1,0.733,1,High,160291.85
15609094,Cust9094,567,France,Female,58,3,87170.01,3,1,1,122214.41,1,0.4587,1,Medium,39984.88
15609095,Cust9095,494,Germany,Male,56,6,67306.32,2,0,1,145329.24,0,0.2983,0,Low,20077.48
15609096,Cust9096,549,France,Male,70,6,0.0,1,1,0,100123.3,1,0.6312,1,High,0.0
15609097,Cust9097,737,France,Male,60,1,0.0,1,1,0,139221.93,1,0.4838,1,Medium,0.0
15609098,Cust9098,648,Germany,Male,27,5,248542.33,2,1,1,125074.4,0,0.1237,0,Low,30744.69
15609099,Cust9099,804,Spain,Male,24,5,0.0,3,1,0,131150.98,0,0.1292,0,Low,0.0
15609100,Cust9100,635,France,Female,80,0,0.0,4,1,0,190193.39,0,0.5896,1,Medium,0.0
15609101,Cust9101,372,Germany,Male,72,9,0.0,2,1,0,9168.45,1,0.6694,1,High,0.0
15609102,Cust9102,706,France,Female,32,10,145310.15,4,1,1,59211.33,0,0.121,0,Low,17582.53
15609103,Cust9103,386,Germany,Male,22,0,200129.62,3,1,0,128886.75,0,0.32,0,Medium,64041.48
15609104,Cust9104,521,Germany,Male,34,1,226322.35,3,1,0,76455.28,0,0.3957,1,Medium,89555.75
15609105,Cust9105,817,Germany,Male,60,1,37502.21,1,1,1,89991.17,0,0.266,0,Low,9975.59
15609106,Cust9106,845,France,Female,61,4,0.0,4,0,0,85364.81,0,0.3437,0,Medium,0.0
15609107,Cust9107,424,France,Female,30,6,100403.62,3,0,0,155642.91,0,0.2061,0,Low,20693.19
15609108,Cust9108,843,Spain,Female,31,2,0.0,4,1,1,11402.68,0,0.1055,0,Low,0.0
15609109,Cust9109,840,France,Female,33,9,0.0,1,0,1,89989.66,0,0.1036,0,Low,0.0
15609110,Cust9110,790,Spain,Female,50,3,86251.06,4,1,0,133390.36,0,0.3328,0,Medium,28704.35
15609111,Cust9111,764,France,Female,35,3,0.0,2,0,0,81878.36,0,0.192,0,Low,0.0
15609112,Cust9112,387,France,Female,51,6,0.0,2,1,1,13003.22,0,0.1798,0,Low,0.0
15609113,Cust9113,410,France,Male,19,9,93005.52,3,1,0,189958.3,0,0.2729,0,Low,25381.21
15609114,Cust9114,657,France,Male,87,2,170178.45,1,1,0,75807.9,0,0.7691,1,High,130884.25
15609115,Cust9115,401,Spain,Female,83,3,213008.63,3,1,0,188064.49,1,0.8321,1,Critical,177244.48
15609116,Cust9116,475,France,Male,43,3,83987.85,2,1,1,184281.39,0,0.2767,0,Low,23239.44
15609117,Cust9117,839,Germany,Male,77,5,0.0,3,0,0,27327.05,1,0.6935,1,High,0.0
15609118,Cust9118,806,Germany,Female,57,4,172958.48,3,1,1,127606.99,0,0.3261,0,Medium,56401.76
15609119,Cust9119,477,Spain,Male,20,10,107455.54,3,1,1,57377.18,0,0.1489,0,Low,16000.13
15609120,Cust9120,619,Germany,Female,39,1,44416.99,4,1,1,41201.82,0,0.3103,0,Medium,13782.59
15609121,Cust9121,619,Spain,Female,22,4,213541.49,1,1,1,112307.35,0,0.1441,0,Low,30771.33
15609122,Cust9122,481,Spain,Female,70,2,0.0,4,1,1,107283.94,0,0.4287,1,Medium,0.0
15609123,Cust9123,468,France,Female,75,6,61585.7,3,1,0,176948.54,1,0.7505,1,High,46220.07
15609124,Cust9124,569,Spain,Female,63,8,0.0,4,1,1,135415.56,0,0.3622,0,Medium,0.0
15609125,Cust9125,650,Spain,Female,18,10,0.0,2,0,1,146679.07,0,0.0623,0,Low,0.0
15609126,Cust9126,752,France,Male,35,4,0.0,3,1,0,158184.44,0,0.1265,0,Low,0.0
15609127,Cust9127,770,Germany,Female,52,2,0.0,1,1,1,13531.57,0,0.2696,0,Low,0.0
15609128,Cust9128,360,France,Male,28,10,45809.09,2,1,1,72533.92,0,0.1841,0,Low,8433.45
15609129,Cust9129,679,Germany,Female,25,1,16979.05,4,1,0,122271.38,0,0.387,1,Medium,6570.89
15609130,Cust9130,658,France,Male,40,1,227355.49,4,0,1,155189.17,0,0.2361,0,Low,53678.63
15609131,Cust9131,373,Germany,Female,61,10,11182.62,4,0,0,161163.48,1,0.764,1,High,8543.52
15609132,Cust9132,768,France,Male,24,9,15419.76,4,0,0,174289.0,0,0.2033,0,Low,3134.84
15609133,Cust9133,648,Germany,Female,91,6,0.0,1,1,0,134988.9,1,0.7589,1,High,0.0
15609134,Cust9134,710,France,Male,51,3,223435.98,2,1,0,28219.73,1,0.5035,1,Medium,112500.02
15609135,Cust9135,681,Germany,Male,30,10,177428.16,1,1,1,55510.16,1,0.6424,1,High,113979.85
15609136,Cust9136,517,France,Male,19,10,0.0,3,1,0,121382.02,1,0.5243,1,Medium,0.0
15609137,Cust9137,450,Germany,Male,88,9,67662.54,4,1,1,126265.57,0,0.6664,1,High,45090.32
15609138,Cust9138,539,France,Female,61,8,240344.47,4,1,1,1154.77,1,0.815,1,Critical,195880.74
15609139,Cust9139,731,France,Female,82,6,175020.63,4,1,1,99191.21,1,0.7634,1,High,133610.75
15609140,Cust9140,669,France,Male,75,4,206951.14,2,0,1,195653.78,0,0.5198,1,Medium,107573.2
15609141,Cust9141,664,Spain,Female,90,5,111591.92,2,0,0,11830.81,1,0.821,1,Critical,91616.97
15609142,Cust9142,415,France,Female,83,5,194130.81,3,1,0,73721.95,1,0.8401,1,Critical,163089.29
15609143,Cust9143,354,Germany,Male,74,5,245192.88,4,1,1,117425.29,1,0.8093,1,Critical,198434.6
15609144,Cust9144,684,France,Female,80,9,89180.03,4,1,1,187403.63,0,0.2526,0,Low,22526.88
15609145,Cust9145,826,Germany,Male,81,1,0.0,1,1,1,14942.36,1,0.4461,1,Medium,0.0
15609146,Cust9146,529,France,Male,36,0,10736.92,2,0,0,167252.05,0,0.2216,0,Low,2379.3
15609147,Cust9147,573,France,Male,62,4,184255.63,1,1,1,61678.6,0,0.5203,1,Medium,95868.2
15609148,Cust9148,829,France,Male,90,2,60167.48,1,1,0,59768.16,1,0.7308,1,High,43970.39
15609149,Cust9149,466,France,Male,82,9,63477.81,1,1,1,54408.13,0,0.5148,1,Medium,32678.38
15609150,Cust9150,611,France,Male,25,9,158001.8,3,0,1,177206.45,0,0.1219,0,Low,19260.42
15609151,Cust9151,393,France,Male,26,10,184707.11,3,1,0,33149.61,0,0.3141,0,Medium,58016.5
15609152,Cust9152,482,Germany,Male,32,4,101869.05,2,0,1,14556.85,0,0.1464,0,Low,14913.63
15609153,Cust9153,537,Spain,Female,72,10,236135.43,3,1,0,159221.83,1,0.7059,1,High,166688.0
15609154,Cust9154,693,France,Female,47,1,0.0,3,0,1,174550.2,0,0.1457,0,Low,0.0
15609155,Cust9155,504,Spain,Male,64,10,131837.5,3,1,0,51416.13,0,0.6467,1,High,85259.31
15609156,Cust9156,580,France,Female,28,2,154332.41,4,1,0,194638.35,1,0.6418,1,High,99050.54
15609157,Cust9157,499,France,Male,22,0,154345.33,1,0,0,186529.32,0,0.3432,0,Medium,52971.32
15609158,Cust9158,420,France,Female,75,9,0.0,4,1,1,24271.48,0,0.4914,1,Medium,0.0
15609159,Cust9159,747,France,Male,39,5,158470.82,1,1,0,31132.56,0,0.2534,0,Low,40156.51
15609160,Cust9160,687,France,Female,21,4,0.0,1,1,1,75908.47,0,0.0549,0,Low,0.0
15609161,Cust9161,673,Spain,Female,33,2,203520.52,3,1,0,134454.82,1,0.3532,0,Medium,71883.45
15609162,Cust9162,642,Germany,Male,41,4,244362.7,2,1,0,1484.83,0,0.3282,0,Medium,80199.84
15609163,Cust9163,416,Germany,Male,47,6,234924.6,3,0,0,122437.92,1,0.77,1,High,180891.94
15609164,Cust9164,608,France,Male,84,1,129981.88,4,1,0,171184.98,1,0.858,1,Critical,111524.45
15609165,Cust9165,704,France,Male,32,10,0.0,2,1,1,95625.06,0,0.0683,0,Low,0.0
15609166,Cust9166,597,Germany,Male,62,7,100607.17,4,0,0,16053.99,1,0.7847,1,High,78946.45
15609167,Cust9167,712,France,Female,38,9,0.0,3,1,1,38005.33,0,0.0906,0,Low,0.0
15609168,Cust9168,514,France,Male,54,0,0.0,1,0,1,123120.36,0,0.2036,0,Low,0.0
15609169,Cust9169,607,France,Female,39,9,0.0,2,1,1,123363.46,0,0.1464,0,Low,0.0
15609170,Cust9170,540,France,Male,43,9,228633.79,1,1,0,29116.23,0,0.4104,1,Medium,93831.31
15609171,Cust9171,848,Germany,Male,62,4,168750.87,4,0,1,124964.35,0,0.3561,0,Medium,60092.18
15609172,Cust9172,439,France,Male,61,6,4319.94,2,0,0,61509.85,0,0.4543,1,Medium,1962.55
15609173,Cust9173,492,France,Female,27,5,130671.69,4,1,0,20588.8,0,0.3476,0,Medium,45421.48
15609174,Cust9174,691,Spain,Male,29,9,91472.09,1,1,1,111089.32,0,0.1436,0,Low,13135.39
15609175,Cust9175,379,Spain,Male,35,3,202193.86,2,1,1,136846.74,0,0.3573,0,Medium,72243.87
15609176,Cust9176,606,France,Male,84,10,28711.11,4,1,1,52502.81,1,0.5915,1,Medium,16982.62
15609177,Cust9177,364,France,Female,41,6,151015.76,4,1,1,155202.25,0,0.4438,1,Medium,67020.79
15609178,Cust9178,614,Spain,Male,60,0,178017.55,1,1,1,12843.64,1,0.5992,1,Medium,106668.12
15609179,Cust9179,510,France,Male,51,3,148863.72,2,1,0,53893.26,1,0.5695,1,Medium,84777.89
15609180,Cust9180,445,France,Female,44,1,68608.77,4,1,0,88998.67,1,0.6337,1,High,43477.38
15609181,Cust9181,599,France,Female,20,8,198297.59,2,0,1,96578.19,0,0.1084,0,Low,21495.46
15609182,Cust9182,515,France,Male,50,4,198398.59,2,0,1,123618.2,0,0.4091,1,Medium,81164.86
15609183,Cust9183,389,Spain,Female,91,5,90232.41,3,0,0,62637.66,1,0.8264,1,Critical,74568.06
15609184,Cust9184,616,Spain,Female,87,3,0.0,4,1,1,32450.51,1,0.6796,1,High,0.0
15609185,Cust9185,633,Spain,Female,40,7,165973.77,4,0,0,193569.5,1,0.6463,1,High,107268.85
15609186,Cust9186,681,Germany,Male,57,10,91954.86,4,0,1,23133.84,0,0.2,0,Low,18390.97
15609187,Cust9187,801,Germany,Female,39,9,86337.33,1,1,1,1152.33,0,0.15,0,Low,12950.6
15609188,Cust9188,701,Spain,Male,86,10,112639.62,4,1,1,108615.31,0,0.3747,0,Medium,42206.07
15609189,Cust9189,749,Germany,Male,59,3,0.0,1,1,1,30604.12,0,0.2835,0,Low,0.0
15609190,Cust9190,674,France,Male,86,7,0.0,4,1,1,132211.03,0,0.4313,1,Medium,0.0
15609191,Cust9191,686,France,Female,81,6,0.0,4,1,1,131499.59,1,0.464,1,Medium,0.0
15609192,Cust9192,747,Germany,Female,42,3,178365.73,1,1,0,100607.49,1,0.5386,1,Medium,96067.78
15609193,Cust9193,681,France,Male,51,9,22058.6,2,1,1,67389.05,0,0.1837,0,Low,4052.16
15609194,Cust9194,601,France,Female,60,10,84446.25,4,0,1,137837.21,0,0.2608,0,Low,22023.58
15609195,Cust9195,715,France,Male,36,10,47403.42,4,1,1,118440.02,0,0.1092,0,Low,5176.45
15609196,Cust9196,833,Germany,Female,79,10,0.0,4,1,1,55730.91,0,0.4102,1,Medium,0.0
15609197,Cust9197,597,France,Female,59,1,149535.19,2,1,0,22862.66,0,0.5542,1,Medium,82872.4
15609198,Cust9198,463,France,Female,33,1,245613.53,1,1,1,26468.84,1,0.588,1,Medium,144420.76
15609199,Cust9199,551,France,Female,53,7,111924.1,4,1,1,114277.66,0,0.2812,0,Low,31473.06
15609200,Cust9200,357,France,Female,78,7,0.0,4,1,0,90780.35,0,0.6568,1,High,0.0
15609201,Cust9201,503,Spain,Female,49,4,0.0,1,1,0,135304.45,0,0.4183,1,Medium,0.0
15609202,Cust9202,794,France,Female,70,1,91736.0,3,0,1,9037.86,0,0.2,0,Low,18347.2
15609203,Cust9203,399,France,Female,90,3,44495.98,4,1,1,194287.38,1,0.8243,1,Critical,36678.04
15609204,Cust9204,794,France,Male,42,1,92747.16,2,1,0,111456.96,0,0.2522,0,Low,23390.83
15609205,Cust9205,631,Spain,Female,91,1,59545.92,4,0,1,42429.97,1,0.7825,1,High,46594.68
15609206,Cust9206,509,Germany,Male,48,2,49303.13,2,0,1,40690.67,0,0.2992,0,Low,14751.5
15609207,Cust9207,586,France,Female,59,6,120910.07,4,1,0,175089.24,0,0.6876,1,High,83137.76
15609208,Cust9208,790,France,Female,75,5,0.0,2,1,0,16711.64,0,0.4233,1,Medium,0.0
15609209,Cust9209,409,Germany,Female,23,3,221416.17,1,0,1,21488.42,0,0.2224,0,Low,49242.96
15609210,Cust9210,633,Spain,Female,69,5,0.0,4,1,1,156238.43,1,0.5976,1,Medium,0.0
15609211,Cust9211,484,France,Female,59,7,0.0,2,1,1,189481.08,1,0.4737,1,Medium,0.0
15609212,Cust9212,621,France,Female,66,1,0.0,2,1,1,88172.45,0,0.3879,1,Medium,0.0
15609213,Cust9213,744,France,Male,88,3,0.0,1,1,0,19371.37,0,0.4886,1,Medium,0.0
15609214,Cust9214,811,France,Male,53,2,0.0,2,1,0,137868.1,0,0.1999,0,Low,0.0
15609215,Cust9215,478,Germany,Female,86,0,123508.99,4,1,1,54409.0,1,0.7413,1,High,91557.21
15609216,Cust9216,682,Spain,Male,60,1,217533.99,2,0,1,189842.52,0,0.3988,1,Medium,86752.56
15609217,Cust9217,563,Spain,Female,33,8,176656.82,2,0,0,180265.35,0,0.3136,0,Medium,55399.58
15609218,Cust9218,601,Spain,Female,66,9,0.0,2,0,1,175896.07,0,0.3285,0,Medium,0.0
15609219,Cust9219,430,France,Female,32,1,21035.38,3,0,0,579.34,0,0.2438,0,Low,5128.43
15609220,Cust9220,779,Spain,Female,84,8,234066.04,4,1,0,187930.64,0,0.8557,1,Critical,200290.31
15609221,Cust9221,435,France,Male,29,2,0.0,1,0,1,136920.17,0,0.1732,0,Low,0.0
15609222,Cust9222,369,France,Male,54,1,114591.41,2,1,1,9715.0,1,0.5798,1,Medium,66440.1
15609223,Cust9223,728,Germany,Male,78,2,165456.2,3,1,0,143675.32,0,0.6748,1,High,111649.84
15609224,Cust9224,553,France,Female,18,10,76197.99,2,0,0,183990.49,0,0.2008,0,Low,15300.56
15609225,Cust9225,383,Spain,Male,54,3,175349.67,3,1,0,68930.56,0,0.4684,1,Medium,82133.79
15609226,Cust9226,691,Spain,Female,55,8,0.0,2,0,0,135848.31,0,0.393,1,Medium,0.0
15609227,Cust9227,492,Spain,Male,43,5,0.0,1,1,0,66494.68,0,0.2689,0,Low,0.0
15609228,Cust9228,839,Spain,Male,67,4,110151.09,4,0,1,131098.31,0,0.2464,0,Low,27141.23
15609229,Cust9229,841,France,Female,42,8,113888.53,3,1,1,105387.54,0,0.2015,0,Low,22948.54
15609230,Cust9230,625,France,Male,45,10,235689.9,1,1,0,25852.81,1,0.7052,1,High,166208.52
15609231,Cust9231,588,Spain,Male,38,7,0.0,1,1,1,1504.81,0,0.1451,0,Low,0.0
15609232,Cust9232,572,Germany,Male,64,9,0.0,2,0,0,152820.62,0,0.4303,1,Medium,0.0
15609233,Cust9233,653,Spain,Male,83,1,69616.98,4,1,0,44353.0,1,0.8749,1,Critical,60907.9
15609234,Cust9234,805,France,Female,31,9,74843.7,2,1,0,81851.73,0,0.1823,0,Low,13644.01
15609235,Cust9235,671,France,Female,48,2,0.0,4,1,1,178755.39,0,0.1597,0,Low,0.0
15609236,Cust9236,399,France,Female,34,2,0.0,2,1,0,169292.62,0,0.2995,0,Low,0.0
15609237,Cust9237,448,Germany,Male,36,9,120672.91,1,1,1,127502.03,0,0.153,0,Low,18462.96
15609238,Cust9238,665,Spain,Female,89,5,0.0,1,1,0,55373.36,1,0.6667,1,High,0.0
15609239,Cust9239,535,Spain,Male,70,2,0.0,2,1,1,24926.22,0,0.3358,0,Medium,0.0
15609240,Cust9240,590,France,Male,87,0,0.0,1,1,0,35789.57,1,0.676,1,High,0.0
15609241,Cust9241,550,France,Female,65,2,45771.69,3,1,1,189796.03,1,0.3536,0,Medium,16184.87
15609242,Cust9242,648,France,Female,67,9,0.0,4,1,1,126142.75,1,0.6114,1,High,0.0
15609243,Cust9243,465,France,Female,70,0,0.0,4,1,1,82689.61,0,0.3374,0,Medium,0.0
15609244,Cust9244,386,France,Male,66,10,158211.9,2,1,1,188904.17,1,0.5392,1,Medium,85307.86
15609245,Cust9245,467,Germany,Female,78,8,117622.72,4,1,1,106596.49,1,0.6865,1,High,80748.0
15609246,Cust9246,684,France,Male,42,2,34714.47,4,1,1,80554.73,0,0.2298,0,Low,7977.39
15609247,Cust9247,654,France,Female,25,8,115021.68,2,0,1,25204.27,0,0.0914,0,Low,10512.98
15609248,Cust9248,755,Germany,Female,54,5,240421.79,2,1,1,16920.58,0,0.3671,0,Medium,88258.84
15609249,Cust9249,404,Spain,Female,18,3,187032.64,2,1,0,133960.22,0,0.3457,0,Medium,64657.18
15609250,Cust9250,420,France,Male,21,5,0.0,2,1,1,11059.82,0,0.0983,0,Low,0.0
15609251,Cust9251,414,France,Male,21,0,0.0,1,1,1,16417.69,0,0.1345,0,Low,0.0
15609252,Cust9252,631,Germany,Female,23,9,207180.28,4,1,1,192299.53,0,0.12,0,Low,24861.63
15609253,Cust9253,637,Spain,Female,70,8,0.0,2,0,1,118629.22,0,0.3401,0,Medium,0.0
15609254,Cust9254,429,Spain,Female,62,1,0.0,1,1,0,178852.93,0,0.5792,1,Medium,0.0
15609255,Cust9255,575,France,Female,87,1,0.0,4,0,0,33896.17,1,0.7627,1,High,0.0
15609256,Cust9256,375,Germany,Male,39,4,199723.59,1,0,1,190030.11,0,0.263,0,Low,52527.3
15609257,Cust9257,656,Spain,Female,42,5,248835.55,4,1,1,141394.16,0,0.3039,0,Medium,75621.12
15609258,Cust9258,635,France,Female,54,8,0.0,1,1,0,63117.98,1,0.3851,1,Medium,0.0
15609259,Cust9259,363,France,Male,75,9,0.0,2,1,1,181121.59,1,0.5992,1,Medium,0.0
15609260,Cust9260,394,Spain,Female,86,0,0.0,3,0,1,20936.23,0,0.5138,1,Medium,0.0
15609261,Cust9261,703,France,Male,71,2,0.0,1,0,1,178956.68,0,0.2999,0,Low,0.0
15609262,Cust9262,800,Germany,Female,55,6,0.0,3,1,0,132207.53,0,0.312,0,Medium,0.0
15609263,Cust9263,775,Spain,Male,90,4,0.0,3,0,1,101722.53,0,0.3707,0,Medium,0.0
15609264,Cust9264,634,France,Female,31,10,133962.0,4,0,1,176092.27,0,0.1965,0,Low,26323.53
15609265,Cust9265,612,Germany,Female,52,7,185976.66,2,1,1,2735.91,0,0.3044,0,Medium,56611.3
15609266,Cust9266,755,France,Female,36,3,0.0,4,1,1,111272.53,0,0.0972,0,Low,0.0
15609267,Cust9267,771,Spain,Female,30,7,0.0,4,0,0,101592.29,0,0.111,0,Low,0.0
15609268,Cust9268,804,Spain,Female,47,4,103309.84,4,1,0,31043.81,0,0.3843,1,Medium,39701.97
15609269,Cust9269,550,Spain,Male,74,5,0.0,3,1,1,51914.0,1,0.4917,1,Medium,0.0
15609270,Cust9270,588,France,Female,41,7,0.0,1,0,1,36833.08,0,0.1538,0,Low,0.0
15609271,Cust9271,389,Spain,Female,78,4,0.0,3,0,1,49288.25,0,0.4705,1,Medium,0.0
15609272,Cust9272,437,Spain,Female,63,7,24005.86,3,0,0,140770.16,0,0.5249,1,Medium,12600.68
15609273,Cust9273,539,Germany,Female,70,4,0.0,2,1,1,193011.05,0,0.4106,1,Medium,0.0
15609274,Cust9274,755,Germany,Female,35,6,0.0,3,1,1,129979.72,0,0.0654,0,Low,0.0
15609275,Cust9275,573,France,Female,81,5,103226.93,3,1,0,110406.12,0,0.7073,1,High,73012.41
15609276,Cust9276,644,Spain,Male,33,6,0.0,3,1,0,98495.85,0,0.2432,0,Low,0.0
15609277,Cust9277,783,France,Male,45,3,125070.36,3,1,1,27996.82,0,0.3041,0,Medium,38033.9
15609278,Cust9278,588,France,Male,75,1,10117.66,3,0,1,150059.8,0,0.3874,1,Medium,3919.58
15609279,Cust9279,517,Spain,Female,69,2,0.0,3,1,0,182360.25,1,0.5279,1,Medium,0.0
15609280,Cust9280,715,Spain,Female,40,3,0.0,2,1,0,74649.61,1,0.4065,1,Medium,0.0
15609281,Cust9281,507,Spain,Female,37,3,171975.26,3,1,1,23269.3,0,0.2343,0,Low,40293.8
15609282,Cust9282,544,France,Male,50,4,0.0,1,0,1,139660.79,1,0.2751,0,Low,0.0
15609283,Cust9283,794,France,Female,51,5,0.0,4,1,0,149194.02,0,0.2422,0,Low,0.0
15609284,Cust9284,569,France,Male,22,2,0.0,4,1,1,28379.31,1,0.501,1,Medium,0.0
15609285,Cust9285,475,France,Female,35,4,190141.91,2,0,0,48280.19,0,0.3558,0,Medium,67652.49
15609286,Cust9286,768,Spain,Male,29,3,24217.87,1,1,1,68009.6,0,0.1201,0,Low,2908.57
15609287,Cust9287,671,Germany,Female,29,6,186677.15,1,1,0,64704.8,0,0.3016,0,Medium,56301.83
15609288,Cust9288,734,France,Male,44,5,0.0,3,1,0,55146.78,0,0.3009,0,Medium,0.0
15609289,Cust9289,513,France,Male,20,6,0.0,1,1,0,117260.6,0,0.161,0,Low,0.0
15609290,Cust9290,741,France,Male,68,4,0.0,1,1,1,170247.52,0,0.3683,0,Medium,0.0
15609291,Cust9291,826,Spain,Female,67,10,0.0,3,1,1,117338.02,0,0.2375,0,Low,0.0
15609292,Cust9292,431,Germany,Male,34,5,132410.87,2,0,0,32122.74,0,0.303,0,Medium,40120.49
15609293,Cust9293,445,France,Male,82,6,61665.62,2,1,1,28266.72,1,0.5783,1,Medium,35661.23
15609294,Cust9294,632,France,Male,61,4,0.0,2,0,0,193384.72,0,0.312,0,Medium,0.0
15609295,Cust9295,712,France,Female,41,8,176646.18,3,1,1,1725.35,0,0.1814,0,Low,32043.62
15609296,Cust9296,350,France,Male,32,6,0.0,2,1,0,186915.41,0,0.1645,0,Low,0.0
15609297,Cust9297,625,Spain,Female,49,1,247898.99,1,0,1,93053.39,0,0.3741,0,Medium,92739.01
15609298,Cust9298,413,Germany,Female,89,8,0.0,2,1,1,1152.22,1,0.7054,1,High,0.0
15609299,Cust9299,840,France,Female,18,8,61788.43,4,1,0,48902.84,0,0.2101,0,Low,12981.75
15609300,Cust9300,713,Spain,Male,19,4,0.0,3,1,1,123228.59,0,0.0634,0,Low,0.0
15609301,Cust9301,848,France,Female,48,5,0.0,3,1,0,41492.54,0,0.2424,0,Low,0.0
15609302,Cust9302,459,France,Female,86,0,180859.05,2,0,0,184676.06,0,0.7842,1,High,141829.67
15609303,Cust9303,747,Germany,Male,38,9,64414.41,1,0,0,6184.75,0,0.2562,0,Low,16502.97
15609304,Cust9304,541,France,Female,73,8,47062.52,3,0,0,67688.77,1,0.7972,1,High,37518.24
15609305,Cust9305,401,France,Male,60,10,108901.84,2,1,1,69108.39,0,0.3629,0,Medium,39520.48
15609306,Cust9306,590,Spain,Female,32,6,0.0,1,1,0,140329.5,0,0.1461,0,Low,0.0
15609307,Cust9307,584,Spain,Female,85,2,70979.13,2,1,0,197265.61,1,0.7705,1,High,54689.42
15609308,Cust9308,600,France,Female,30,3,0.0,1,1,1,189947.09,0,0.1078,0,Low,0.0
15609309,Cust9309,778,Germany,Male,55,10,0.0,4,1,1,83786.03,0,0.1582,0,Low,0.0
15609310,Cust9310,490,France,Male,67,0,154136.81,4,1,1,127439.08,1,0.7376,1,High,113691.31
15609311,Cust9311,669,Germany,Male,67,7,27826.34,4,1,1,183737.18,1,0.7176,1,High,19968.18
15609312,Cust9312,449,France,Female,81,0,218483.15,4,0,0,150009.06,0,0.8149,1,Critical,178041.92
15609313,Cust9313,790,Germany,Female,70,8,24199.9,4,1,0,30297.0,1,0.7561,1,High,18297.54
15609314,Cust9314,579,France,Female,66,6,99052.55,2,1,1,183878.09,0,0.279,0,Low,27635.66
15609315,Cust9315,750,Spain,Male,29,5,125245.41,2,1,1,89873.61,0,0.1184,0,Low,14829.06
15609316,Cust9316,484,Spain,Male,40,7,145530.48,1,1,0,84704.49,0,0.4455,1,Medium,64833.83
15609317,Cust9317,506,France,Male,43,3,0.0,4,0,1,13473.68,0,0.2165,0,Low,0.0
15609318,Cust9318,842,Spain,Female,45,6,178271.0,1,1,0,171915.13,0,0.3029,0,Medium,53998.29
15609319,Cust9319,447,France,Male,26,8,85339.95,2,1,0,182890.5,0,0.1919,0,Low,16376.74
15609320,Cust9320,631,Germany,Female,25,5,63172.58,2,1,0,179003.87,0,0.2298,0,Low,14517.06
15609321,Cust9321,511,France,Female,50,0,113294.11,3,1,1,38767.71,0,0.2638,0,Low,29886.99
15609322,Cust9322,545,France,Male,71,10,28358.12,4,1,0,21894.98,1,0.6492,1,High,18410.09
15609323,Cust9323,698,Germany,Male,83,5,241539.54,3,0,0,44470.62,0,0.7294,1,High,176178.94
15609324,Cust9324,741,France,Female,87,4,137524.4,4,0,1,50366.89,0,0.5309,1,Medium,73011.7
15609325,Cust9325,591,Germany,Female,53,0,36013.44,2,1,0,67142.94,0,0.2842,0,Low,10235.02
15609326,Cust9326,669,Germany,Male,84,0,0.0,4,1,1,102098.13,1,0.3755,0,Medium,0.0
15609327,Cust9327,371,France,Female,51,2,180094.87,1,1,1,197291.52,0,0.4281,1,Medium,77098.61
15609328,Cust9328,467,France,Male,53,10,0.0,2,1,0,73677.95,1,0.3175,0,Medium,0.0
15609329,Cust9329,721,Germany,Male,33,7,0.0,1,1,1,44647.96,0,0.089,0,Low,0.0
15609330,Cust9330,683,Germany,Female,64,4,125153.76,2,1,0,41285.4,0,0.6013,1,High,75254.96
15609331,Cust9331,372,France,Male,40,8,53187.88,4,0,1,118493.95,0,0.2308,0,Low,12275.76
15609332,Cust9332,796,France,Male,53,4,197813.88,3,1,0,137775.15,0,0.3702,0,Medium,73230.7
15609333,Cust9333,555,Germany,Male,87,9,0.0,3,1,1,92065.5,1,0.5918,1,Medium,0.0
15609334,Cust9334,502,Germany,Female,58,3,0.0,1,0,1,162974.33,1,0.3196,0,Medium,0.0
15609335,Cust9335,581,Spain,Female,40,7,1680.23,4,0,1,3085.24,0,0.2055,0,Low,345.29
15609336,Cust9336,547,France,Female,67,4,152320.02,4,1,0,121990.91,1,0.8651,1,Critical,131772.05
15609337,Cust9337,602,Germany,Male,72,7,0.0,3,0,0,121104.78,0,0.5658,1,Medium,0.0
15609338,Cust9338,432,Germany,Male,62,2,0.0,2,1,1,179772.4,0,0.3395,0,Medium,0.0
15609339,Cust9339,419,France,Male,21,10,0.0,1,0,0,40913.12,0,0.1739,0,Low,0.0
15609340,Cust9340,845,France,Male,34,3,41909.31,2,0,0,74600.57,0,0.2317,0,Low,9710.39
15609341,Cust9341,724,France,Male,27,5,0.0,1,1,0,98749.36,0,0.2046,0,Low,0.0
15609342,Cust9342,530,Spain,Female,88,7,219077.53,3,1,1,104794.6,0,0.6054,1,High,132629.54
15609343,Cust9343,775,France,Male,41,7,42721.07,3,1,0,56511.85,0,0.1976,0,Low,8441.68
15609344,Cust9344,748,Germany,Male,53,6,0.0,1,0,1,101998.89,0,0.2003,0,Low,0.0
15609345,Cust9345,699,Germany,Female,84,9,7011.7,2,1,0,32559.22,1,0.6777,1,High,4751.83
15609346,Cust9346,711,France,Male,91,10,160472.28,3,1,1,74207.11,0,0.4918,1,Medium,78920.27
15609347,Cust9347,826,Spain,Male,34,8,136619.82,1,1,0,188869.82,0,0.1894,0,Low,25875.79
15609348,Cust9348,767,Germany,Female,81,2,194567.97,4,1,1,37026.31,1,0.7994,1,High,155537.64
15609349,Cust9349,479,France,Female,71,8,0.0,2,0,0,27433.69,0,0.54,1,Medium,0.0
15609350,Cust9350,714,Spain,Male,63,5,88471.07,3,1,0,6021.33,0,0.4975,1,Medium,44014.36
15609351,Cust9351,430,Germany,Male,30,5,0.0,3,1,1,146421.67,0,0.106,0,Low,0.0
15609352,Cust9352,601,France,Female,69,10,12768.4,3,1,0,123885.58,0,0.5129,1,Medium,6548.91
15609353,Cust9353,383,Germany,Female,63,5,0.0,3,1,0,40346.23,0,0.5639,1,Medium,0.0
15609354,Cust9354,434,Germany,Male,51,9,229721.02,3,0,0,80798.05,0,0.5631,1,Medium,129355.91
15609355,Cust9355,711,France,Female,61,7,0.0,1,1,1,38399.75,0,0.295,0,Low,0.0
15609356,Cust9356,536,Spain,Female,33,0,0.0,2,1,1,139730.35,0,0.1211,0,Low,0.0
15609357,Cust9357,431,Germany,Male,64,7,0.0,4,1,1,27568.47,0,0.3541,0,Medium,0.0
15609358,Cust9358,840,Germany,Female,29,5,0.0,2,1,0,151085.5,0,0.136,0,Low,0.0
15609359,Cust9359,820,France,Female,39,6,0.0,4,1,0,67991.07,0,0.2153,0,Low,0.0
15609360,Cust9360,464,France,Female,54,3,57533.94,3,0,0,95087.96,0,0.3898,1,Medium,22426.73
15609361,Cust9361,649,France,Female,29,2,42054.65,4,0,1,161407.41,0,0.195,0,Low,8200.66
15609362,Cust9362,497,Germany,Male,85,8,214583.08,1,1,0,106351.64,1,0.8484,1,Critical,182052.29
15609363,Cust9363,752,Germany,Female,83,2,117213.38,1,0,0,77240.3,0,0.755,1,High,88496.1
15609364,Cust9364,694,Spain,Female,53,1,0.0,2,1,0,76629.22,0,0.2318,0,Low,0.0
15609365,Cust9365,567,France,Female,60,5,0.0,4,1,1,104576.16,0,0.3471,0,Medium,0.0
15609366,Cust9366,816,Germany,Male,39,7,39182.51,3,0,0,32880.9,0,0.2819,0,Low,11045.55
15609367,Cust9367,718,Spain,Female,33,2,30481.07,3,0,0,55516.11,0,0.2411,0,Low,7348.99
15609368,Cust9368,425,Spain,Male,89,3,111691.64,1,1,1,111381.19,0,0.5763,1,Medium,64367.89
15609369,Cust9369,572,Spain,Male,48,4,0.0,1,1,0,40650.58,1,0.4883,1,Medium,0.0
15609370,Cust9370,765,Spain,Male,88,10,105803.53,1,1,1,122658.52,0,0.4797,1,Medium,50753.95
15609371,Cust9371,619,France,Female,22,1,52997.19,3,1,0,51464.33,0,0.2045,0,Low,10837.93
15609372,Cust9372,400,Germany,Female,25,10,54382.6,4,1,1,127358.52,0,0.142,0,Low,7722.33
15609373,Cust9373,737,Spain,Male,53,1,127477.25,4,1,1,24721.1,0,0.2769,0,Low,35298.45
15609374,Cust9374,591,Germany,Female,75,6,3574.84,4,1,1,100453.28,0,0.5647,1,Medium,2018.71
15609375,Cust9375,469,France,Female,49,9,109737.04,2,0,1,150029.3,1,0.2785,0,Low,30561.77
15609376,Cust9376,758,Spain,Male,80,9,8306.27,3,1,0,63086.83,0,0.4215,1,Medium,3501.09
15609377,Cust9377,793,France,Female,27,5,218283.73,1,0,1,152722.08,0,0.1214,0,Low,26499.64
15609378,Cust9378,644,France,Male,81,5,155027.9,2,0,0,66079.53,1,0.8002,1,Critical,124053.33
15609379,Cust9379,708,France,Female,50,8,0.0,1,0,1,154537.63,0,0.1648,0,Low,0.0
15609380,Cust9380,470,France,Male,39,10,0.0,4,0,1,173423.96,0,0.2505,0,Low,0.0
15609381,Cust9381,724,France,Female,65,0,123154.08,3,1,0,9589.13,0,0.5776,1,Medium,71133.8
15609382,Cust9382,803,France,Male,75,2,127676.66,4,1,0,52887.74,1,0.8212,1,Critical,104848.07
15609383,Cust9383,469,Spain,Male,86,3,64031.82,4,0,1,193402.49,1,0.6346,1,High,40634.59
15609384,Cust9384,822,France,Female,24,9,98439.11,3,1,1,18727.01,0,0.0838,0,Low,8249.2
15609385,Cust9385,395,Germany,Female,70,0,0.0,1,1,1,25989.78,0,0.4272,1,Medium,0.0
15609386,Cust9386,573,Spain,Male,41,1,36800.11,1,0,1,3068.08,0,0.2031,0,Low,7474.1
15609387,Cust9387,386,Spain,Male,55,0,155926.77,1,1,0,53212.34,0,0.5132,1,Medium,80021.62
15609388,Cust9388,574,France,Female,52,10,54224.83,4,0,0,117926.7,0,0.4013,1,Medium,21760.42
15609389,Cust9389,674,France,Female,74,0,111201.09,4,1,1,51099.41,1,0.4738,1,Medium,52687.08
15609390,Cust9390,786,Germany,Male,47,2,0.0,3,0,1,193738.11,0,0.1834,0,Low,0.0
15609391,Cust9391,425,Spain,Female,38,5,30447.43,4,1,1,92158.81,0,0.1832,0,Low,5577.97
15609392,Cust9392,794,Germany,Male,54,3,19627.59,1,0,0,122448.59,0,0.2697,0,Low,5293.56
15609393,Cust9393,850,France,Male,67,0,121014.81,4,0,0,45817.76,1,0.7822,1,High,94657.78
15609394,Cust9394,383,Germany,Female,80,4,0.0,1,1,0,126119.71,1,0.7285,1,High,0.0
15609395,Cust9395,831,Germany,Female,18,8,230248.84,1,1,0,54449.83,0,0.1947,0,Low,44829.45
15609396,Cust9396,804,Germany,Female,60,3,174499.05,4,1,0,187990.27,0,0.4827,1,Medium,84230.69
15609397,Cust9397,364,Spain,Male,23,5,224203.14,4,0,1,164176.54,0,0.2056,0,Low,46096.17
15609398,Cust9398,381,Spain,Male,63,5,232076.13,1,1,1,2388.11,1,0.7605,1,High,176493.9
15609399,Cust9399,713,Germany,Female,64,2,4766.38,2,1,1,82308.02,0,0.2954,0,Low,1407.99
15609400,Cust9400,560,Germany,Female,81,0,0.0,4,1,0,82983.88,0,0.491,1,Medium,0.0
15609401,Cust9401,480,Germany,Female,32,9,239618.99,3,0,1,108981.47,0,0.1069,0,Low,25615.27
15609402,Cust9402,552,Germany,Male,76,10,113160.74,2,1,0,160795.84,1,0.8416,1,Critical,95236.08
15609403,Cust9403,520,France,Female,68,5,158996.91,2,1,0,174003.37,1,0.7149,1,High,113666.89
15609404,Cust9404,838,Germany,Female,67,9,86494.33,2,1,0,115702.97,1,0.6073,1,High,52528.01
15609405,Cust9405,470,Germany,Female,65,3,24664.39,4,0,1,139431.63,1,0.6387,1,High,15753.15
15609406,Cust9406,394,France,Male,58,10,65651.2,3,0,0,57041.44,1,0.7104,1,High,46638.61
15609407,Cust9407,766,France,Male,22,6,20136.04,2,1,1,17359.58,0,0.0752,0,Low,1514.23
15609408,Cust9408,770,Germany,Female,78,8,0.0,4,1,1,1364.1,0,0.4276,1,Medium,0.0
15609409,Cust9409,797,Germany,Male,47,7,163396.74,4,1,0,4591.96,0,0.336,0,Medium,54901.3
15609410,Cust9410,836,France,Female,25,10,0.0,1,1,0,145678.07,0,0.1424,0,Low,0.0
15609411,Cust9411,370,France,Male,63,6,57215.9,4,0,1,41511.47,0,0.4549,1,Medium,26027.51
15609412,Cust9412,735,France,Female,88,9,0.0,4,1,1,141611.68,0,0.3908,1,Medium,0.0
15609413,Cust9413,485,Spain,Male,70,10,0.0,4,0,0,18415.27,1,0.719,1,High,0.0
15609414,Cust9414,561,Spain,Male,36,8,200777.81,1,1,1,162396.75,1,0.4911,1,Medium,98601.98
15609415,Cust9415,574,Germany,Male,78,3,7747.25,2,1,0,125095.05,0,0.5308,1,Medium,4112.24
15609416,Cust9416,843,France,Male,80,1,203496.97,4,1,1,75831.2,0,0.5626,1,Medium,114487.4
15609417,Cust9417,611,Germany,Female,42,4,206815.58,2,1,1,164571.64,0,0.2475,0,Low,51186.86
15609418,Cust9418,461,Germany,Female,56,7,201309.94,2,1,0,138976.67,1,0.6947,1,High,139850.02
15609419,Cust9419,393,Spain,Female,79,9,0.0,1,1,1,166923.18,1,0.6629,1,High,0.0
15609420,Cust9420,645,France,Female,29,8,117106.49,2,1,1,142002.19,0,0.1707,0,Low,19990.08
15609421,Cust9421,765,France,Male,44,7,0.0,2,1,1,9941.57,0,0.103,0,Low,0.0
15609422,Cust9422,705,Germany,Female,51,5,217612.0,2,1,0,113707.28,0,0.4806,1,Medium,104584.33
15609423,Cust9423,817,France,Female,18,10,0.0,1,1,0,108674.31,0,0.1142,0,Low,0.0
15609424,Cust9424,370,Germany,Male,30,2,68677.34,1,1,0,164396.36,0,0.3945,1,Medium,27093.21
15609425,Cust9425,551,Spain,Female,63,8,0.0,3,1,1,35799.97,0,0.3597,0,Medium,0.0
15609426,Cust9426,656,France,Female,37,6,0.0,1,1,0,45108.77,0,0.213,0,Low,0.0
15609427,Cust9427,779,France,Male,35,5,121882.12,4,1,1,19109.2,0,0.1821,0,Low,22194.73
15609428,Cust9428,506,Germany,Male,39,4,152153.11,1,1,1,90299.13,0,0.2042,0,Low,31069.67
15609429,Cust9429,688,Spain,Female,27,6,0.0,4,1,1,1030.48,1,0.5962,1,Medium,0.0
15609430,Cust9430,454,France,Female,65,10,113660.95,3,1,1,123857.51,0,0.358,0,Medium,40690.62
15609431,Cust9431,646,France,Male,37,4,0.0,2,1,1,30344.83,0,0.129,0,Low,0.0
15609432,Cust9432,738,Germany,Female,66,1,0.0,4,1,1,30250.28,0,0.2587,0,Low,0.0
15609433,Cust9433,760,France,Female,79,1,0.0,2,1,0,19808.18,0,0.4138,1,Medium,0.0
15609434,Cust9434,576,Spain,Female,53,1,0.0,1,1,0,91464.38,0,0.3661,0,Medium,0.0
15609435,Cust9435,586,Germany,Female,85,4,0.0,3,0,0,43127.41,0,0.5744,1,Medium,0.0
15609436,Cust9436,791,France,Female,32,0,27837.66,2,1,0,7131.05,0,0.1545,0,Low,4300.92
15609437,Cust9437,624,Spain,Male,89,3,126405.13,4,0,1,44239.84,0,0.5761,1,Medium,72822.0
15609438,Cust9438,525,Germany,Female,41,7,67531.48,3,0,1,145164.12,1,0.2237,0,Low,15106.79
15609439,Cust9439,487,France,Male,40,7,145.52,1,1,1,1098.37,0,0.1236,0,Low,17.99
15609440,Cust9440,706,Germany,Female,90,7,0.0,2,1,0,50476.99,0,0.6097,1,High,0.0
15609441,Cust9441,706,Spain,Female,51,7,156959.66,2,1,1,45416.8,0,0.2387,0,Low,37466.27
15609442,Cust9442,619,Germany,Female,73,0,0.0,1,1,1,51768.76,1,0.5043,1,Medium,0.0
15609443,Cust9443,429,France,Male,77,10,0.0,1,1,1,44111.41,0,0.4258,1,Medium,0.0
15609444,Cust9444,430,Germany,Male,51,3,80916.64,1,1,0,70612.29,0,0.5404,1,Medium,43727.35
15609445,Cust9445,471,France,Female,41,0,30759.18,4,1,1,153575.67,0,0.2243,0,Low,6899.28
15609446,Cust9446,355,Germany,Female,54,8,0.0,2,0,1,127596.53,0,0.1943,0,Low,0.0
15609447,Cust9447,590,Germany,Female,46,5,197219.63,2,0,1,65729.81,0,0.2543,0,Low,50152.95
15609448,Cust9448,557,France,Male,48,3,0.0,2,0,1,143272.7,0,0.2288,0,Low,0.0
15609449,Cust9449,543,France,Male,35,4,0.0,4,1,1,66700.39,0,0.285,0,Low,0.0
15609450,Cust9450,818,Spain,Female,85,6,225570.38,3,1,0,94698.46,1,0.8477,1,Critical,191216.01
15609451,Cust9451,470,France,Female,60,5,62414.34,4,1,0,120050.52,1,0.7643,1,High,47703.28
15609452,Cust9452,755,Spain,Female,76,0,228606.99,3,1,1,111426.92,0,0.4135,1,Medium,94528.99
15609453,Cust9453,446,Germany,Female,66,1,165649.76,4,1,1,75415.68,0,0.558,1,Medium,92432.57
15609454,Cust9454,656,Germany,Male,44,10,0.0,4,1,0,52796.01,1,0.6877,1,High,0.0
15609455,Cust9455,781,France,Male,41,5,125802.38,3,0,0,131141.16,0,0.2632,0,Low,33111.19
15609456,Cust9456,769,France,Female,90,10,117180.05,2,1,1,79344.08,1,0.7312,1,High,85682.05
15609457,Cust9457,646,France,Female,19,7,18474.48,4,1,1,116053.7,0,0.0904,0,Low,1670.09
15609458,Cust9458,453,Germany,Male,39,8,0.0,3,0,1,82565.7,1,0.274,0,Low,0.0
15609459,Cust9459,539,Spain,Male,72,3,82743.82,2,0,0,158343.41,0,0.5455,1,Medium,45136.75
15609460,Cust9460,562,Spain,Male,58,9,50888.78,2,1,1,187913.07,1,0.2537,0,Low,12910.48
15609461,Cust9461,773,France,Female,63,7,0.0,2,1,0,188727.83,1,0.5675,1,Medium,0.0
15609462,Cust9462,539,France,Female,19,8,6109.32,2,0,0,7237.42,0,0.2353,0,Low,1437.52
15609463,Cust9463,763,France,Male,34,2,244596.98,2,1,1,94748.46,0,0.1802,0,Low,44076.38
15609464,Cust9464,826,Spain,Female,62,6,0.0,3,1,0,72838.99,0,0.3821,0,Medium,0.0
15609465,Cust9465,405,France,Male,41,4,246172.47,3,0,1,18092.0,1,0.6006,1,High,147851.19
15609466,Cust9466,818,France,Female,52,9,0.0,1,1,1,167717.2,0,0.1308,0,Low,0.0
15609467,Cust9467,634,Germany,Female,88,9,47958.13,1,1,1,133560.35,1,0.6225,1,High,29853.94
15609468,Cust9468,651,Germany,Male,65,3,36325.28,3,0,1,113866.01,0,0.3658,0,Medium,13287.79
15609469,Cust9469,503,France,Female,64,0,50201.14,3,1,0,184006.87,0,0.5292,1,Medium,26566.44
15609470,Cust9470,517,Germany,Male,32,2,0.0,1,1,0,128635.33,0,0.3746,0,Medium,0.0
15609471,Cust9471,620,France,Male,62,3,51247.88,4,0,0,184072.05,0,0.6735,1,High,34515.45
15609472,Cust9472,449,France,Male,89,0,207005.37,4,1,1,134052.91,0,0.6851,1,High,141819.38
15609473,Cust9473,709,France,Female,65,10,91758.01,1,0,0,15629.3,0,0.4613,1,Medium,42327.97
15609474,Cust9474,684,France,Female,76,5,131736.31,1,1,1,3548.64,0,0.5635,1,Medium,74233.41
15609475,Cust9475,354,Spain,Female,88,1,125307.72,1,1,1,175156.64,0,0.4803,1,Medium,60185.3
15609476,Cust9476,455,Germany,Female,84,6,164884.3,3,1,1,107110.85,1,0.7767,1,High,128065.64
15609477,Cust9477,607,Spain,Male,43,4,249350.37,4,0,1,66300.37,0,0.2756,0,Low,68720.96
15609478,Cust9478,721,France,Female,39,1,110890.73,2,1,1,120090.01,0,0.1218,0,Low,13506.49
15609479,Cust9479,496,Germany,Female,38,4,80662.53,4,1,1,87374.4,1,0.5024,1,Medium,40524.86
15609480,Cust9480,794,Spain,Male,74,6,0.0,1,1,0,59085.56,0,0.425,1,Medium,0.0
15609481,Cust9481,617,France,Female,45,7,0.0,1,0,1,70116.79,0,0.1487,0,Low,0.0
15609482,Cust9482,620,Spain,Male,78,2,195233.18,2,0,1,124739.03,1,0.61,1,High,119092.24
15609483,Cust9483,405,Germany,Female,77,6,199417.47,2,0,1,127689.46,1,0.7349,1,High,146551.9
15609484,Cust9484,664,Germany,Female,67,8,101831.04,4,0,1,186595.11,1,0.6949,1,High,70762.39
15609485,Cust9485,759,France,Female,26,6,0.0,2,1,1,159207.95,0,0.0405,0,Low,0.0
15609486,Cust9486,455,Germany,Male,70,10,87952.75,2,0,1,149471.87,1,0.6083,1,High,53501.66
15609487,Cust9487,622,Germany,Female,33,10,154713.05,1,1,1,158598.76,0,0.2099,0,Low,32474.27
15609488,Cust9488,353,Spain,Female,58,5,206434.9,2,1,0,3413.08,1,0.6053,1,High,124955.04
15609489,Cust9489,455,Spain,Female,34,4,0.0,1,0,1,196103.8,0,0.1397,0,Low,0.0
15609490,Cust9490,385,France,Female,22,5,0.0,2,1,0,191472.78,0,0.1496,0,Low,0.0
15609491,Cust9491,735,Spain,Female,65,5,0.0,1,1,0,46371.57,1,0.5506,1,Medium,0.0
15609492,Cust9492,848,Spain,Female,51,1,0.0,2,0,0,168318.22,0,0.1382,0,Low,0.0
15609493,Cust9493,368,Germany,Male,65,10,152591.79,3,1,1,75865.45,0,0.5533,1,Medium,84429.04
15609494,Cust9494,701,France,Male,54,6,193939.49,4,0,0,143273.84,1,0.7923,1,High,153658.26
15609495,Cust9495,647,France,Male,45,1,13036.96,2,1,1,52928.51,0,0.1462,0,Low,1906.0
15609496,Cust9496,701,France,Male,19,9,63427.77,4,0,1,188307.45,0,0.0645,0,Low,4091.09
15609497,Cust9497,601,France,Female,38,10,6314.4,2,1,1,179270.89,0,0.1333,0,Low,841.71
15609498,Cust9498,846,Spain,Female,83,6,1603.22,1,1,1,163217.39,1,0.4651,1,Medium,745.66
15609499,Cust9499,369,France,Female,73,10,119404.29,2,1,1,11721.42,0,0.5886,1,Medium,70281.37
15609500,Cust9500,424,Germany,Female,52,10,175168.62,1,1,0,13790.63,1,0.5098,1,Medium,89300.96
15609501,Cust9501,475,Germany,Male,20,10,95759.85,1,0,1,105663.92,0,0.1566,0,Low,14995.99
15609502,Cust9502,742,Germany,Male,90,10,0.0,3,0,1,175901.32,1,0.6222,1,High,0.0
15609503,Cust9503,388,France,Male,72,0,0.0,3,1,1,43983.04,0,0.448,1,Medium,0.0
15609504,Cust9504,411,Germany,Female,19,0,0.0,2,1,1,26044.57,0,0.1194,0,Low,0.0
15609505,Cust9505,716,Germany,Male,33,6,90647.67,3,1,0,91648.79,0,0.1966,0,Low,17821.33
15609506,Cust9506,559,Germany,Female,30,8,0.0,1,0,1,186759.75,0,0.0609,0,Low,0.0
15609507,Cust9507,703,France,Female,84,9,32485.52,4,1,0,188964.4,1,0.8222,1,Critical,26709.59
15609508,Cust9508,533,Germany,Male,88,7,204527.01,2,1,1,186201.92,0,0.656,1,High,134169.72
15609509,Cust9509,394,France,Female,48,3,129515.02,1,1,0,101849.11,0,0.5522,1,Medium,71518.19
15609510,Cust9510,649,Germany,Female,31,10,0.0,3,0,0,187504.6,0,0.2377,0,Low,0.0
15609511,Cust9511,404,France,Female,65,6,101342.71,1,1,1,196322.63,0,0.3664,0,Medium,37131.97
15609512,Cust9512,589,France,Male,38,7,218249.89,4,1,1,181980.06,0,0.253,0,Low,55217.22
15609513,Cust9513,791,Spain,Male,26,2,0.0,3,1,1,87448.73,0,0.0687,0,Low,0.0
15609514,Cust9514,441,France,Female,37,8,26973.08,1,1,1,50124.81,1,0.3215,0,Medium,8671.85
15609515,Cust9515,450,Spain,Female,36,1,0.0,2,1,1,150369.77,0,0.1083,0,Low,0.0
15609516,Cust9516,825,Spain,Female,21,9,45741.51,4,1,0,52538.27,1,0.666,1,High,30463.85
15609517,Cust9517,502,France,Male,69,9,199963.07,3,1,0,70655.6,1,0.7439,1,High,148752.53
15609518,Cust9518,536,France,Male,44,7,83716.06,3,1,1,107414.16,0,0.213,0,Low,17831.52
15609519,Cust9519,692,France,Male,58,10,189106.15,3,1,1,172377.51,0,0.2622,0,Low,49583.63
15609520,Cust9520,414,Spain,Female,58,10,0.0,2,1,1,96025.41,0,0.1655,0,Low,0.0
15609521,Cust9521,380,Germany,Male,75,0,134251.25,2,1,1,15722.64,0,0.5085,1,Medium,68266.76
15609522,Cust9522,772,France,Female,74,2,0.0,2,1,1,115980.65,0,0.4259,1,Medium,0.0
15609523,Cust9523,824,Germany,Female,59,1,166263.94,2,0,1,15536.84,0,0.2124,0,Low,35314.46
15609524,Cust9524,844,France,Male,80,3,0.0,2,1,1,47483.66,0,0.3648,0,Medium,0.0
15609525,Cust9525,361,Germany,Female,60,6,164736.28,2,0,0,22199.31,1,0.826,1,Critical,136072.17
15609526,Cust9526,615,Germany,Male,19,1,146317.49,4,0,1,115951.26,1,0.4319,1,Medium,63194.52
15609527,Cust9527,775,France,Male,81,0,201794.44,2,1,1,49239.09,1,0.6763,1,High,136473.58
15609528,Cust9528,773,Spain,Female,74,7,75005.02,1,1,0,123099.44,0,0.5222,1,Medium,39167.62
15609529,Cust9529,530,France,Male,49,6,45390.99,1,1,0,132388.7,0,0.3204,0,Medium,14543.27
15609530,Cust9530,595,Germany,Female,46,4,183790.01,1,1,0,95116.84,1,0.6261,1,High,115070.93
15609531,Cust9531,425,Germany,Female,84,7,134957.18,1,1,1,398.37,1,0.7857,1,High,106035.86
15609532,Cust9532,419,Spain,Female,49,6,0.0,4,1,0,6160.34,0,0.3027,0,Medium,0.0
15609533,Cust9533,539,France,Male,45,4,0.0,3,1,0,96378.08,1,0.3079,0,Medium,0.0
15609534,Cust9534,465,Spain,Female,72,0,0.0,2,1,1,42021.06,0,0.4376,1,Medium,0.0
15609535,Cust9535,837,France,Male,42,8,136889.74,1,1,0,96476.37,0,0.3696,0,Medium,50594.45
15609536,Cust9536,390,Spain,Female,47,6,188531.25,2,0,1,115343.1,1,0.5372,1,Medium,101278.99
15609537,Cust9537,615,France,Male,75,1,83583.27,2,0,1,93281.54,0,0.4461,1,Medium,37286.5
15609538,Cust9538,628,Germany,Female,34,2,3690.36,2,0,1,107561.85,0,0.1066,0,Low,393.39
15609539,Cust9539,379,France,Male,18,3,0.0,2,1,0,193259.23,0,0.2161,0,Low,0.0
15609540,Cust9540,570,Spain,Female,42,1,195374.48,1,0,1,126452.81,0,0.4031,1,Medium,78755.45
15609541,Cust9541,821,Spain,Male,30,8,2009.62,2,1,0,39335.0,1,0.6198,1,High,1245.56
15609542,Cust9542,404,France,Female,44,10,215899.3,1,1,1,32425.39,0,0.3201,0,Medium,69109.37
15609543,Cust9543,421,Germany,Female,23,0,220359.64,1,1,1,190230.0,0,0.3057,0,Medium,67363.94
15609544,Cust9544,432,Germany,Male,61,2,80161.36,4,0,1,196094.08,0,0.2995,0,Low,24008.33
15609545,Cust9545,377,France,Male,55,3,4311.56,4,0,1,91662.58,0,0.2309,0,Low,995.54
15609546,Cust9546,793,Germany,Male,38,10,0.0,4,1,1,172309.26,0,0.0678,0,Low,0.0
15609547,Cust9547,372,Germany,Male,64,6,17629.51,1,1,1,127460.74,0,0.5278,1,Medium,9304.86
15609548,Cust9548,490,Germany,Female,28,10,58051.1,3,1,0,8839.05,0,0.215,0,Low,12480.99
15609549,Cust9549,763,France,Female,18,2,0.0,4,1,0,154611.96,0,0.1285,0,Low,0.0
15609550,Cust9550,848,Spain,Female,53,0,204133.64,2,0,1,73881.98,1,0.5967,1,Medium,121806.54
15609551,Cust9551,426,France,Male,29,5,0.0,4,1,1,115480.79,0,0.2669,0,Low,0.0
15609552,Cust9552,530,Germany,Male,81,8,170294.09,4,0,0,178053.15,1,0.9199,1,Critical,156653.53
15609553,Cust9553,439,France,Female,40,9,0.0,1,0,1,105356.82,0,0.1344,0,Low,0.0
15609554,Cust9554,446,France,Male,49,5,0.0,4,1,0,117129.11,1,0.4094,1,Medium,0.0
15609555,Cust9555,823,France,Male,39,2,159422.23,1,1,0,161529.79,0,0.3438,0,Medium,54809.36
15609556,Cust9556,519,France,Male,50,0,41924.51,1,1,0,161239.48,0,0.2749,0,Low,11525.05
15609557,Cust9557,656,Germany,Female,25,4,0.0,1,0,0,125795.28,0,0.2078,0,Low,0.0
15609558,Cust9558,428,Germany,Female,87,5,112845.57,4,1,0,7554.62,1,0.8917,1,Critical,100624.39
15609559,Cust9559,492,Germany,Male,30,0,4624.59,4,0,1,174864.38,0,0.181,0,Low,837.05
15609560,Cust9560,530,Germany,Female,47,10,0.0,2,1,0,124858.82,0,0.2813,0,Low,0.0
15609561,Cust9561,643,France,Female,80,7,56772.21,4,1,1,108969.82,0,0.4501,1,Medium,25553.17
15609562,Cust9562,800,France,Female,49,3,22416.94,1,0,1,169691.64,0,0.2026,0,Low,4541.67
15609563,Cust9563,471,Germany,Female,69,3,0.0,3,1,0,75331.39,0,0.5641,1,Medium,0.0
15609564,Cust9564,673,Germany,Female,23,3,59252.93,4,0,1,19722.78,0,0.1783,0,Low,10564.8
15609565,Cust9565,597,Germany,Female,39,9,47594.57,4,1,0,51327.03,0,0.3513,0,Medium,16719.97
15609566,Cust9566,748,France,Female,74,7,196698.78,1,1,1,182508.26,0,0.5582,1,Medium,109797.26
15609567,Cust9567,517,Spain,Female,37,0,202523.3,4,1,1,158076.26,1,0.6678,1,High,135245.06
15609568,Cust9568,562,France,Female,48,3,165214.23,3,1,1,98039.88,0,0.3029,0,Medium,50043.39
15609569,Cust9569,661,Germany,Male,23,8,47417.2,3,1,0,164202.74,0,0.2765,0,Low,13110.86
15609570,Cust9570,571,France,Male,55,3,0.0,4,1,0,174289.99,0,0.3418,0,Medium,0.0
15609571,Cust9571,730,Germany,Male,43,8,178330.6,4,1,0,160006.39,1,0.7857,1,High,140114.35
15609572,Cust9572,356,France,Male,81,5,0.0,1,1,0,199234.64,0,0.4963,1,Medium,0.0
15609573,Cust9573,524,Germany,Female,47,8,33235.88,2,1,0,191827.37,0,0.343,0,Medium,11399.91
15609574,Cust9574,437,France,Male,79,5,0.0,1,1,1,112384.11,0,0.5194,1,Medium,0.0
15609575,Cust9575,422,Germany,Female,84,8,106076.73,2,0,1,133617.76,0,0.5708,1,Medium,60548.6
15609576,Cust9576,376,France,Male,80,4,38325.75,2,1,0,198045.24,0,0.4847,1,Medium,18576.49
15609577,Cust9577,528,Germany,Male,72,2,47928.74,3,0,0,181513.93,0,0.5709,1,Medium,27362.52
15609578,Cust9578,459,France,Male,61,9,124904.3,3,1,0,96253.68,1,0.8027,1,Critical,100260.68
15609579,Cust9579,729,France,Female,53,4,0.0,3,1,0,44807.35,0,0.3537,0,Medium,0.0
15609580,Cust9580,601,Germany,Male,24,0,0.0,3,1,1,33321.9,0,0.1248,0,Low,0.0
15609581,Cust9581,744,France,Female,27,4,245508.39,2,0,1,27897.72,0,0.1658,0,Low,40705.29
15609582,Cust9582,793,France,Male,46,4,9902.0,3,1,1,3941.46,0,0.2402,0,Low,2378.46
15609583,Cust9583,743,Spain,Female,66,2,196572.62,2,0,1,150359.09,0,0.3266,0,Medium,64200.62
15609584,Cust9584,560,Spain,Female,18,9,87952.0,3,1,1,106566.02,0,0.1281,0,Low,11266.65
15609585,Cust9585,838,Spain,Female,87,5,188226.85,1,1,1,90811.01,1,0.7958,1,High,149790.93
15609586,Cust9586,542,France,Female,91,4,183860.03,2,1,1,278.05,1,0.814,1,Critical,149662.06
15609587,Cust9587,763,Germany,Female,23,7,0.0,1,1,1,94822.75,0,0.0534,0,Low,0.0
15609588,Cust9588,436,Spain,Male,25,7,0.0,1,0,1,2958.82,0,0.0822,0,Low,0.0
15609589,Cust9589,835,France,Male,80,5,165899.14,2,0,1,138008.07,0,0.4549,1,Medium,75467.52
15609590,Cust9590,501,Germany,Female,32,10,186900.46,1,1,1,197267.8,0,0.303,0,Medium,56630.84
15609591,Cust9591,664,France,Female,31,10,0.0,2,1,1,178064.8,0,0.0902,0,Low,0.0
15609592,Cust9592,527,Spain,Female,31,5,90209.71,3,1,1,38618.18,0,0.1122,0,Low,10121.53
15609593,Cust9593,464,Germany,Male,69,7,210502.16,1,1,1,127978.75,0,0.643,1,High,135352.89
15609594,Cust9594,515,France,Male,27,0,136971.04,1,1,0,53321.74,1,0.5081,1,Medium,69594.99
15609595,Cust9595,654,France,Male,31,4,34233.93,1,1,1,108211.08,0,0.1077,0,Low,3686.99
15609596,Cust9596,405,France,Male,47,4,0.0,4,0,0,91836.69,1,0.5638,1,Medium,0.0
15609597,Cust9597,449,France,Female,62,4,246959.12,1,0,1,51526.48,0,0.4231,1,Medium,104488.4
15609598,Cust9598,810,Germany,Female,91,9,128169.3,4,1,1,107921.32,0,0.4118,1,Medium,52780.12
15609599,Cust9599,392,Germany,Female,35,6,0.0,4,1,0,135592.99,0,0.3097,0,Medium,0.0
15609600,Cust9600,711,Germany,Male,36,5,73006.0,2,1,1,137211.27,0,0.1189,0,Low,8680.41
15609601,Cust9601,500,France,Male,58,4,129040.46,3,0,1,36485.85,0,0.4567,1,Medium,58932.78
15609602,Cust9602,509,Germany,Male,48,6,242196.2,1,1,0,4103.66,1,0.7392,1,High,179031.43
15609603,Cust9603,531,France,Female,62,2,63642.2,1,0,1,159212.41,0,0.2826,0,Low,17985.29
15609604,Cust9604,541,France,Female,36,2,76154.22,3,1,1,132006.62,0,0.1822,0,Low,13875.3
15609605,Cust9605,705,Spain,Male,63,5,224375.26,3,0,0,90825.66,1,0.7241,1,High,162470.13
15609606,Cust9606,753,Germany,Male,86,3,96098.82,2,1,1,126747.78,1,0.6029,1,High,57937.98
15609607,Cust9607,531,Germany,Male,68,7,0.0,2,1,1,177113.26,0,0.4559,1,Medium,0.0
15609608,Cust9608,435,Spain,Female,72,9,87397.15,3,1,1,73035.51,0,0.5128,1,Medium,44817.26
15609609,Cust9609,351,France,Female,23,3,1158.08,3,1,1,89307.92,0,0.1999,0,Low,231.5
15609610,Cust9610,713,Spain,Male,84,6,0.0,2,1,1,104504.58,0,0.4059,1,Medium,0.0
15609611,Cust9611,809,Germany,Female,70,3,59247.09,4,1,1,137325.22,0,0.2979,0,Low,17649.71
15609612,Cust9612,367,Germany,Female,64,8,0.0,3,1,0,98487.34,1,0.7128,1,High,0.0
15609613,Cust9613,645,France,Female,29,2,11845.88,2,0,1,142765.58,0,0.0947,0,Low,1121.8
15609614,Cust9614,459,France,Male,58,5,187063.23,3,0,1,54811.77,0,0.5113,1,Medium,95645.43
15609615,Cust9615,455,France,Male,68,3,55017.25,2,1,1,24400.41,0,0.3471,0,Medium,19096.49
15609616,Cust9616,765,France,Female,64,8,0.0,2,1,1,12593.0,0,0.3183,0,Medium,0.0
15609617,Cust9617,476,France,Female,27,2,241650.0,4,1,0,16581.54,1,0.6155,1,High,148735.58
15609618,Cust9618,502,Germany,Male,21,2,11306.61,1,1,0,4314.45,0,0.3339,0,Medium,3775.28
15609619,Cust9619,412,Germany,Male,53,8,91998.02,1,0,1,196372.24,0,0.2274,0,Low,20920.35
15609620,Cust9620,802,France,Female,71,6,0.0,1,0,1,151635.21,0,0.3394,0,Medium,0.0
15609621,Cust9621,804,Germany,Female,46,7,249108.81,4,1,1,107579.38,1,0.4394,1,Medium,109458.41
15609622,Cust9622,807,Spain,Male,68,8,90761.18,4,1,1,52435.39,0,0.3015,0,Medium,27364.5
15609623,Cust9623,465,Germany,Male,89,3,248744.95,4,0,0,146091.11,1,0.9193,1,Critical,228671.23
15609624,Cust9624,444,Spain,Female,83,2,224796.26,2,1,1,199227.88,0,0.6055,1,High,136114.14
15609625,Cust9625,821,Germany,Female,64,10,0.0,2,1,1,72328.67,0,0.2976,0,Low,0.0
15609626,Cust9626,657,France,Female,71,1,0.0,2,0,0,76273.97,0,0.4013,1,Medium,0.0
15609627,Cust9627,482,France,Male,24,7,134228.76,4,1,0,170189.26,0,0.2891,0,Low,38805.53
15609628,Cust9628,373,Spain,Male,24,4,180086.69,4,0,1,77202.19,0,0.2347,0,Low,42266.35
15609629,Cust9629,750,Germany,Male,69,1,171432.21,4,1,0,175834.51,1,0.7426,1,High,127305.56
15609630,Cust9630,751,Spain,Male,77,10,72100.01,2,1,0,34060.58,0,0.6051,1,High,43627.72
15609631,Cust9631,355,Spain,Male,32,9,139304.39,4,0,1,182733.2,0,0.1595,0,Low,22219.05
15609632,Cust9632,589,France,Female,61,2,208756.19,4,1,1,27230.52,0,0.4596,1,Medium,95944.34
15609633,Cust9633,592,France,Female,39,8,118768.9,1,1,1,147073.91,1,0.4153,1,Medium,49324.72
15609634,Cust9634,582,Germany,Male,26,8,141560.7,2,1,0,63535.52,0,0.1851,0,Low,26202.89
15609635,Cust9635,534,France,Female,46,5,81883.66,1,1,1,161978.25,0,0.2383,0,Low,19512.88
15609636,Cust9636,514,Germany,Male,51,10,0.0,4,1,0,33798.46,1,0.4852,1,Medium,0.0
15609637,Cust9637,517,Spain,Female,75,2,16494.91,2,1,1,126916.35,0,0.4195,1,Medium,6919.61
15609638,Cust9638,811,Germany,Male,81,0,0.0,1,0,1,101353.29,0,0.4468,1,Medium,0.0
15609639,Cust9639,847,France,Male,87,8,157942.46,3,1,0,57507.23,1,0.8295,1,Critical,131013.27
15609640,Cust9640,406,Germany,Female,25,3,190003.53,1,1,1,97277.18,0,0.2493,0,Low,47367.88
15609641,Cust9641,711,France,Male,86,1,21013.59,2,0,0,191955.9,0,0.5489,1,Medium,11534.36
15609642,Cust9642,637,Spain,Male,56,10,0.0,3,1,0,151639.13,0,0.4053,1,Medium,0.0
15609643,Cust9643,478,France,Female,30,4,201976.33,1,1,0,11647.45,0,0.3273,0,Medium,66106.85
15609644,Cust9644,443,Spain,Female,65,9,0.0,4,1,0,195503.81,0,0.4671,1,Medium,0.0
15609645,Cust9645,726,France,Male,22,8,248320.13,2,0,0,144071.93,0,0.2935,0,Low,72881.96
15609646,Cust9646,532,France,Male,52,3,0.0,3,0,1,50543.2,0,0.2449,0,Low,0.0
15609647,Cust9647,414,Germany,Female,79,8,235004.4,2,0,1,192013.21,1,0.6882,1,High,161730.03
15609648,Cust9648,835,France,Male,89,5,182570.31,4,1,1,99080.65,1,0.8051,1,Critical,146987.36
15609649,Cust9649,813,France,Male,39,6,0.0,2,0,0,108654.83,0,0.1239,0,Low,0.0
15609650,Cust9650,559,Spain,Male,30,3,166333.2,3,1,0,49591.8,0,0.2716,0,Low,45176.1
15609651,Cust9651,563,Spain,Female,61,0,67019.12,2,1,1,199252.05,0,0.2697,0,Low,18075.06
15609652,Cust9652,560,France,Female,29,2,200067.93,1,0,1,60851.49,0,0.2906,0,Low,58139.74
15609653,Cust9653,445,Germany,Female,90,3,56517.44,2,1,1,128414.05,0,0.5552,1,Medium,31378.48
15609654,Cust9654,402,Spain,Male,42,6,141251.44,2,1,1,116670.85,0,0.266,0,Low,37572.88
15609655,Cust9655,486,Spain,Male,31,9,0.0,3,1,0,142817.87,1,0.3718,0,Medium,0.0
15609656,Cust9656,543,France,Male,35,1,199777.11,3,0,1,14758.41,0,0.2215,0,Low,44250.63
15609657,Cust9657,427,France,Male,45,7,189872.46,2,0,1,99316.44,0,0.3258,0,Medium,61860.45
15609658,Cust9658,367,Spain,Male,72,8,215973.58,1,1,0,46017.69,0,0.6427,1,High,138806.22
15609659,Cust9659,816,France,Female,82,8,61736.82,1,1,1,24477.59,1,0.644,1,High,39758.51
15609660,Cust9660,789,France,Female,72,8,249389.09,2,1,1,105113.17,0,0.4336,1,Medium,108135.11
15609661,Cust9661,503,Spain,Male,66,0,201342.68,2,0,0,90616.64,1,0.7826,1,High,157570.78
15609662,Cust9662,657,France,Female,37,2,96675.8,4,1,0,90867.59,0,0.4565,1,Medium,44132.5
15609663,Cust9663,421,Spain,Female,87,10,31915.94,2,1,0,76023.27,0,0.5505,1,Medium,17569.72
15609664,Cust9664,814,France,Female,91,6,87356.38,3,1,1,62485.5,0,0.3846,1,Medium,33597.26
15609665,Cust9665,757,Germany,Female,64,2,26545.61,1,0,1,5744.37,0,0.3623,0,Medium,9617.47
15609666,Cust9666,438,Spain,Male,75,10,153843.05,3,1,0,118643.55,1,0.7941,1,High,122166.77
15609667,Cust9667,456,Spain,Male,40,3,0.0,3,1,1,182090.85,0,0.2135,0,Low,0.0
15609668,Cust9668,516,Spain,Male,51,3,107628.16,4,1,1,98164.55,1,0.6556,1,High,70561.02
15609669,Cust9669,397,Spain,Female,77,9,0.0,3,1,1,58749.44,0,0.5507,1,Medium,0.0
15609670,Cust9670,523,France,Female,49,10,113267.67,2,0,0,61631.97,1,0.5582,1,Medium,63226.01
15609671,Cust9671,684,Spain,Male,74,4,220412.66,2,1,1,52191.39,0,0.5262,1,Medium,115981.14
15609672,Cust9672,713,Spain,Male,81,7,0.0,4,1,0,87716.19,1,0.7115,1,High,0.0
15609673,Cust9673,353,Germany,Female,87,7,130973.0,4,1,1,10769.5,1,0.8186,1,Critical,107214.5
15609674,Cust9674,526,France,Male,39,2,228295.19,3,1,0,47303.66,0,0.3733,0,Medium,85222.59
15609675,Cust9675,767,France,Male,53,6,0.0,4,1,0,188580.03,1,0.2729,0,Low,0.0
15609676,Cust9676,786,Germany,Female,46,0,0.0,4,1,0,91029.54,1,0.7203,1,High,0.0
15609677,Cust9677,631,Germany,Female,55,9,233211.18,4,1,1,9324.87,1,0.5883,1,Medium,137198.14
15609678,Cust9678,718,France,Male,72,9,124828.4,1,1,1,2323.29,0,0.4415,1,Medium,55111.74
15609679,Cust9679,473,France,Male,41,1,0.0,2,1,1,195841.79,0,0.1524,0,Low,0.0
15609680,Cust9680,785,Germany,Male,35,6,235115.09,3,1,1,156192.96,0,0.1443,0,Low,33927.11
15609681,Cust9681,587,France,Male,37,1,64025.58,3,0,0,52933.03,0,0.2194,0,Low,14047.21
15609682,Cust9682,696,Spain,Male,74,0,196460.19,3,0,0,66087.44,0,0.575,1,Medium,112964.61
15609683,Cust9683,481,France,Male,91,6,163438.74,3,1,0,151091.75,1,0.8814,1,Critical,144054.91
15609684,Cust9684,436,France,Female,25,8,0.0,1,1,0,128219.49,0,0.0925,0,Low,0.0
15609685,Cust9685,616,France,Male,90,9,146392.71,3,1,0,131990.73,1,0.8344,1,Critical,122150.08
15609686,Cust9686,611,Spain,Male,20,3,198194.28,3,1,0,74720.05,1,0.536,1,Medium,106232.13
15609687,Cust9687,636,Spain,Female,57,10,86423.25,3,1,0,167531.46,1,0.6836,1,High,59078.93
15609688,Cust9688,754,France,Female,27,5,0.0,3,1,1,141614.46,0,0.0488,0,Low,0.0
15609689,Cust9689,736,France,Male,88,4,194645.09,2,1,0,145384.04,1,0.7852,1,High,152835.32
15609690,Cust9690,501,France,Male,74,3,241728.34,2,0,0,39401.75,1,0.7947,1,High,192101.51
15609691,Cust9691,583,France,Male,44,8,0.0,1,1,1,60763.28,0,0.1536,0,Low,0.0
15609692,Cust9692,392,Germany,Female,68,4,0.0,4,1,0,72449.11,1,0.7022,1,High,0.0
15609693,Cust9693,744,France,Male,80,4,244076.18,4,1,0,60934.29,1,0.7997,1,High,195187.72
15609694,Cust9694,417,Germany,Female,34,4,150660.41,4,1,1,40321.69,0,0.4555,1,Medium,68625.82
15609695,Cust9695,384,France,Male,64,3,4312.71,2,1,1,134772.63,0,0.454,1,Medium,1957.97
15609696,Cust9696,610,France,Female,40,4,0.0,1,0,1,129973.42,0,0.1762,0,Low,0.0
15609697,Cust9697,811,France,Male,71,0,234010.82,3,1,1,109966.84,0,0.3917,1,Medium,91662.04
15609698,Cust9698,538,France,Male,59,9,246106.17,3,1,1,122615.76,1,0.5635,1,Medium,138680.83
15609699,Cust9699,442,France,Male,71,2,81427.79,2,0,0,194559.71,1,0.7515,1,High,61192.98
15609700,Cust9700,442,France,Female,65,4,0.0,2,1,1,13700.25,0,0.3106,0,Medium,0.0
15609701,Cust9701,769,France,Female,65,1,0.0,2,1,1,134796.67,0,0.3149,0,Medium,0.0
15609702,Cust9702,680,Spain,Male,24,5,99502.45,2,1,0,161949.37,0,0.1454,0,Low,14467.66
15609703,Cust9703,597,France,Female,81,2,189548.36,3,0,1,87353.2,1,0.6512,1,High,123433.89
15609704,Cust9704,814,France,Female,30,1,67491.9,3,1,1,61919.71,0,0.0934,0,Low,6303.74
15609705,Cust9705,402,France,Female,47,3,106594.32,3,1,1,109702.87,0,0.2908,0,Low,30997.63
15609706,Cust9706,658,Spain,Female,55,9,61632.95,3,1,1,152428.28,0,0.1927,0,Low,11876.67
15609707,Cust9707,530,Spain,Male,80,9,35659.4,1,1,1,173096.23,0,0.3749,0,Medium,13368.71
15609708,Cust9708,466,Spain,Male,64,8,94824.72,2,1,1,132457.78,0,0.3133,0,Medium,29708.58
15609709,Cust9709,810,Germany,Female,31,2,239807.1,1,1,0,128728.69,0,0.3682,0,Medium,88296.97
15609710,Cust9710,829,Spain,Female,39,7,0.0,4,0,0,179108.29,0,0.2695,0,Low,0.0
15609711,Cust9711,768,France,Female,32,9,170806.16,1,1,1,106547.6,1,0.4215,1,Medium,71994.8
15609712,Cust9712,424,Spain,Female,61,7,0.0,4,0,0,72199.02,1,0.6074,1,High,0.0
15609713,Cust9713,711,Spain,Female,71,9,216339.26,3,1,0,37648.97,1,0.6905,1,High,149382.26
15609714,Cust9714,529,France,Male,70,2,156225.09,1,1,0,26800.81,1,0.7711,1,High,120465.17
15609715,Cust9715,540,France,Male,73,5,0.0,2,1,1,74390.6,1,0.5068,1,Medium,0.0
15609716,Cust9716,447,France,Female,69,3,0.0,1,1,0,5625.39,0,0.5916,1,Medium,0.0
15609717,Cust9717,644,France,Male,84,7,134508.39,1,0,1,127699.44,1,0.7435,1,High,100006.99
15609718,Cust9718,779,Spain,Female,85,1,47761.41,3,1,1,175041.07,0,0.3312,0,Medium,15818.58
15609719,Cust9719,466,France,Male,38,3,33971.06,1,1,0,128347.26,0,0.3089,0,Medium,10493.66
15609720,Cust9720,619,Germany,Female,40,7,0.0,3,1,0,196194.87,1,0.6811,1,High,0.0
15609721,Cust9721,674,Spain,Male,22,0,200854.19,4,0,0,184880.9,0,0.3915,1,Medium,78634.42
15609722,Cust9722,665,France,Male,37,2,49948.62,1,1,0,118746.45,0,0.3253,0,Medium,16248.29
15609723,Cust9723,480,France,Female,55,7,175729.12,1,1,0,26102.36,1,0.6129,1,High,107704.38
15609724,Cust9724,364,Germany,Male,66,2,167888.72,3,0,1,39233.68,0,0.549,1,Medium,92170.91
15609725,Cust9725,765,Spain,Male,82,6,120637.21,2,1,1,71041.41,1,0.6155,1,High,74252.2
15609726,Cust9726,648,France,Female,61,4,191727.94,2,1,0,34146.04,0,0.5948,1,Medium,114039.78
15609727,Cust9727,702,France,Male,89,5,148476.61,2,1,1,82842.61,0,0.4998,1,Medium,74208.61
15609728,Cust9728,616,Germany,Female,58,3,236624.97,3,0,0,198914.37,0,0.5402,1,Medium,127824.81
15609729,Cust9729,543,Spain,Male,81,9,190926.4,2,1,1,199331.14,1,0.7501,1,High,143213.89
15609730,Cust9730,476,France,Female,77,7,221648.32,2,1,1,150462.09,0,0.7213,1,High,159874.93
15609731,Cust9731,680,France,Male,54,7,0.0,1,1,1,122643.47,1,0.3423,0,Medium,0.0
15609732,Cust9732,766,Spain,Female,82,8,202749.8,4,1,1,170453.62,0,0.5048,1,Medium,102348.1
15609733,Cust9733,512,France,Male,81,4,248006.05,3,0,1,192446.89,1,0.7184,1,High,178167.55
15609734,Cust9734,362,France,Female,41,1,40866.21,3,1,0,169825.92,0,0.2768,0,Low,11311.77
15609735,Cust9735,427,Germany,Male,33,0,127794.86,1,1,1,130210.11,0,0.2261,0,Low,28894.42
15609736,Cust9736,640,France,Female,26,5,215584.0,1,1,1,97370.65,0,0.131,0,Low,28241.5
15609737,Cust9737,467,France,Female,86,9,99156.59,3,1,0,74989.58,0,0.7416,1,High,73534.53
15609738,Cust9738,757,Germany,Male,50,5,0.0,4,1,0,87610.58,0,0.3859,1,Medium,0.0
15609739,Cust9739,486,Germany,Male,59,10,186906.84,2,0,1,32065.79,0,0.3571,0,Medium,66744.43
15609740,Cust9740,597,Germany,Female,38,5,206174.36,1,0,1,52546.26,0,0.1577,0,Low,32513.7
15609741,Cust9741,463,France,Female,46,6,49882.62,3,0,0,153011.76,1,0.3931,1,Medium,19608.86
15609742,Cust9742,577,Germany,Female,47,0,97777.5,4,1,0,127973.22,1,0.7791,1,High,76178.45
15609743,Cust9743,689,Germany,Female,61,8,0.0,2,1,1,63167.75,0,0.3558,0,Medium,0.0
15609744,Cust9744,748,Spain,Male,30,9,38206.06,2,0,1,102760.92,0,0.07,0,Low,2674.42
15609745,Cust9745,720,Spain,Female,76,5,22787.91,4,1,0,74546.87,0,0.5467,1,Medium,12458.15
15609746,Cust9746,604,Germany,Female,46,9,186173.55,1,1,0,47833.43,1,0.6152,1,High,114533.97
15609747,Cust9747,579,Spain,Female,35,2,0.0,2,1,0,21274.28,0,0.2521,0,Low,0.0
15609748,Cust9748,513,Spain,Male,19,5,0.0,1,1,1,106232.61,0,0.0773,0,Low,0.0
15609749,Cust9749,844,France,Male,25,10,239073.75,1,0,1,125823.35,0,0.1897,0,Low,45352.29
15609750,Cust9750,717,Spain,Male,37,6,248671.04,4,0,1,332.22,0,0.1951,0,Low,48515.72
15609751,Cust9751,796,Spain,Female,72,7,20748.29,2,1,0,7629.26,0,0.3892,1,Medium,8075.23
15609752,Cust9752,720,France,Male,81,4,99199.35,4,1,1,37349.84,0,0.443,1,Medium,43945.31
15609753,Cust9753,393,France,Female,88,6,20539.02,2,1,1,150013.28,1,0.6561,1,High,13475.65
15609754,Cust9754,482,Germany,Female,40,4,169472.49,3,1,1,146747.91,0,0.2552,0,Low,43249.38
15609755,Cust9755,580,France,Male,65,7,0.0,1,1,1,83519.96,0,0.3516,0,Medium,0.0
15609756,Cust9756,507,Germany,Male,37,0,0.0,3,1,1,199664.2,0,0.0948,0,Low,0.0
15609757,Cust9757,805,Germany,Male,28,5,131582.42,4,1,1,101145.71,0,0.1751,0,Low,23040.08
15609758,Cust9758,596,France,Female,58,10,133315.83,4,1,0,131410.12,0,0.5286,1,Medium,70470.75
15609759,Cust9759,460,France,Female,65,0,40818.73,1,1,1,107047.65,0,0.3234,0,Medium,13200.78
15609760,Cust9760,649,Spain,Male,74,4,208367.15,4,0,1,186233.63,1,0.5294,1,Medium,110309.57
15609761,Cust9761,539,France,Male,26,7,0.0,4,1,0,25714.6,0,0.3136,0,Medium,0.0
15609762,Cust9762,414,Germany,Male,73,0,105116.14,3,0,0,11025.33,1,0.8123,1,Critical,85385.84
15609763,Cust9763,824,France,Female,40,0,0.0,2,1,0,110022.92,0,0.1154,0,Low,0.0
15609764,Cust9764,823,France,Female,38,1,0.0,1,1,1,130976.6,0,0.0627,0,Low,0.0
15609765,Cust9765,738,Germany,Male,20,2,0.0,3,1,1,167612.21,0,0.0751,0,Low,0.0
15609766,Cust9766,507,France,Male,33,9,0.0,1,0,1,97992.33,0,0.1472,0,Low,0.0
15609767,Cust9767,766,Germany,Male,54,1,119995.63,3,1,1,33644.81,0,0.2417,0,Low,29002.94
15609768,Cust9768,494,Germany,Female,31,7,150855.0,2,1,0,72377.71,0,0.3108,0,Medium,46885.73
15609769,Cust9769,790,France,Female,41,3,0.0,1,0,0,156226.06,0,0.1785,0,Low,0.0
15609770,Cust9770,792,France,Male,57,5,70831.38,3,0,0,57499.25,0,0.4794,1,Medium,33956.56
15609771,Cust9771,435,Germany,Female,25,9,40681.79,2,1,0,171759.39,0,0.1399,0,Low,5691.38
15609772,Cust9772,507,Germany,Male,82,9,0.0,3,1,1,23989.81,0,0.5891,1,Medium,0.0
15609773,Cust9773,700,Germany,Female,40,0,0.0,2,1,1,84874.73,0,0.0965,0,Low,0.0
15609774,Cust9774,467,Spain,Male,74,0,249341.85,2,1,0,142375.16,1,0.8726,1,Critical,217575.7
15609775,Cust9775,752,France,Female,65,3,0.0,1,1,0,71312.27,0,0.4122,1,Medium,0.0
15609776,Cust9776,690,France,Male,73,8,220486.82,1,1,1,132666.75,0,0.6005,1,High,132402.34
15609777,Cust9777,463,Germany,Female,39,8,236842.08,3,1,1,196743.15,0,0.2396,0,Low,56747.36
15609778,Cust9778,738,Germany,Female,30,6,14676.24,4,1,0,8592.8,0,0.2296,0,Low,3369.66
15609779,Cust9779,371,Spain,Male,28,9,156893.34,1,1,0,6539.11,0,0.2651,0,Low,41592.42
15609780,Cust9780,542,France,Female,34,2,0.0,1,0,1,120409.68,0,0.1759,0,Low,0.0
15609781,Cust9781,439,Germany,Female,58,8,153840.86,3,0,1,190473.43,0,0.3294,0,Medium,50675.18
15609782,Cust9782,350,Germany,Male,64,10,0.0,3,1,1,98089.73,0,0.4834,1,Medium,0.0
15609783,Cust9783,721,France,Male,73,10,33120.07,2,1,0,93075.52,1,0.4083,1,Medium,13522.92
15609784,Cust9784,426,Germany,Female,89,7,237189.23,4,0,1,45216.25,1,0.8665,1,Critical,205524.47
15609785,Cust9785,697,Germany,Male,79,7,0.0,4,0,1,73039.78,1,0.6896,1,High,0.0
15609786,Cust9786,387,France,Male,44,2,86093.26,3,1,0,888.2,0,0.3168,0,Medium,27274.34
15609787,Cust9787,796,France,Female,52,8,0.0,4,0,0,104905.24,0,0.3464,0,Medium,0.0
15609788,Cust9788,839,France,Female,88,2,0.0,2,1,1,163158.29,0,0.3397,0,Medium,0.0
15609789,Cust9789,508,Spain,Male,70,4,113860.77,1,0,1,156166.5,0,0.4818,1,Medium,54858.12
15609790,Cust9790,593,France,Male,48,1,0.0,1,0,0,88095.59,0,0.4197,1,Medium,0.0
15609791,Cust9791,661,France,Female,79,3,0.0,4,1,0,87452.12,0,0.5316,1,Medium,0.0
15609792,Cust9792,645,France,Male,28,0,0.0,1,1,0,135507.74,0,0.1923,0,Low,0.0
15609793,Cust9793,363,France,Male,67,5,116752.9,1,1,1,187123.5,0,0.3868,1,Medium,45160.02
15609794,Cust9794,840,France,Male,88,0,227393.98,3,1,1,148424.15,0,0.5576,1,Medium,126794.88
15609795,Cust9795,818,Germany,Male,57,8,226750.51,2,1,1,99745.51,0,0.4362,1,Medium,98908.57
15609796,Cust9796,593,France,Female,63,7,197020.53,1,0,0,182100.68,1,0.7594,1,High,149617.39
15609797,Cust9797,627,France,Male,22,7,7503.89,4,1,1,197522.02,0,0.109,0,Low,817.92
15609798,Cust9798,435,France,Male,62,7,226594.17,3,1,1,143368.13,1,0.6217,1,High,140873.6
15609799,Cust9799,724,France,Female,39,8,47183.96,2,0,1,180757.17,0,0.1143,0,Low,5393.13
15609800,Cust9800,607,France,Female,91,7,109572.98,1,1,0,188144.45,1,0.7903,1,High,86595.53
15609801,Cust9801,492,Germany,Female,41,6,0.0,3,0,0,114034.23,0,0.3622,0,Medium,0.0
15609802,Cust9802,503,Germany,Female,41,2,23760.95,1,0,0,58819.36,0,0.3406,0,Medium,8092.98
15609803,Cust9803,391,Germany,Male,47,8,0.0,1,1,0,146580.59,0,0.2858,0,Low,0.0
15609804,Cust9804,745,France,Male,69,5,144014.42,4,0,1,33152.21,0,0.4253,1,Medium,61249.33
15609805,Cust9805,381,Spain,Male,88,1,116928.8,4,0,1,66831.0,0,0.6672,1,High,78014.9
15609806,Cust9806,632,Germany,Female,43,5,97419.18,4,1,1,79646.53,0,0.3193,0,Medium,31105.94
15609807,Cust9807,758,France,Male,33,3,202415.92,2,1,1,169505.1,0,0.1788,0,Low,36191.97
15609808,Cust9808,376,France,Female,74,2,0.0,3,1,0,86738.92,1,0.7182,1,High,0.0
15609809,Cust9809,426,Spain,Male,58,6,247857.12,1,0,1,124524.21,0,0.3836,1,Medium,95077.99
15609810,Cust9810,731,France,Female,51,9,30740.31,4,1,0,172878.68,0,0.377,0,Medium,11589.1
15609811,Cust9811,762,France,Female,91,0,0.0,1,1,0,27218.47,0,0.4693,1,Medium,0.0
15609812,Cust9812,390,Germany,Female,54,1,0.0,4,0,1,135365.42,0,0.2466,0,Low,0.0
15609813,Cust9813,482,France,Female,63,10,60129.43,3,1,1,135133.46,0,0.2978,0,Low,17906.54
15609814,Cust9814,653,Spain,Male,90,7,120008.92,4,1,0,110061.3,1,0.8856,1,Critical,106279.9
15609815,Cust9815,621,France,Male,33,2,1792.0,3,0,1,181347.26,0,0.1119,0,Low,200.52
15609816,Cust9816,608,France,Male,84,4,0.0,1,1,1,105906.34,1,0.4529,1,Medium,0.0
15609817,Cust9817,481,France,Male,89,0,31391.07,3,0,1,31573.09,0,0.472,1,Medium,14816.59
15609818,Cust9818,620,France,Female,52,9,176890.69,3,1,1,134232.91,0,0.2408,0,Low,42595.28
15609819,Cust9819,375,Spain,Female,42,7,155562.31,2,1,1,83414.79,0,0.2942,0,Low,45766.43
15609820,Cust9820,787,Spain,Female,30,2,0.0,3,1,1,198257.82,0,0.077,0,Low,0.0
15609821,Cust9821,621,Spain,Male,21,2,0.0,2,1,1,162689.85,0,0.1171,0,Low,0.0
15609822,Cust9822,536,Germany,Male,90,7,17035.7,2,0,1,27400.82,1,0.7346,1,High,12514.43
15609823,Cust9823,533,France,Male,49,6,50550.0,3,1,0,74669.0,0,0.3914,1,Medium,19785.27
15609824,Cust9824,535,France,Male,67,8,0.0,3,0,0,31436.55,0,0.4884,1,Medium,0.0
15609825,Cust9825,567,France,Female,35,2,111815.89,1,0,0,180908.96,0,0.3831,1,Medium,42836.67
15609826,Cust9826,446,Spain,Male,41,10,195336.57,4,1,0,6129.34,1,0.7682,1,High,150057.55
15609827,Cust9827,651,France,Male,78,1,0.0,1,1,1,80665.7,1,0.4891,1,Medium,0.0
15609828,Cust9828,442,France,Female,66,1,27693.59,1,0,0,41232.93,0,0.4906,1,Medium,13586.48
15609829,Cust9829,507,Germany,Male,34,8,222047.92,2,1,1,90720.1,0,0.1442,0,Low,32019.31
15609830,Cust9830,786,Spain,Female,18,6,40956.77,4,1,1,158458.6,0,0.0896,0,Low,3669.73
15609831,Cust9831,632,France,Male,78,4,87410.39,4,1,0,4727.6,1,0.8816,1,Critical,77061.0
15609832,Cust9832,802,Germany,Female,23,8,175308.62,2,1,1,52621.61,0,0.1558,0,Low,27313.08
15609833,Cust9833,679,Germany,Female,20,6,147950.92,2,1,1,167335.77,0,0.1263,0,Low,18686.2
15609834,Cust9834,742,Spain,Male,40,4,0.0,2,1,0,58543.68,0,0.2244,0,Low,0.0
15609835,Cust9835,394,France,Male,86,2,246917.64,1,1,0,61929.27,1,0.7802,1,High,192645.14
15609836,Cust9836,602,France,Male,65,7,36657.73,2,1,1,56651.27,0,0.2812,0,Low,10308.15
15609837,Cust9837,525,France,Female,21,6,0.0,4,0,0,136506.98,1,0.5573,1,Medium,0.0
15609838,Cust9838,358,Spain,Female,85,9,159790.76,3,1,1,177121.48,1,0.7602,1,High,121472.94
15609839,Cust9839,395,Spain,Male,87,4,0.0,2,1,0,75130.54,1,0.6974,1,High,0.0
15609840,Cust9840,445,Germany,Female,69,2,135554.8,4,1,1,194421.0,1,0.5447,1,Medium,73836.7
15609841,Cust9841,353,France,Male,23,0,0.0,1,1,1,30628.3,0,0.1523,0,Low,0.0
15609842,Cust9842,569,France,Female,19,2,222032.49,4,1,1,174318.03,0,0.3582,0,Medium,79532.04
15609843,Cust9843,375,Germany,Female,82,7,229523.7,2,1,0,70851.63,1,0.7991,1,High,183412.39
15609844,Cust9844,763,France,Male,78,3,64707.52,3,1,0,33873.7,1,0.7653,1,High,49520.67
15609845,Cust9845,646,Germany,Male,79,6,23917.03,4,1,0,135781.59,1,0.7854,1,High,18784.44
15609846,Cust9846,832,Spain,Male,54,2,247769.95,4,1,1,50393.76,0,0.4033,1,Medium,99925.62
15609847,Cust9847,392,France,Male,61,10,37473.86,4,1,0,27975.0,0,0.427,1,Medium,16001.34
15609848,Cust9848,390,France,Male,30,9,43358.7,3,1,0,98028.39,0,0.2363,0,Low,10245.66
15609849,Cust9849,785,France,Male,20,8,63043.32,3,1,1,35353.87,0,0.0789,0,Low,4974.12
15609850,Cust9850,546,France,Male,34,8,85213.52,4,1,1,104317.3,0,0.2535,0,Low,21601.63
15609851,Cust9851,730,Germany,Female,63,6,36944.79,4,1,1,186938.92,0,0.3314,0,Medium,12243.5
15609852,Cust9852,445,France,Male,47,0,80557.76,2,1,0,805.25,0,0.3428,0,Medium,27615.2
15609853,Cust9853,354,France,Male,63,0,5506.01,3,1,1,73414.4,1,0.7734,1,High,4258.35
15609854,Cust9854,599,France,Female,50,4,0.0,4,1,0,123359.55,0,0.3965,1,Medium,0.0
15609855,Cust9855,637,France,Female,59,8,0.0,4,1,1,97742.11,0,0.2717,0,Low,0.0
15609856,Cust9856,405,Germany,Female,88,1,204446.07,2,1,1,117981.21,1,0.8439,1,Critical,172532.04
15609857,Cust9857,355,Germany,Male,64,6,161730.44,4,1,0,4690.76,1,0.8593,1,Critical,138974.97
15609858,Cust9858,456,Germany,Female,88,10,120136.52,3,1,1,106747.73,1,0.7244,1,High,87026.9
15609859,Cust9859,404,Germany,Male,89,9,0.0,2,1,0,132039.98,0,0.6516,1,High,0.0
15609860,Cust9860,849,France,Male,63,6,96667.55,2,1,1,119724.73,0,0.2566,0,Low,24804.89
15609861,Cust9861,845,Germany,Male,91,6,44597.05,2,1,1,8519.01,0,0.3582,0,Medium,15974.66
15609862,Cust9862,357,France,Male,36,0,144359.82,1,1,0,21017.32,0,0.4172,1,Medium,60226.92
15609863,Cust9863,578,Spain,Male,56,0,0.0,1,0,0,137689.44,0,0.3285,0,Medium,0.0
15609864,Cust9864,542,France,Female,23,3,69204.0,1,1,0,29072.99,0,0.3355,0,Medium,23217.94
15609865,Cust9865,363,France,Female,24,8,0.0,3,1,0,61973.52,0,0.1732,0,Low,0.0
15609866,Cust9866,683,France,Male,27,0,223039.65,2,0,1,89061.91,0,0.1787,0,Low,39857.19
15609867,Cust9867,776,Spain,Male,27,8,116431.3,1,0,0,88103.77,1,0.1754,0,Low,20422.05
15609868,Cust9868,656,France,Female,48,2,119567.69,3,1,1,11049.93,0,0.2179,0,Low,26053.8
15609869,Cust9869,809,Spain,Female,71,1,141695.92,2,1,1,90313.93,0,0.3448,0,Medium,48856.75
15609870,Cust9870,669,France,Female,90,1,21045.17,3,1,1,84379.21,0,0.3584,0,Medium,7542.59
15609871,Cust9871,624,Spain,Male,90,7,0.0,4,1,0,56328.3,0,0.6231,1,High,0.0
15609872,Cust9872,824,Germany,Male,31,0,144996.33,4,1,1,103480.26,1,0.6486,1,High,94044.62
15609873,Cust9873,703,France,Female,50,5,80291.54,2,1,1,146118.59,0,0.2237,0,Low,17961.22
15609874,Cust9874,733,France,Female,49,10,53347.69,1,1,0,198439.29,0,0.2587,0,Low,13801.05
15609875,Cust9875,740,France,Male,25,6,0.0,1,1,0,193817.73,0,0.1568,0,Low,0.0
15609876,Cust9876,365,Spain,Female,20,3,141608.95,1,1,1,137552.21,0,0.2519,0,Low,35671.29
15609877,Cust9877,718,Spain,Female,44,9,0.0,1,1,1,47114.0,0,0.1154,0,Low,0.0
15609878,Cust9878,725,France,Male,81,0,234347.82,3,0,1,165921.9,0,0.4339,1,Medium,101683.52
15609879,Cust9879,597,France,Male,46,2,194422.42,4,1,1,66709.36,1,0.4782,1,Medium,92972.8
15609880,Cust9880,632,France,Male,46,1,0.0,4,1,1,38453.64,1,0.5174,1,Medium,0.0
15609881,Cust9881,767,France,Female,91,0,0.0,3,1,0,65101.03,1,0.6326,1,High,0.0
15609882,Cust9882,421,Germany,Male,45,10,0.0,2,1,0,11256.15,1,0.3698,0,Medium,0.0
15609883,Cust9883,614,France,Female,68,2,171934.63,3,1,1,79061.98,0,0.4464,1,Medium,76751.62
15609884,Cust9884,736,France,Male,90,0,0.0,3,1,1,160234.08,0,0.3499,0,Medium,0.0
15609885,Cust9885,480,Spain,Female,26,10,159490.07,2,1,1,1574.31,0,0.192,0,Low,30622.09
15609886,Cust9886,482,Germany,Female,55,10,40557.13,1,1,1,31.43,1,0.2433,0,Low,9867.55
15609887,Cust9887,352,Spain,Male,42,2,83748.3,3,0,0,35228.57,0,0.3654,0,Medium,30601.63
15609888,Cust9888,506,France,Male,26,4,222686.23,2,1,0,39272.04,1,0.4067,1,Medium,90566.49
15609889,Cust9889,529,Spain,Female,21,7,0.0,3,0,1,128801.26,0,0.0839,0,Low,0.0
15609890,Cust9890,827,Germany,Male,65,4,0.0,2,0,1,32073.54,0,0.3182,0,Medium,0.0
15609891,Cust9891,391,Germany,Male,66,8,0.0,4,1,0,79675.31,0,0.7587,1,High,0.0
15609892,Cust9892,673,France,Male,59,2,3538.95,4,1,1,127603.85,0,0.1996,0,Low,706.37
15609893,Cust9893,381,Spain,Male,67,8,241780.38,3,0,1,48568.06,1,0.5506,1,Medium,133124.28
15609894,Cust9894,750,Germany,Male,71,6,0.0,2,1,0,33947.1,0,0.45,1,Medium,0.0
15609895,Cust9895,585,Spain,Male,22,0,178766.37,2,1,1,177444.54,0,0.2264,0,Low,40472.71
15609896,Cust9896,563,Germany,Male,20,6,0.0,4,1,0,43850.18,0,0.3181,0,Medium,0.0
15609897,Cust9897,822,Spain,Female,42,0,216930.8,3,1,1,178605.56,1,0.6355,1,High,137859.52
15609898,Cust9898,725,Germany,Male,60,9,0.0,4,1,0,189411.91,0,0.4369,1,Medium,0.0
15609899,Cust9899,402,Spain,Male,84,10,174983.61,3,1,1,185535.12,0,0.5517,1,Medium,96538.46
15609900,Cust9900,483,France,Male,90,1,85860.82,3,1,1,96451.09,0,0.5284,1,Medium,45368.86
15609901,Cust9901,487,France,Female,79,5,218909.7,1,1,1,144272.3,0,0.7501,1,High,164204.17
15609902,Cust9902,655,Germany,Female,39,3,0.0,3,1,1,49349.02,0,0.1502,0,Low,0.0
15609903,Cust9903,765,Germany,Female,60,0,0.0,2,1,1,12872.28,0,0.287,0,Low,0.0
15609904,Cust9904,669,Germany,Male,26,7,0.0,1,1,1,103955.43,0,0.0788,0,Low,0.0
15609905,Cust9905,551,Germany,Male,53,0,60509.92,2,1,1,20390.46,0,0.216,0,Low,13070.14
15609906,Cust9906,724,Germany,Male,25,0,209542.04,2,0,1,155787.39,0,0.2115,0,Low,44318.14
15609907,Cust9907,730,Spain,Male,91,8,0.0,4,0,1,101342.53,0,0.466,1,Medium,0.0
15609908,Cust9908,390,France,Female,51,3,131956.17,3,0,0,12750.47,0,0.485,1,Medium,63998.74
15609909,Cust9909,621,Spain,Female,71,9,181384.03,2,1,0,143928.58,1,0.7809,1,High,141642.79
15609910,Cust9910,706,France,Male,25,6,42421.67,4,1,0,97190.66,0,0.2569,0,Low,10898.13
15609911,Cust9911,652,Germany,Male,88,5,75630.97,3,0,1,92570.03,0,0.4991,1,Medium,37747.42
15609912,Cust9912,472,Spain,Female,56,4,81412.17,4,1,1,112580.73,1,0.5983,1,Medium,48708.9
15609913,Cust9913,430,France,Male,23,4,229169.67,2,1,1,157755.62,0,0.244,0,Low,55917.4
15609914,Cust9914,495,France,Female,45,2,34397.18,4,1,0,28125.19,0,0.4711,1,Medium,16204.51
15609915,Cust9915,526,France,Male,33,7,92829.57,4,1,1,22714.16,0,0.2546,0,Low,23634.41
15609916,Cust9916,811,Germany,Male,23,6,0.0,3,1,0,34253.11,1,0.1914,0,Low,0.0
15609917,Cust9917,661,France,Female,20,0,208717.5,4,1,1,61056.71,0,0.1476,0,Low,30806.7
15609918,Cust9918,768,France,Female,70,3,167616.12,3,0,1,150026.74,0,0.3169,0,Medium,53117.55
15609919,Cust9919,363,Spain,Male,82,9,0.0,1,0,1,118749.3,0,0.5544,1,Medium,0.0
15609920,Cust9920,742,France,Male,66,5,209682.65,2,1,1,12504.91,0,0.3581,0,Medium,75087.36
15609921,Cust9921,444,Germany,Male,69,2,0.0,1,0,1,164154.08,0,0.4081,1,Medium,0.0
15609922,Cust9922,633,Germany,Male,20,2,231017.87,2,1,1,9112.85,0,0.1264,0,Low,29200.66
15609923,Cust9923,543,France,Male,31,2,0.0,3,1,1,41398.77,0,0.1495,0,Low,0.0
15609924,Cust9924,782,France,Female,20,9,181969.43,1,0,1,177589.02,0,0.1469,0,Low,26731.31
15609925,Cust9925,687,Spain,Male,90,3,193826.56,3,1,1,69967.49,0,0.5048,1,Medium,97843.65
15609926,Cust9926,580,Germany,Female,72,3,0.0,3,1,0,68130.63,1,0.6388,1,High,0.0
15609927,Cust9927,605,France,Female,88,0,0.0,3,1,0,37826.18,0,0.6424,1,High,0.0
15609928,Cust9928,704,Spain,Male,84,9,0.0,3,1,0,35754.76,1,0.6013,1,High,0.0
15609929,Cust9929,710,Germany,Female,34,4,0.0,2,1,0,6085.2,0,0.2255,0,Low,0.0
15609930,Cust9930,637,France,Male,55,7,97594.36,3,1,1,169662.96,0,0.2005,0,Low,19567.67
15609931,Cust9931,714,Germany,Female,65,7,0.0,3,1,0,146142.1,0,0.518,1,Medium,0.0
15609932,Cust9932,745,France,Female,72,3,25633.09,3,0,0,75216.41,1,0.5192,1,Medium,13308.7
15609933,Cust9933,365,France,Female,67,5,0.0,3,1,1,151060.63,0,0.4474,1,Medium,0.0
15609934,Cust9934,533,Spain,Male,51,1,0.0,4,1,0,56586.02,0,0.3075,0,Medium,0.0
15609935,Cust9935,801,France,Male,18,7,61719.72,2,1,0,68404.48,0,0.1766,0,Low,10899.7
15609936,Cust9936,510,France,Female,87,7,166477.51,4,1,1,176805.86,1,0.8133,1,Critical,135396.16
15609937,Cust9937,762,France,Female,68,2,0.0,2,1,0,44891.48,0,0.3347,0,Medium,0.0
15609938,Cust9938,625,Spain,Male,79,2,11011.67,1,1,0,170859.39,0,0.4729,1,Medium,5207.42
15609939,Cust9939,485,Germany,Female,34,4,0.0,4,1,1,49327.4,0,0.2841,0,Low,0.0
15609940,Cust9940,525,Spain,Male,25,7,61820.32,4,1,1,182385.25,0,0.1156,0,Low,7146.43
15609941,Cust9941,592,France,Female,84,5,201090.43,2,1,0,45609.91,0,0.7338,1,High,147560.16
15609942,Cust9942,412,Spain,Male,77,0,67817.61,1,0,1,58426.53,0,0.5273,1,Medium,35760.23
15609943,Cust9943,504,Germany,Female,80,6,47882.0,1,1,0,110498.91,1,0.7271,1,High,34815.0
15609944,Cust9944,691,France,Female,50,7,38216.57,3,0,0,40095.83,0,0.4823,1,Medium,18431.85
15609945,Cust9945,804,France,Male,84,2,0.0,4,0,0,5078.63,1,0.7597,1,High,0.0
15609946,Cust9946,826,Spain,Female,34,4,179954.7,2,1,1,60241.0,0,0.1533,0,Low,27587.06
15609947,Cust9947,541,France,Female,74,8,0.0,3,1,0,86314.39,0,0.5587,1,Medium,0.0
15609948,Cust9948,747,Germany,Female,54,3,0.0,2,1,0,2500.47,1,0.5096,1,Medium,0.0
15609949,Cust9949,548,Germany,Male,30,0,112360.55,3,1,1,157120.94,0,0.1475,0,Low,16573.18
15609950,Cust9950,754,France,Male,71,10,0.0,3,1,1,55805.85,1,0.565,1,Medium,0.0
15609951,Cust9951,806,Spain,Female,44,1,0.0,4,0,0,35136.31,0,0.2482,0,Low,0.0
15609952,Cust9952,573,Spain,Female,29,0,0.0,3,1,0,125301.19,0,0.1904,0,Low,0.0
15609953,Cust9953,650,France,Male,70,2,200757.27,1,1,0,175535.63,0,0.7055,1,High,141634.25
15609954,Cust9954,784,Germany,Female,75,8,0.0,1,0,1,90276.43,1,0.6367,1,High,0.0
15609955,Cust9955,419,France,Female,41,7,95274.28,3,1,1,85187.61,0,0.2479,0,Low,23618.49
15609956,Cust9956,473,Germany,Male,89,2,0.0,2,0,1,99438.61,0,0.5027,1,Medium,0.0
15609957,Cust9957,663,France,Female,70,0,186724.85,2,1,0,31641.65,0,0.5987,1,Medium,111792.17
15609958,Cust9958,439,France,Male,19,10,0.0,1,1,0,62009.71,0,0.2737,0,Low,0.0
15609959,Cust9959,748,France,Female,42,0,109648.85,4,1,0,91014.23,0,0.3768,0,Medium,41315.69
15609960,Cust9960,483,France,Male,90,10,184593.43,1,1,0,198947.11,0,0.7254,1,High,133904.07
15609961,Cust9961,519,France,Male,31,5,139588.6,1,0,0,77971.24,0,0.3252,0,Medium,45394.21
15609962,Cust9962,756,France,Male,88,2,91786.35,2,0,0,10046.39,1,0.7357,1,High,67527.22
15609963,Cust9963,614,Spain,Female,56,3,0.0,1,1,1,51242.89,1,0.4572,1,Medium,0.0
15609964,Cust9964,746,France,Male,67,3,0.0,1,1,1,185838.21,1,0.4474,1,Medium,0.0
15609965,Cust9965,664,France,Female,68,1,18534.67,1,0,0,168077.11,0,0.4983,1,Medium,9235.83
15609966,Cust9966,607,France,Female,55,4,103121.82,2,1,0,124394.9,1,0.5165,1,Medium,53262.42
15609967,Cust9967,605,Germany,Female,56,7,14578.65,2,1,1,106918.31,0,0.286,0,Low,4169.49
15609968,Cust9968,752,France,Female,59,5,0.0,3,1,1,128103.75,0,0.291,0,Low,0.0
15609969,Cust9969,850,Germany,Female,65,7,111909.03,1,0,0,192423.07,1,0.6863,1,High,76803.17
15609970,Cust9970,362,Germany,Female,72,10,0.0,4,0,1,87938.25,0,0.4002,1,Medium,0.0
15609971,Cust9971,603,France,Female,50,1,0.0,3,1,1,159984.81,1,0.3384,0,Medium,0.0
15609972,Cust9972,742,Spain,Female,50,8,112342.61,2,1,1,175416.71,1,0.5683,1,Medium,63844.31
15609973,Cust9973,672,France,Female,75,2,105089.54,3,1,1,41951.45,0,0.4419,1,Medium,46439.07
15609974,Cust9974,592,Germany,Male,74,0,0.0,4,1,1,77286.99,0,0.3459,0,Medium,0.0
15609975,Cust9975,747,France,Male,66,4,8670.49,1,1,0,144044.35,1,0.4977,1,Medium,4315.3
15609976,Cust9976,584,Germany,Female,52,4,0.0,3,1,1,46901.31,0,0.2635,0,Low,0.0
15609977,Cust9977,418,Spain,Male,60,10,67153.66,4,1,0,63797.73,0,0.4375,1,Medium,29379.73
15609978,Cust9978,486,France,Male,60,3,0.0,1,1,0,70494.56,0,0.4016,1,Medium,0.0
15609979,Cust9979,371,France,Female,50,8,0.0,4,1,0,194756.98,1,0.6045,1,High,0.0
15609980,Cust9980,701,France,Female,31,10,155000.47,3,1,1,139113.2,0,0.1313,0,Low,20351.56
15609981,Cust9981,837,France,Female,57,3,0.0,1,1,0,104302.13,0,0.2204,0,Low,0.0
15609982,Cust9982,540,Spain,Male,50,1,138749.99,4,1,0,89376.74,1,0.6553,1,High,90922.87
15609983,Cust9983,716,Germany,Male,21,10,143535.68,1,1,0,136811.73,1,0.6094,1,High,87470.64
15609984,Cust9984,842,Germany,Female,88,5,0.0,3,1,1,178602.09,0,0.4245,1,Medium,0.0
15609985,Cust9985,547,Spain,Male,67,5,230548.26,3,1,1,46116.37,0,0.495,1,Medium,114121.39
15609986,Cust9986,792,Spain,Female,26,8,62280.81,4,0,0,148299.19,1,0.5637,1,Medium,35107.69
15609987,Cust9987,358,Spain,Male,33,4,0.0,2,1,1,49063.37,0,0.1553,0,Low,0.0
15609988,Cust9988,689,France,Male,60,5,0.0,1,0,0,155397.52,1,0.4872,1,Medium,0.0
15609989,Cust9989,433,France,Female,81,10,0.0,2,1,1,147752.09,0,0.4752,1,Medium,0.0
15609990,Cust9990,741,France,Male,53,0,226222.21,3,1,0,138364.14,0,0.4064,1,Medium,91936.71
15609991,Cust9991,354,France,Female,78,8,81697.35,3,0,1,53438.32,1,0.5723,1,Medium,46755.39
15609992,Cust9992,767,France,Male,27,4,105168.53,1,1,1,198373.86,0,0.132,0,Low,13882.25
15609993,Cust9993,548,France,Female,57,6,242046.88,3,0,0,66733.47,1,0.6771,1,High,163889.94
15609994,Cust9994,468,France,Female,79,10,36320.17,2,0,1,176146.22,1,0.4644,1,Medium,16867.09
15609995,Cust9995,627,France,Male,80,6,219888.71,3,0,0,35958.93,0,0.7506,1,High,165048.47
15609996,Cust9996,845,France,Female,35,4,239821.3,4,0,1,75395.34,0,0.2298,0,Low,55110.93
15609997,Cust9997,430,France,Male,67,10,199876.21,4,1,0,4624.35,1,0.6775,1,High,135416.13
15609998,Cust9998,505,France,Female,20,6,84101.46,4,1,0,20135.03,1,0.3736,0,Medium,31420.31
15609999,Cust9999,670,France,Female,28,1,163395.28,3,0,0,89212.97,0,0.2549,0,Low,41649.46
